initialize network with normal
loading renderer from pre-trained checkpoint...
begin drawing...
iteration step 0, G_loss: 0.00000, step_acc: 6.93658, grid_scale: 1 / 5, strokes: 1 / 9
iteration step 1, G_loss: 0.36719, step_acc: 6.94725, grid_scale: 1 / 5, strokes: 1 / 9
iteration step 2, G_loss: 0.36677, step_acc: 6.95878, grid_scale: 1 / 5, strokes: 1 / 9
iteration step 3, G_loss: 0.36637, step_acc: 6.96843, grid_scale: 1 / 5, strokes: 1 / 9
iteration step 4, G_loss: 0.36584, step_acc: 6.98390, grid_scale: 1 / 5, strokes: 1 / 9
iteration step 5, G_loss: 0.36528, step_acc: 6.99888, grid_scale: 1 / 5, strokes: 1 / 9
iteration step 6, G_loss: 0.36473, step_acc: 7.01348, grid_scale: 1 / 5, strokes: 1 / 9
iteration step 7, G_loss: 0.36415, step_acc: 7.02663, grid_scale: 1 / 5, strokes: 1 / 9
iteration step 8, G_loss: 0.36360, step_acc: 7.04344, grid_scale: 1 / 5, strokes: 1 / 9
iteration step 9, G_loss: 0.36296, step_acc: 7.06374, grid_scale: 1 / 5, strokes: 1 / 9
iteration step 10, G_loss: 0.36222, step_acc: 7.07854, grid_scale: 1 / 5, strokes: 1 / 9
iteration step 11, G_loss: 0.36156, step_acc: 7.09737, grid_scale: 1 / 5, strokes: 1 / 9
iteration step 12, G_loss: 0.36082, step_acc: 7.11340, grid_scale: 1 / 5, strokes: 1 / 9
iteration step 13, G_loss: 0.36012, step_acc: 7.12735, grid_scale: 1 / 5, strokes: 1 / 9
iteration step 14, G_loss: 0.35947, step_acc: 7.14182, grid_scale: 1 / 5, strokes: 1 / 9
iteration step 15, G_loss: 0.35888, step_acc: 7.15801, grid_scale: 1 / 5, strokes: 1 / 9
iteration step 16, G_loss: 0.35815, step_acc: 7.17539, grid_scale: 1 / 5, strokes: 1 / 9
iteration step 17, G_loss: 0.35741, step_acc: 7.19135, grid_scale: 1 / 5, strokes: 1 / 9
iteration step 18, G_loss: 0.35668, step_acc: 7.21108, grid_scale: 1 / 5, strokes: 1 / 9
iteration step 19, G_loss: 0.35582, step_acc: 7.22762, grid_scale: 1 / 5, strokes: 1 / 9
iteration step 20, G_loss: 0.35507, step_acc: 7.24196, grid_scale: 1 / 5, strokes: 1 / 9
iteration step 21, G_loss: 0.35440, step_acc: 7.25818, grid_scale: 1 / 5, strokes: 1 / 9
iteration step 22, G_loss: 0.35372, step_acc: 7.27090, grid_scale: 1 / 5, strokes: 1 / 9
iteration step 23, G_loss: 0.35309, step_acc: 7.28514, grid_scale: 1 / 5, strokes: 1 / 9
iteration step 24, G_loss: 0.35243, step_acc: 7.29851, grid_scale: 1 / 5, strokes: 1 / 9
iteration step 25, G_loss: 0.35179, step_acc: 7.31048, grid_scale: 1 / 5, strokes: 1 / 9
iteration step 26, G_loss: 0.35122, step_acc: 7.32140, grid_scale: 1 / 5, strokes: 1 / 9
iteration step 27, G_loss: 0.35070, step_acc: 7.33191, grid_scale: 1 / 5, strokes: 1 / 9
iteration step 28, G_loss: 0.35020, step_acc: 7.34198, grid_scale: 1 / 5, strokes: 1 / 9
iteration step 29, G_loss: 0.34969, step_acc: 7.35252, grid_scale: 1 / 5, strokes: 1 / 9
iteration step 30, G_loss: 0.34913, step_acc: 7.36070, grid_scale: 1 / 5, strokes: 1 / 9
iteration step 31, G_loss: 0.34866, step_acc: 7.37253, grid_scale: 1 / 5, strokes: 1 / 9
iteration step 32, G_loss: 0.34815, step_acc: 7.38145, grid_scale: 1 / 5, strokes: 1 / 9
iteration step 33, G_loss: 0.34766, step_acc: 7.39249, grid_scale: 1 / 5, strokes: 1 / 9
iteration step 34, G_loss: 0.34714, step_acc: 7.40109, grid_scale: 1 / 5, strokes: 1 / 9
iteration step 35, G_loss: 0.34668, step_acc: 7.41230, grid_scale: 1 / 5, strokes: 1 / 9
iteration step 36, G_loss: 0.34628, step_acc: 7.41859, grid_scale: 1 / 5, strokes: 1 / 9
iteration step 37, G_loss: 0.34582, step_acc: 7.42829, grid_scale: 1 / 5, strokes: 1 / 9
iteration step 38, G_loss: 0.34536, step_acc: 7.43767, grid_scale: 1 / 5, strokes: 1 / 9
iteration step 39, G_loss: 0.34492, step_acc: 7.44396, grid_scale: 1 / 5, strokes: 1 / 9
iteration step 40, G_loss: 0.34449, step_acc: 7.45433, grid_scale: 1 / 5, strokes: 1 / 9
iteration step 41, G_loss: 0.34404, step_acc: 7.46483, grid_scale: 1 / 5, strokes: 1 / 9
iteration step 42, G_loss: 0.34361, step_acc: 7.47303, grid_scale: 1 / 5, strokes: 1 / 9
iteration step 43, G_loss: 0.34316, step_acc: 7.48506, grid_scale: 1 / 5, strokes: 1 / 9
iteration step 44, G_loss: 0.34270, step_acc: 7.48988, grid_scale: 1 / 5, strokes: 1 / 9
iteration step 45, G_loss: 0.34229, step_acc: 7.50383, grid_scale: 1 / 5, strokes: 1 / 9
iteration step 46, G_loss: 0.34191, step_acc: 7.50143, grid_scale: 1 / 5, strokes: 1 / 9
iteration step 47, G_loss: 0.34156, step_acc: 7.51665, grid_scale: 1 / 5, strokes: 1 / 9
iteration step 48, G_loss: 0.34108, step_acc: 7.52078, grid_scale: 1 / 5, strokes: 1 / 9
iteration step 49, G_loss: 0.34069, step_acc: 7.52882, grid_scale: 1 / 5, strokes: 1 / 9
iteration step 50, G_loss: 0.34030, step_acc: 7.53431, grid_scale: 1 / 5, strokes: 1 / 9
iteration step 51, G_loss: 0.33991, step_acc: 7.54133, grid_scale: 1 / 5, strokes: 1 / 9
iteration step 52, G_loss: 0.33953, step_acc: 7.54964, grid_scale: 1 / 5, strokes: 1 / 9
iteration step 53, G_loss: 0.33921, step_acc: 7.55195, grid_scale: 1 / 5, strokes: 1 / 9
iteration step 54, G_loss: 0.33882, step_acc: 7.56027, grid_scale: 1 / 5, strokes: 1 / 9
iteration step 55, G_loss: 0.33845, step_acc: 7.63905, grid_scale: 1 / 5, strokes: 2 / 9
iteration step 56, G_loss: 0.33384, step_acc: 7.67582, grid_scale: 1 / 5, strokes: 2 / 9
iteration step 57, G_loss: 0.33227, step_acc: 7.69527, grid_scale: 1 / 5, strokes: 2 / 9
iteration step 58, G_loss: 0.33093, step_acc: 7.71762, grid_scale: 1 / 5, strokes: 2 / 9
iteration step 59, G_loss: 0.32959, step_acc: 7.73723, grid_scale: 1 / 5, strokes: 2 / 9
iteration step 60, G_loss: 0.32851, step_acc: 7.75970, grid_scale: 1 / 5, strokes: 2 / 9
iteration step 61, G_loss: 0.32756, step_acc: 7.76836, grid_scale: 1 / 5, strokes: 2 / 9
iteration step 62, G_loss: 0.32656, step_acc: 7.78502, grid_scale: 1 / 5, strokes: 2 / 9
iteration step 63, G_loss: 0.32559, step_acc: 7.79467, grid_scale: 1 / 5, strokes: 2 / 9
iteration step 64, G_loss: 0.32489, step_acc: 7.81077, grid_scale: 1 / 5, strokes: 2 / 9
iteration step 65, G_loss: 0.32423, step_acc: 7.82134, grid_scale: 1 / 5, strokes: 2 / 9
iteration step 66, G_loss: 0.32370, step_acc: 7.83292, grid_scale: 1 / 5, strokes: 2 / 9
iteration step 67, G_loss: 0.32282, step_acc: 7.84774, grid_scale: 1 / 5, strokes: 2 / 9
iteration step 68, G_loss: 0.32221, step_acc: 7.85537, grid_scale: 1 / 5, strokes: 2 / 9
iteration step 69, G_loss: 0.32156, step_acc: 7.86522, grid_scale: 1 / 5, strokes: 2 / 9
iteration step 70, G_loss: 0.32101, step_acc: 7.88165, grid_scale: 1 / 5, strokes: 2 / 9
iteration step 71, G_loss: 0.32045, step_acc: 7.89070, grid_scale: 1 / 5, strokes: 2 / 9
iteration step 72, G_loss: 0.32002, step_acc: 7.90101, grid_scale: 1 / 5, strokes: 2 / 9
iteration step 73, G_loss: 0.31938, step_acc: 7.90405, grid_scale: 1 / 5, strokes: 2 / 9
iteration step 74, G_loss: 0.31889, step_acc: 7.91199, grid_scale: 1 / 5, strokes: 2 / 9
iteration step 75, G_loss: 0.31841, step_acc: 7.92063, grid_scale: 1 / 5, strokes: 2 / 9
iteration step 76, G_loss: 0.31790, step_acc: 7.93404, grid_scale: 1 / 5, strokes: 2 / 9
iteration step 77, G_loss: 0.31775, step_acc: 7.93626, grid_scale: 1 / 5, strokes: 2 / 9
iteration step 78, G_loss: 0.31701, step_acc: 7.94647, grid_scale: 1 / 5, strokes: 2 / 9
iteration step 79, G_loss: 0.31674, step_acc: 7.95078, grid_scale: 1 / 5, strokes: 2 / 9
iteration step 80, G_loss: 0.31627, step_acc: 7.95857, grid_scale: 1 / 5, strokes: 2 / 9
iteration step 81, G_loss: 0.31587, step_acc: 7.96978, grid_scale: 1 / 5, strokes: 2 / 9
iteration step 82, G_loss: 0.31547, step_acc: 7.96786, grid_scale: 1 / 5, strokes: 2 / 9
iteration step 83, G_loss: 0.31522, step_acc: 7.98430, grid_scale: 1 / 5, strokes: 2 / 9
iteration step 84, G_loss: 0.31482, step_acc: 7.98417, grid_scale: 1 / 5, strokes: 2 / 9
iteration step 85, G_loss: 0.31437, step_acc: 7.99284, grid_scale: 1 / 5, strokes: 2 / 9
iteration step 86, G_loss: 0.31402, step_acc: 8.00112, grid_scale: 1 / 5, strokes: 2 / 9
iteration step 87, G_loss: 0.31371, step_acc: 8.00203, grid_scale: 1 / 5, strokes: 2 / 9
iteration step 88, G_loss: 0.31343, step_acc: 8.01744, grid_scale: 1 / 5, strokes: 2 / 9
iteration step 89, G_loss: 0.31293, step_acc: 8.03183, grid_scale: 1 / 5, strokes: 2 / 9
iteration step 90, G_loss: 0.31260, step_acc: 8.03634, grid_scale: 1 / 5, strokes: 2 / 9
iteration step 91, G_loss: 0.31217, step_acc: 8.04010, grid_scale: 1 / 5, strokes: 2 / 9
iteration step 92, G_loss: 0.31180, step_acc: 8.05314, grid_scale: 1 / 5, strokes: 2 / 9
iteration step 93, G_loss: 0.31136, step_acc: 8.05986, grid_scale: 1 / 5, strokes: 2 / 9
iteration step 94, G_loss: 0.31086, step_acc: 8.07052, grid_scale: 1 / 5, strokes: 2 / 9
iteration step 95, G_loss: 0.31035, step_acc: 8.08347, grid_scale: 1 / 5, strokes: 2 / 9
iteration step 96, G_loss: 0.30966, step_acc: 8.09729, grid_scale: 1 / 5, strokes: 2 / 9
iteration step 97, G_loss: 0.30901, step_acc: 8.11747, grid_scale: 1 / 5, strokes: 2 / 9
iteration step 98, G_loss: 0.30808, step_acc: 8.13890, grid_scale: 1 / 5, strokes: 2 / 9
iteration step 99, G_loss: 0.30722, step_acc: 8.16134, grid_scale: 1 / 5, strokes: 2 / 9
iteration step 100, G_loss: 0.30623, step_acc: 8.18880, grid_scale: 1 / 5, strokes: 2 / 9
iteration step 101, G_loss: 0.30507, step_acc: 8.22365, grid_scale: 1 / 5, strokes: 2 / 9
iteration step 102, G_loss: 0.30354, step_acc: 8.25059, grid_scale: 1 / 5, strokes: 2 / 9
iteration step 103, G_loss: 0.30236, step_acc: 8.27601, grid_scale: 1 / 5, strokes: 2 / 9
iteration step 104, G_loss: 0.30118, step_acc: 8.29346, grid_scale: 1 / 5, strokes: 2 / 9
iteration step 105, G_loss: 0.30026, step_acc: 8.32220, grid_scale: 1 / 5, strokes: 2 / 9
iteration step 106, G_loss: 0.29933, step_acc: 8.34061, grid_scale: 1 / 5, strokes: 2 / 9
iteration step 107, G_loss: 0.29840, step_acc: 8.36727, grid_scale: 1 / 5, strokes: 2 / 9
iteration step 108, G_loss: 0.29727, step_acc: 8.39183, grid_scale: 1 / 5, strokes: 2 / 9
iteration step 109, G_loss: 0.29622, step_acc: 8.41462, grid_scale: 1 / 5, strokes: 2 / 9
iteration step 110, G_loss: 0.29532, step_acc: 8.64260, grid_scale: 1 / 5, strokes: 3 / 9
iteration step 111, G_loss: 0.28864, step_acc: 8.73477, grid_scale: 1 / 5, strokes: 3 / 9
iteration step 112, G_loss: 0.28618, step_acc: 8.80823, grid_scale: 1 / 5, strokes: 3 / 9
iteration step 113, G_loss: 0.28355, step_acc: 8.87304, grid_scale: 1 / 5, strokes: 3 / 9
iteration step 114, G_loss: 0.28145, step_acc: 8.92144, grid_scale: 1 / 5, strokes: 3 / 9
iteration step 115, G_loss: 0.27954, step_acc: 8.99841, grid_scale: 1 / 5, strokes: 3 / 9
iteration step 116, G_loss: 0.27716, step_acc: 9.04559, grid_scale: 1 / 5, strokes: 3 / 9
iteration step 117, G_loss: 0.27534, step_acc: 9.09991, grid_scale: 1 / 5, strokes: 3 / 9
iteration step 118, G_loss: 0.27348, step_acc: 9.15147, grid_scale: 1 / 5, strokes: 3 / 9
iteration step 119, G_loss: 0.27176, step_acc: 9.20129, grid_scale: 1 / 5, strokes: 3 / 9
iteration step 120, G_loss: 0.27014, step_acc: 9.27866, grid_scale: 1 / 5, strokes: 3 / 9
iteration step 121, G_loss: 0.26791, step_acc: 9.35368, grid_scale: 1 / 5, strokes: 3 / 9
iteration step 122, G_loss: 0.26554, step_acc: 9.42068, grid_scale: 1 / 5, strokes: 3 / 9
iteration step 123, G_loss: 0.26344, step_acc: 9.48256, grid_scale: 1 / 5, strokes: 3 / 9
iteration step 124, G_loss: 0.26135, step_acc: 9.52865, grid_scale: 1 / 5, strokes: 3 / 9
iteration step 125, G_loss: 0.25989, step_acc: 9.56538, grid_scale: 1 / 5, strokes: 3 / 9
iteration step 126, G_loss: 0.25848, step_acc: 9.59025, grid_scale: 1 / 5, strokes: 3 / 9
iteration step 127, G_loss: 0.25731, step_acc: 9.62741, grid_scale: 1 / 5, strokes: 3 / 9
iteration step 128, G_loss: 0.25601, step_acc: 9.66336, grid_scale: 1 / 5, strokes: 3 / 9
iteration step 129, G_loss: 0.25510, step_acc: 9.69472, grid_scale: 1 / 5, strokes: 3 / 9
iteration step 130, G_loss: 0.25372, step_acc: 9.73046, grid_scale: 1 / 5, strokes: 3 / 9
iteration step 131, G_loss: 0.25256, step_acc: 9.76545, grid_scale: 1 / 5, strokes: 3 / 9
iteration step 132, G_loss: 0.25138, step_acc: 9.79589, grid_scale: 1 / 5, strokes: 3 / 9
iteration step 133, G_loss: 0.25020, step_acc: 9.83241, grid_scale: 1 / 5, strokes: 3 / 9
iteration step 134, G_loss: 0.24910, step_acc: 9.86321, grid_scale: 1 / 5, strokes: 3 / 9
iteration step 135, G_loss: 0.24801, step_acc: 9.89819, grid_scale: 1 / 5, strokes: 3 / 9
iteration step 136, G_loss: 0.24692, step_acc: 9.92400, grid_scale: 1 / 5, strokes: 3 / 9
iteration step 137, G_loss: 0.24608, step_acc: 9.94518, grid_scale: 1 / 5, strokes: 3 / 9
iteration step 138, G_loss: 0.24527, step_acc: 9.98214, grid_scale: 1 / 5, strokes: 3 / 9
iteration step 139, G_loss: 0.24382, step_acc: 10.01106, grid_scale: 1 / 5, strokes: 3 / 9
iteration step 140, G_loss: 0.24286, step_acc: 10.03143, grid_scale: 1 / 5, strokes: 3 / 9
iteration step 141, G_loss: 0.24190, step_acc: 10.05388, grid_scale: 1 / 5, strokes: 3 / 9
iteration step 142, G_loss: 0.24116, step_acc: 10.07893, grid_scale: 1 / 5, strokes: 3 / 9
iteration step 143, G_loss: 0.24040, step_acc: 10.12238, grid_scale: 1 / 5, strokes: 3 / 9
iteration step 144, G_loss: 0.23921, step_acc: 10.15004, grid_scale: 1 / 5, strokes: 3 / 9
iteration step 145, G_loss: 0.23835, step_acc: 10.16516, grid_scale: 1 / 5, strokes: 3 / 9
iteration step 146, G_loss: 0.23773, step_acc: 10.19133, grid_scale: 1 / 5, strokes: 3 / 9
iteration step 147, G_loss: 0.23706, step_acc: 10.21060, grid_scale: 1 / 5, strokes: 3 / 9
iteration step 148, G_loss: 0.23643, step_acc: 10.23658, grid_scale: 1 / 5, strokes: 3 / 9
iteration step 149, G_loss: 0.23575, step_acc: 10.25708, grid_scale: 1 / 5, strokes: 3 / 9
iteration step 150, G_loss: 0.23504, step_acc: 10.27074, grid_scale: 1 / 5, strokes: 3 / 9
iteration step 151, G_loss: 0.23449, step_acc: 10.28772, grid_scale: 1 / 5, strokes: 3 / 9
iteration step 152, G_loss: 0.23401, step_acc: 10.30137, grid_scale: 1 / 5, strokes: 3 / 9
iteration step 153, G_loss: 0.23356, step_acc: 10.31403, grid_scale: 1 / 5, strokes: 3 / 9
iteration step 154, G_loss: 0.23320, step_acc: 10.32827, grid_scale: 1 / 5, strokes: 3 / 9
iteration step 155, G_loss: 0.23261, step_acc: 10.34905, grid_scale: 1 / 5, strokes: 3 / 9
iteration step 156, G_loss: 0.23203, step_acc: 10.36054, grid_scale: 1 / 5, strokes: 3 / 9
iteration step 157, G_loss: 0.23145, step_acc: 10.37699, grid_scale: 1 / 5, strokes: 3 / 9
iteration step 158, G_loss: 0.23080, step_acc: 10.38758, grid_scale: 1 / 5, strokes: 3 / 9
iteration step 159, G_loss: 0.23023, step_acc: 10.40761, grid_scale: 1 / 5, strokes: 3 / 9
iteration step 160, G_loss: 0.22959, step_acc: 10.41758, grid_scale: 1 / 5, strokes: 3 / 9
iteration step 161, G_loss: 0.22914, step_acc: 10.43275, grid_scale: 1 / 5, strokes: 3 / 9
iteration step 162, G_loss: 0.22865, step_acc: 10.44282, grid_scale: 1 / 5, strokes: 3 / 9
iteration step 163, G_loss: 0.22823, step_acc: 10.45236, grid_scale: 1 / 5, strokes: 3 / 9
iteration step 164, G_loss: 0.22782, step_acc: 10.46043, grid_scale: 1 / 5, strokes: 3 / 9
iteration step 165, G_loss: 0.22735, step_acc: 10.63363, grid_scale: 1 / 5, strokes: 4 / 9
iteration step 166, G_loss: 0.22362, step_acc: 10.67490, grid_scale: 1 / 5, strokes: 4 / 9
iteration step 167, G_loss: 0.22229, step_acc: 10.70863, grid_scale: 1 / 5, strokes: 4 / 9
iteration step 168, G_loss: 0.22118, step_acc: 10.74579, grid_scale: 1 / 5, strokes: 4 / 9
iteration step 169, G_loss: 0.22013, step_acc: 10.77854, grid_scale: 1 / 5, strokes: 4 / 9
iteration step 170, G_loss: 0.21925, step_acc: 10.79932, grid_scale: 1 / 5, strokes: 4 / 9
iteration step 171, G_loss: 0.21857, step_acc: 10.83523, grid_scale: 1 / 5, strokes: 4 / 9
iteration step 172, G_loss: 0.21773, step_acc: 10.85997, grid_scale: 1 / 5, strokes: 4 / 9
iteration step 173, G_loss: 0.21701, step_acc: 10.87778, grid_scale: 1 / 5, strokes: 4 / 9
iteration step 174, G_loss: 0.21630, step_acc: 10.89381, grid_scale: 1 / 5, strokes: 4 / 9
iteration step 175, G_loss: 0.21573, step_acc: 10.91721, grid_scale: 1 / 5, strokes: 4 / 9
iteration step 176, G_loss: 0.21516, step_acc: 10.92911, grid_scale: 1 / 5, strokes: 4 / 9
iteration step 177, G_loss: 0.21474, step_acc: 10.94388, grid_scale: 1 / 5, strokes: 4 / 9
iteration step 178, G_loss: 0.21425, step_acc: 10.95741, grid_scale: 1 / 5, strokes: 4 / 9
iteration step 179, G_loss: 0.21383, step_acc: 10.96805, grid_scale: 1 / 5, strokes: 4 / 9
iteration step 180, G_loss: 0.21360, step_acc: 10.99384, grid_scale: 1 / 5, strokes: 4 / 9
iteration step 181, G_loss: 0.21275, step_acc: 11.02231, grid_scale: 1 / 5, strokes: 4 / 9
iteration step 182, G_loss: 0.21199, step_acc: 11.05230, grid_scale: 1 / 5, strokes: 4 / 9
iteration step 183, G_loss: 0.21139, step_acc: 11.06753, grid_scale: 1 / 5, strokes: 4 / 9
iteration step 184, G_loss: 0.21090, step_acc: 11.08676, grid_scale: 1 / 5, strokes: 4 / 9
iteration step 185, G_loss: 0.21042, step_acc: 11.09996, grid_scale: 1 / 5, strokes: 4 / 9
iteration step 186, G_loss: 0.21007, step_acc: 11.11620, grid_scale: 1 / 5, strokes: 4 / 9
iteration step 187, G_loss: 0.20958, step_acc: 11.13793, grid_scale: 1 / 5, strokes: 4 / 9
iteration step 188, G_loss: 0.20913, step_acc: 11.16209, grid_scale: 1 / 5, strokes: 4 / 9
iteration step 189, G_loss: 0.20870, step_acc: 11.18132, grid_scale: 1 / 5, strokes: 4 / 9
iteration step 190, G_loss: 0.20824, step_acc: 11.21806, grid_scale: 1 / 5, strokes: 4 / 9
iteration step 191, G_loss: 0.20756, step_acc: 11.24874, grid_scale: 1 / 5, strokes: 4 / 9
iteration step 192, G_loss: 0.20699, step_acc: 11.27071, grid_scale: 1 / 5, strokes: 4 / 9
iteration step 193, G_loss: 0.20657, step_acc: 11.28763, grid_scale: 1 / 5, strokes: 4 / 9
iteration step 194, G_loss: 0.20613, step_acc: 11.30795, grid_scale: 1 / 5, strokes: 4 / 9
iteration step 195, G_loss: 0.20563, step_acc: 11.32962, grid_scale: 1 / 5, strokes: 4 / 9
iteration step 196, G_loss: 0.20514, step_acc: 11.34655, grid_scale: 1 / 5, strokes: 4 / 9
iteration step 197, G_loss: 0.20472, step_acc: 11.36139, grid_scale: 1 / 5, strokes: 4 / 9
iteration step 198, G_loss: 0.20441, step_acc: 11.36955, grid_scale: 1 / 5, strokes: 4 / 9
iteration step 199, G_loss: 0.20403, step_acc: 11.37492, grid_scale: 1 / 5, strokes: 4 / 9
iteration step 200, G_loss: 0.20370, step_acc: 11.38963, grid_scale: 1 / 5, strokes: 4 / 9
iteration step 201, G_loss: 0.20336, step_acc: 11.39598, grid_scale: 1 / 5, strokes: 4 / 9
iteration step 202, G_loss: 0.20306, step_acc: 11.40452, grid_scale: 1 / 5, strokes: 4 / 9
iteration step 203, G_loss: 0.20290, step_acc: 11.41253, grid_scale: 1 / 5, strokes: 4 / 9
iteration step 204, G_loss: 0.20275, step_acc: 11.42489, grid_scale: 1 / 5, strokes: 4 / 9
iteration step 205, G_loss: 0.20261, step_acc: 11.43438, grid_scale: 1 / 5, strokes: 4 / 9
iteration step 206, G_loss: 0.20254, step_acc: 11.43739, grid_scale: 1 / 5, strokes: 4 / 9
iteration step 207, G_loss: 0.20250, step_acc: 11.44302, grid_scale: 1 / 5, strokes: 4 / 9
iteration step 208, G_loss: 0.20245, step_acc: 11.45238, grid_scale: 1 / 5, strokes: 4 / 9
iteration step 209, G_loss: 0.20231, step_acc: 11.45265, grid_scale: 1 / 5, strokes: 4 / 9
iteration step 210, G_loss: 0.20224, step_acc: 11.46269, grid_scale: 1 / 5, strokes: 4 / 9
iteration step 211, G_loss: 0.20216, step_acc: 11.46068, grid_scale: 1 / 5, strokes: 4 / 9
iteration step 212, G_loss: 0.20213, step_acc: 11.46844, grid_scale: 1 / 5, strokes: 4 / 9
iteration step 213, G_loss: 0.20208, step_acc: 11.46478, grid_scale: 1 / 5, strokes: 4 / 9
iteration step 214, G_loss: 0.20209, step_acc: 11.46954, grid_scale: 1 / 5, strokes: 4 / 9
iteration step 215, G_loss: 0.20200, step_acc: 11.46842, grid_scale: 1 / 5, strokes: 4 / 9
iteration step 216, G_loss: 0.20202, step_acc: 11.47421, grid_scale: 1 / 5, strokes: 4 / 9
iteration step 217, G_loss: 0.20196, step_acc: 11.46949, grid_scale: 1 / 5, strokes: 4 / 9
iteration step 218, G_loss: 0.20195, step_acc: 11.47584, grid_scale: 1 / 5, strokes: 4 / 9
iteration step 219, G_loss: 0.20191, step_acc: 11.47769, grid_scale: 1 / 5, strokes: 4 / 9
iteration step 220, G_loss: 0.20187, step_acc: 11.58857, grid_scale: 1 / 5, strokes: 5 / 9
iteration step 221, G_loss: 0.19950, step_acc: 11.64577, grid_scale: 1 / 5, strokes: 5 / 9
iteration step 222, G_loss: 0.19839, step_acc: 11.70752, grid_scale: 1 / 5, strokes: 5 / 9
iteration step 223, G_loss: 0.19717, step_acc: 11.72887, grid_scale: 1 / 5, strokes: 5 / 9
iteration step 224, G_loss: 0.19653, step_acc: 11.75007, grid_scale: 1 / 5, strokes: 5 / 9
iteration step 225, G_loss: 0.19602, step_acc: 11.80380, grid_scale: 1 / 5, strokes: 5 / 9
iteration step 226, G_loss: 0.19507, step_acc: 11.86362, grid_scale: 1 / 5, strokes: 5 / 9
iteration step 227, G_loss: 0.19408, step_acc: 11.93270, grid_scale: 1 / 5, strokes: 5 / 9
iteration step 228, G_loss: 0.19294, step_acc: 11.98553, grid_scale: 1 / 5, strokes: 5 / 9
iteration step 229, G_loss: 0.19205, step_acc: 12.02913, grid_scale: 1 / 5, strokes: 5 / 9
iteration step 230, G_loss: 0.19150, step_acc: 12.03369, grid_scale: 1 / 5, strokes: 5 / 9
iteration step 231, G_loss: 0.19101, step_acc: 12.04906, grid_scale: 1 / 5, strokes: 5 / 9
iteration step 232, G_loss: 0.19064, step_acc: 12.04680, grid_scale: 1 / 5, strokes: 5 / 9
iteration step 233, G_loss: 0.19033, step_acc: 12.08156, grid_scale: 1 / 5, strokes: 5 / 9
iteration step 234, G_loss: 0.19014, step_acc: 12.08695, grid_scale: 1 / 5, strokes: 5 / 9
iteration step 235, G_loss: 0.18988, step_acc: 12.09299, grid_scale: 1 / 5, strokes: 5 / 9
iteration step 236, G_loss: 0.18968, step_acc: 12.10128, grid_scale: 1 / 5, strokes: 5 / 9
iteration step 237, G_loss: 0.18955, step_acc: 12.09842, grid_scale: 1 / 5, strokes: 5 / 9
iteration step 238, G_loss: 0.18936, step_acc: 12.11560, grid_scale: 1 / 5, strokes: 5 / 9
iteration step 239, G_loss: 0.18920, step_acc: 12.11720, grid_scale: 1 / 5, strokes: 5 / 9
iteration step 240, G_loss: 0.18901, step_acc: 12.13747, grid_scale: 1 / 5, strokes: 5 / 9
iteration step 241, G_loss: 0.18886, step_acc: 12.14901, grid_scale: 1 / 5, strokes: 5 / 9
iteration step 242, G_loss: 0.18862, step_acc: 12.16767, grid_scale: 1 / 5, strokes: 5 / 9
iteration step 243, G_loss: 0.18836, step_acc: 12.20026, grid_scale: 1 / 5, strokes: 5 / 9
iteration step 244, G_loss: 0.18792, step_acc: 12.23061, grid_scale: 1 / 5, strokes: 5 / 9
iteration step 245, G_loss: 0.18752, step_acc: 12.24359, grid_scale: 1 / 5, strokes: 5 / 9
iteration step 246, G_loss: 0.18719, step_acc: 12.27801, grid_scale: 1 / 5, strokes: 5 / 9
iteration step 247, G_loss: 0.18688, step_acc: 12.28883, grid_scale: 1 / 5, strokes: 5 / 9
iteration step 248, G_loss: 0.18654, step_acc: 12.30229, grid_scale: 1 / 5, strokes: 5 / 9
iteration step 249, G_loss: 0.18625, step_acc: 12.33269, grid_scale: 1 / 5, strokes: 5 / 9
iteration step 250, G_loss: 0.18594, step_acc: 12.35845, grid_scale: 1 / 5, strokes: 5 / 9
iteration step 251, G_loss: 0.18562, step_acc: 12.37145, grid_scale: 1 / 5, strokes: 5 / 9
iteration step 252, G_loss: 0.18519, step_acc: 12.39832, grid_scale: 1 / 5, strokes: 5 / 9
iteration step 253, G_loss: 0.18483, step_acc: 12.40527, grid_scale: 1 / 5, strokes: 5 / 9
iteration step 254, G_loss: 0.18455, step_acc: 12.41855, grid_scale: 1 / 5, strokes: 5 / 9
iteration step 255, G_loss: 0.18427, step_acc: 12.41963, grid_scale: 1 / 5, strokes: 5 / 9
iteration step 256, G_loss: 0.18398, step_acc: 12.43757, grid_scale: 1 / 5, strokes: 5 / 9
iteration step 257, G_loss: 0.18358, step_acc: 12.45349, grid_scale: 1 / 5, strokes: 5 / 9
iteration step 258, G_loss: 0.18332, step_acc: 12.45520, grid_scale: 1 / 5, strokes: 5 / 9
iteration step 259, G_loss: 0.18309, step_acc: 12.46882, grid_scale: 1 / 5, strokes: 5 / 9
iteration step 260, G_loss: 0.18293, step_acc: 12.47397, grid_scale: 1 / 5, strokes: 5 / 9
iteration step 261, G_loss: 0.18259, step_acc: 12.48456, grid_scale: 1 / 5, strokes: 5 / 9
iteration step 262, G_loss: 0.18242, step_acc: 12.48573, grid_scale: 1 / 5, strokes: 5 / 9
iteration step 263, G_loss: 0.18226, step_acc: 12.49144, grid_scale: 1 / 5, strokes: 5 / 9
iteration step 264, G_loss: 0.18220, step_acc: 12.49632, grid_scale: 1 / 5, strokes: 5 / 9
iteration step 265, G_loss: 0.18202, step_acc: 12.49877, grid_scale: 1 / 5, strokes: 5 / 9
iteration step 266, G_loss: 0.18192, step_acc: 12.50555, grid_scale: 1 / 5, strokes: 5 / 9
iteration step 267, G_loss: 0.18186, step_acc: 12.50094, grid_scale: 1 / 5, strokes: 5 / 9
iteration step 268, G_loss: 0.18178, step_acc: 12.51076, grid_scale: 1 / 5, strokes: 5 / 9
iteration step 269, G_loss: 0.18166, step_acc: 12.51090, grid_scale: 1 / 5, strokes: 5 / 9
iteration step 270, G_loss: 0.18153, step_acc: 12.51377, grid_scale: 1 / 5, strokes: 5 / 9
iteration step 271, G_loss: 0.18146, step_acc: 12.51283, grid_scale: 1 / 5, strokes: 5 / 9
iteration step 272, G_loss: 0.18134, step_acc: 12.51728, grid_scale: 1 / 5, strokes: 5 / 9
iteration step 273, G_loss: 0.18126, step_acc: 12.51277, grid_scale: 1 / 5, strokes: 5 / 9
iteration step 274, G_loss: 0.18119, step_acc: 12.52023, grid_scale: 1 / 5, strokes: 5 / 9
iteration step 275, G_loss: 0.18109, step_acc: 12.38486, grid_scale: 1 / 5, strokes: 6 / 9
iteration step 276, G_loss: 0.18413, step_acc: 12.41575, grid_scale: 1 / 5, strokes: 6 / 9
iteration step 277, G_loss: 0.18382, step_acc: 12.42180, grid_scale: 1 / 5, strokes: 6 / 9
iteration step 278, G_loss: 0.18347, step_acc: 12.45726, grid_scale: 1 / 5, strokes: 6 / 9
iteration step 279, G_loss: 0.18303, step_acc: 12.46344, grid_scale: 1 / 5, strokes: 6 / 9
iteration step 280, G_loss: 0.18289, step_acc: 12.47606, grid_scale: 1 / 5, strokes: 6 / 9
iteration step 281, G_loss: 0.18264, step_acc: 12.48416, grid_scale: 1 / 5, strokes: 6 / 9
iteration step 282, G_loss: 0.18259, step_acc: 12.49735, grid_scale: 1 / 5, strokes: 6 / 9
iteration step 283, G_loss: 0.18230, step_acc: 12.50126, grid_scale: 1 / 5, strokes: 6 / 9
iteration step 284, G_loss: 0.18223, step_acc: 12.51230, grid_scale: 1 / 5, strokes: 6 / 9
iteration step 285, G_loss: 0.18216, step_acc: 12.50423, grid_scale: 1 / 5, strokes: 6 / 9
iteration step 286, G_loss: 0.18216, step_acc: 12.51673, grid_scale: 1 / 5, strokes: 6 / 9
iteration step 287, G_loss: 0.18207, step_acc: 12.50232, grid_scale: 1 / 5, strokes: 6 / 9
iteration step 288, G_loss: 0.18213, step_acc: 12.51950, grid_scale: 1 / 5, strokes: 6 / 9
iteration step 289, G_loss: 0.18190, step_acc: 12.52139, grid_scale: 1 / 5, strokes: 6 / 9
iteration step 290, G_loss: 0.18183, step_acc: 12.53057, grid_scale: 1 / 5, strokes: 6 / 9
iteration step 291, G_loss: 0.18172, step_acc: 12.52840, grid_scale: 1 / 5, strokes: 6 / 9
iteration step 292, G_loss: 0.18166, step_acc: 12.53170, grid_scale: 1 / 5, strokes: 6 / 9
iteration step 293, G_loss: 0.18164, step_acc: 12.53420, grid_scale: 1 / 5, strokes: 6 / 9
iteration step 294, G_loss: 0.18158, step_acc: 12.54009, grid_scale: 1 / 5, strokes: 6 / 9
iteration step 295, G_loss: 0.18152, step_acc: 12.54123, grid_scale: 1 / 5, strokes: 6 / 9
iteration step 296, G_loss: 0.18141, step_acc: 12.54741, grid_scale: 1 / 5, strokes: 6 / 9
iteration step 297, G_loss: 0.18137, step_acc: 12.55031, grid_scale: 1 / 5, strokes: 6 / 9
iteration step 298, G_loss: 0.18130, step_acc: 12.55245, grid_scale: 1 / 5, strokes: 6 / 9
iteration step 299, G_loss: 0.18126, step_acc: 12.55374, grid_scale: 1 / 5, strokes: 6 / 9
iteration step 300, G_loss: 0.18122, step_acc: 12.56101, grid_scale: 1 / 5, strokes: 6 / 9
iteration step 301, G_loss: 0.18118, step_acc: 12.55625, grid_scale: 1 / 5, strokes: 6 / 9
iteration step 302, G_loss: 0.18116, step_acc: 12.56320, grid_scale: 1 / 5, strokes: 6 / 9
iteration step 303, G_loss: 0.18106, step_acc: 12.56245, grid_scale: 1 / 5, strokes: 6 / 9
iteration step 304, G_loss: 0.18106, step_acc: 12.56555, grid_scale: 1 / 5, strokes: 6 / 9
iteration step 305, G_loss: 0.18096, step_acc: 12.56540, grid_scale: 1 / 5, strokes: 6 / 9
iteration step 306, G_loss: 0.18096, step_acc: 12.56755, grid_scale: 1 / 5, strokes: 6 / 9
iteration step 307, G_loss: 0.18093, step_acc: 12.56955, grid_scale: 1 / 5, strokes: 6 / 9
iteration step 308, G_loss: 0.18088, step_acc: 12.57001, grid_scale: 1 / 5, strokes: 6 / 9
iteration step 309, G_loss: 0.18086, step_acc: 12.57271, grid_scale: 1 / 5, strokes: 6 / 9
iteration step 310, G_loss: 0.18081, step_acc: 12.57378, grid_scale: 1 / 5, strokes: 6 / 9
iteration step 311, G_loss: 0.18076, step_acc: 12.57784, grid_scale: 1 / 5, strokes: 6 / 9
iteration step 312, G_loss: 0.18073, step_acc: 12.57730, grid_scale: 1 / 5, strokes: 6 / 9
iteration step 313, G_loss: 0.18070, step_acc: 12.57792, grid_scale: 1 / 5, strokes: 6 / 9
iteration step 314, G_loss: 0.18067, step_acc: 12.57960, grid_scale: 1 / 5, strokes: 6 / 9
iteration step 315, G_loss: 0.18066, step_acc: 12.58145, grid_scale: 1 / 5, strokes: 6 / 9
iteration step 316, G_loss: 0.18060, step_acc: 12.57574, grid_scale: 1 / 5, strokes: 6 / 9
iteration step 317, G_loss: 0.18065, step_acc: 12.58321, grid_scale: 1 / 5, strokes: 6 / 9
iteration step 318, G_loss: 0.18057, step_acc: 12.57678, grid_scale: 1 / 5, strokes: 6 / 9
iteration step 319, G_loss: 0.18063, step_acc: 12.58704, grid_scale: 1 / 5, strokes: 6 / 9
iteration step 320, G_loss: 0.18050, step_acc: 12.58685, grid_scale: 1 / 5, strokes: 6 / 9
iteration step 321, G_loss: 0.18045, step_acc: 12.59047, grid_scale: 1 / 5, strokes: 6 / 9
iteration step 322, G_loss: 0.18043, step_acc: 12.58778, grid_scale: 1 / 5, strokes: 6 / 9
iteration step 323, G_loss: 0.18041, step_acc: 12.59291, grid_scale: 1 / 5, strokes: 6 / 9
iteration step 324, G_loss: 0.18039, step_acc: 12.59260, grid_scale: 1 / 5, strokes: 6 / 9
iteration step 325, G_loss: 0.18037, step_acc: 12.59805, grid_scale: 1 / 5, strokes: 6 / 9
iteration step 326, G_loss: 0.18034, step_acc: 12.59806, grid_scale: 1 / 5, strokes: 6 / 9
iteration step 327, G_loss: 0.18031, step_acc: 12.59984, grid_scale: 1 / 5, strokes: 6 / 9
iteration step 328, G_loss: 0.18023, step_acc: 12.60457, grid_scale: 1 / 5, strokes: 6 / 9
iteration step 329, G_loss: 0.18020, step_acc: 12.60845, grid_scale: 1 / 5, strokes: 6 / 9
iteration step 330, G_loss: 0.18016, step_acc: 12.73357, grid_scale: 1 / 5, strokes: 7 / 9
iteration step 331, G_loss: 0.17723, step_acc: 12.77748, grid_scale: 1 / 5, strokes: 7 / 9
iteration step 332, G_loss: 0.17638, step_acc: 12.81655, grid_scale: 1 / 5, strokes: 7 / 9
iteration step 333, G_loss: 0.17582, step_acc: 12.85057, grid_scale: 1 / 5, strokes: 7 / 9
iteration step 334, G_loss: 0.17530, step_acc: 12.88064, grid_scale: 1 / 5, strokes: 7 / 9
iteration step 335, G_loss: 0.17468, step_acc: 12.91145, grid_scale: 1 / 5, strokes: 7 / 9
iteration step 336, G_loss: 0.17426, step_acc: 12.93265, grid_scale: 1 / 5, strokes: 7 / 9
iteration step 337, G_loss: 0.17389, step_acc: 12.95832, grid_scale: 1 / 5, strokes: 7 / 9
iteration step 338, G_loss: 0.17357, step_acc: 12.97445, grid_scale: 1 / 5, strokes: 7 / 9
iteration step 339, G_loss: 0.17327, step_acc: 12.99882, grid_scale: 1 / 5, strokes: 7 / 9
iteration step 340, G_loss: 0.17288, step_acc: 13.02174, grid_scale: 1 / 5, strokes: 7 / 9
iteration step 341, G_loss: 0.17259, step_acc: 13.03385, grid_scale: 1 / 5, strokes: 7 / 9
iteration step 342, G_loss: 0.17231, step_acc: 13.05544, grid_scale: 1 / 5, strokes: 7 / 9
iteration step 343, G_loss: 0.17196, step_acc: 13.06963, grid_scale: 1 / 5, strokes: 7 / 9
iteration step 344, G_loss: 0.17169, step_acc: 13.07885, grid_scale: 1 / 5, strokes: 7 / 9
iteration step 345, G_loss: 0.17160, step_acc: 13.07981, grid_scale: 1 / 5, strokes: 7 / 9
iteration step 346, G_loss: 0.17149, step_acc: 13.09427, grid_scale: 1 / 5, strokes: 7 / 9
iteration step 347, G_loss: 0.17124, step_acc: 13.10102, grid_scale: 1 / 5, strokes: 7 / 9
iteration step 348, G_loss: 0.17107, step_acc: 13.10925, grid_scale: 1 / 5, strokes: 7 / 9
iteration step 349, G_loss: 0.17095, step_acc: 13.11678, grid_scale: 1 / 5, strokes: 7 / 9
iteration step 350, G_loss: 0.17073, step_acc: 13.13451, grid_scale: 1 / 5, strokes: 7 / 9
iteration step 351, G_loss: 0.17051, step_acc: 13.15127, grid_scale: 1 / 5, strokes: 7 / 9
iteration step 352, G_loss: 0.17025, step_acc: 13.16458, grid_scale: 1 / 5, strokes: 7 / 9
iteration step 353, G_loss: 0.17011, step_acc: 13.17053, grid_scale: 1 / 5, strokes: 7 / 9
iteration step 354, G_loss: 0.16987, step_acc: 13.18211, grid_scale: 1 / 5, strokes: 7 / 9
iteration step 355, G_loss: 0.16972, step_acc: 13.18636, grid_scale: 1 / 5, strokes: 7 / 9
iteration step 356, G_loss: 0.16948, step_acc: 13.19317, grid_scale: 1 / 5, strokes: 7 / 9
iteration step 357, G_loss: 0.16941, step_acc: 13.19111, grid_scale: 1 / 5, strokes: 7 / 9
iteration step 358, G_loss: 0.16938, step_acc: 13.19293, grid_scale: 1 / 5, strokes: 7 / 9
iteration step 359, G_loss: 0.16937, step_acc: 13.19640, grid_scale: 1 / 5, strokes: 7 / 9
iteration step 360, G_loss: 0.16918, step_acc: 13.19983, grid_scale: 1 / 5, strokes: 7 / 9
iteration step 361, G_loss: 0.16921, step_acc: 13.19910, grid_scale: 1 / 5, strokes: 7 / 9
iteration step 362, G_loss: 0.16905, step_acc: 13.20154, grid_scale: 1 / 5, strokes: 7 / 9
iteration step 363, G_loss: 0.16905, step_acc: 13.20114, grid_scale: 1 / 5, strokes: 7 / 9
iteration step 364, G_loss: 0.16899, step_acc: 13.20667, grid_scale: 1 / 5, strokes: 7 / 9
iteration step 365, G_loss: 0.16895, step_acc: 13.20449, grid_scale: 1 / 5, strokes: 7 / 9
iteration step 366, G_loss: 0.16886, step_acc: 13.21240, grid_scale: 1 / 5, strokes: 7 / 9
iteration step 367, G_loss: 0.16871, step_acc: 13.21365, grid_scale: 1 / 5, strokes: 7 / 9
iteration step 368, G_loss: 0.16859, step_acc: 13.21801, grid_scale: 1 / 5, strokes: 7 / 9
iteration step 369, G_loss: 0.16857, step_acc: 13.22196, grid_scale: 1 / 5, strokes: 7 / 9
iteration step 370, G_loss: 0.16848, step_acc: 13.22658, grid_scale: 1 / 5, strokes: 7 / 9
iteration step 371, G_loss: 0.16840, step_acc: 13.22163, grid_scale: 1 / 5, strokes: 7 / 9
iteration step 372, G_loss: 0.16834, step_acc: 13.22558, grid_scale: 1 / 5, strokes: 7 / 9
iteration step 373, G_loss: 0.16829, step_acc: 13.22316, grid_scale: 1 / 5, strokes: 7 / 9
iteration step 374, G_loss: 0.16824, step_acc: 13.22350, grid_scale: 1 / 5, strokes: 7 / 9
iteration step 375, G_loss: 0.16822, step_acc: 13.22307, grid_scale: 1 / 5, strokes: 7 / 9
iteration step 376, G_loss: 0.16821, step_acc: 13.23150, grid_scale: 1 / 5, strokes: 7 / 9
iteration step 377, G_loss: 0.16816, step_acc: 13.22283, grid_scale: 1 / 5, strokes: 7 / 9
iteration step 378, G_loss: 0.16810, step_acc: 13.22811, grid_scale: 1 / 5, strokes: 7 / 9
iteration step 379, G_loss: 0.16807, step_acc: 13.22453, grid_scale: 1 / 5, strokes: 7 / 9
iteration step 380, G_loss: 0.16800, step_acc: 13.22653, grid_scale: 1 / 5, strokes: 7 / 9
iteration step 381, G_loss: 0.16803, step_acc: 13.22848, grid_scale: 1 / 5, strokes: 7 / 9
iteration step 382, G_loss: 0.16793, step_acc: 13.22914, grid_scale: 1 / 5, strokes: 7 / 9
iteration step 383, G_loss: 0.16788, step_acc: 13.22948, grid_scale: 1 / 5, strokes: 7 / 9
iteration step 384, G_loss: 0.16779, step_acc: 13.23585, grid_scale: 1 / 5, strokes: 7 / 9
iteration step 385, G_loss: 0.16775, step_acc: 13.39695, grid_scale: 1 / 5, strokes: 8 / 9
iteration step 386, G_loss: 0.16386, step_acc: 13.44473, grid_scale: 1 / 5, strokes: 8 / 9
iteration step 387, G_loss: 0.16279, step_acc: 13.46859, grid_scale: 1 / 5, strokes: 8 / 9
iteration step 388, G_loss: 0.16172, step_acc: 13.49680, grid_scale: 1 / 5, strokes: 8 / 9
iteration step 389, G_loss: 0.16088, step_acc: 13.52147, grid_scale: 1 / 5, strokes: 8 / 9
iteration step 390, G_loss: 0.16006, step_acc: 13.54008, grid_scale: 1 / 5, strokes: 8 / 9
iteration step 391, G_loss: 0.15947, step_acc: 13.54634, grid_scale: 1 / 5, strokes: 8 / 9
iteration step 392, G_loss: 0.15920, step_acc: 13.56682, grid_scale: 1 / 5, strokes: 8 / 9
iteration step 393, G_loss: 0.15881, step_acc: 13.56739, grid_scale: 1 / 5, strokes: 8 / 9
iteration step 394, G_loss: 0.15831, step_acc: 13.57297, grid_scale: 1 / 5, strokes: 8 / 9
iteration step 395, G_loss: 0.15826, step_acc: 13.58275, grid_scale: 1 / 5, strokes: 8 / 9
iteration step 396, G_loss: 0.15793, step_acc: 13.60103, grid_scale: 1 / 5, strokes: 8 / 9
iteration step 397, G_loss: 0.15754, step_acc: 13.59490, grid_scale: 1 / 5, strokes: 8 / 9
iteration step 398, G_loss: 0.15727, step_acc: 13.61116, grid_scale: 1 / 5, strokes: 8 / 9
iteration step 399, G_loss: 0.15691, step_acc: 13.62721, grid_scale: 1 / 5, strokes: 8 / 9
iteration step 400, G_loss: 0.15667, step_acc: 13.62464, grid_scale: 1 / 5, strokes: 8 / 9
iteration step 401, G_loss: 0.15650, step_acc: 13.64096, grid_scale: 1 / 5, strokes: 8 / 9
iteration step 402, G_loss: 0.15627, step_acc: 13.63792, grid_scale: 1 / 5, strokes: 8 / 9
iteration step 403, G_loss: 0.15605, step_acc: 13.64590, grid_scale: 1 / 5, strokes: 8 / 9
iteration step 404, G_loss: 0.15590, step_acc: 13.64688, grid_scale: 1 / 5, strokes: 8 / 9
iteration step 405, G_loss: 0.15585, step_acc: 13.65130, grid_scale: 1 / 5, strokes: 8 / 9
iteration step 406, G_loss: 0.15571, step_acc: 13.65715, grid_scale: 1 / 5, strokes: 8 / 9
iteration step 407, G_loss: 0.15555, step_acc: 13.66199, grid_scale: 1 / 5, strokes: 8 / 9
iteration step 408, G_loss: 0.15539, step_acc: 13.66649, grid_scale: 1 / 5, strokes: 8 / 9
iteration step 409, G_loss: 0.15525, step_acc: 13.66989, grid_scale: 1 / 5, strokes: 8 / 9
iteration step 410, G_loss: 0.15512, step_acc: 13.67257, grid_scale: 1 / 5, strokes: 8 / 9
iteration step 411, G_loss: 0.15497, step_acc: 13.67408, grid_scale: 1 / 5, strokes: 8 / 9
iteration step 412, G_loss: 0.15479, step_acc: 13.68442, grid_scale: 1 / 5, strokes: 8 / 9
iteration step 413, G_loss: 0.15458, step_acc: 13.68826, grid_scale: 1 / 5, strokes: 8 / 9
iteration step 414, G_loss: 0.15442, step_acc: 13.69693, grid_scale: 1 / 5, strokes: 8 / 9
iteration step 415, G_loss: 0.15425, step_acc: 13.70066, grid_scale: 1 / 5, strokes: 8 / 9
iteration step 416, G_loss: 0.15408, step_acc: 13.70122, grid_scale: 1 / 5, strokes: 8 / 9
iteration step 417, G_loss: 0.15406, step_acc: 13.71006, grid_scale: 1 / 5, strokes: 8 / 9
iteration step 418, G_loss: 0.15383, step_acc: 13.71320, grid_scale: 1 / 5, strokes: 8 / 9
iteration step 419, G_loss: 0.15376, step_acc: 13.71620, grid_scale: 1 / 5, strokes: 8 / 9
iteration step 420, G_loss: 0.15360, step_acc: 13.71775, grid_scale: 1 / 5, strokes: 8 / 9
iteration step 421, G_loss: 0.15355, step_acc: 13.72414, grid_scale: 1 / 5, strokes: 8 / 9
iteration step 422, G_loss: 0.15335, step_acc: 13.73137, grid_scale: 1 / 5, strokes: 8 / 9
iteration step 423, G_loss: 0.15322, step_acc: 13.73394, grid_scale: 1 / 5, strokes: 8 / 9
iteration step 424, G_loss: 0.15299, step_acc: 13.73659, grid_scale: 1 / 5, strokes: 8 / 9
iteration step 425, G_loss: 0.15283, step_acc: 13.74246, grid_scale: 1 / 5, strokes: 8 / 9
iteration step 426, G_loss: 0.15251, step_acc: 13.75246, grid_scale: 1 / 5, strokes: 8 / 9
iteration step 427, G_loss: 0.15228, step_acc: 13.75916, grid_scale: 1 / 5, strokes: 8 / 9
iteration step 428, G_loss: 0.15204, step_acc: 13.75429, grid_scale: 1 / 5, strokes: 8 / 9
iteration step 429, G_loss: 0.15195, step_acc: 13.76411, grid_scale: 1 / 5, strokes: 8 / 9
iteration step 430, G_loss: 0.15174, step_acc: 13.77212, grid_scale: 1 / 5, strokes: 8 / 9
iteration step 431, G_loss: 0.15147, step_acc: 13.77913, grid_scale: 1 / 5, strokes: 8 / 9
iteration step 432, G_loss: 0.15128, step_acc: 13.78158, grid_scale: 1 / 5, strokes: 8 / 9
iteration step 433, G_loss: 0.15107, step_acc: 13.78420, grid_scale: 1 / 5, strokes: 8 / 9
iteration step 434, G_loss: 0.15088, step_acc: 13.79022, grid_scale: 1 / 5, strokes: 8 / 9
iteration step 435, G_loss: 0.15075, step_acc: 13.79397, grid_scale: 1 / 5, strokes: 8 / 9
iteration step 436, G_loss: 0.15061, step_acc: 13.79330, grid_scale: 1 / 5, strokes: 8 / 9
iteration step 437, G_loss: 0.15045, step_acc: 13.80061, grid_scale: 1 / 5, strokes: 8 / 9
iteration step 438, G_loss: 0.15024, step_acc: 13.80197, grid_scale: 1 / 5, strokes: 8 / 9
iteration step 439, G_loss: 0.15008, step_acc: 13.80500, grid_scale: 1 / 5, strokes: 8 / 9
iteration step 440, G_loss: 0.15003, step_acc: 13.77467, grid_scale: 1 / 5, strokes: 9 / 9
iteration step 441, G_loss: 0.15039, step_acc: 13.78687, grid_scale: 1 / 5, strokes: 9 / 9
iteration step 442, G_loss: 0.15033, step_acc: 13.81994, grid_scale: 1 / 5, strokes: 9 / 9
iteration step 443, G_loss: 0.14972, step_acc: 13.84560, grid_scale: 1 / 5, strokes: 9 / 9
iteration step 444, G_loss: 0.14925, step_acc: 13.87916, grid_scale: 1 / 5, strokes: 9 / 9
iteration step 445, G_loss: 0.14857, step_acc: 13.89767, grid_scale: 1 / 5, strokes: 9 / 9
iteration step 446, G_loss: 0.14823, step_acc: 13.91147, grid_scale: 1 / 5, strokes: 9 / 9
iteration step 447, G_loss: 0.14795, step_acc: 13.92763, grid_scale: 1 / 5, strokes: 9 / 9
iteration step 448, G_loss: 0.14771, step_acc: 13.94669, grid_scale: 1 / 5, strokes: 9 / 9
iteration step 449, G_loss: 0.14751, step_acc: 13.97353, grid_scale: 1 / 5, strokes: 9 / 9
iteration step 450, G_loss: 0.14714, step_acc: 13.99323, grid_scale: 1 / 5, strokes: 9 / 9
iteration step 451, G_loss: 0.14686, step_acc: 14.01982, grid_scale: 1 / 5, strokes: 9 / 9
iteration step 452, G_loss: 0.14648, step_acc: 14.05155, grid_scale: 1 / 5, strokes: 9 / 9
iteration step 453, G_loss: 0.14604, step_acc: 14.07859, grid_scale: 1 / 5, strokes: 9 / 9
iteration step 454, G_loss: 0.14561, step_acc: 14.11814, grid_scale: 1 / 5, strokes: 9 / 9
iteration step 455, G_loss: 0.14513, step_acc: 14.15002, grid_scale: 1 / 5, strokes: 9 / 9
iteration step 456, G_loss: 0.14455, step_acc: 14.18629, grid_scale: 1 / 5, strokes: 9 / 9
iteration step 457, G_loss: 0.14379, step_acc: 14.20814, grid_scale: 1 / 5, strokes: 9 / 9
iteration step 458, G_loss: 0.14292, step_acc: 14.22582, grid_scale: 1 / 5, strokes: 9 / 9
iteration step 459, G_loss: 0.14234, step_acc: 14.23873, grid_scale: 1 / 5, strokes: 9 / 9
iteration step 460, G_loss: 0.14187, step_acc: 14.24663, grid_scale: 1 / 5, strokes: 9 / 9
iteration step 461, G_loss: 0.14158, step_acc: 14.26221, grid_scale: 1 / 5, strokes: 9 / 9
iteration step 462, G_loss: 0.14132, step_acc: 14.27126, grid_scale: 1 / 5, strokes: 9 / 9
iteration step 463, G_loss: 0.14103, step_acc: 14.28254, grid_scale: 1 / 5, strokes: 9 / 9
iteration step 464, G_loss: 0.14078, step_acc: 14.29739, grid_scale: 1 / 5, strokes: 9 / 9
iteration step 465, G_loss: 0.14048, step_acc: 14.31209, grid_scale: 1 / 5, strokes: 9 / 9
iteration step 466, G_loss: 0.14015, step_acc: 14.32702, grid_scale: 1 / 5, strokes: 9 / 9
iteration step 467, G_loss: 0.13982, step_acc: 14.33724, grid_scale: 1 / 5, strokes: 9 / 9
iteration step 468, G_loss: 0.13970, step_acc: 14.36171, grid_scale: 1 / 5, strokes: 9 / 9
iteration step 469, G_loss: 0.13928, step_acc: 14.37761, grid_scale: 1 / 5, strokes: 9 / 9
iteration step 470, G_loss: 0.13887, step_acc: 14.38963, grid_scale: 1 / 5, strokes: 9 / 9
iteration step 471, G_loss: 0.13854, step_acc: 14.40860, grid_scale: 1 / 5, strokes: 9 / 9
iteration step 472, G_loss: 0.13827, step_acc: 14.43147, grid_scale: 1 / 5, strokes: 9 / 9
iteration step 473, G_loss: 0.13787, step_acc: 14.45832, grid_scale: 1 / 5, strokes: 9 / 9
iteration step 474, G_loss: 0.13733, step_acc: 14.47064, grid_scale: 1 / 5, strokes: 9 / 9
iteration step 475, G_loss: 0.13695, step_acc: 14.49133, grid_scale: 1 / 5, strokes: 9 / 9
iteration step 476, G_loss: 0.13660, step_acc: 14.50040, grid_scale: 1 / 5, strokes: 9 / 9
iteration step 477, G_loss: 0.13624, step_acc: 14.53208, grid_scale: 1 / 5, strokes: 9 / 9
iteration step 478, G_loss: 0.13583, step_acc: 14.54144, grid_scale: 1 / 5, strokes: 9 / 9
iteration step 479, G_loss: 0.13544, step_acc: 14.56949, grid_scale: 1 / 5, strokes: 9 / 9
iteration step 480, G_loss: 0.13511, step_acc: 14.57111, grid_scale: 1 / 5, strokes: 9 / 9
iteration step 481, G_loss: 0.13477, step_acc: 14.61330, grid_scale: 1 / 5, strokes: 9 / 9
iteration step 482, G_loss: 0.13448, step_acc: 14.63312, grid_scale: 1 / 5, strokes: 9 / 9
iteration step 483, G_loss: 0.13403, step_acc: 14.65317, grid_scale: 1 / 5, strokes: 9 / 9
iteration step 484, G_loss: 0.13372, step_acc: 14.66597, grid_scale: 1 / 5, strokes: 9 / 9
iteration step 485, G_loss: 0.13342, step_acc: 14.69041, grid_scale: 1 / 5, strokes: 9 / 9
iteration step 486, G_loss: 0.13307, step_acc: 14.69969, grid_scale: 1 / 5, strokes: 9 / 9
iteration step 487, G_loss: 0.13280, step_acc: 14.72701, grid_scale: 1 / 5, strokes: 9 / 9
iteration step 488, G_loss: 0.13249, step_acc: 14.73402, grid_scale: 1 / 5, strokes: 9 / 9
iteration step 489, G_loss: 0.13222, step_acc: 14.75723, grid_scale: 1 / 5, strokes: 9 / 9
iteration step 490, G_loss: 0.13190, step_acc: 14.76569, grid_scale: 1 / 5, strokes: 9 / 9
iteration step 491, G_loss: 0.13171, step_acc: 14.78586, grid_scale: 1 / 5, strokes: 9 / 9
iteration step 492, G_loss: 0.13158, step_acc: 14.78428, grid_scale: 1 / 5, strokes: 9 / 9
iteration step 493, G_loss: 0.13135, step_acc: 14.79523, grid_scale: 1 / 5, strokes: 9 / 9
iteration step 494, G_loss: 0.13121, step_acc: 14.80852, grid_scale: 1 / 5, strokes: 9 / 9
rendering canvas...
iteration step 0, G_loss: 0.13103, step_acc: 13.61878, grid_scale: 2 / 5, strokes: 1 / 9
iteration step 1, G_loss: 0.14763, step_acc: 13.64756, grid_scale: 2 / 5, strokes: 1 / 9
iteration step 2, G_loss: 0.14689, step_acc: 13.66278, grid_scale: 2 / 5, strokes: 1 / 9
iteration step 3, G_loss: 0.14651, step_acc: 13.67156, grid_scale: 2 / 5, strokes: 1 / 9
iteration step 4, G_loss: 0.14619, step_acc: 13.67778, grid_scale: 2 / 5, strokes: 1 / 9
iteration step 5, G_loss: 0.14600, step_acc: 13.68395, grid_scale: 2 / 5, strokes: 1 / 9
iteration step 6, G_loss: 0.14580, step_acc: 13.69194, grid_scale: 2 / 5, strokes: 1 / 9
iteration step 7, G_loss: 0.14557, step_acc: 13.69740, grid_scale: 2 / 5, strokes: 1 / 9
iteration step 8, G_loss: 0.14542, step_acc: 13.70029, grid_scale: 2 / 5, strokes: 1 / 9
iteration step 9, G_loss: 0.14530, step_acc: 13.70498, grid_scale: 2 / 5, strokes: 1 / 9
iteration step 10, G_loss: 0.14522, step_acc: 13.70693, grid_scale: 2 / 5, strokes: 1 / 9
iteration step 11, G_loss: 0.14511, step_acc: 13.70966, grid_scale: 2 / 5, strokes: 1 / 9
iteration step 12, G_loss: 0.14504, step_acc: 13.71159, grid_scale: 2 / 5, strokes: 1 / 9
iteration step 13, G_loss: 0.14495, step_acc: 13.71574, grid_scale: 2 / 5, strokes: 1 / 9
iteration step 14, G_loss: 0.14485, step_acc: 13.71897, grid_scale: 2 / 5, strokes: 1 / 9
iteration step 15, G_loss: 0.14473, step_acc: 13.72110, grid_scale: 2 / 5, strokes: 1 / 9
iteration step 16, G_loss: 0.14464, step_acc: 13.72474, grid_scale: 2 / 5, strokes: 1 / 9
iteration step 17, G_loss: 0.14455, step_acc: 13.72763, grid_scale: 2 / 5, strokes: 1 / 9
iteration step 18, G_loss: 0.14443, step_acc: 13.72852, grid_scale: 2 / 5, strokes: 1 / 9
iteration step 19, G_loss: 0.14437, step_acc: 13.73137, grid_scale: 2 / 5, strokes: 1 / 9
iteration step 20, G_loss: 0.14431, step_acc: 13.73313, grid_scale: 2 / 5, strokes: 1 / 9
iteration step 21, G_loss: 0.14424, step_acc: 13.73355, grid_scale: 2 / 5, strokes: 1 / 9
iteration step 22, G_loss: 0.14420, step_acc: 13.73439, grid_scale: 2 / 5, strokes: 1 / 9
iteration step 23, G_loss: 0.14417, step_acc: 13.73615, grid_scale: 2 / 5, strokes: 1 / 9
iteration step 24, G_loss: 0.14409, step_acc: 13.73609, grid_scale: 2 / 5, strokes: 1 / 9
iteration step 25, G_loss: 0.14408, step_acc: 13.73649, grid_scale: 2 / 5, strokes: 1 / 9
iteration step 26, G_loss: 0.14405, step_acc: 13.73619, grid_scale: 2 / 5, strokes: 1 / 9
iteration step 27, G_loss: 0.14404, step_acc: 13.73675, grid_scale: 2 / 5, strokes: 1 / 9
iteration step 28, G_loss: 0.14401, step_acc: 13.73701, grid_scale: 2 / 5, strokes: 1 / 9
iteration step 29, G_loss: 0.14399, step_acc: 13.73756, grid_scale: 2 / 5, strokes: 1 / 9
iteration step 30, G_loss: 0.14397, step_acc: 13.73729, grid_scale: 2 / 5, strokes: 1 / 9
iteration step 31, G_loss: 0.14397, step_acc: 13.73751, grid_scale: 2 / 5, strokes: 1 / 9
iteration step 32, G_loss: 0.14394, step_acc: 13.73659, grid_scale: 2 / 5, strokes: 1 / 9
iteration step 33, G_loss: 0.14394, step_acc: 13.73786, grid_scale: 2 / 5, strokes: 1 / 9
iteration step 34, G_loss: 0.14391, step_acc: 13.73835, grid_scale: 2 / 5, strokes: 1 / 9
iteration step 35, G_loss: 0.14392, step_acc: 13.73881, grid_scale: 2 / 5, strokes: 1 / 9
iteration step 36, G_loss: 0.14390, step_acc: 13.73862, grid_scale: 2 / 5, strokes: 1 / 9
iteration step 37, G_loss: 0.14389, step_acc: 13.73917, grid_scale: 2 / 5, strokes: 1 / 9
iteration step 38, G_loss: 0.14387, step_acc: 13.73968, grid_scale: 2 / 5, strokes: 1 / 9
iteration step 39, G_loss: 0.14388, step_acc: 13.73887, grid_scale: 2 / 5, strokes: 1 / 9
iteration step 40, G_loss: 0.14387, step_acc: 13.73932, grid_scale: 2 / 5, strokes: 1 / 9
iteration step 41, G_loss: 0.14386, step_acc: 13.73986, grid_scale: 2 / 5, strokes: 1 / 9
iteration step 42, G_loss: 0.14385, step_acc: 13.73892, grid_scale: 2 / 5, strokes: 1 / 9
iteration step 43, G_loss: 0.14385, step_acc: 13.73996, grid_scale: 2 / 5, strokes: 1 / 9
iteration step 44, G_loss: 0.14385, step_acc: 13.73821, grid_scale: 2 / 5, strokes: 1 / 9
iteration step 45, G_loss: 0.14385, step_acc: 13.73944, grid_scale: 2 / 5, strokes: 1 / 9
iteration step 46, G_loss: 0.14384, step_acc: 13.73923, grid_scale: 2 / 5, strokes: 1 / 9
iteration step 47, G_loss: 0.14384, step_acc: 13.73975, grid_scale: 2 / 5, strokes: 1 / 9
iteration step 48, G_loss: 0.14384, step_acc: 13.73864, grid_scale: 2 / 5, strokes: 1 / 9
iteration step 49, G_loss: 0.14384, step_acc: 13.73921, grid_scale: 2 / 5, strokes: 1 / 9
iteration step 50, G_loss: 0.14384, step_acc: 13.73945, grid_scale: 2 / 5, strokes: 1 / 9
iteration step 51, G_loss: 0.14383, step_acc: 13.73964, grid_scale: 2 / 5, strokes: 1 / 9
iteration step 52, G_loss: 0.14384, step_acc: 13.73852, grid_scale: 2 / 5, strokes: 1 / 9
iteration step 53, G_loss: 0.14384, step_acc: 13.73858, grid_scale: 2 / 5, strokes: 1 / 9
iteration step 54, G_loss: 0.14383, step_acc: 13.73838, grid_scale: 2 / 5, strokes: 1 / 9
iteration step 55, G_loss: 0.14383, step_acc: 13.76497, grid_scale: 2 / 5, strokes: 2 / 9
iteration step 56, G_loss: 0.14326, step_acc: 13.79423, grid_scale: 2 / 5, strokes: 2 / 9
iteration step 57, G_loss: 0.14277, step_acc: 13.82086, grid_scale: 2 / 5, strokes: 2 / 9
iteration step 58, G_loss: 0.14223, step_acc: 13.84030, grid_scale: 2 / 5, strokes: 2 / 9
iteration step 59, G_loss: 0.14182, step_acc: 13.85433, grid_scale: 2 / 5, strokes: 2 / 9
iteration step 60, G_loss: 0.14153, step_acc: 13.86328, grid_scale: 2 / 5, strokes: 2 / 9
iteration step 61, G_loss: 0.14129, step_acc: 13.87291, grid_scale: 2 / 5, strokes: 2 / 9
iteration step 62, G_loss: 0.14113, step_acc: 13.88208, grid_scale: 2 / 5, strokes: 2 / 9
iteration step 63, G_loss: 0.14096, step_acc: 13.88819, grid_scale: 2 / 5, strokes: 2 / 9
iteration step 64, G_loss: 0.14082, step_acc: 13.89363, grid_scale: 2 / 5, strokes: 2 / 9
iteration step 65, G_loss: 0.14071, step_acc: 13.89688, grid_scale: 2 / 5, strokes: 2 / 9
iteration step 66, G_loss: 0.14061, step_acc: 13.90459, grid_scale: 2 / 5, strokes: 2 / 9
iteration step 67, G_loss: 0.14049, step_acc: 13.90916, grid_scale: 2 / 5, strokes: 2 / 9
iteration step 68, G_loss: 0.14038, step_acc: 13.91469, grid_scale: 2 / 5, strokes: 2 / 9
iteration step 69, G_loss: 0.14026, step_acc: 13.91989, grid_scale: 2 / 5, strokes: 2 / 9
iteration step 70, G_loss: 0.14017, step_acc: 13.92425, grid_scale: 2 / 5, strokes: 2 / 9
iteration step 71, G_loss: 0.14004, step_acc: 13.92941, grid_scale: 2 / 5, strokes: 2 / 9
iteration step 72, G_loss: 0.13995, step_acc: 13.93286, grid_scale: 2 / 5, strokes: 2 / 9
iteration step 73, G_loss: 0.13985, step_acc: 13.93786, grid_scale: 2 / 5, strokes: 2 / 9
iteration step 74, G_loss: 0.13975, step_acc: 13.94201, grid_scale: 2 / 5, strokes: 2 / 9
iteration step 75, G_loss: 0.13965, step_acc: 13.94534, grid_scale: 2 / 5, strokes: 2 / 9
iteration step 76, G_loss: 0.13954, step_acc: 13.95207, grid_scale: 2 / 5, strokes: 2 / 9
iteration step 77, G_loss: 0.13943, step_acc: 13.95562, grid_scale: 2 / 5, strokes: 2 / 9
iteration step 78, G_loss: 0.13933, step_acc: 13.95994, grid_scale: 2 / 5, strokes: 2 / 9
iteration step 79, G_loss: 0.13924, step_acc: 13.96272, grid_scale: 2 / 5, strokes: 2 / 9
iteration step 80, G_loss: 0.13915, step_acc: 13.96672, grid_scale: 2 / 5, strokes: 2 / 9
iteration step 81, G_loss: 0.13907, step_acc: 13.96905, grid_scale: 2 / 5, strokes: 2 / 9
iteration step 82, G_loss: 0.13899, step_acc: 13.97215, grid_scale: 2 / 5, strokes: 2 / 9
iteration step 83, G_loss: 0.13891, step_acc: 13.97443, grid_scale: 2 / 5, strokes: 2 / 9
iteration step 84, G_loss: 0.13885, step_acc: 13.97588, grid_scale: 2 / 5, strokes: 2 / 9
iteration step 85, G_loss: 0.13879, step_acc: 13.97826, grid_scale: 2 / 5, strokes: 2 / 9
iteration step 86, G_loss: 0.13874, step_acc: 13.97946, grid_scale: 2 / 5, strokes: 2 / 9
iteration step 87, G_loss: 0.13869, step_acc: 13.98121, grid_scale: 2 / 5, strokes: 2 / 9
iteration step 88, G_loss: 0.13864, step_acc: 13.98458, grid_scale: 2 / 5, strokes: 2 / 9
iteration step 89, G_loss: 0.13858, step_acc: 13.98533, grid_scale: 2 / 5, strokes: 2 / 9
iteration step 90, G_loss: 0.13853, step_acc: 13.98841, grid_scale: 2 / 5, strokes: 2 / 9
iteration step 91, G_loss: 0.13847, step_acc: 13.98883, grid_scale: 2 / 5, strokes: 2 / 9
iteration step 92, G_loss: 0.13841, step_acc: 13.99307, grid_scale: 2 / 5, strokes: 2 / 9
iteration step 93, G_loss: 0.13836, step_acc: 13.99160, grid_scale: 2 / 5, strokes: 2 / 9
iteration step 94, G_loss: 0.13832, step_acc: 13.99632, grid_scale: 2 / 5, strokes: 2 / 9
iteration step 95, G_loss: 0.13827, step_acc: 13.99717, grid_scale: 2 / 5, strokes: 2 / 9
iteration step 96, G_loss: 0.13822, step_acc: 13.99892, grid_scale: 2 / 5, strokes: 2 / 9
iteration step 97, G_loss: 0.13817, step_acc: 14.00062, grid_scale: 2 / 5, strokes: 2 / 9
iteration step 98, G_loss: 0.13813, step_acc: 14.00181, grid_scale: 2 / 5, strokes: 2 / 9
iteration step 99, G_loss: 0.13811, step_acc: 14.00120, grid_scale: 2 / 5, strokes: 2 / 9
iteration step 100, G_loss: 0.13810, step_acc: 14.00265, grid_scale: 2 / 5, strokes: 2 / 9
iteration step 101, G_loss: 0.13806, step_acc: 14.00356, grid_scale: 2 / 5, strokes: 2 / 9
iteration step 102, G_loss: 0.13802, step_acc: 14.00422, grid_scale: 2 / 5, strokes: 2 / 9
iteration step 103, G_loss: 0.13799, step_acc: 14.00581, grid_scale: 2 / 5, strokes: 2 / 9
iteration step 104, G_loss: 0.13796, step_acc: 14.00616, grid_scale: 2 / 5, strokes: 2 / 9
iteration step 105, G_loss: 0.13793, step_acc: 14.00734, grid_scale: 2 / 5, strokes: 2 / 9
iteration step 106, G_loss: 0.13790, step_acc: 14.00682, grid_scale: 2 / 5, strokes: 2 / 9
iteration step 107, G_loss: 0.13788, step_acc: 14.00876, grid_scale: 2 / 5, strokes: 2 / 9
iteration step 108, G_loss: 0.13786, step_acc: 14.01018, grid_scale: 2 / 5, strokes: 2 / 9
iteration step 109, G_loss: 0.13784, step_acc: 14.00982, grid_scale: 2 / 5, strokes: 2 / 9
iteration step 110, G_loss: 0.13782, step_acc: 14.16753, grid_scale: 2 / 5, strokes: 3 / 9
iteration step 111, G_loss: 0.13598, step_acc: 14.21074, grid_scale: 2 / 5, strokes: 3 / 9
iteration step 112, G_loss: 0.13534, step_acc: 14.24423, grid_scale: 2 / 5, strokes: 3 / 9
iteration step 113, G_loss: 0.13497, step_acc: 14.27121, grid_scale: 2 / 5, strokes: 3 / 9
iteration step 114, G_loss: 0.13451, step_acc: 14.29323, grid_scale: 2 / 5, strokes: 3 / 9
iteration step 115, G_loss: 0.13416, step_acc: 14.31679, grid_scale: 2 / 5, strokes: 3 / 9
iteration step 116, G_loss: 0.13384, step_acc: 14.33250, grid_scale: 2 / 5, strokes: 3 / 9
iteration step 117, G_loss: 0.13349, step_acc: 14.34378, grid_scale: 2 / 5, strokes: 3 / 9
iteration step 118, G_loss: 0.13327, step_acc: 14.36335, grid_scale: 2 / 5, strokes: 3 / 9
iteration step 119, G_loss: 0.13303, step_acc: 14.37931, grid_scale: 2 / 5, strokes: 3 / 9
iteration step 120, G_loss: 0.13277, step_acc: 14.39081, grid_scale: 2 / 5, strokes: 3 / 9
iteration step 121, G_loss: 0.13259, step_acc: 14.39661, grid_scale: 2 / 5, strokes: 3 / 9
iteration step 122, G_loss: 0.13245, step_acc: 14.40509, grid_scale: 2 / 5, strokes: 3 / 9
iteration step 123, G_loss: 0.13233, step_acc: 14.40941, grid_scale: 2 / 5, strokes: 3 / 9
iteration step 124, G_loss: 0.13222, step_acc: 14.41506, grid_scale: 2 / 5, strokes: 3 / 9
iteration step 125, G_loss: 0.13212, step_acc: 14.41516, grid_scale: 2 / 5, strokes: 3 / 9
iteration step 126, G_loss: 0.13202, step_acc: 14.42624, grid_scale: 2 / 5, strokes: 3 / 9
iteration step 127, G_loss: 0.13195, step_acc: 14.43403, grid_scale: 2 / 5, strokes: 3 / 9
iteration step 128, G_loss: 0.13179, step_acc: 14.43739, grid_scale: 2 / 5, strokes: 3 / 9
iteration step 129, G_loss: 0.13172, step_acc: 14.44215, grid_scale: 2 / 5, strokes: 3 / 9
iteration step 130, G_loss: 0.13162, step_acc: 14.44649, grid_scale: 2 / 5, strokes: 3 / 9
iteration step 131, G_loss: 0.13155, step_acc: 14.44867, grid_scale: 2 / 5, strokes: 3 / 9
iteration step 132, G_loss: 0.13150, step_acc: 14.45365, grid_scale: 2 / 5, strokes: 3 / 9
iteration step 133, G_loss: 0.13141, step_acc: 14.45727, grid_scale: 2 / 5, strokes: 3 / 9
iteration step 134, G_loss: 0.13134, step_acc: 14.46395, grid_scale: 2 / 5, strokes: 3 / 9
iteration step 135, G_loss: 0.13125, step_acc: 14.47719, grid_scale: 2 / 5, strokes: 3 / 9
iteration step 136, G_loss: 0.13105, step_acc: 14.48478, grid_scale: 2 / 5, strokes: 3 / 9
iteration step 137, G_loss: 0.13090, step_acc: 14.48985, grid_scale: 2 / 5, strokes: 3 / 9
iteration step 138, G_loss: 0.13081, step_acc: 14.49561, grid_scale: 2 / 5, strokes: 3 / 9
iteration step 139, G_loss: 0.13070, step_acc: 14.50339, grid_scale: 2 / 5, strokes: 3 / 9
iteration step 140, G_loss: 0.13059, step_acc: 14.50263, grid_scale: 2 / 5, strokes: 3 / 9
iteration step 141, G_loss: 0.13052, step_acc: 14.51044, grid_scale: 2 / 5, strokes: 3 / 9
iteration step 142, G_loss: 0.13043, step_acc: 14.51366, grid_scale: 2 / 5, strokes: 3 / 9
iteration step 143, G_loss: 0.13031, step_acc: 14.51683, grid_scale: 2 / 5, strokes: 3 / 9
iteration step 144, G_loss: 0.13023, step_acc: 14.52226, grid_scale: 2 / 5, strokes: 3 / 9
iteration step 145, G_loss: 0.13017, step_acc: 14.52271, grid_scale: 2 / 5, strokes: 3 / 9
iteration step 146, G_loss: 0.13004, step_acc: 14.52723, grid_scale: 2 / 5, strokes: 3 / 9
iteration step 147, G_loss: 0.12996, step_acc: 14.53135, grid_scale: 2 / 5, strokes: 3 / 9
iteration step 148, G_loss: 0.12988, step_acc: 14.53288, grid_scale: 2 / 5, strokes: 3 / 9
iteration step 149, G_loss: 0.12981, step_acc: 14.53610, grid_scale: 2 / 5, strokes: 3 / 9
iteration step 150, G_loss: 0.12976, step_acc: 14.54108, grid_scale: 2 / 5, strokes: 3 / 9
iteration step 151, G_loss: 0.12968, step_acc: 14.54195, grid_scale: 2 / 5, strokes: 3 / 9
iteration step 152, G_loss: 0.12964, step_acc: 14.55053, grid_scale: 2 / 5, strokes: 3 / 9
iteration step 153, G_loss: 0.12956, step_acc: 14.55169, grid_scale: 2 / 5, strokes: 3 / 9
iteration step 154, G_loss: 0.12949, step_acc: 14.56098, grid_scale: 2 / 5, strokes: 3 / 9
iteration step 155, G_loss: 0.12939, step_acc: 14.56219, grid_scale: 2 / 5, strokes: 3 / 9
iteration step 156, G_loss: 0.12933, step_acc: 14.56603, grid_scale: 2 / 5, strokes: 3 / 9
iteration step 157, G_loss: 0.12927, step_acc: 14.56618, grid_scale: 2 / 5, strokes: 3 / 9
iteration step 158, G_loss: 0.12923, step_acc: 14.56866, grid_scale: 2 / 5, strokes: 3 / 9
iteration step 159, G_loss: 0.12920, step_acc: 14.56701, grid_scale: 2 / 5, strokes: 3 / 9
iteration step 160, G_loss: 0.12918, step_acc: 14.56989, grid_scale: 2 / 5, strokes: 3 / 9
iteration step 161, G_loss: 0.12915, step_acc: 14.57117, grid_scale: 2 / 5, strokes: 3 / 9
iteration step 162, G_loss: 0.12908, step_acc: 14.57239, grid_scale: 2 / 5, strokes: 3 / 9
iteration step 163, G_loss: 0.12905, step_acc: 14.57529, grid_scale: 2 / 5, strokes: 3 / 9
iteration step 164, G_loss: 0.12902, step_acc: 14.57665, grid_scale: 2 / 5, strokes: 3 / 9
iteration step 165, G_loss: 0.12899, step_acc: 14.72765, grid_scale: 2 / 5, strokes: 4 / 9
iteration step 166, G_loss: 0.12768, step_acc: 14.78891, grid_scale: 2 / 5, strokes: 4 / 9
iteration step 167, G_loss: 0.12708, step_acc: 14.86676, grid_scale: 2 / 5, strokes: 4 / 9
iteration step 168, G_loss: 0.12620, step_acc: 14.90522, grid_scale: 2 / 5, strokes: 4 / 9
iteration step 169, G_loss: 0.12572, step_acc: 14.92637, grid_scale: 2 / 5, strokes: 4 / 9
iteration step 170, G_loss: 0.12542, step_acc: 14.94827, grid_scale: 2 / 5, strokes: 4 / 9
iteration step 171, G_loss: 0.12513, step_acc: 14.96796, grid_scale: 2 / 5, strokes: 4 / 9
iteration step 172, G_loss: 0.12479, step_acc: 14.98593, grid_scale: 2 / 5, strokes: 4 / 9
iteration step 173, G_loss: 0.12456, step_acc: 14.99065, grid_scale: 2 / 5, strokes: 4 / 9
iteration step 174, G_loss: 0.12431, step_acc: 15.00803, grid_scale: 2 / 5, strokes: 4 / 9
iteration step 175, G_loss: 0.12407, step_acc: 15.01553, grid_scale: 2 / 5, strokes: 4 / 9
iteration step 176, G_loss: 0.12389, step_acc: 15.02373, grid_scale: 2 / 5, strokes: 4 / 9
iteration step 177, G_loss: 0.12375, step_acc: 15.03004, grid_scale: 2 / 5, strokes: 4 / 9
iteration step 178, G_loss: 0.12359, step_acc: 15.03809, grid_scale: 2 / 5, strokes: 4 / 9
iteration step 179, G_loss: 0.12348, step_acc: 15.04357, grid_scale: 2 / 5, strokes: 4 / 9
iteration step 180, G_loss: 0.12337, step_acc: 15.04693, grid_scale: 2 / 5, strokes: 4 / 9
iteration step 181, G_loss: 0.12326, step_acc: 15.05522, grid_scale: 2 / 5, strokes: 4 / 9
iteration step 182, G_loss: 0.12309, step_acc: 15.05767, grid_scale: 2 / 5, strokes: 4 / 9
iteration step 183, G_loss: 0.12299, step_acc: 15.07068, grid_scale: 2 / 5, strokes: 4 / 9
iteration step 184, G_loss: 0.12282, step_acc: 15.07539, grid_scale: 2 / 5, strokes: 4 / 9
iteration step 185, G_loss: 0.12264, step_acc: 15.08522, grid_scale: 2 / 5, strokes: 4 / 9
iteration step 186, G_loss: 0.12246, step_acc: 15.09128, grid_scale: 2 / 5, strokes: 4 / 9
iteration step 187, G_loss: 0.12228, step_acc: 15.10245, grid_scale: 2 / 5, strokes: 4 / 9
iteration step 188, G_loss: 0.12214, step_acc: 15.09970, grid_scale: 2 / 5, strokes: 4 / 9
iteration step 189, G_loss: 0.12203, step_acc: 15.11296, grid_scale: 2 / 5, strokes: 4 / 9
iteration step 190, G_loss: 0.12186, step_acc: 15.11587, grid_scale: 2 / 5, strokes: 4 / 9
iteration step 191, G_loss: 0.12171, step_acc: 15.12228, grid_scale: 2 / 5, strokes: 4 / 9
iteration step 192, G_loss: 0.12162, step_acc: 15.12711, grid_scale: 2 / 5, strokes: 4 / 9
iteration step 193, G_loss: 0.12150, step_acc: 15.13205, grid_scale: 2 / 5, strokes: 4 / 9
iteration step 194, G_loss: 0.12142, step_acc: 15.13652, grid_scale: 2 / 5, strokes: 4 / 9
iteration step 195, G_loss: 0.12131, step_acc: 15.14606, grid_scale: 2 / 5, strokes: 4 / 9
iteration step 196, G_loss: 0.12116, step_acc: 15.14569, grid_scale: 2 / 5, strokes: 4 / 9
iteration step 197, G_loss: 0.12106, step_acc: 15.15290, grid_scale: 2 / 5, strokes: 4 / 9
iteration step 198, G_loss: 0.12099, step_acc: 15.15524, grid_scale: 2 / 5, strokes: 4 / 9
iteration step 199, G_loss: 0.12091, step_acc: 15.16113, grid_scale: 2 / 5, strokes: 4 / 9
iteration step 200, G_loss: 0.12079, step_acc: 15.16767, grid_scale: 2 / 5, strokes: 4 / 9
iteration step 201, G_loss: 0.12070, step_acc: 15.16811, grid_scale: 2 / 5, strokes: 4 / 9
iteration step 202, G_loss: 0.12065, step_acc: 15.17288, grid_scale: 2 / 5, strokes: 4 / 9
iteration step 203, G_loss: 0.12060, step_acc: 15.17461, grid_scale: 2 / 5, strokes: 4 / 9
iteration step 204, G_loss: 0.12052, step_acc: 15.18037, grid_scale: 2 / 5, strokes: 4 / 9
iteration step 205, G_loss: 0.12042, step_acc: 15.18077, grid_scale: 2 / 5, strokes: 4 / 9
iteration step 206, G_loss: 0.12035, step_acc: 15.18777, grid_scale: 2 / 5, strokes: 4 / 9
iteration step 207, G_loss: 0.12026, step_acc: 15.19022, grid_scale: 2 / 5, strokes: 4 / 9
iteration step 208, G_loss: 0.12018, step_acc: 15.19364, grid_scale: 2 / 5, strokes: 4 / 9
iteration step 209, G_loss: 0.12010, step_acc: 15.19626, grid_scale: 2 / 5, strokes: 4 / 9
iteration step 210, G_loss: 0.12005, step_acc: 15.20138, grid_scale: 2 / 5, strokes: 4 / 9
iteration step 211, G_loss: 0.11992, step_acc: 15.20484, grid_scale: 2 / 5, strokes: 4 / 9
iteration step 212, G_loss: 0.11986, step_acc: 15.20851, grid_scale: 2 / 5, strokes: 4 / 9
iteration step 213, G_loss: 0.11977, step_acc: 15.20996, grid_scale: 2 / 5, strokes: 4 / 9
iteration step 214, G_loss: 0.11972, step_acc: 15.21337, grid_scale: 2 / 5, strokes: 4 / 9
iteration step 215, G_loss: 0.11968, step_acc: 15.21534, grid_scale: 2 / 5, strokes: 4 / 9
iteration step 216, G_loss: 0.11960, step_acc: 15.21902, grid_scale: 2 / 5, strokes: 4 / 9
iteration step 217, G_loss: 0.11955, step_acc: 15.21990, grid_scale: 2 / 5, strokes: 4 / 9
iteration step 218, G_loss: 0.11950, step_acc: 15.22386, grid_scale: 2 / 5, strokes: 4 / 9
iteration step 219, G_loss: 0.11945, step_acc: 15.22618, grid_scale: 2 / 5, strokes: 4 / 9
iteration step 220, G_loss: 0.11938, step_acc: 15.33524, grid_scale: 2 / 5, strokes: 5 / 9
iteration step 221, G_loss: 0.11793, step_acc: 15.37465, grid_scale: 2 / 5, strokes: 5 / 9
iteration step 222, G_loss: 0.11733, step_acc: 15.42078, grid_scale: 2 / 5, strokes: 5 / 9
iteration step 223, G_loss: 0.11657, step_acc: 15.44422, grid_scale: 2 / 5, strokes: 5 / 9
iteration step 224, G_loss: 0.11620, step_acc: 15.47483, grid_scale: 2 / 5, strokes: 5 / 9
iteration step 225, G_loss: 0.11579, step_acc: 15.49141, grid_scale: 2 / 5, strokes: 5 / 9
iteration step 226, G_loss: 0.11557, step_acc: 15.49815, grid_scale: 2 / 5, strokes: 5 / 9
iteration step 227, G_loss: 0.11539, step_acc: 15.50963, grid_scale: 2 / 5, strokes: 5 / 9
iteration step 228, G_loss: 0.11525, step_acc: 15.51237, grid_scale: 2 / 5, strokes: 5 / 9
iteration step 229, G_loss: 0.11513, step_acc: 15.52322, grid_scale: 2 / 5, strokes: 5 / 9
iteration step 230, G_loss: 0.11500, step_acc: 15.52526, grid_scale: 2 / 5, strokes: 5 / 9
iteration step 231, G_loss: 0.11492, step_acc: 15.53162, grid_scale: 2 / 5, strokes: 5 / 9
iteration step 232, G_loss: 0.11483, step_acc: 15.53949, grid_scale: 2 / 5, strokes: 5 / 9
iteration step 233, G_loss: 0.11475, step_acc: 15.54583, grid_scale: 2 / 5, strokes: 5 / 9
iteration step 234, G_loss: 0.11467, step_acc: 15.55571, grid_scale: 2 / 5, strokes: 5 / 9
iteration step 235, G_loss: 0.11456, step_acc: 15.55782, grid_scale: 2 / 5, strokes: 5 / 9
iteration step 236, G_loss: 0.11449, step_acc: 15.56580, grid_scale: 2 / 5, strokes: 5 / 9
iteration step 237, G_loss: 0.11439, step_acc: 15.57378, grid_scale: 2 / 5, strokes: 5 / 9
iteration step 238, G_loss: 0.11432, step_acc: 15.57980, grid_scale: 2 / 5, strokes: 5 / 9
iteration step 239, G_loss: 0.11424, step_acc: 15.58757, grid_scale: 2 / 5, strokes: 5 / 9
iteration step 240, G_loss: 0.11413, step_acc: 15.59212, grid_scale: 2 / 5, strokes: 5 / 9
iteration step 241, G_loss: 0.11405, step_acc: 15.59965, grid_scale: 2 / 5, strokes: 5 / 9
iteration step 242, G_loss: 0.11400, step_acc: 15.60000, grid_scale: 2 / 5, strokes: 5 / 9
iteration step 243, G_loss: 0.11390, step_acc: 15.61198, grid_scale: 2 / 5, strokes: 5 / 9
iteration step 244, G_loss: 0.11380, step_acc: 15.61441, grid_scale: 2 / 5, strokes: 5 / 9
iteration step 245, G_loss: 0.11373, step_acc: 15.61674, grid_scale: 2 / 5, strokes: 5 / 9
iteration step 246, G_loss: 0.11369, step_acc: 15.61864, grid_scale: 2 / 5, strokes: 5 / 9
iteration step 247, G_loss: 0.11362, step_acc: 15.62351, grid_scale: 2 / 5, strokes: 5 / 9
iteration step 248, G_loss: 0.11356, step_acc: 15.62904, grid_scale: 2 / 5, strokes: 5 / 9
iteration step 249, G_loss: 0.11349, step_acc: 15.63607, grid_scale: 2 / 5, strokes: 5 / 9
iteration step 250, G_loss: 0.11341, step_acc: 15.63680, grid_scale: 2 / 5, strokes: 5 / 9
iteration step 251, G_loss: 0.11335, step_acc: 15.64176, grid_scale: 2 / 5, strokes: 5 / 9
iteration step 252, G_loss: 0.11329, step_acc: 15.64896, grid_scale: 2 / 5, strokes: 5 / 9
iteration step 253, G_loss: 0.11323, step_acc: 15.64994, grid_scale: 2 / 5, strokes: 5 / 9
iteration step 254, G_loss: 0.11318, step_acc: 15.65310, grid_scale: 2 / 5, strokes: 5 / 9
iteration step 255, G_loss: 0.11312, step_acc: 15.65388, grid_scale: 2 / 5, strokes: 5 / 9
iteration step 256, G_loss: 0.11309, step_acc: 15.65760, grid_scale: 2 / 5, strokes: 5 / 9
iteration step 257, G_loss: 0.11303, step_acc: 15.66018, grid_scale: 2 / 5, strokes: 5 / 9
iteration step 258, G_loss: 0.11297, step_acc: 15.66083, grid_scale: 2 / 5, strokes: 5 / 9
iteration step 259, G_loss: 0.11296, step_acc: 15.65748, grid_scale: 2 / 5, strokes: 5 / 9
iteration step 260, G_loss: 0.11294, step_acc: 15.66628, grid_scale: 2 / 5, strokes: 5 / 9
iteration step 261, G_loss: 0.11291, step_acc: 15.66276, grid_scale: 2 / 5, strokes: 5 / 9
iteration step 262, G_loss: 0.11285, step_acc: 15.66894, grid_scale: 2 / 5, strokes: 5 / 9
iteration step 263, G_loss: 0.11289, step_acc: 15.66905, grid_scale: 2 / 5, strokes: 5 / 9
iteration step 264, G_loss: 0.11277, step_acc: 15.66722, grid_scale: 2 / 5, strokes: 5 / 9
iteration step 265, G_loss: 0.11275, step_acc: 15.67114, grid_scale: 2 / 5, strokes: 5 / 9
iteration step 266, G_loss: 0.11270, step_acc: 15.67384, grid_scale: 2 / 5, strokes: 5 / 9
iteration step 267, G_loss: 0.11266, step_acc: 15.68448, grid_scale: 2 / 5, strokes: 5 / 9
iteration step 268, G_loss: 0.11263, step_acc: 15.69033, grid_scale: 2 / 5, strokes: 5 / 9
iteration step 269, G_loss: 0.11255, step_acc: 15.69624, grid_scale: 2 / 5, strokes: 5 / 9
iteration step 270, G_loss: 0.11250, step_acc: 15.69788, grid_scale: 2 / 5, strokes: 5 / 9
iteration step 271, G_loss: 0.11249, step_acc: 15.70181, grid_scale: 2 / 5, strokes: 5 / 9
iteration step 272, G_loss: 0.11248, step_acc: 15.70196, grid_scale: 2 / 5, strokes: 5 / 9
iteration step 273, G_loss: 0.11244, step_acc: 15.70361, grid_scale: 2 / 5, strokes: 5 / 9
iteration step 274, G_loss: 0.11241, step_acc: 15.70601, grid_scale: 2 / 5, strokes: 5 / 9
iteration step 275, G_loss: 0.11242, step_acc: 15.85622, grid_scale: 2 / 5, strokes: 6 / 9
iteration step 276, G_loss: 0.11113, step_acc: 15.90741, grid_scale: 2 / 5, strokes: 6 / 9
iteration step 277, G_loss: 0.11051, step_acc: 15.96572, grid_scale: 2 / 5, strokes: 6 / 9
iteration step 278, G_loss: 0.10979, step_acc: 15.98250, grid_scale: 2 / 5, strokes: 6 / 9
iteration step 279, G_loss: 0.10947, step_acc: 15.99371, grid_scale: 2 / 5, strokes: 6 / 9
iteration step 280, G_loss: 0.10934, step_acc: 15.99710, grid_scale: 2 / 5, strokes: 6 / 9
iteration step 281, G_loss: 0.10928, step_acc: 16.01558, grid_scale: 2 / 5, strokes: 6 / 9
iteration step 282, G_loss: 0.10908, step_acc: 16.02054, grid_scale: 2 / 5, strokes: 6 / 9
iteration step 283, G_loss: 0.10900, step_acc: 16.02437, grid_scale: 2 / 5, strokes: 6 / 9
iteration step 284, G_loss: 0.10903, step_acc: 16.03572, grid_scale: 2 / 5, strokes: 6 / 9
iteration step 285, G_loss: 0.10887, step_acc: 16.04350, grid_scale: 2 / 5, strokes: 6 / 9
iteration step 286, G_loss: 0.10882, step_acc: 16.04646, grid_scale: 2 / 5, strokes: 6 / 9
iteration step 287, G_loss: 0.10871, step_acc: 16.05788, grid_scale: 2 / 5, strokes: 6 / 9
iteration step 288, G_loss: 0.10863, step_acc: 16.05876, grid_scale: 2 / 5, strokes: 6 / 9
iteration step 289, G_loss: 0.10862, step_acc: 16.07151, grid_scale: 2 / 5, strokes: 6 / 9
iteration step 290, G_loss: 0.10850, step_acc: 16.06526, grid_scale: 2 / 5, strokes: 6 / 9
iteration step 291, G_loss: 0.10849, step_acc: 16.07485, grid_scale: 2 / 5, strokes: 6 / 9
iteration step 292, G_loss: 0.10839, step_acc: 16.08483, grid_scale: 2 / 5, strokes: 6 / 9
iteration step 293, G_loss: 0.10834, step_acc: 16.08683, grid_scale: 2 / 5, strokes: 6 / 9
iteration step 294, G_loss: 0.10829, step_acc: 16.08912, grid_scale: 2 / 5, strokes: 6 / 9
iteration step 295, G_loss: 0.10825, step_acc: 16.09348, grid_scale: 2 / 5, strokes: 6 / 9
iteration step 296, G_loss: 0.10816, step_acc: 16.09960, grid_scale: 2 / 5, strokes: 6 / 9
iteration step 297, G_loss: 0.10812, step_acc: 16.09973, grid_scale: 2 / 5, strokes: 6 / 9
iteration step 298, G_loss: 0.10807, step_acc: 16.10008, grid_scale: 2 / 5, strokes: 6 / 9
iteration step 299, G_loss: 0.10808, step_acc: 16.10321, grid_scale: 2 / 5, strokes: 6 / 9
iteration step 300, G_loss: 0.10800, step_acc: 16.11152, grid_scale: 2 / 5, strokes: 6 / 9
iteration step 301, G_loss: 0.10794, step_acc: 16.11260, grid_scale: 2 / 5, strokes: 6 / 9
iteration step 302, G_loss: 0.10793, step_acc: 16.11177, grid_scale: 2 / 5, strokes: 6 / 9
iteration step 303, G_loss: 0.10789, step_acc: 16.11702, grid_scale: 2 / 5, strokes: 6 / 9
iteration step 304, G_loss: 0.10781, step_acc: 16.11532, grid_scale: 2 / 5, strokes: 6 / 9
iteration step 305, G_loss: 0.10779, step_acc: 16.12367, grid_scale: 2 / 5, strokes: 6 / 9
iteration step 306, G_loss: 0.10771, step_acc: 16.12380, grid_scale: 2 / 5, strokes: 6 / 9
iteration step 307, G_loss: 0.10768, step_acc: 16.12625, grid_scale: 2 / 5, strokes: 6 / 9
iteration step 308, G_loss: 0.10770, step_acc: 16.12274, grid_scale: 2 / 5, strokes: 6 / 9
iteration step 309, G_loss: 0.10765, step_acc: 16.13090, grid_scale: 2 / 5, strokes: 6 / 9
iteration step 310, G_loss: 0.10761, step_acc: 16.12403, grid_scale: 2 / 5, strokes: 6 / 9
iteration step 311, G_loss: 0.10759, step_acc: 16.13003, grid_scale: 2 / 5, strokes: 6 / 9
iteration step 312, G_loss: 0.10755, step_acc: 16.13193, grid_scale: 2 / 5, strokes: 6 / 9
iteration step 313, G_loss: 0.10751, step_acc: 16.13484, grid_scale: 2 / 5, strokes: 6 / 9
iteration step 314, G_loss: 0.10751, step_acc: 16.13644, grid_scale: 2 / 5, strokes: 6 / 9
iteration step 315, G_loss: 0.10747, step_acc: 16.13703, grid_scale: 2 / 5, strokes: 6 / 9
iteration step 316, G_loss: 0.10741, step_acc: 16.13976, grid_scale: 2 / 5, strokes: 6 / 9
iteration step 317, G_loss: 0.10739, step_acc: 16.13521, grid_scale: 2 / 5, strokes: 6 / 9
iteration step 318, G_loss: 0.10740, step_acc: 16.14158, grid_scale: 2 / 5, strokes: 6 / 9
iteration step 319, G_loss: 0.10737, step_acc: 16.14274, grid_scale: 2 / 5, strokes: 6 / 9
iteration step 320, G_loss: 0.10731, step_acc: 16.14473, grid_scale: 2 / 5, strokes: 6 / 9
iteration step 321, G_loss: 0.10730, step_acc: 16.14631, grid_scale: 2 / 5, strokes: 6 / 9
iteration step 322, G_loss: 0.10726, step_acc: 16.14989, grid_scale: 2 / 5, strokes: 6 / 9
iteration step 323, G_loss: 0.10726, step_acc: 16.14583, grid_scale: 2 / 5, strokes: 6 / 9
iteration step 324, G_loss: 0.10723, step_acc: 16.14786, grid_scale: 2 / 5, strokes: 6 / 9
iteration step 325, G_loss: 0.10726, step_acc: 16.14675, grid_scale: 2 / 5, strokes: 6 / 9
iteration step 326, G_loss: 0.10724, step_acc: 16.14979, grid_scale: 2 / 5, strokes: 6 / 9
iteration step 327, G_loss: 0.10724, step_acc: 16.15175, grid_scale: 2 / 5, strokes: 6 / 9
iteration step 328, G_loss: 0.10719, step_acc: 16.15214, grid_scale: 2 / 5, strokes: 6 / 9
iteration step 329, G_loss: 0.10718, step_acc: 16.15504, grid_scale: 2 / 5, strokes: 6 / 9
iteration step 330, G_loss: 0.10715, step_acc: 16.25182, grid_scale: 2 / 5, strokes: 7 / 9
iteration step 331, G_loss: 0.10609, step_acc: 16.29514, grid_scale: 2 / 5, strokes: 7 / 9
iteration step 332, G_loss: 0.10569, step_acc: 16.32592, grid_scale: 2 / 5, strokes: 7 / 9
iteration step 333, G_loss: 0.10529, step_acc: 16.34983, grid_scale: 2 / 5, strokes: 7 / 9
iteration step 334, G_loss: 0.10491, step_acc: 16.37960, grid_scale: 2 / 5, strokes: 7 / 9
iteration step 335, G_loss: 0.10463, step_acc: 16.38775, grid_scale: 2 / 5, strokes: 7 / 9
iteration step 336, G_loss: 0.10439, step_acc: 16.40237, grid_scale: 2 / 5, strokes: 7 / 9
iteration step 337, G_loss: 0.10426, step_acc: 16.41214, grid_scale: 2 / 5, strokes: 7 / 9
iteration step 338, G_loss: 0.10412, step_acc: 16.41768, grid_scale: 2 / 5, strokes: 7 / 9
iteration step 339, G_loss: 0.10399, step_acc: 16.42929, grid_scale: 2 / 5, strokes: 7 / 9
iteration step 340, G_loss: 0.10382, step_acc: 16.43704, grid_scale: 2 / 5, strokes: 7 / 9
iteration step 341, G_loss: 0.10370, step_acc: 16.44967, grid_scale: 2 / 5, strokes: 7 / 9
iteration step 342, G_loss: 0.10351, step_acc: 16.45123, grid_scale: 2 / 5, strokes: 7 / 9
iteration step 343, G_loss: 0.10343, step_acc: 16.46377, grid_scale: 2 / 5, strokes: 7 / 9
iteration step 344, G_loss: 0.10333, step_acc: 16.47110, grid_scale: 2 / 5, strokes: 7 / 9
iteration step 345, G_loss: 0.10321, step_acc: 16.47643, grid_scale: 2 / 5, strokes: 7 / 9
iteration step 346, G_loss: 0.10312, step_acc: 16.48770, grid_scale: 2 / 5, strokes: 7 / 9
iteration step 347, G_loss: 0.10298, step_acc: 16.49565, grid_scale: 2 / 5, strokes: 7 / 9
iteration step 348, G_loss: 0.10285, step_acc: 16.50389, grid_scale: 2 / 5, strokes: 7 / 9
iteration step 349, G_loss: 0.10276, step_acc: 16.51346, grid_scale: 2 / 5, strokes: 7 / 9
iteration step 350, G_loss: 0.10265, step_acc: 16.51348, grid_scale: 2 / 5, strokes: 7 / 9
iteration step 351, G_loss: 0.10255, step_acc: 16.52669, grid_scale: 2 / 5, strokes: 7 / 9
iteration step 352, G_loss: 0.10250, step_acc: 16.53083, grid_scale: 2 / 5, strokes: 7 / 9
iteration step 353, G_loss: 0.10239, step_acc: 16.53867, grid_scale: 2 / 5, strokes: 7 / 9
iteration step 354, G_loss: 0.10230, step_acc: 16.54086, grid_scale: 2 / 5, strokes: 7 / 9
iteration step 355, G_loss: 0.10225, step_acc: 16.54495, grid_scale: 2 / 5, strokes: 7 / 9
iteration step 356, G_loss: 0.10222, step_acc: 16.55050, grid_scale: 2 / 5, strokes: 7 / 9
iteration step 357, G_loss: 0.10213, step_acc: 16.55342, grid_scale: 2 / 5, strokes: 7 / 9
iteration step 358, G_loss: 0.10208, step_acc: 16.55680, grid_scale: 2 / 5, strokes: 7 / 9
iteration step 359, G_loss: 0.10207, step_acc: 16.56121, grid_scale: 2 / 5, strokes: 7 / 9
iteration step 360, G_loss: 0.10196, step_acc: 16.56517, grid_scale: 2 / 5, strokes: 7 / 9
iteration step 361, G_loss: 0.10190, step_acc: 16.56798, grid_scale: 2 / 5, strokes: 7 / 9
iteration step 362, G_loss: 0.10186, step_acc: 16.57041, grid_scale: 2 / 5, strokes: 7 / 9
iteration step 363, G_loss: 0.10178, step_acc: 16.58134, grid_scale: 2 / 5, strokes: 7 / 9
iteration step 364, G_loss: 0.10164, step_acc: 16.58835, grid_scale: 2 / 5, strokes: 7 / 9
iteration step 365, G_loss: 0.10154, step_acc: 16.58357, grid_scale: 2 / 5, strokes: 7 / 9
iteration step 366, G_loss: 0.10148, step_acc: 16.59956, grid_scale: 2 / 5, strokes: 7 / 9
iteration step 367, G_loss: 0.10141, step_acc: 16.60278, grid_scale: 2 / 5, strokes: 7 / 9
iteration step 368, G_loss: 0.10126, step_acc: 16.60807, grid_scale: 2 / 5, strokes: 7 / 9
iteration step 369, G_loss: 0.10116, step_acc: 16.61190, grid_scale: 2 / 5, strokes: 7 / 9
iteration step 370, G_loss: 0.10111, step_acc: 16.61104, grid_scale: 2 / 5, strokes: 7 / 9
iteration step 371, G_loss: 0.10105, step_acc: 16.61281, grid_scale: 2 / 5, strokes: 7 / 9
iteration step 372, G_loss: 0.10099, step_acc: 16.62552, grid_scale: 2 / 5, strokes: 7 / 9
iteration step 373, G_loss: 0.10090, step_acc: 16.62607, grid_scale: 2 / 5, strokes: 7 / 9
iteration step 374, G_loss: 0.10078, step_acc: 16.63707, grid_scale: 2 / 5, strokes: 7 / 9
iteration step 375, G_loss: 0.10067, step_acc: 16.63908, grid_scale: 2 / 5, strokes: 7 / 9
iteration step 376, G_loss: 0.10062, step_acc: 16.64318, grid_scale: 2 / 5, strokes: 7 / 9
iteration step 377, G_loss: 0.10053, step_acc: 16.65183, grid_scale: 2 / 5, strokes: 7 / 9
iteration step 378, G_loss: 0.10044, step_acc: 16.64795, grid_scale: 2 / 5, strokes: 7 / 9
iteration step 379, G_loss: 0.10038, step_acc: 16.66138, grid_scale: 2 / 5, strokes: 7 / 9
iteration step 380, G_loss: 0.10032, step_acc: 16.66065, grid_scale: 2 / 5, strokes: 7 / 9
iteration step 381, G_loss: 0.10031, step_acc: 16.66685, grid_scale: 2 / 5, strokes: 7 / 9
iteration step 382, G_loss: 0.10027, step_acc: 16.66646, grid_scale: 2 / 5, strokes: 7 / 9
iteration step 383, G_loss: 0.10020, step_acc: 16.67477, grid_scale: 2 / 5, strokes: 7 / 9
iteration step 384, G_loss: 0.10017, step_acc: 16.66855, grid_scale: 2 / 5, strokes: 7 / 9
iteration step 385, G_loss: 0.10013, step_acc: 16.72618, grid_scale: 2 / 5, strokes: 8 / 9
iteration step 386, G_loss: 0.09962, step_acc: 16.74584, grid_scale: 2 / 5, strokes: 8 / 9
iteration step 387, G_loss: 0.09925, step_acc: 16.76951, grid_scale: 2 / 5, strokes: 8 / 9
iteration step 388, G_loss: 0.09902, step_acc: 16.77554, grid_scale: 2 / 5, strokes: 8 / 9
iteration step 389, G_loss: 0.09886, step_acc: 16.79455, grid_scale: 2 / 5, strokes: 8 / 9
iteration step 390, G_loss: 0.09862, step_acc: 16.80350, grid_scale: 2 / 5, strokes: 8 / 9
iteration step 391, G_loss: 0.09845, step_acc: 16.82342, grid_scale: 2 / 5, strokes: 8 / 9
iteration step 392, G_loss: 0.09833, step_acc: 16.82260, grid_scale: 2 / 5, strokes: 8 / 9
iteration step 393, G_loss: 0.09818, step_acc: 16.84119, grid_scale: 2 / 5, strokes: 8 / 9
iteration step 394, G_loss: 0.09804, step_acc: 16.84365, grid_scale: 2 / 5, strokes: 8 / 9
iteration step 395, G_loss: 0.09793, step_acc: 16.85490, grid_scale: 2 / 5, strokes: 8 / 9
iteration step 396, G_loss: 0.09785, step_acc: 16.85760, grid_scale: 2 / 5, strokes: 8 / 9
iteration step 397, G_loss: 0.09775, step_acc: 16.87454, grid_scale: 2 / 5, strokes: 8 / 9
iteration step 398, G_loss: 0.09764, step_acc: 16.87171, grid_scale: 2 / 5, strokes: 8 / 9
iteration step 399, G_loss: 0.09755, step_acc: 16.89010, grid_scale: 2 / 5, strokes: 8 / 9
iteration step 400, G_loss: 0.09741, step_acc: 16.88581, grid_scale: 2 / 5, strokes: 8 / 9
iteration step 401, G_loss: 0.09733, step_acc: 16.90716, grid_scale: 2 / 5, strokes: 8 / 9
iteration step 402, G_loss: 0.09715, step_acc: 16.90642, grid_scale: 2 / 5, strokes: 8 / 9
iteration step 403, G_loss: 0.09707, step_acc: 16.91012, grid_scale: 2 / 5, strokes: 8 / 9
iteration step 404, G_loss: 0.09699, step_acc: 16.91675, grid_scale: 2 / 5, strokes: 8 / 9
iteration step 405, G_loss: 0.09694, step_acc: 16.92609, grid_scale: 2 / 5, strokes: 8 / 9
iteration step 406, G_loss: 0.09680, step_acc: 16.92802, grid_scale: 2 / 5, strokes: 8 / 9
iteration step 407, G_loss: 0.09672, step_acc: 16.93818, grid_scale: 2 / 5, strokes: 8 / 9
iteration step 408, G_loss: 0.09665, step_acc: 16.94043, grid_scale: 2 / 5, strokes: 8 / 9
iteration step 409, G_loss: 0.09656, step_acc: 16.95191, grid_scale: 2 / 5, strokes: 8 / 9
iteration step 410, G_loss: 0.09648, step_acc: 16.95408, grid_scale: 2 / 5, strokes: 8 / 9
iteration step 411, G_loss: 0.09641, step_acc: 16.96396, grid_scale: 2 / 5, strokes: 8 / 9
iteration step 412, G_loss: 0.09630, step_acc: 16.96245, grid_scale: 2 / 5, strokes: 8 / 9
iteration step 413, G_loss: 0.09625, step_acc: 16.97436, grid_scale: 2 / 5, strokes: 8 / 9
iteration step 414, G_loss: 0.09612, step_acc: 16.97228, grid_scale: 2 / 5, strokes: 8 / 9
iteration step 415, G_loss: 0.09608, step_acc: 16.98114, grid_scale: 2 / 5, strokes: 8 / 9
iteration step 416, G_loss: 0.09602, step_acc: 16.98776, grid_scale: 2 / 5, strokes: 8 / 9
iteration step 417, G_loss: 0.09590, step_acc: 16.99387, grid_scale: 2 / 5, strokes: 8 / 9
iteration step 418, G_loss: 0.09584, step_acc: 16.99178, grid_scale: 2 / 5, strokes: 8 / 9
iteration step 419, G_loss: 0.09580, step_acc: 17.00241, grid_scale: 2 / 5, strokes: 8 / 9
iteration step 420, G_loss: 0.09573, step_acc: 17.00187, grid_scale: 2 / 5, strokes: 8 / 9
iteration step 421, G_loss: 0.09567, step_acc: 17.00761, grid_scale: 2 / 5, strokes: 8 / 9
iteration step 422, G_loss: 0.09559, step_acc: 17.01557, grid_scale: 2 / 5, strokes: 8 / 9
iteration step 423, G_loss: 0.09553, step_acc: 17.01860, grid_scale: 2 / 5, strokes: 8 / 9
iteration step 424, G_loss: 0.09546, step_acc: 17.01888, grid_scale: 2 / 5, strokes: 8 / 9
iteration step 425, G_loss: 0.09540, step_acc: 17.02482, grid_scale: 2 / 5, strokes: 8 / 9
iteration step 426, G_loss: 0.09539, step_acc: 17.02442, grid_scale: 2 / 5, strokes: 8 / 9
iteration step 427, G_loss: 0.09534, step_acc: 17.02472, grid_scale: 2 / 5, strokes: 8 / 9
iteration step 428, G_loss: 0.09535, step_acc: 17.02825, grid_scale: 2 / 5, strokes: 8 / 9
iteration step 429, G_loss: 0.09527, step_acc: 17.03445, grid_scale: 2 / 5, strokes: 8 / 9
iteration step 430, G_loss: 0.09520, step_acc: 17.03173, grid_scale: 2 / 5, strokes: 8 / 9
iteration step 431, G_loss: 0.09519, step_acc: 17.03827, grid_scale: 2 / 5, strokes: 8 / 9
iteration step 432, G_loss: 0.09514, step_acc: 17.04317, grid_scale: 2 / 5, strokes: 8 / 9
iteration step 433, G_loss: 0.09508, step_acc: 17.04331, grid_scale: 2 / 5, strokes: 8 / 9
iteration step 434, G_loss: 0.09499, step_acc: 17.04595, grid_scale: 2 / 5, strokes: 8 / 9
iteration step 435, G_loss: 0.09496, step_acc: 17.04728, grid_scale: 2 / 5, strokes: 8 / 9
iteration step 436, G_loss: 0.09501, step_acc: 17.04786, grid_scale: 2 / 5, strokes: 8 / 9
iteration step 437, G_loss: 0.09494, step_acc: 17.05641, grid_scale: 2 / 5, strokes: 8 / 9
iteration step 438, G_loss: 0.09490, step_acc: 17.05517, grid_scale: 2 / 5, strokes: 8 / 9
iteration step 439, G_loss: 0.09487, step_acc: 17.05955, grid_scale: 2 / 5, strokes: 8 / 9
iteration step 440, G_loss: 0.09486, step_acc: 17.10518, grid_scale: 2 / 5, strokes: 9 / 9
iteration step 441, G_loss: 0.09445, step_acc: 17.12308, grid_scale: 2 / 5, strokes: 9 / 9
iteration step 442, G_loss: 0.09427, step_acc: 17.16117, grid_scale: 2 / 5, strokes: 9 / 9
iteration step 443, G_loss: 0.09382, step_acc: 17.18211, grid_scale: 2 / 5, strokes: 9 / 9
iteration step 444, G_loss: 0.09357, step_acc: 17.20049, grid_scale: 2 / 5, strokes: 9 / 9
iteration step 445, G_loss: 0.09332, step_acc: 17.21681, grid_scale: 2 / 5, strokes: 9 / 9
iteration step 446, G_loss: 0.09317, step_acc: 17.23511, grid_scale: 2 / 5, strokes: 9 / 9
iteration step 447, G_loss: 0.09293, step_acc: 17.25254, grid_scale: 2 / 5, strokes: 9 / 9
iteration step 448, G_loss: 0.09279, step_acc: 17.26480, grid_scale: 2 / 5, strokes: 9 / 9
iteration step 449, G_loss: 0.09263, step_acc: 17.28084, grid_scale: 2 / 5, strokes: 9 / 9
iteration step 450, G_loss: 0.09252, step_acc: 17.27863, grid_scale: 2 / 5, strokes: 9 / 9
iteration step 451, G_loss: 0.09243, step_acc: 17.29269, grid_scale: 2 / 5, strokes: 9 / 9
iteration step 452, G_loss: 0.09229, step_acc: 17.28975, grid_scale: 2 / 5, strokes: 9 / 9
iteration step 453, G_loss: 0.09222, step_acc: 17.31614, grid_scale: 2 / 5, strokes: 9 / 9
iteration step 454, G_loss: 0.09212, step_acc: 17.31938, grid_scale: 2 / 5, strokes: 9 / 9
iteration step 455, G_loss: 0.09197, step_acc: 17.32892, grid_scale: 2 / 5, strokes: 9 / 9
iteration step 456, G_loss: 0.09191, step_acc: 17.33774, grid_scale: 2 / 5, strokes: 9 / 9
iteration step 457, G_loss: 0.09183, step_acc: 17.34887, grid_scale: 2 / 5, strokes: 9 / 9
iteration step 458, G_loss: 0.09170, step_acc: 17.35241, grid_scale: 2 / 5, strokes: 9 / 9
iteration step 459, G_loss: 0.09157, step_acc: 17.36869, grid_scale: 2 / 5, strokes: 9 / 9
iteration step 460, G_loss: 0.09144, step_acc: 17.37026, grid_scale: 2 / 5, strokes: 9 / 9
iteration step 461, G_loss: 0.09137, step_acc: 17.37932, grid_scale: 2 / 5, strokes: 9 / 9
iteration step 462, G_loss: 0.09129, step_acc: 17.38726, grid_scale: 2 / 5, strokes: 9 / 9
iteration step 463, G_loss: 0.09124, step_acc: 17.38858, grid_scale: 2 / 5, strokes: 9 / 9
iteration step 464, G_loss: 0.09120, step_acc: 17.39857, grid_scale: 2 / 5, strokes: 9 / 9
iteration step 465, G_loss: 0.09114, step_acc: 17.40090, grid_scale: 2 / 5, strokes: 9 / 9
iteration step 466, G_loss: 0.09104, step_acc: 17.40834, grid_scale: 2 / 5, strokes: 9 / 9
iteration step 467, G_loss: 0.09100, step_acc: 17.41203, grid_scale: 2 / 5, strokes: 9 / 9
iteration step 468, G_loss: 0.09087, step_acc: 17.42395, grid_scale: 2 / 5, strokes: 9 / 9
iteration step 469, G_loss: 0.09082, step_acc: 17.42501, grid_scale: 2 / 5, strokes: 9 / 9
iteration step 470, G_loss: 0.09076, step_acc: 17.43373, grid_scale: 2 / 5, strokes: 9 / 9
iteration step 471, G_loss: 0.09072, step_acc: 17.43719, grid_scale: 2 / 5, strokes: 9 / 9
iteration step 472, G_loss: 0.09062, step_acc: 17.44777, grid_scale: 2 / 5, strokes: 9 / 9
iteration step 473, G_loss: 0.09054, step_acc: 17.46157, grid_scale: 2 / 5, strokes: 9 / 9
iteration step 474, G_loss: 0.09045, step_acc: 17.46339, grid_scale: 2 / 5, strokes: 9 / 9
iteration step 475, G_loss: 0.09040, step_acc: 17.46025, grid_scale: 2 / 5, strokes: 9 / 9
iteration step 476, G_loss: 0.09041, step_acc: 17.47220, grid_scale: 2 / 5, strokes: 9 / 9
iteration step 477, G_loss: 0.09029, step_acc: 17.47903, grid_scale: 2 / 5, strokes: 9 / 9
iteration step 478, G_loss: 0.09023, step_acc: 17.47451, grid_scale: 2 / 5, strokes: 9 / 9
iteration step 479, G_loss: 0.09021, step_acc: 17.48436, grid_scale: 2 / 5, strokes: 9 / 9
iteration step 480, G_loss: 0.09018, step_acc: 17.49167, grid_scale: 2 / 5, strokes: 9 / 9
iteration step 481, G_loss: 0.09009, step_acc: 17.49389, grid_scale: 2 / 5, strokes: 9 / 9
iteration step 482, G_loss: 0.09006, step_acc: 17.50177, grid_scale: 2 / 5, strokes: 9 / 9
iteration step 483, G_loss: 0.09002, step_acc: 17.50027, grid_scale: 2 / 5, strokes: 9 / 9
iteration step 484, G_loss: 0.09000, step_acc: 17.51030, grid_scale: 2 / 5, strokes: 9 / 9
iteration step 485, G_loss: 0.08995, step_acc: 17.51003, grid_scale: 2 / 5, strokes: 9 / 9
iteration step 486, G_loss: 0.08991, step_acc: 17.51695, grid_scale: 2 / 5, strokes: 9 / 9
iteration step 487, G_loss: 0.08987, step_acc: 17.51767, grid_scale: 2 / 5, strokes: 9 / 9
iteration step 488, G_loss: 0.08982, step_acc: 17.53009, grid_scale: 2 / 5, strokes: 9 / 9
iteration step 489, G_loss: 0.08972, step_acc: 17.53626, grid_scale: 2 / 5, strokes: 9 / 9
iteration step 490, G_loss: 0.08966, step_acc: 17.54871, grid_scale: 2 / 5, strokes: 9 / 9
iteration step 491, G_loss: 0.08963, step_acc: 17.54780, grid_scale: 2 / 5, strokes: 9 / 9
iteration step 492, G_loss: 0.08954, step_acc: 17.55915, grid_scale: 2 / 5, strokes: 9 / 9
iteration step 493, G_loss: 0.08954, step_acc: 17.55214, grid_scale: 2 / 5, strokes: 9 / 9
iteration step 494, G_loss: 0.08948, step_acc: 17.56595, grid_scale: 2 / 5, strokes: 9 / 9
rendering canvas...
iteration step 0, G_loss: 0.08943, step_acc: 16.61751, grid_scale: 3 / 5, strokes: 1 / 9
iteration step 1, G_loss: 0.09845, step_acc: 16.69215, grid_scale: 3 / 5, strokes: 1 / 9
iteration step 2, G_loss: 0.09788, step_acc: 16.73799, grid_scale: 3 / 5, strokes: 1 / 9
iteration step 3, G_loss: 0.09736, step_acc: 16.76297, grid_scale: 3 / 5, strokes: 1 / 9
iteration step 4, G_loss: 0.09711, step_acc: 16.78941, grid_scale: 3 / 5, strokes: 1 / 9
iteration step 5, G_loss: 0.09680, step_acc: 16.80530, grid_scale: 3 / 5, strokes: 1 / 9
iteration step 6, G_loss: 0.09662, step_acc: 16.82145, grid_scale: 3 / 5, strokes: 1 / 9
iteration step 7, G_loss: 0.09644, step_acc: 16.83508, grid_scale: 3 / 5, strokes: 1 / 9
iteration step 8, G_loss: 0.09630, step_acc: 16.84471, grid_scale: 3 / 5, strokes: 1 / 9
iteration step 9, G_loss: 0.09616, step_acc: 16.85404, grid_scale: 3 / 5, strokes: 1 / 9
iteration step 10, G_loss: 0.09610, step_acc: 16.85913, grid_scale: 3 / 5, strokes: 1 / 9
iteration step 11, G_loss: 0.09600, step_acc: 16.86761, grid_scale: 3 / 5, strokes: 1 / 9
iteration step 12, G_loss: 0.09591, step_acc: 16.87042, grid_scale: 3 / 5, strokes: 1 / 9
iteration step 13, G_loss: 0.09586, step_acc: 16.87689, grid_scale: 3 / 5, strokes: 1 / 9
iteration step 14, G_loss: 0.09580, step_acc: 16.88238, grid_scale: 3 / 5, strokes: 1 / 9
iteration step 15, G_loss: 0.09571, step_acc: 16.88936, grid_scale: 3 / 5, strokes: 1 / 9
iteration step 16, G_loss: 0.09563, step_acc: 16.89291, grid_scale: 3 / 5, strokes: 1 / 9
iteration step 17, G_loss: 0.09557, step_acc: 16.89631, grid_scale: 3 / 5, strokes: 1 / 9
iteration step 18, G_loss: 0.09552, step_acc: 16.90017, grid_scale: 3 / 5, strokes: 1 / 9
iteration step 19, G_loss: 0.09546, step_acc: 16.90642, grid_scale: 3 / 5, strokes: 1 / 9
iteration step 20, G_loss: 0.09541, step_acc: 16.90839, grid_scale: 3 / 5, strokes: 1 / 9
iteration step 21, G_loss: 0.09537, step_acc: 16.91467, grid_scale: 3 / 5, strokes: 1 / 9
iteration step 22, G_loss: 0.09531, step_acc: 16.91927, grid_scale: 3 / 5, strokes: 1 / 9
iteration step 23, G_loss: 0.09524, step_acc: 16.92230, grid_scale: 3 / 5, strokes: 1 / 9
iteration step 24, G_loss: 0.09521, step_acc: 16.92541, grid_scale: 3 / 5, strokes: 1 / 9
iteration step 25, G_loss: 0.09515, step_acc: 16.92835, grid_scale: 3 / 5, strokes: 1 / 9
iteration step 26, G_loss: 0.09512, step_acc: 16.93076, grid_scale: 3 / 5, strokes: 1 / 9
iteration step 27, G_loss: 0.09507, step_acc: 16.93273, grid_scale: 3 / 5, strokes: 1 / 9
iteration step 28, G_loss: 0.09504, step_acc: 16.93581, grid_scale: 3 / 5, strokes: 1 / 9
iteration step 29, G_loss: 0.09501, step_acc: 16.93586, grid_scale: 3 / 5, strokes: 1 / 9
iteration step 30, G_loss: 0.09498, step_acc: 16.93958, grid_scale: 3 / 5, strokes: 1 / 9
iteration step 31, G_loss: 0.09495, step_acc: 16.94196, grid_scale: 3 / 5, strokes: 1 / 9
iteration step 32, G_loss: 0.09492, step_acc: 16.94416, grid_scale: 3 / 5, strokes: 1 / 9
iteration step 33, G_loss: 0.09488, step_acc: 16.94750, grid_scale: 3 / 5, strokes: 1 / 9
iteration step 34, G_loss: 0.09484, step_acc: 16.95059, grid_scale: 3 / 5, strokes: 1 / 9
iteration step 35, G_loss: 0.09479, step_acc: 16.95227, grid_scale: 3 / 5, strokes: 1 / 9
iteration step 36, G_loss: 0.09476, step_acc: 16.95408, grid_scale: 3 / 5, strokes: 1 / 9
iteration step 37, G_loss: 0.09474, step_acc: 16.95490, grid_scale: 3 / 5, strokes: 1 / 9
iteration step 38, G_loss: 0.09472, step_acc: 16.95605, grid_scale: 3 / 5, strokes: 1 / 9
iteration step 39, G_loss: 0.09469, step_acc: 16.95864, grid_scale: 3 / 5, strokes: 1 / 9
iteration step 40, G_loss: 0.09466, step_acc: 16.95961, grid_scale: 3 / 5, strokes: 1 / 9
iteration step 41, G_loss: 0.09462, step_acc: 16.96297, grid_scale: 3 / 5, strokes: 1 / 9
iteration step 42, G_loss: 0.09460, step_acc: 16.96366, grid_scale: 3 / 5, strokes: 1 / 9
iteration step 43, G_loss: 0.09457, step_acc: 16.96598, grid_scale: 3 / 5, strokes: 1 / 9
iteration step 44, G_loss: 0.09455, step_acc: 16.96762, grid_scale: 3 / 5, strokes: 1 / 9
iteration step 45, G_loss: 0.09451, step_acc: 16.96863, grid_scale: 3 / 5, strokes: 1 / 9
iteration step 46, G_loss: 0.09450, step_acc: 16.97023, grid_scale: 3 / 5, strokes: 1 / 9
iteration step 47, G_loss: 0.09448, step_acc: 16.97134, grid_scale: 3 / 5, strokes: 1 / 9
iteration step 48, G_loss: 0.09447, step_acc: 16.97168, grid_scale: 3 / 5, strokes: 1 / 9
iteration step 49, G_loss: 0.09444, step_acc: 16.97323, grid_scale: 3 / 5, strokes: 1 / 9
iteration step 50, G_loss: 0.09443, step_acc: 16.97315, grid_scale: 3 / 5, strokes: 1 / 9
iteration step 51, G_loss: 0.09441, step_acc: 16.97404, grid_scale: 3 / 5, strokes: 1 / 9
iteration step 52, G_loss: 0.09439, step_acc: 16.97449, grid_scale: 3 / 5, strokes: 1 / 9
iteration step 53, G_loss: 0.09436, step_acc: 16.97714, grid_scale: 3 / 5, strokes: 1 / 9
iteration step 54, G_loss: 0.09432, step_acc: 16.97818, grid_scale: 3 / 5, strokes: 1 / 9
iteration step 55, G_loss: 0.09430, step_acc: 17.02162, grid_scale: 3 / 5, strokes: 2 / 9
iteration step 56, G_loss: 0.09385, step_acc: 17.06246, grid_scale: 3 / 5, strokes: 2 / 9
iteration step 57, G_loss: 0.09337, step_acc: 17.08690, grid_scale: 3 / 5, strokes: 2 / 9
iteration step 58, G_loss: 0.09308, step_acc: 17.10595, grid_scale: 3 / 5, strokes: 2 / 9
iteration step 59, G_loss: 0.09281, step_acc: 17.12054, grid_scale: 3 / 5, strokes: 2 / 9
iteration step 60, G_loss: 0.09262, step_acc: 17.13457, grid_scale: 3 / 5, strokes: 2 / 9
iteration step 61, G_loss: 0.09244, step_acc: 17.14318, grid_scale: 3 / 5, strokes: 2 / 9
iteration step 62, G_loss: 0.09230, step_acc: 17.15184, grid_scale: 3 / 5, strokes: 2 / 9
iteration step 63, G_loss: 0.09217, step_acc: 17.16224, grid_scale: 3 / 5, strokes: 2 / 9
iteration step 64, G_loss: 0.09201, step_acc: 17.16929, grid_scale: 3 / 5, strokes: 2 / 9
iteration step 65, G_loss: 0.09191, step_acc: 17.17790, grid_scale: 3 / 5, strokes: 2 / 9
iteration step 66, G_loss: 0.09177, step_acc: 17.19000, grid_scale: 3 / 5, strokes: 2 / 9
iteration step 67, G_loss: 0.09165, step_acc: 17.19333, grid_scale: 3 / 5, strokes: 2 / 9
iteration step 68, G_loss: 0.09154, step_acc: 17.20045, grid_scale: 3 / 5, strokes: 2 / 9
iteration step 69, G_loss: 0.09146, step_acc: 17.20564, grid_scale: 3 / 5, strokes: 2 / 9
iteration step 70, G_loss: 0.09137, step_acc: 17.20994, grid_scale: 3 / 5, strokes: 2 / 9
iteration step 71, G_loss: 0.09127, step_acc: 17.21569, grid_scale: 3 / 5, strokes: 2 / 9
iteration step 72, G_loss: 0.09119, step_acc: 17.22133, grid_scale: 3 / 5, strokes: 2 / 9
iteration step 73, G_loss: 0.09111, step_acc: 17.22520, grid_scale: 3 / 5, strokes: 2 / 9
iteration step 74, G_loss: 0.09103, step_acc: 17.22855, grid_scale: 3 / 5, strokes: 2 / 9
iteration step 75, G_loss: 0.09096, step_acc: 17.23468, grid_scale: 3 / 5, strokes: 2 / 9
iteration step 76, G_loss: 0.09088, step_acc: 17.23691, grid_scale: 3 / 5, strokes: 2 / 9
iteration step 77, G_loss: 0.09082, step_acc: 17.24278, grid_scale: 3 / 5, strokes: 2 / 9
iteration step 78, G_loss: 0.09074, step_acc: 17.24554, grid_scale: 3 / 5, strokes: 2 / 9
iteration step 79, G_loss: 0.09069, step_acc: 17.25118, grid_scale: 3 / 5, strokes: 2 / 9
iteration step 80, G_loss: 0.09061, step_acc: 17.25289, grid_scale: 3 / 5, strokes: 2 / 9
iteration step 81, G_loss: 0.09055, step_acc: 17.25783, grid_scale: 3 / 5, strokes: 2 / 9
iteration step 82, G_loss: 0.09049, step_acc: 17.25989, grid_scale: 3 / 5, strokes: 2 / 9
iteration step 83, G_loss: 0.09044, step_acc: 17.26394, grid_scale: 3 / 5, strokes: 2 / 9
iteration step 84, G_loss: 0.09037, step_acc: 17.26601, grid_scale: 3 / 5, strokes: 2 / 9
iteration step 85, G_loss: 0.09029, step_acc: 17.27005, grid_scale: 3 / 5, strokes: 2 / 9
iteration step 86, G_loss: 0.09024, step_acc: 17.27410, grid_scale: 3 / 5, strokes: 2 / 9
iteration step 87, G_loss: 0.09016, step_acc: 17.27871, grid_scale: 3 / 5, strokes: 2 / 9
iteration step 88, G_loss: 0.09010, step_acc: 17.28220, grid_scale: 3 / 5, strokes: 2 / 9
iteration step 89, G_loss: 0.09003, step_acc: 17.28665, grid_scale: 3 / 5, strokes: 2 / 9
iteration step 90, G_loss: 0.08996, step_acc: 17.29138, grid_scale: 3 / 5, strokes: 2 / 9
iteration step 91, G_loss: 0.08986, step_acc: 17.29546, grid_scale: 3 / 5, strokes: 2 / 9
iteration step 92, G_loss: 0.08983, step_acc: 17.30141, grid_scale: 3 / 5, strokes: 2 / 9
iteration step 93, G_loss: 0.08974, step_acc: 17.30688, grid_scale: 3 / 5, strokes: 2 / 9
iteration step 94, G_loss: 0.08967, step_acc: 17.31179, grid_scale: 3 / 5, strokes: 2 / 9
iteration step 95, G_loss: 0.08958, step_acc: 17.31466, grid_scale: 3 / 5, strokes: 2 / 9
iteration step 96, G_loss: 0.08954, step_acc: 17.31955, grid_scale: 3 / 5, strokes: 2 / 9
iteration step 97, G_loss: 0.08945, step_acc: 17.32237, grid_scale: 3 / 5, strokes: 2 / 9
iteration step 98, G_loss: 0.08940, step_acc: 17.32577, grid_scale: 3 / 5, strokes: 2 / 9
iteration step 99, G_loss: 0.08935, step_acc: 17.32933, grid_scale: 3 / 5, strokes: 2 / 9
iteration step 100, G_loss: 0.08930, step_acc: 17.33193, grid_scale: 3 / 5, strokes: 2 / 9
iteration step 101, G_loss: 0.08926, step_acc: 17.33584, grid_scale: 3 / 5, strokes: 2 / 9
iteration step 102, G_loss: 0.08921, step_acc: 17.33805, grid_scale: 3 / 5, strokes: 2 / 9
iteration step 103, G_loss: 0.08917, step_acc: 17.34276, grid_scale: 3 / 5, strokes: 2 / 9
iteration step 104, G_loss: 0.08911, step_acc: 17.34505, grid_scale: 3 / 5, strokes: 2 / 9
iteration step 105, G_loss: 0.08907, step_acc: 17.34707, grid_scale: 3 / 5, strokes: 2 / 9
iteration step 106, G_loss: 0.08903, step_acc: 17.34843, grid_scale: 3 / 5, strokes: 2 / 9
iteration step 107, G_loss: 0.08898, step_acc: 17.35351, grid_scale: 3 / 5, strokes: 2 / 9
iteration step 108, G_loss: 0.08891, step_acc: 17.35425, grid_scale: 3 / 5, strokes: 2 / 9
iteration step 109, G_loss: 0.08886, step_acc: 17.35679, grid_scale: 3 / 5, strokes: 2 / 9
iteration step 110, G_loss: 0.08883, step_acc: 17.41231, grid_scale: 3 / 5, strokes: 3 / 9
iteration step 111, G_loss: 0.08853, step_acc: 17.44351, grid_scale: 3 / 5, strokes: 3 / 9
iteration step 112, G_loss: 0.08813, step_acc: 17.47754, grid_scale: 3 / 5, strokes: 3 / 9
iteration step 113, G_loss: 0.08785, step_acc: 17.50370, grid_scale: 3 / 5, strokes: 3 / 9
iteration step 114, G_loss: 0.08761, step_acc: 17.53619, grid_scale: 3 / 5, strokes: 3 / 9
iteration step 115, G_loss: 0.08734, step_acc: 17.57164, grid_scale: 3 / 5, strokes: 3 / 9
iteration step 116, G_loss: 0.08708, step_acc: 17.58787, grid_scale: 3 / 5, strokes: 3 / 9
iteration step 117, G_loss: 0.08690, step_acc: 17.60122, grid_scale: 3 / 5, strokes: 3 / 9
iteration step 118, G_loss: 0.08676, step_acc: 17.60843, grid_scale: 3 / 5, strokes: 3 / 9
iteration step 119, G_loss: 0.08664, step_acc: 17.62044, grid_scale: 3 / 5, strokes: 3 / 9
iteration step 120, G_loss: 0.08651, step_acc: 17.63014, grid_scale: 3 / 5, strokes: 3 / 9
iteration step 121, G_loss: 0.08638, step_acc: 17.64332, grid_scale: 3 / 5, strokes: 3 / 9
iteration step 122, G_loss: 0.08625, step_acc: 17.65301, grid_scale: 3 / 5, strokes: 3 / 9
iteration step 123, G_loss: 0.08612, step_acc: 17.66834, grid_scale: 3 / 5, strokes: 3 / 9
iteration step 124, G_loss: 0.08597, step_acc: 17.67961, grid_scale: 3 / 5, strokes: 3 / 9
iteration step 125, G_loss: 0.08580, step_acc: 17.68968, grid_scale: 3 / 5, strokes: 3 / 9
iteration step 126, G_loss: 0.08566, step_acc: 17.69711, grid_scale: 3 / 5, strokes: 3 / 9
iteration step 127, G_loss: 0.08550, step_acc: 17.70851, grid_scale: 3 / 5, strokes: 3 / 9
iteration step 128, G_loss: 0.08538, step_acc: 17.72080, grid_scale: 3 / 5, strokes: 3 / 9
iteration step 129, G_loss: 0.08527, step_acc: 17.73496, grid_scale: 3 / 5, strokes: 3 / 9
iteration step 130, G_loss: 0.08512, step_acc: 17.74931, grid_scale: 3 / 5, strokes: 3 / 9
iteration step 131, G_loss: 0.08499, step_acc: 17.75525, grid_scale: 3 / 5, strokes: 3 / 9
iteration step 132, G_loss: 0.08490, step_acc: 17.76192, grid_scale: 3 / 5, strokes: 3 / 9
iteration step 133, G_loss: 0.08482, step_acc: 17.76810, grid_scale: 3 / 5, strokes: 3 / 9
iteration step 134, G_loss: 0.08474, step_acc: 17.77497, grid_scale: 3 / 5, strokes: 3 / 9
iteration step 135, G_loss: 0.08463, step_acc: 17.77470, grid_scale: 3 / 5, strokes: 3 / 9
iteration step 136, G_loss: 0.08458, step_acc: 17.78297, grid_scale: 3 / 5, strokes: 3 / 9
iteration step 137, G_loss: 0.08450, step_acc: 17.78405, grid_scale: 3 / 5, strokes: 3 / 9
iteration step 138, G_loss: 0.08447, step_acc: 17.79204, grid_scale: 3 / 5, strokes: 3 / 9
iteration step 139, G_loss: 0.08441, step_acc: 17.79715, grid_scale: 3 / 5, strokes: 3 / 9
iteration step 140, G_loss: 0.08434, step_acc: 17.80633, grid_scale: 3 / 5, strokes: 3 / 9
iteration step 141, G_loss: 0.08426, step_acc: 17.81685, grid_scale: 3 / 5, strokes: 3 / 9
iteration step 142, G_loss: 0.08418, step_acc: 17.82375, grid_scale: 3 / 5, strokes: 3 / 9
iteration step 143, G_loss: 0.08410, step_acc: 17.83356, grid_scale: 3 / 5, strokes: 3 / 9
iteration step 144, G_loss: 0.08403, step_acc: 17.83810, grid_scale: 3 / 5, strokes: 3 / 9
iteration step 145, G_loss: 0.08396, step_acc: 17.84124, grid_scale: 3 / 5, strokes: 3 / 9
iteration step 146, G_loss: 0.08391, step_acc: 17.84438, grid_scale: 3 / 5, strokes: 3 / 9
iteration step 147, G_loss: 0.08386, step_acc: 17.84942, grid_scale: 3 / 5, strokes: 3 / 9
iteration step 148, G_loss: 0.08382, step_acc: 17.85403, grid_scale: 3 / 5, strokes: 3 / 9
iteration step 149, G_loss: 0.08378, step_acc: 17.85470, grid_scale: 3 / 5, strokes: 3 / 9
iteration step 150, G_loss: 0.08376, step_acc: 17.85726, grid_scale: 3 / 5, strokes: 3 / 9
iteration step 151, G_loss: 0.08372, step_acc: 17.86322, grid_scale: 3 / 5, strokes: 3 / 9
iteration step 152, G_loss: 0.08368, step_acc: 17.86542, grid_scale: 3 / 5, strokes: 3 / 9
iteration step 153, G_loss: 0.08364, step_acc: 17.86784, grid_scale: 3 / 5, strokes: 3 / 9
iteration step 154, G_loss: 0.08362, step_acc: 17.87040, grid_scale: 3 / 5, strokes: 3 / 9
iteration step 155, G_loss: 0.08358, step_acc: 17.87533, grid_scale: 3 / 5, strokes: 3 / 9
iteration step 156, G_loss: 0.08354, step_acc: 17.87571, grid_scale: 3 / 5, strokes: 3 / 9
iteration step 157, G_loss: 0.08352, step_acc: 17.88465, grid_scale: 3 / 5, strokes: 3 / 9
iteration step 158, G_loss: 0.08348, step_acc: 17.88502, grid_scale: 3 / 5, strokes: 3 / 9
iteration step 159, G_loss: 0.08344, step_acc: 17.88983, grid_scale: 3 / 5, strokes: 3 / 9
iteration step 160, G_loss: 0.08340, step_acc: 17.89031, grid_scale: 3 / 5, strokes: 3 / 9
iteration step 161, G_loss: 0.08338, step_acc: 17.89403, grid_scale: 3 / 5, strokes: 3 / 9
iteration step 162, G_loss: 0.08333, step_acc: 17.89572, grid_scale: 3 / 5, strokes: 3 / 9
iteration step 163, G_loss: 0.08330, step_acc: 17.90389, grid_scale: 3 / 5, strokes: 3 / 9
iteration step 164, G_loss: 0.08328, step_acc: 17.90573, grid_scale: 3 / 5, strokes: 3 / 9
iteration step 165, G_loss: 0.08325, step_acc: 17.94539, grid_scale: 3 / 5, strokes: 4 / 9
iteration step 166, G_loss: 0.08332, step_acc: 17.98697, grid_scale: 3 / 5, strokes: 4 / 9
iteration step 167, G_loss: 0.08284, step_acc: 18.00034, grid_scale: 3 / 5, strokes: 4 / 9
iteration step 168, G_loss: 0.08269, step_acc: 18.01694, grid_scale: 3 / 5, strokes: 4 / 9
iteration step 169, G_loss: 0.08255, step_acc: 18.02234, grid_scale: 3 / 5, strokes: 4 / 9
iteration step 170, G_loss: 0.08248, step_acc: 18.02898, grid_scale: 3 / 5, strokes: 4 / 9
iteration step 171, G_loss: 0.08240, step_acc: 18.03040, grid_scale: 3 / 5, strokes: 4 / 9
iteration step 172, G_loss: 0.08231, step_acc: 18.04201, grid_scale: 3 / 5, strokes: 4 / 9
iteration step 173, G_loss: 0.08226, step_acc: 18.04683, grid_scale: 3 / 5, strokes: 4 / 9
iteration step 174, G_loss: 0.08218, step_acc: 18.05217, grid_scale: 3 / 5, strokes: 4 / 9
iteration step 175, G_loss: 0.08212, step_acc: 18.05505, grid_scale: 3 / 5, strokes: 4 / 9
iteration step 176, G_loss: 0.08207, step_acc: 18.06209, grid_scale: 3 / 5, strokes: 4 / 9
iteration step 177, G_loss: 0.08205, step_acc: 18.05685, grid_scale: 3 / 5, strokes: 4 / 9
iteration step 178, G_loss: 0.08203, step_acc: 18.05946, grid_scale: 3 / 5, strokes: 4 / 9
iteration step 179, G_loss: 0.08201, step_acc: 18.06774, grid_scale: 3 / 5, strokes: 4 / 9
iteration step 180, G_loss: 0.08196, step_acc: 18.06915, grid_scale: 3 / 5, strokes: 4 / 9
iteration step 181, G_loss: 0.08191, step_acc: 18.07546, grid_scale: 3 / 5, strokes: 4 / 9
iteration step 182, G_loss: 0.08188, step_acc: 18.07796, grid_scale: 3 / 5, strokes: 4 / 9
iteration step 183, G_loss: 0.08183, step_acc: 18.07783, grid_scale: 3 / 5, strokes: 4 / 9
iteration step 184, G_loss: 0.08181, step_acc: 18.08476, grid_scale: 3 / 5, strokes: 4 / 9
iteration step 185, G_loss: 0.08175, step_acc: 18.08704, grid_scale: 3 / 5, strokes: 4 / 9
iteration step 186, G_loss: 0.08172, step_acc: 18.08947, grid_scale: 3 / 5, strokes: 4 / 9
iteration step 187, G_loss: 0.08168, step_acc: 18.09441, grid_scale: 3 / 5, strokes: 4 / 9
iteration step 188, G_loss: 0.08166, step_acc: 18.09394, grid_scale: 3 / 5, strokes: 4 / 9
iteration step 189, G_loss: 0.08164, step_acc: 18.09328, grid_scale: 3 / 5, strokes: 4 / 9
iteration step 190, G_loss: 0.08163, step_acc: 18.09988, grid_scale: 3 / 5, strokes: 4 / 9
iteration step 191, G_loss: 0.08160, step_acc: 18.10080, grid_scale: 3 / 5, strokes: 4 / 9
iteration step 192, G_loss: 0.08158, step_acc: 18.10333, grid_scale: 3 / 5, strokes: 4 / 9
iteration step 193, G_loss: 0.08157, step_acc: 18.10707, grid_scale: 3 / 5, strokes: 4 / 9
iteration step 194, G_loss: 0.08152, step_acc: 18.10813, grid_scale: 3 / 5, strokes: 4 / 9
iteration step 195, G_loss: 0.08149, step_acc: 18.10982, grid_scale: 3 / 5, strokes: 4 / 9
iteration step 196, G_loss: 0.08149, step_acc: 18.10579, grid_scale: 3 / 5, strokes: 4 / 9
iteration step 197, G_loss: 0.08147, step_acc: 18.10742, grid_scale: 3 / 5, strokes: 4 / 9
iteration step 198, G_loss: 0.08145, step_acc: 18.10745, grid_scale: 3 / 5, strokes: 4 / 9
iteration step 199, G_loss: 0.08144, step_acc: 18.10922, grid_scale: 3 / 5, strokes: 4 / 9
iteration step 200, G_loss: 0.08141, step_acc: 18.10940, grid_scale: 3 / 5, strokes: 4 / 9
iteration step 201, G_loss: 0.08141, step_acc: 18.11214, grid_scale: 3 / 5, strokes: 4 / 9
iteration step 202, G_loss: 0.08139, step_acc: 18.10996, grid_scale: 3 / 5, strokes: 4 / 9
iteration step 203, G_loss: 0.08138, step_acc: 18.11300, grid_scale: 3 / 5, strokes: 4 / 9
iteration step 204, G_loss: 0.08135, step_acc: 18.11421, grid_scale: 3 / 5, strokes: 4 / 9
iteration step 205, G_loss: 0.08135, step_acc: 18.11092, grid_scale: 3 / 5, strokes: 4 / 9
iteration step 206, G_loss: 0.08134, step_acc: 18.11825, grid_scale: 3 / 5, strokes: 4 / 9
iteration step 207, G_loss: 0.08132, step_acc: 18.11719, grid_scale: 3 / 5, strokes: 4 / 9
iteration step 208, G_loss: 0.08131, step_acc: 18.11753, grid_scale: 3 / 5, strokes: 4 / 9
iteration step 209, G_loss: 0.08129, step_acc: 18.11996, grid_scale: 3 / 5, strokes: 4 / 9
iteration step 210, G_loss: 0.08129, step_acc: 18.11732, grid_scale: 3 / 5, strokes: 4 / 9
iteration step 211, G_loss: 0.08127, step_acc: 18.12148, grid_scale: 3 / 5, strokes: 4 / 9
iteration step 212, G_loss: 0.08126, step_acc: 18.12050, grid_scale: 3 / 5, strokes: 4 / 9
iteration step 213, G_loss: 0.08124, step_acc: 18.11847, grid_scale: 3 / 5, strokes: 4 / 9
iteration step 214, G_loss: 0.08124, step_acc: 18.12326, grid_scale: 3 / 5, strokes: 4 / 9
iteration step 215, G_loss: 0.08122, step_acc: 18.12150, grid_scale: 3 / 5, strokes: 4 / 9
iteration step 216, G_loss: 0.08121, step_acc: 18.11940, grid_scale: 3 / 5, strokes: 4 / 9
iteration step 217, G_loss: 0.08124, step_acc: 18.12413, grid_scale: 3 / 5, strokes: 4 / 9
iteration step 218, G_loss: 0.08120, step_acc: 18.12805, grid_scale: 3 / 5, strokes: 4 / 9
iteration step 219, G_loss: 0.08118, step_acc: 18.12631, grid_scale: 3 / 5, strokes: 4 / 9
iteration step 220, G_loss: 0.08118, step_acc: 18.15198, grid_scale: 3 / 5, strokes: 5 / 9
iteration step 221, G_loss: 0.08121, step_acc: 18.16038, grid_scale: 3 / 5, strokes: 5 / 9
iteration step 222, G_loss: 0.08089, step_acc: 18.17876, grid_scale: 3 / 5, strokes: 5 / 9
iteration step 223, G_loss: 0.08065, step_acc: 18.19586, grid_scale: 3 / 5, strokes: 5 / 9
iteration step 224, G_loss: 0.08053, step_acc: 18.20218, grid_scale: 3 / 5, strokes: 5 / 9
iteration step 225, G_loss: 0.08044, step_acc: 18.20488, grid_scale: 3 / 5, strokes: 5 / 9
iteration step 226, G_loss: 0.08041, step_acc: 18.20564, grid_scale: 3 / 5, strokes: 5 / 9
iteration step 227, G_loss: 0.08036, step_acc: 18.21482, grid_scale: 3 / 5, strokes: 5 / 9
iteration step 228, G_loss: 0.08029, step_acc: 18.21891, grid_scale: 3 / 5, strokes: 5 / 9
iteration step 229, G_loss: 0.08027, step_acc: 18.22454, grid_scale: 3 / 5, strokes: 5 / 9
iteration step 230, G_loss: 0.08022, step_acc: 18.22307, grid_scale: 3 / 5, strokes: 5 / 9
iteration step 231, G_loss: 0.08016, step_acc: 18.23460, grid_scale: 3 / 5, strokes: 5 / 9
iteration step 232, G_loss: 0.08007, step_acc: 18.23790, grid_scale: 3 / 5, strokes: 5 / 9
iteration step 233, G_loss: 0.08004, step_acc: 18.24137, grid_scale: 3 / 5, strokes: 5 / 9
iteration step 234, G_loss: 0.08005, step_acc: 18.24046, grid_scale: 3 / 5, strokes: 5 / 9
iteration step 235, G_loss: 0.07999, step_acc: 18.24886, grid_scale: 3 / 5, strokes: 5 / 9
iteration step 236, G_loss: 0.07994, step_acc: 18.25018, grid_scale: 3 / 5, strokes: 5 / 9
iteration step 237, G_loss: 0.07991, step_acc: 18.24975, grid_scale: 3 / 5, strokes: 5 / 9
iteration step 238, G_loss: 0.07989, step_acc: 18.25397, grid_scale: 3 / 5, strokes: 5 / 9
iteration step 239, G_loss: 0.07984, step_acc: 18.25968, grid_scale: 3 / 5, strokes: 5 / 9
iteration step 240, G_loss: 0.07978, step_acc: 18.25904, grid_scale: 3 / 5, strokes: 5 / 9
iteration step 241, G_loss: 0.07976, step_acc: 18.26401, grid_scale: 3 / 5, strokes: 5 / 9
iteration step 242, G_loss: 0.07972, step_acc: 18.26059, grid_scale: 3 / 5, strokes: 5 / 9
iteration step 243, G_loss: 0.07971, step_acc: 18.26844, grid_scale: 3 / 5, strokes: 5 / 9
iteration step 244, G_loss: 0.07966, step_acc: 18.27284, grid_scale: 3 / 5, strokes: 5 / 9
iteration step 245, G_loss: 0.07961, step_acc: 18.27227, grid_scale: 3 / 5, strokes: 5 / 9
iteration step 246, G_loss: 0.07959, step_acc: 18.27482, grid_scale: 3 / 5, strokes: 5 / 9
iteration step 247, G_loss: 0.07957, step_acc: 18.27365, grid_scale: 3 / 5, strokes: 5 / 9
iteration step 248, G_loss: 0.07956, step_acc: 18.28117, grid_scale: 3 / 5, strokes: 5 / 9
iteration step 249, G_loss: 0.07953, step_acc: 18.28420, grid_scale: 3 / 5, strokes: 5 / 9
iteration step 250, G_loss: 0.07950, step_acc: 18.28391, grid_scale: 3 / 5, strokes: 5 / 9
iteration step 251, G_loss: 0.07949, step_acc: 18.28286, grid_scale: 3 / 5, strokes: 5 / 9
iteration step 252, G_loss: 0.07948, step_acc: 18.28323, grid_scale: 3 / 5, strokes: 5 / 9
iteration step 253, G_loss: 0.07947, step_acc: 18.28932, grid_scale: 3 / 5, strokes: 5 / 9
iteration step 254, G_loss: 0.07943, step_acc: 18.29139, grid_scale: 3 / 5, strokes: 5 / 9
iteration step 255, G_loss: 0.07942, step_acc: 18.29389, grid_scale: 3 / 5, strokes: 5 / 9
iteration step 256, G_loss: 0.07938, step_acc: 18.29821, grid_scale: 3 / 5, strokes: 5 / 9
iteration step 257, G_loss: 0.07936, step_acc: 18.29899, grid_scale: 3 / 5, strokes: 5 / 9
iteration step 258, G_loss: 0.07934, step_acc: 18.30095, grid_scale: 3 / 5, strokes: 5 / 9
iteration step 259, G_loss: 0.07933, step_acc: 18.30156, grid_scale: 3 / 5, strokes: 5 / 9
iteration step 260, G_loss: 0.07930, step_acc: 18.30769, grid_scale: 3 / 5, strokes: 5 / 9
iteration step 261, G_loss: 0.07929, step_acc: 18.30769, grid_scale: 3 / 5, strokes: 5 / 9
iteration step 262, G_loss: 0.07924, step_acc: 18.31670, grid_scale: 3 / 5, strokes: 5 / 9
iteration step 263, G_loss: 0.07922, step_acc: 18.31241, grid_scale: 3 / 5, strokes: 5 / 9
iteration step 264, G_loss: 0.07920, step_acc: 18.31861, grid_scale: 3 / 5, strokes: 5 / 9
iteration step 265, G_loss: 0.07918, step_acc: 18.31660, grid_scale: 3 / 5, strokes: 5 / 9
iteration step 266, G_loss: 0.07916, step_acc: 18.32693, grid_scale: 3 / 5, strokes: 5 / 9
iteration step 267, G_loss: 0.07913, step_acc: 18.32734, grid_scale: 3 / 5, strokes: 5 / 9
iteration step 268, G_loss: 0.07909, step_acc: 18.33322, grid_scale: 3 / 5, strokes: 5 / 9
iteration step 269, G_loss: 0.07907, step_acc: 18.33368, grid_scale: 3 / 5, strokes: 5 / 9
iteration step 270, G_loss: 0.07904, step_acc: 18.33770, grid_scale: 3 / 5, strokes: 5 / 9
iteration step 271, G_loss: 0.07901, step_acc: 18.34042, grid_scale: 3 / 5, strokes: 5 / 9
iteration step 272, G_loss: 0.07898, step_acc: 18.34348, grid_scale: 3 / 5, strokes: 5 / 9
iteration step 273, G_loss: 0.07896, step_acc: 18.34594, grid_scale: 3 / 5, strokes: 5 / 9
iteration step 274, G_loss: 0.07895, step_acc: 18.35014, grid_scale: 3 / 5, strokes: 5 / 9
iteration step 275, G_loss: 0.07892, step_acc: 18.39950, grid_scale: 3 / 5, strokes: 6 / 9
iteration step 276, G_loss: 0.07857, step_acc: 18.43342, grid_scale: 3 / 5, strokes: 6 / 9
iteration step 277, G_loss: 0.07819, step_acc: 18.44929, grid_scale: 3 / 5, strokes: 6 / 9
iteration step 278, G_loss: 0.07796, step_acc: 18.46532, grid_scale: 3 / 5, strokes: 6 / 9
iteration step 279, G_loss: 0.07780, step_acc: 18.48068, grid_scale: 3 / 5, strokes: 6 / 9
iteration step 280, G_loss: 0.07764, step_acc: 18.49803, grid_scale: 3 / 5, strokes: 6 / 9
iteration step 281, G_loss: 0.07752, step_acc: 18.50301, grid_scale: 3 / 5, strokes: 6 / 9
iteration step 282, G_loss: 0.07737, step_acc: 18.52025, grid_scale: 3 / 5, strokes: 6 / 9
iteration step 283, G_loss: 0.07722, step_acc: 18.52527, grid_scale: 3 / 5, strokes: 6 / 9
iteration step 284, G_loss: 0.07715, step_acc: 18.53181, grid_scale: 3 / 5, strokes: 6 / 9
iteration step 285, G_loss: 0.07708, step_acc: 18.53790, grid_scale: 3 / 5, strokes: 6 / 9
iteration step 286, G_loss: 0.07699, step_acc: 18.54396, grid_scale: 3 / 5, strokes: 6 / 9
iteration step 287, G_loss: 0.07691, step_acc: 18.55159, grid_scale: 3 / 5, strokes: 6 / 9
iteration step 288, G_loss: 0.07682, step_acc: 18.55823, grid_scale: 3 / 5, strokes: 6 / 9
iteration step 289, G_loss: 0.07674, step_acc: 18.56039, grid_scale: 3 / 5, strokes: 6 / 9
iteration step 290, G_loss: 0.07670, step_acc: 18.56769, grid_scale: 3 / 5, strokes: 6 / 9
iteration step 291, G_loss: 0.07665, step_acc: 18.56709, grid_scale: 3 / 5, strokes: 6 / 9
iteration step 292, G_loss: 0.07659, step_acc: 18.57422, grid_scale: 3 / 5, strokes: 6 / 9
iteration step 293, G_loss: 0.07652, step_acc: 18.57311, grid_scale: 3 / 5, strokes: 6 / 9
iteration step 294, G_loss: 0.07648, step_acc: 18.58140, grid_scale: 3 / 5, strokes: 6 / 9
iteration step 295, G_loss: 0.07644, step_acc: 18.58232, grid_scale: 3 / 5, strokes: 6 / 9
iteration step 296, G_loss: 0.07639, step_acc: 18.58286, grid_scale: 3 / 5, strokes: 6 / 9
iteration step 297, G_loss: 0.07637, step_acc: 18.58583, grid_scale: 3 / 5, strokes: 6 / 9
iteration step 298, G_loss: 0.07633, step_acc: 18.58968, grid_scale: 3 / 5, strokes: 6 / 9
iteration step 299, G_loss: 0.07627, step_acc: 18.59533, grid_scale: 3 / 5, strokes: 6 / 9
iteration step 300, G_loss: 0.07623, step_acc: 18.59402, grid_scale: 3 / 5, strokes: 6 / 9
iteration step 301, G_loss: 0.07619, step_acc: 18.60328, grid_scale: 3 / 5, strokes: 6 / 9
iteration step 302, G_loss: 0.07612, step_acc: 18.60735, grid_scale: 3 / 5, strokes: 6 / 9
iteration step 303, G_loss: 0.07606, step_acc: 18.61374, grid_scale: 3 / 5, strokes: 6 / 9
iteration step 304, G_loss: 0.07602, step_acc: 18.61453, grid_scale: 3 / 5, strokes: 6 / 9
iteration step 305, G_loss: 0.07597, step_acc: 18.62049, grid_scale: 3 / 5, strokes: 6 / 9
iteration step 306, G_loss: 0.07593, step_acc: 18.62340, grid_scale: 3 / 5, strokes: 6 / 9
iteration step 307, G_loss: 0.07589, step_acc: 18.62796, grid_scale: 3 / 5, strokes: 6 / 9
iteration step 308, G_loss: 0.07583, step_acc: 18.63633, grid_scale: 3 / 5, strokes: 6 / 9
iteration step 309, G_loss: 0.07578, step_acc: 18.64068, grid_scale: 3 / 5, strokes: 6 / 9
iteration step 310, G_loss: 0.07573, step_acc: 18.64639, grid_scale: 3 / 5, strokes: 6 / 9
iteration step 311, G_loss: 0.07568, step_acc: 18.64898, grid_scale: 3 / 5, strokes: 6 / 9
iteration step 312, G_loss: 0.07564, step_acc: 18.65317, grid_scale: 3 / 5, strokes: 6 / 9
iteration step 313, G_loss: 0.07560, step_acc: 18.65649, grid_scale: 3 / 5, strokes: 6 / 9
iteration step 314, G_loss: 0.07557, step_acc: 18.65861, grid_scale: 3 / 5, strokes: 6 / 9
iteration step 315, G_loss: 0.07553, step_acc: 18.66097, grid_scale: 3 / 5, strokes: 6 / 9
iteration step 316, G_loss: 0.07551, step_acc: 18.66346, grid_scale: 3 / 5, strokes: 6 / 9
iteration step 317, G_loss: 0.07549, step_acc: 18.66796, grid_scale: 3 / 5, strokes: 6 / 9
iteration step 318, G_loss: 0.07545, step_acc: 18.66701, grid_scale: 3 / 5, strokes: 6 / 9
iteration step 319, G_loss: 0.07543, step_acc: 18.67154, grid_scale: 3 / 5, strokes: 6 / 9
iteration step 320, G_loss: 0.07540, step_acc: 18.67113, grid_scale: 3 / 5, strokes: 6 / 9
iteration step 321, G_loss: 0.07538, step_acc: 18.67463, grid_scale: 3 / 5, strokes: 6 / 9
iteration step 322, G_loss: 0.07535, step_acc: 18.67587, grid_scale: 3 / 5, strokes: 6 / 9
iteration step 323, G_loss: 0.07532, step_acc: 18.67718, grid_scale: 3 / 5, strokes: 6 / 9
iteration step 324, G_loss: 0.07531, step_acc: 18.67818, grid_scale: 3 / 5, strokes: 6 / 9
iteration step 325, G_loss: 0.07529, step_acc: 18.68545, grid_scale: 3 / 5, strokes: 6 / 9
iteration step 326, G_loss: 0.07524, step_acc: 18.68501, grid_scale: 3 / 5, strokes: 6 / 9
iteration step 327, G_loss: 0.07522, step_acc: 18.68953, grid_scale: 3 / 5, strokes: 6 / 9
iteration step 328, G_loss: 0.07520, step_acc: 18.69284, grid_scale: 3 / 5, strokes: 6 / 9
iteration step 329, G_loss: 0.07515, step_acc: 18.69875, grid_scale: 3 / 5, strokes: 6 / 9
iteration step 330, G_loss: 0.07512, step_acc: 18.73779, grid_scale: 3 / 5, strokes: 7 / 9
iteration step 331, G_loss: 0.07507, step_acc: 18.77582, grid_scale: 3 / 5, strokes: 7 / 9
iteration step 332, G_loss: 0.07466, step_acc: 18.79614, grid_scale: 3 / 5, strokes: 7 / 9
iteration step 333, G_loss: 0.07444, step_acc: 18.81183, grid_scale: 3 / 5, strokes: 7 / 9
iteration step 334, G_loss: 0.07425, step_acc: 18.82332, grid_scale: 3 / 5, strokes: 7 / 9
iteration step 335, G_loss: 0.07414, step_acc: 18.83569, grid_scale: 3 / 5, strokes: 7 / 9
iteration step 336, G_loss: 0.07402, step_acc: 18.84176, grid_scale: 3 / 5, strokes: 7 / 9
iteration step 337, G_loss: 0.07390, step_acc: 18.85705, grid_scale: 3 / 5, strokes: 7 / 9
iteration step 338, G_loss: 0.07379, step_acc: 18.86487, grid_scale: 3 / 5, strokes: 7 / 9
iteration step 339, G_loss: 0.07370, step_acc: 18.86894, grid_scale: 3 / 5, strokes: 7 / 9
iteration step 340, G_loss: 0.07364, step_acc: 18.87242, grid_scale: 3 / 5, strokes: 7 / 9
iteration step 341, G_loss: 0.07354, step_acc: 18.89023, grid_scale: 3 / 5, strokes: 7 / 9
iteration step 342, G_loss: 0.07343, step_acc: 18.89570, grid_scale: 3 / 5, strokes: 7 / 9
iteration step 343, G_loss: 0.07333, step_acc: 18.90392, grid_scale: 3 / 5, strokes: 7 / 9
iteration step 344, G_loss: 0.07327, step_acc: 18.90985, grid_scale: 3 / 5, strokes: 7 / 9
iteration step 345, G_loss: 0.07318, step_acc: 18.91362, grid_scale: 3 / 5, strokes: 7 / 9
iteration step 346, G_loss: 0.07313, step_acc: 18.91988, grid_scale: 3 / 5, strokes: 7 / 9
iteration step 347, G_loss: 0.07306, step_acc: 18.92570, grid_scale: 3 / 5, strokes: 7 / 9
iteration step 348, G_loss: 0.07301, step_acc: 18.93534, grid_scale: 3 / 5, strokes: 7 / 9
iteration step 349, G_loss: 0.07288, step_acc: 18.94432, grid_scale: 3 / 5, strokes: 7 / 9
iteration step 350, G_loss: 0.07281, step_acc: 18.95221, grid_scale: 3 / 5, strokes: 7 / 9
iteration step 351, G_loss: 0.07275, step_acc: 18.95261, grid_scale: 3 / 5, strokes: 7 / 9
iteration step 352, G_loss: 0.07268, step_acc: 18.96218, grid_scale: 3 / 5, strokes: 7 / 9
iteration step 353, G_loss: 0.07260, step_acc: 18.96322, grid_scale: 3 / 5, strokes: 7 / 9
iteration step 354, G_loss: 0.07256, step_acc: 18.96894, grid_scale: 3 / 5, strokes: 7 / 9
iteration step 355, G_loss: 0.07249, step_acc: 18.97727, grid_scale: 3 / 5, strokes: 7 / 9
iteration step 356, G_loss: 0.07244, step_acc: 18.97892, grid_scale: 3 / 5, strokes: 7 / 9
iteration step 357, G_loss: 0.07237, step_acc: 18.98758, grid_scale: 3 / 5, strokes: 7 / 9
iteration step 358, G_loss: 0.07231, step_acc: 18.99430, grid_scale: 3 / 5, strokes: 7 / 9
iteration step 359, G_loss: 0.07225, step_acc: 19.00081, grid_scale: 3 / 5, strokes: 7 / 9
iteration step 360, G_loss: 0.07216, step_acc: 19.00368, grid_scale: 3 / 5, strokes: 7 / 9
iteration step 361, G_loss: 0.07210, step_acc: 19.00983, grid_scale: 3 / 5, strokes: 7 / 9
iteration step 362, G_loss: 0.07206, step_acc: 19.01110, grid_scale: 3 / 5, strokes: 7 / 9
iteration step 363, G_loss: 0.07202, step_acc: 19.01427, grid_scale: 3 / 5, strokes: 7 / 9
iteration step 364, G_loss: 0.07199, step_acc: 19.01594, grid_scale: 3 / 5, strokes: 7 / 9
iteration step 365, G_loss: 0.07196, step_acc: 19.02006, grid_scale: 3 / 5, strokes: 7 / 9
iteration step 366, G_loss: 0.07192, step_acc: 19.02266, grid_scale: 3 / 5, strokes: 7 / 9
iteration step 367, G_loss: 0.07186, step_acc: 19.03083, grid_scale: 3 / 5, strokes: 7 / 9
iteration step 368, G_loss: 0.07181, step_acc: 19.03166, grid_scale: 3 / 5, strokes: 7 / 9
iteration step 369, G_loss: 0.07174, step_acc: 19.03441, grid_scale: 3 / 5, strokes: 7 / 9
iteration step 370, G_loss: 0.07167, step_acc: 19.03909, grid_scale: 3 / 5, strokes: 7 / 9
iteration step 371, G_loss: 0.07163, step_acc: 19.04336, grid_scale: 3 / 5, strokes: 7 / 9
iteration step 372, G_loss: 0.07156, step_acc: 19.04846, grid_scale: 3 / 5, strokes: 7 / 9
iteration step 373, G_loss: 0.07151, step_acc: 19.04980, grid_scale: 3 / 5, strokes: 7 / 9
iteration step 374, G_loss: 0.07149, step_acc: 19.05502, grid_scale: 3 / 5, strokes: 7 / 9
iteration step 375, G_loss: 0.07144, step_acc: 19.06004, grid_scale: 3 / 5, strokes: 7 / 9
iteration step 376, G_loss: 0.07140, step_acc: 19.06425, grid_scale: 3 / 5, strokes: 7 / 9
iteration step 377, G_loss: 0.07137, step_acc: 19.06474, grid_scale: 3 / 5, strokes: 7 / 9
iteration step 378, G_loss: 0.07132, step_acc: 19.07383, grid_scale: 3 / 5, strokes: 7 / 9
iteration step 379, G_loss: 0.07129, step_acc: 19.07413, grid_scale: 3 / 5, strokes: 7 / 9
iteration step 380, G_loss: 0.07124, step_acc: 19.08007, grid_scale: 3 / 5, strokes: 7 / 9
iteration step 381, G_loss: 0.07121, step_acc: 19.08313, grid_scale: 3 / 5, strokes: 7 / 9
iteration step 382, G_loss: 0.07118, step_acc: 19.08914, grid_scale: 3 / 5, strokes: 7 / 9
iteration step 383, G_loss: 0.07114, step_acc: 19.08997, grid_scale: 3 / 5, strokes: 7 / 9
iteration step 384, G_loss: 0.07111, step_acc: 19.09572, grid_scale: 3 / 5, strokes: 7 / 9
iteration step 385, G_loss: 0.07108, step_acc: 19.17614, grid_scale: 3 / 5, strokes: 8 / 9
iteration step 386, G_loss: 0.07079, step_acc: 19.23678, grid_scale: 3 / 5, strokes: 8 / 9
iteration step 387, G_loss: 0.07038, step_acc: 19.25506, grid_scale: 3 / 5, strokes: 8 / 9
iteration step 388, G_loss: 0.07011, step_acc: 19.28568, grid_scale: 3 / 5, strokes: 8 / 9
iteration step 389, G_loss: 0.06993, step_acc: 19.30277, grid_scale: 3 / 5, strokes: 8 / 9
iteration step 390, G_loss: 0.06977, step_acc: 19.32240, grid_scale: 3 / 5, strokes: 8 / 9
iteration step 391, G_loss: 0.06964, step_acc: 19.32718, grid_scale: 3 / 5, strokes: 8 / 9
iteration step 392, G_loss: 0.06954, step_acc: 19.34619, grid_scale: 3 / 5, strokes: 8 / 9
iteration step 393, G_loss: 0.06944, step_acc: 19.34985, grid_scale: 3 / 5, strokes: 8 / 9
iteration step 394, G_loss: 0.06937, step_acc: 19.36778, grid_scale: 3 / 5, strokes: 8 / 9
iteration step 395, G_loss: 0.06929, step_acc: 19.37047, grid_scale: 3 / 5, strokes: 8 / 9
iteration step 396, G_loss: 0.06916, step_acc: 19.38768, grid_scale: 3 / 5, strokes: 8 / 9
iteration step 397, G_loss: 0.06907, step_acc: 19.39439, grid_scale: 3 / 5, strokes: 8 / 9
iteration step 398, G_loss: 0.06896, step_acc: 19.40654, grid_scale: 3 / 5, strokes: 8 / 9
iteration step 399, G_loss: 0.06888, step_acc: 19.41243, grid_scale: 3 / 5, strokes: 8 / 9
iteration step 400, G_loss: 0.06881, step_acc: 19.42533, grid_scale: 3 / 5, strokes: 8 / 9
iteration step 401, G_loss: 0.06873, step_acc: 19.42759, grid_scale: 3 / 5, strokes: 8 / 9
iteration step 402, G_loss: 0.06866, step_acc: 19.44269, grid_scale: 3 / 5, strokes: 8 / 9
iteration step 403, G_loss: 0.06860, step_acc: 19.44694, grid_scale: 3 / 5, strokes: 8 / 9
iteration step 404, G_loss: 0.06852, step_acc: 19.45660, grid_scale: 3 / 5, strokes: 8 / 9
iteration step 405, G_loss: 0.06846, step_acc: 19.46495, grid_scale: 3 / 5, strokes: 8 / 9
iteration step 406, G_loss: 0.06841, step_acc: 19.47308, grid_scale: 3 / 5, strokes: 8 / 9
iteration step 407, G_loss: 0.06835, step_acc: 19.47644, grid_scale: 3 / 5, strokes: 8 / 9
iteration step 408, G_loss: 0.06832, step_acc: 19.48171, grid_scale: 3 / 5, strokes: 8 / 9
iteration step 409, G_loss: 0.06831, step_acc: 19.48886, grid_scale: 3 / 5, strokes: 8 / 9
iteration step 410, G_loss: 0.06825, step_acc: 19.48909, grid_scale: 3 / 5, strokes: 8 / 9
iteration step 411, G_loss: 0.06822, step_acc: 19.49398, grid_scale: 3 / 5, strokes: 8 / 9
iteration step 412, G_loss: 0.06817, step_acc: 19.49661, grid_scale: 3 / 5, strokes: 8 / 9
iteration step 413, G_loss: 0.06812, step_acc: 19.50704, grid_scale: 3 / 5, strokes: 8 / 9
iteration step 414, G_loss: 0.06808, step_acc: 19.50598, grid_scale: 3 / 5, strokes: 8 / 9
iteration step 415, G_loss: 0.06803, step_acc: 19.51296, grid_scale: 3 / 5, strokes: 8 / 9
iteration step 416, G_loss: 0.06799, step_acc: 19.51828, grid_scale: 3 / 5, strokes: 8 / 9
iteration step 417, G_loss: 0.06797, step_acc: 19.51683, grid_scale: 3 / 5, strokes: 8 / 9
iteration step 418, G_loss: 0.06797, step_acc: 19.51965, grid_scale: 3 / 5, strokes: 8 / 9
iteration step 419, G_loss: 0.06793, step_acc: 19.52513, grid_scale: 3 / 5, strokes: 8 / 9
iteration step 420, G_loss: 0.06788, step_acc: 19.52269, grid_scale: 3 / 5, strokes: 8 / 9
iteration step 421, G_loss: 0.06787, step_acc: 19.52792, grid_scale: 3 / 5, strokes: 8 / 9
iteration step 422, G_loss: 0.06785, step_acc: 19.52611, grid_scale: 3 / 5, strokes: 8 / 9
iteration step 423, G_loss: 0.06784, step_acc: 19.53132, grid_scale: 3 / 5, strokes: 8 / 9
iteration step 424, G_loss: 0.06783, step_acc: 19.53256, grid_scale: 3 / 5, strokes: 8 / 9
iteration step 425, G_loss: 0.06784, step_acc: 19.53018, grid_scale: 3 / 5, strokes: 8 / 9
iteration step 426, G_loss: 0.06782, step_acc: 19.53757, grid_scale: 3 / 5, strokes: 8 / 9
iteration step 427, G_loss: 0.06779, step_acc: 19.53240, grid_scale: 3 / 5, strokes: 8 / 9
iteration step 428, G_loss: 0.06781, step_acc: 19.53947, grid_scale: 3 / 5, strokes: 8 / 9
iteration step 429, G_loss: 0.06776, step_acc: 19.54171, grid_scale: 3 / 5, strokes: 8 / 9
iteration step 430, G_loss: 0.06772, step_acc: 19.54251, grid_scale: 3 / 5, strokes: 8 / 9
iteration step 431, G_loss: 0.06772, step_acc: 19.54678, grid_scale: 3 / 5, strokes: 8 / 9
iteration step 432, G_loss: 0.06769, step_acc: 19.55376, grid_scale: 3 / 5, strokes: 8 / 9
iteration step 433, G_loss: 0.06767, step_acc: 19.55575, grid_scale: 3 / 5, strokes: 8 / 9
iteration step 434, G_loss: 0.06761, step_acc: 19.56057, grid_scale: 3 / 5, strokes: 8 / 9
iteration step 435, G_loss: 0.06762, step_acc: 19.56136, grid_scale: 3 / 5, strokes: 8 / 9
iteration step 436, G_loss: 0.06758, step_acc: 19.57152, grid_scale: 3 / 5, strokes: 8 / 9
iteration step 437, G_loss: 0.06755, step_acc: 19.57301, grid_scale: 3 / 5, strokes: 8 / 9
iteration step 438, G_loss: 0.06754, step_acc: 19.58292, grid_scale: 3 / 5, strokes: 8 / 9
iteration step 439, G_loss: 0.06751, step_acc: 19.58323, grid_scale: 3 / 5, strokes: 8 / 9
iteration step 440, G_loss: 0.06745, step_acc: 19.66762, grid_scale: 3 / 5, strokes: 9 / 9
iteration step 441, G_loss: 0.06699, step_acc: 19.69658, grid_scale: 3 / 5, strokes: 9 / 9
iteration step 442, G_loss: 0.06665, step_acc: 19.71831, grid_scale: 3 / 5, strokes: 9 / 9
iteration step 443, G_loss: 0.06649, step_acc: 19.73480, grid_scale: 3 / 5, strokes: 9 / 9
iteration step 444, G_loss: 0.06637, step_acc: 19.74531, grid_scale: 3 / 5, strokes: 9 / 9
iteration step 445, G_loss: 0.06622, step_acc: 19.76143, grid_scale: 3 / 5, strokes: 9 / 9
iteration step 446, G_loss: 0.06608, step_acc: 19.76835, grid_scale: 3 / 5, strokes: 9 / 9
iteration step 447, G_loss: 0.06602, step_acc: 19.77652, grid_scale: 3 / 5, strokes: 9 / 9
iteration step 448, G_loss: 0.06592, step_acc: 19.78726, grid_scale: 3 / 5, strokes: 9 / 9
iteration step 449, G_loss: 0.06582, step_acc: 19.79316, grid_scale: 3 / 5, strokes: 9 / 9
iteration step 450, G_loss: 0.06576, step_acc: 19.80252, grid_scale: 3 / 5, strokes: 9 / 9
iteration step 451, G_loss: 0.06568, step_acc: 19.80001, grid_scale: 3 / 5, strokes: 9 / 9
iteration step 452, G_loss: 0.06567, step_acc: 19.80705, grid_scale: 3 / 5, strokes: 9 / 9
iteration step 453, G_loss: 0.06559, step_acc: 19.81750, grid_scale: 3 / 5, strokes: 9 / 9
iteration step 454, G_loss: 0.06555, step_acc: 19.81809, grid_scale: 3 / 5, strokes: 9 / 9
iteration step 455, G_loss: 0.06552, step_acc: 19.82268, grid_scale: 3 / 5, strokes: 9 / 9
iteration step 456, G_loss: 0.06547, step_acc: 19.83345, grid_scale: 3 / 5, strokes: 9 / 9
iteration step 457, G_loss: 0.06541, step_acc: 19.82960, grid_scale: 3 / 5, strokes: 9 / 9
iteration step 458, G_loss: 0.06534, step_acc: 19.84695, grid_scale: 3 / 5, strokes: 9 / 9
iteration step 459, G_loss: 0.06531, step_acc: 19.84585, grid_scale: 3 / 5, strokes: 9 / 9
iteration step 460, G_loss: 0.06526, step_acc: 19.85174, grid_scale: 3 / 5, strokes: 9 / 9
iteration step 461, G_loss: 0.06522, step_acc: 19.84666, grid_scale: 3 / 5, strokes: 9 / 9
iteration step 462, G_loss: 0.06520, step_acc: 19.85718, grid_scale: 3 / 5, strokes: 9 / 9
iteration step 463, G_loss: 0.06516, step_acc: 19.85180, grid_scale: 3 / 5, strokes: 9 / 9
iteration step 464, G_loss: 0.06513, step_acc: 19.86304, grid_scale: 3 / 5, strokes: 9 / 9
iteration step 465, G_loss: 0.06509, step_acc: 19.86028, grid_scale: 3 / 5, strokes: 9 / 9
iteration step 466, G_loss: 0.06506, step_acc: 19.86748, grid_scale: 3 / 5, strokes: 9 / 9
iteration step 467, G_loss: 0.06504, step_acc: 19.86512, grid_scale: 3 / 5, strokes: 9 / 9
iteration step 468, G_loss: 0.06503, step_acc: 19.87002, grid_scale: 3 / 5, strokes: 9 / 9
iteration step 469, G_loss: 0.06501, step_acc: 19.87222, grid_scale: 3 / 5, strokes: 9 / 9
iteration step 470, G_loss: 0.06499, step_acc: 19.87555, grid_scale: 3 / 5, strokes: 9 / 9
iteration step 471, G_loss: 0.06496, step_acc: 19.87680, grid_scale: 3 / 5, strokes: 9 / 9
iteration step 472, G_loss: 0.06493, step_acc: 19.88302, grid_scale: 3 / 5, strokes: 9 / 9
iteration step 473, G_loss: 0.06490, step_acc: 19.88358, grid_scale: 3 / 5, strokes: 9 / 9
iteration step 474, G_loss: 0.06486, step_acc: 19.89252, grid_scale: 3 / 5, strokes: 9 / 9
iteration step 475, G_loss: 0.06482, step_acc: 19.89495, grid_scale: 3 / 5, strokes: 9 / 9
iteration step 476, G_loss: 0.06477, step_acc: 19.89915, grid_scale: 3 / 5, strokes: 9 / 9
iteration step 477, G_loss: 0.06474, step_acc: 19.90349, grid_scale: 3 / 5, strokes: 9 / 9
iteration step 478, G_loss: 0.06474, step_acc: 19.89923, grid_scale: 3 / 5, strokes: 9 / 9
iteration step 479, G_loss: 0.06471, step_acc: 19.91722, grid_scale: 3 / 5, strokes: 9 / 9
iteration step 480, G_loss: 0.06468, step_acc: 19.91418, grid_scale: 3 / 5, strokes: 9 / 9
iteration step 481, G_loss: 0.06464, step_acc: 19.92033, grid_scale: 3 / 5, strokes: 9 / 9
iteration step 482, G_loss: 0.06462, step_acc: 19.92889, grid_scale: 3 / 5, strokes: 9 / 9
iteration step 483, G_loss: 0.06459, step_acc: 19.92442, grid_scale: 3 / 5, strokes: 9 / 9
iteration step 484, G_loss: 0.06459, step_acc: 19.92829, grid_scale: 3 / 5, strokes: 9 / 9
iteration step 485, G_loss: 0.06455, step_acc: 19.93163, grid_scale: 3 / 5, strokes: 9 / 9
iteration step 486, G_loss: 0.06453, step_acc: 19.94205, grid_scale: 3 / 5, strokes: 9 / 9
iteration step 487, G_loss: 0.06447, step_acc: 19.94576, grid_scale: 3 / 5, strokes: 9 / 9
iteration step 488, G_loss: 0.06445, step_acc: 19.94368, grid_scale: 3 / 5, strokes: 9 / 9
iteration step 489, G_loss: 0.06441, step_acc: 19.95359, grid_scale: 3 / 5, strokes: 9 / 9
iteration step 490, G_loss: 0.06439, step_acc: 19.95196, grid_scale: 3 / 5, strokes: 9 / 9
iteration step 491, G_loss: 0.06436, step_acc: 19.95578, grid_scale: 3 / 5, strokes: 9 / 9
iteration step 492, G_loss: 0.06436, step_acc: 19.95560, grid_scale: 3 / 5, strokes: 9 / 9
iteration step 493, G_loss: 0.06434, step_acc: 19.96016, grid_scale: 3 / 5, strokes: 9 / 9
iteration step 494, G_loss: 0.06432, step_acc: 19.95873, grid_scale: 3 / 5, strokes: 9 / 9
rendering canvas...
iteration step 0, G_loss: 0.06431, step_acc: 19.18541, grid_scale: 4 / 5, strokes: 1 / 9
iteration step 1, G_loss: 0.07101, step_acc: 19.23792, grid_scale: 4 / 5, strokes: 1 / 9
iteration step 2, G_loss: 0.07056, step_acc: 19.26103, grid_scale: 4 / 5, strokes: 1 / 9
iteration step 3, G_loss: 0.07034, step_acc: 19.26901, grid_scale: 4 / 5, strokes: 1 / 9
iteration step 4, G_loss: 0.07026, step_acc: 19.27942, grid_scale: 4 / 5, strokes: 1 / 9
iteration step 5, G_loss: 0.07014, step_acc: 19.28710, grid_scale: 4 / 5, strokes: 1 / 9
iteration step 6, G_loss: 0.07005, step_acc: 19.29782, grid_scale: 4 / 5, strokes: 1 / 9
iteration step 7, G_loss: 0.06996, step_acc: 19.30483, grid_scale: 4 / 5, strokes: 1 / 9
iteration step 8, G_loss: 0.06989, step_acc: 19.31117, grid_scale: 4 / 5, strokes: 1 / 9
iteration step 9, G_loss: 0.06983, step_acc: 19.31939, grid_scale: 4 / 5, strokes: 1 / 9
iteration step 10, G_loss: 0.06978, step_acc: 19.32297, grid_scale: 4 / 5, strokes: 1 / 9
iteration step 11, G_loss: 0.06973, step_acc: 19.32517, grid_scale: 4 / 5, strokes: 1 / 9
iteration step 12, G_loss: 0.06972, step_acc: 19.32756, grid_scale: 4 / 5, strokes: 1 / 9
iteration step 13, G_loss: 0.06967, step_acc: 19.33380, grid_scale: 4 / 5, strokes: 1 / 9
iteration step 14, G_loss: 0.06964, step_acc: 19.33609, grid_scale: 4 / 5, strokes: 1 / 9
iteration step 15, G_loss: 0.06959, step_acc: 19.33817, grid_scale: 4 / 5, strokes: 1 / 9
iteration step 16, G_loss: 0.06958, step_acc: 19.34229, grid_scale: 4 / 5, strokes: 1 / 9
iteration step 17, G_loss: 0.06953, step_acc: 19.34671, grid_scale: 4 / 5, strokes: 1 / 9
iteration step 18, G_loss: 0.06951, step_acc: 19.34625, grid_scale: 4 / 5, strokes: 1 / 9
iteration step 19, G_loss: 0.06949, step_acc: 19.35078, grid_scale: 4 / 5, strokes: 1 / 9
iteration step 20, G_loss: 0.06947, step_acc: 19.35166, grid_scale: 4 / 5, strokes: 1 / 9
iteration step 21, G_loss: 0.06943, step_acc: 19.35484, grid_scale: 4 / 5, strokes: 1 / 9
iteration step 22, G_loss: 0.06941, step_acc: 19.35559, grid_scale: 4 / 5, strokes: 1 / 9
iteration step 23, G_loss: 0.06939, step_acc: 19.36005, grid_scale: 4 / 5, strokes: 1 / 9
iteration step 24, G_loss: 0.06936, step_acc: 19.36183, grid_scale: 4 / 5, strokes: 1 / 9
iteration step 25, G_loss: 0.06933, step_acc: 19.36901, grid_scale: 4 / 5, strokes: 1 / 9
iteration step 26, G_loss: 0.06928, step_acc: 19.37290, grid_scale: 4 / 5, strokes: 1 / 9
iteration step 27, G_loss: 0.06923, step_acc: 19.37655, grid_scale: 4 / 5, strokes: 1 / 9
iteration step 28, G_loss: 0.06919, step_acc: 19.37894, grid_scale: 4 / 5, strokes: 1 / 9
iteration step 29, G_loss: 0.06916, step_acc: 19.38102, grid_scale: 4 / 5, strokes: 1 / 9
iteration step 30, G_loss: 0.06914, step_acc: 19.38319, grid_scale: 4 / 5, strokes: 1 / 9
iteration step 31, G_loss: 0.06912, step_acc: 19.38488, grid_scale: 4 / 5, strokes: 1 / 9
iteration step 32, G_loss: 0.06911, step_acc: 19.38704, grid_scale: 4 / 5, strokes: 1 / 9
iteration step 33, G_loss: 0.06909, step_acc: 19.38801, grid_scale: 4 / 5, strokes: 1 / 9
iteration step 34, G_loss: 0.06908, step_acc: 19.39005, grid_scale: 4 / 5, strokes: 1 / 9
iteration step 35, G_loss: 0.06907, step_acc: 19.39124, grid_scale: 4 / 5, strokes: 1 / 9
iteration step 36, G_loss: 0.06905, step_acc: 19.39298, grid_scale: 4 / 5, strokes: 1 / 9
iteration step 37, G_loss: 0.06903, step_acc: 19.39432, grid_scale: 4 / 5, strokes: 1 / 9
iteration step 38, G_loss: 0.06902, step_acc: 19.39582, grid_scale: 4 / 5, strokes: 1 / 9
iteration step 39, G_loss: 0.06901, step_acc: 19.39676, grid_scale: 4 / 5, strokes: 1 / 9
iteration step 40, G_loss: 0.06900, step_acc: 19.39818, grid_scale: 4 / 5, strokes: 1 / 9
iteration step 41, G_loss: 0.06899, step_acc: 19.39965, grid_scale: 4 / 5, strokes: 1 / 9
iteration step 42, G_loss: 0.06898, step_acc: 19.39946, grid_scale: 4 / 5, strokes: 1 / 9
iteration step 43, G_loss: 0.06897, step_acc: 19.40203, grid_scale: 4 / 5, strokes: 1 / 9
iteration step 44, G_loss: 0.06895, step_acc: 19.40258, grid_scale: 4 / 5, strokes: 1 / 9
iteration step 45, G_loss: 0.06894, step_acc: 19.40429, grid_scale: 4 / 5, strokes: 1 / 9
iteration step 46, G_loss: 0.06893, step_acc: 19.40523, grid_scale: 4 / 5, strokes: 1 / 9
iteration step 47, G_loss: 0.06892, step_acc: 19.40678, grid_scale: 4 / 5, strokes: 1 / 9
iteration step 48, G_loss: 0.06890, step_acc: 19.40799, grid_scale: 4 / 5, strokes: 1 / 9
iteration step 49, G_loss: 0.06889, step_acc: 19.41010, grid_scale: 4 / 5, strokes: 1 / 9
iteration step 50, G_loss: 0.06888, step_acc: 19.41138, grid_scale: 4 / 5, strokes: 1 / 9
iteration step 51, G_loss: 0.06886, step_acc: 19.41398, grid_scale: 4 / 5, strokes: 1 / 9
iteration step 52, G_loss: 0.06884, step_acc: 19.41589, grid_scale: 4 / 5, strokes: 1 / 9
iteration step 53, G_loss: 0.06883, step_acc: 19.41782, grid_scale: 4 / 5, strokes: 1 / 9
iteration step 54, G_loss: 0.06881, step_acc: 19.41938, grid_scale: 4 / 5, strokes: 1 / 9
iteration step 55, G_loss: 0.06880, step_acc: 19.46112, grid_scale: 4 / 5, strokes: 2 / 9
iteration step 56, G_loss: 0.06853, step_acc: 19.49034, grid_scale: 4 / 5, strokes: 2 / 9
iteration step 57, G_loss: 0.06831, step_acc: 19.52883, grid_scale: 4 / 5, strokes: 2 / 9
iteration step 58, G_loss: 0.06804, step_acc: 19.55286, grid_scale: 4 / 5, strokes: 2 / 9
iteration step 59, G_loss: 0.06785, step_acc: 19.56999, grid_scale: 4 / 5, strokes: 2 / 9
iteration step 60, G_loss: 0.06773, step_acc: 19.58223, grid_scale: 4 / 5, strokes: 2 / 9
iteration step 61, G_loss: 0.06764, step_acc: 19.59076, grid_scale: 4 / 5, strokes: 2 / 9
iteration step 62, G_loss: 0.06757, step_acc: 19.59543, grid_scale: 4 / 5, strokes: 2 / 9
iteration step 63, G_loss: 0.06751, step_acc: 19.60338, grid_scale: 4 / 5, strokes: 2 / 9
iteration step 64, G_loss: 0.06745, step_acc: 19.61166, grid_scale: 4 / 5, strokes: 2 / 9
iteration step 65, G_loss: 0.06738, step_acc: 19.61500, grid_scale: 4 / 5, strokes: 2 / 9
iteration step 66, G_loss: 0.06733, step_acc: 19.61849, grid_scale: 4 / 5, strokes: 2 / 9
iteration step 67, G_loss: 0.06728, step_acc: 19.62451, grid_scale: 4 / 5, strokes: 2 / 9
iteration step 68, G_loss: 0.06723, step_acc: 19.62615, grid_scale: 4 / 5, strokes: 2 / 9
iteration step 69, G_loss: 0.06720, step_acc: 19.63114, grid_scale: 4 / 5, strokes: 2 / 9
iteration step 70, G_loss: 0.06720, step_acc: 19.63026, grid_scale: 4 / 5, strokes: 2 / 9
iteration step 71, G_loss: 0.06717, step_acc: 19.63594, grid_scale: 4 / 5, strokes: 2 / 9
iteration step 72, G_loss: 0.06712, step_acc: 19.63793, grid_scale: 4 / 5, strokes: 2 / 9
iteration step 73, G_loss: 0.06711, step_acc: 19.64125, grid_scale: 4 / 5, strokes: 2 / 9
iteration step 74, G_loss: 0.06708, step_acc: 19.64569, grid_scale: 4 / 5, strokes: 2 / 9
iteration step 75, G_loss: 0.06705, step_acc: 19.64690, grid_scale: 4 / 5, strokes: 2 / 9
iteration step 76, G_loss: 0.06704, step_acc: 19.65088, grid_scale: 4 / 5, strokes: 2 / 9
iteration step 77, G_loss: 0.06700, step_acc: 19.65126, grid_scale: 4 / 5, strokes: 2 / 9
iteration step 78, G_loss: 0.06698, step_acc: 19.65491, grid_scale: 4 / 5, strokes: 2 / 9
iteration step 79, G_loss: 0.06696, step_acc: 19.65648, grid_scale: 4 / 5, strokes: 2 / 9
iteration step 80, G_loss: 0.06694, step_acc: 19.65749, grid_scale: 4 / 5, strokes: 2 / 9
iteration step 81, G_loss: 0.06691, step_acc: 19.65921, grid_scale: 4 / 5, strokes: 2 / 9
iteration step 82, G_loss: 0.06689, step_acc: 19.66100, grid_scale: 4 / 5, strokes: 2 / 9
iteration step 83, G_loss: 0.06686, step_acc: 19.66274, grid_scale: 4 / 5, strokes: 2 / 9
iteration step 84, G_loss: 0.06685, step_acc: 19.66339, grid_scale: 4 / 5, strokes: 2 / 9
iteration step 85, G_loss: 0.06683, step_acc: 19.66528, grid_scale: 4 / 5, strokes: 2 / 9
iteration step 86, G_loss: 0.06681, step_acc: 19.66798, grid_scale: 4 / 5, strokes: 2 / 9
iteration step 87, G_loss: 0.06678, step_acc: 19.66938, grid_scale: 4 / 5, strokes: 2 / 9
iteration step 88, G_loss: 0.06677, step_acc: 19.67093, grid_scale: 4 / 5, strokes: 2 / 9
iteration step 89, G_loss: 0.06675, step_acc: 19.67492, grid_scale: 4 / 5, strokes: 2 / 9
iteration step 90, G_loss: 0.06672, step_acc: 19.67671, grid_scale: 4 / 5, strokes: 2 / 9
iteration step 91, G_loss: 0.06668, step_acc: 19.68104, grid_scale: 4 / 5, strokes: 2 / 9
iteration step 92, G_loss: 0.06666, step_acc: 19.68195, grid_scale: 4 / 5, strokes: 2 / 9
iteration step 93, G_loss: 0.06665, step_acc: 19.68443, grid_scale: 4 / 5, strokes: 2 / 9
iteration step 94, G_loss: 0.06662, step_acc: 19.68308, grid_scale: 4 / 5, strokes: 2 / 9
iteration step 95, G_loss: 0.06661, step_acc: 19.68930, grid_scale: 4 / 5, strokes: 2 / 9
iteration step 96, G_loss: 0.06658, step_acc: 19.68958, grid_scale: 4 / 5, strokes: 2 / 9
iteration step 97, G_loss: 0.06656, step_acc: 19.69251, grid_scale: 4 / 5, strokes: 2 / 9
iteration step 98, G_loss: 0.06654, step_acc: 19.69123, grid_scale: 4 / 5, strokes: 2 / 9
iteration step 99, G_loss: 0.06654, step_acc: 19.69400, grid_scale: 4 / 5, strokes: 2 / 9
iteration step 100, G_loss: 0.06652, step_acc: 19.69508, grid_scale: 4 / 5, strokes: 2 / 9
iteration step 101, G_loss: 0.06650, step_acc: 19.69704, grid_scale: 4 / 5, strokes: 2 / 9
iteration step 102, G_loss: 0.06649, step_acc: 19.69821, grid_scale: 4 / 5, strokes: 2 / 9
iteration step 103, G_loss: 0.06649, step_acc: 19.69793, grid_scale: 4 / 5, strokes: 2 / 9
iteration step 104, G_loss: 0.06647, step_acc: 19.70137, grid_scale: 4 / 5, strokes: 2 / 9
iteration step 105, G_loss: 0.06645, step_acc: 19.70161, grid_scale: 4 / 5, strokes: 2 / 9
iteration step 106, G_loss: 0.06645, step_acc: 19.70277, grid_scale: 4 / 5, strokes: 2 / 9
iteration step 107, G_loss: 0.06644, step_acc: 19.70281, grid_scale: 4 / 5, strokes: 2 / 9
iteration step 108, G_loss: 0.06641, step_acc: 19.70512, grid_scale: 4 / 5, strokes: 2 / 9
iteration step 109, G_loss: 0.06639, step_acc: 19.70481, grid_scale: 4 / 5, strokes: 2 / 9
iteration step 110, G_loss: 0.06638, step_acc: 19.78111, grid_scale: 4 / 5, strokes: 3 / 9
iteration step 111, G_loss: 0.06614, step_acc: 19.82077, grid_scale: 4 / 5, strokes: 3 / 9
iteration step 112, G_loss: 0.06588, step_acc: 19.86705, grid_scale: 4 / 5, strokes: 3 / 9
iteration step 113, G_loss: 0.06558, step_acc: 19.87624, grid_scale: 4 / 5, strokes: 3 / 9
iteration step 114, G_loss: 0.06545, step_acc: 19.89431, grid_scale: 4 / 5, strokes: 3 / 9
iteration step 115, G_loss: 0.06532, step_acc: 19.90422, grid_scale: 4 / 5, strokes: 3 / 9
iteration step 116, G_loss: 0.06520, step_acc: 19.91210, grid_scale: 4 / 5, strokes: 3 / 9
iteration step 117, G_loss: 0.06514, step_acc: 19.91595, grid_scale: 4 / 5, strokes: 3 / 9
iteration step 118, G_loss: 0.06507, step_acc: 19.92229, grid_scale: 4 / 5, strokes: 3 / 9
iteration step 119, G_loss: 0.06504, step_acc: 19.92566, grid_scale: 4 / 5, strokes: 3 / 9
iteration step 120, G_loss: 0.06498, step_acc: 19.93039, grid_scale: 4 / 5, strokes: 3 / 9
iteration step 121, G_loss: 0.06494, step_acc: 19.93571, grid_scale: 4 / 5, strokes: 3 / 9
iteration step 122, G_loss: 0.06490, step_acc: 19.93818, grid_scale: 4 / 5, strokes: 3 / 9
iteration step 123, G_loss: 0.06486, step_acc: 19.94337, grid_scale: 4 / 5, strokes: 3 / 9
iteration step 124, G_loss: 0.06482, step_acc: 19.94889, grid_scale: 4 / 5, strokes: 3 / 9
iteration step 125, G_loss: 0.06478, step_acc: 19.95288, grid_scale: 4 / 5, strokes: 3 / 9
iteration step 126, G_loss: 0.06473, step_acc: 19.95515, grid_scale: 4 / 5, strokes: 3 / 9
iteration step 127, G_loss: 0.06471, step_acc: 19.95909, grid_scale: 4 / 5, strokes: 3 / 9
iteration step 128, G_loss: 0.06469, step_acc: 19.95998, grid_scale: 4 / 5, strokes: 3 / 9
iteration step 129, G_loss: 0.06467, step_acc: 19.96259, grid_scale: 4 / 5, strokes: 3 / 9
iteration step 130, G_loss: 0.06464, step_acc: 19.96566, grid_scale: 4 / 5, strokes: 3 / 9
iteration step 131, G_loss: 0.06462, step_acc: 19.96899, grid_scale: 4 / 5, strokes: 3 / 9
iteration step 132, G_loss: 0.06460, step_acc: 19.96974, grid_scale: 4 / 5, strokes: 3 / 9
iteration step 133, G_loss: 0.06458, step_acc: 19.97353, grid_scale: 4 / 5, strokes: 3 / 9
iteration step 134, G_loss: 0.06456, step_acc: 19.97602, grid_scale: 4 / 5, strokes: 3 / 9
iteration step 135, G_loss: 0.06453, step_acc: 19.97899, grid_scale: 4 / 5, strokes: 3 / 9
iteration step 136, G_loss: 0.06451, step_acc: 19.98057, grid_scale: 4 / 5, strokes: 3 / 9
iteration step 137, G_loss: 0.06448, step_acc: 19.98311, grid_scale: 4 / 5, strokes: 3 / 9
iteration step 138, G_loss: 0.06446, step_acc: 19.98605, grid_scale: 4 / 5, strokes: 3 / 9
iteration step 139, G_loss: 0.06444, step_acc: 19.98857, grid_scale: 4 / 5, strokes: 3 / 9
iteration step 140, G_loss: 0.06441, step_acc: 19.98972, grid_scale: 4 / 5, strokes: 3 / 9
iteration step 141, G_loss: 0.06439, step_acc: 19.99338, grid_scale: 4 / 5, strokes: 3 / 9
iteration step 142, G_loss: 0.06437, step_acc: 19.99382, grid_scale: 4 / 5, strokes: 3 / 9
iteration step 143, G_loss: 0.06436, step_acc: 19.99669, grid_scale: 4 / 5, strokes: 3 / 9
iteration step 144, G_loss: 0.06434, step_acc: 19.99833, grid_scale: 4 / 5, strokes: 3 / 9
iteration step 145, G_loss: 0.06433, step_acc: 19.99982, grid_scale: 4 / 5, strokes: 3 / 9
iteration step 146, G_loss: 0.06432, step_acc: 20.00113, grid_scale: 4 / 5, strokes: 3 / 9
iteration step 147, G_loss: 0.06430, step_acc: 20.00498, grid_scale: 4 / 5, strokes: 3 / 9
iteration step 148, G_loss: 0.06429, step_acc: 20.00562, grid_scale: 4 / 5, strokes: 3 / 9
iteration step 149, G_loss: 0.06427, step_acc: 20.00923, grid_scale: 4 / 5, strokes: 3 / 9
iteration step 150, G_loss: 0.06425, step_acc: 20.01165, grid_scale: 4 / 5, strokes: 3 / 9
iteration step 151, G_loss: 0.06423, step_acc: 20.01513, grid_scale: 4 / 5, strokes: 3 / 9
iteration step 152, G_loss: 0.06421, step_acc: 20.01867, grid_scale: 4 / 5, strokes: 3 / 9
iteration step 153, G_loss: 0.06418, step_acc: 20.02050, grid_scale: 4 / 5, strokes: 3 / 9
iteration step 154, G_loss: 0.06416, step_acc: 20.02387, grid_scale: 4 / 5, strokes: 3 / 9
iteration step 155, G_loss: 0.06414, step_acc: 20.02392, grid_scale: 4 / 5, strokes: 3 / 9
iteration step 156, G_loss: 0.06413, step_acc: 20.02623, grid_scale: 4 / 5, strokes: 3 / 9
iteration step 157, G_loss: 0.06411, step_acc: 20.02918, grid_scale: 4 / 5, strokes: 3 / 9
iteration step 158, G_loss: 0.06409, step_acc: 20.03100, grid_scale: 4 / 5, strokes: 3 / 9
iteration step 159, G_loss: 0.06407, step_acc: 20.03121, grid_scale: 4 / 5, strokes: 3 / 9
iteration step 160, G_loss: 0.06406, step_acc: 20.03167, grid_scale: 4 / 5, strokes: 3 / 9
iteration step 161, G_loss: 0.06405, step_acc: 20.03388, grid_scale: 4 / 5, strokes: 3 / 9
iteration step 162, G_loss: 0.06404, step_acc: 20.03486, grid_scale: 4 / 5, strokes: 3 / 9
iteration step 163, G_loss: 0.06403, step_acc: 20.03731, grid_scale: 4 / 5, strokes: 3 / 9
iteration step 164, G_loss: 0.06401, step_acc: 20.03762, grid_scale: 4 / 5, strokes: 3 / 9
iteration step 165, G_loss: 0.06400, step_acc: 20.08504, grid_scale: 4 / 5, strokes: 4 / 9
iteration step 166, G_loss: 0.06382, step_acc: 20.13721, grid_scale: 4 / 5, strokes: 4 / 9
iteration step 167, G_loss: 0.06345, step_acc: 20.16879, grid_scale: 4 / 5, strokes: 4 / 9
iteration step 168, G_loss: 0.06317, step_acc: 20.20323, grid_scale: 4 / 5, strokes: 4 / 9
iteration step 169, G_loss: 0.06298, step_acc: 20.21904, grid_scale: 4 / 5, strokes: 4 / 9
iteration step 170, G_loss: 0.06287, step_acc: 20.22579, grid_scale: 4 / 5, strokes: 4 / 9
iteration step 171, G_loss: 0.06279, step_acc: 20.23621, grid_scale: 4 / 5, strokes: 4 / 9
iteration step 172, G_loss: 0.06274, step_acc: 20.24391, grid_scale: 4 / 5, strokes: 4 / 9
iteration step 173, G_loss: 0.06267, step_acc: 20.25388, grid_scale: 4 / 5, strokes: 4 / 9
iteration step 174, G_loss: 0.06261, step_acc: 20.25815, grid_scale: 4 / 5, strokes: 4 / 9
iteration step 175, G_loss: 0.06256, step_acc: 20.26388, grid_scale: 4 / 5, strokes: 4 / 9
iteration step 176, G_loss: 0.06251, step_acc: 20.26954, grid_scale: 4 / 5, strokes: 4 / 9
iteration step 177, G_loss: 0.06245, step_acc: 20.27586, grid_scale: 4 / 5, strokes: 4 / 9
iteration step 178, G_loss: 0.06241, step_acc: 20.27901, grid_scale: 4 / 5, strokes: 4 / 9
iteration step 179, G_loss: 0.06236, step_acc: 20.28626, grid_scale: 4 / 5, strokes: 4 / 9
iteration step 180, G_loss: 0.06232, step_acc: 20.29023, grid_scale: 4 / 5, strokes: 4 / 9
iteration step 181, G_loss: 0.06229, step_acc: 20.29850, grid_scale: 4 / 5, strokes: 4 / 9
iteration step 182, G_loss: 0.06224, step_acc: 20.29976, grid_scale: 4 / 5, strokes: 4 / 9
iteration step 183, G_loss: 0.06222, step_acc: 20.30439, grid_scale: 4 / 5, strokes: 4 / 9
iteration step 184, G_loss: 0.06220, step_acc: 20.31194, grid_scale: 4 / 5, strokes: 4 / 9
iteration step 185, G_loss: 0.06214, step_acc: 20.31752, grid_scale: 4 / 5, strokes: 4 / 9
iteration step 186, G_loss: 0.06210, step_acc: 20.32222, grid_scale: 4 / 5, strokes: 4 / 9
iteration step 187, G_loss: 0.06209, step_acc: 20.32370, grid_scale: 4 / 5, strokes: 4 / 9
iteration step 188, G_loss: 0.06206, step_acc: 20.33504, grid_scale: 4 / 5, strokes: 4 / 9
iteration step 189, G_loss: 0.06200, step_acc: 20.33875, grid_scale: 4 / 5, strokes: 4 / 9
iteration step 190, G_loss: 0.06197, step_acc: 20.34563, grid_scale: 4 / 5, strokes: 4 / 9
iteration step 191, G_loss: 0.06192, step_acc: 20.34609, grid_scale: 4 / 5, strokes: 4 / 9
iteration step 192, G_loss: 0.06190, step_acc: 20.35835, grid_scale: 4 / 5, strokes: 4 / 9
iteration step 193, G_loss: 0.06184, step_acc: 20.36048, grid_scale: 4 / 5, strokes: 4 / 9
iteration step 194, G_loss: 0.06181, step_acc: 20.36590, grid_scale: 4 / 5, strokes: 4 / 9
iteration step 195, G_loss: 0.06178, step_acc: 20.36914, grid_scale: 4 / 5, strokes: 4 / 9
iteration step 196, G_loss: 0.06176, step_acc: 20.37610, grid_scale: 4 / 5, strokes: 4 / 9
iteration step 197, G_loss: 0.06172, step_acc: 20.37611, grid_scale: 4 / 5, strokes: 4 / 9
iteration step 198, G_loss: 0.06169, step_acc: 20.38322, grid_scale: 4 / 5, strokes: 4 / 9
iteration step 199, G_loss: 0.06165, step_acc: 20.38675, grid_scale: 4 / 5, strokes: 4 / 9
iteration step 200, G_loss: 0.06161, step_acc: 20.39227, grid_scale: 4 / 5, strokes: 4 / 9
iteration step 201, G_loss: 0.06158, step_acc: 20.39542, grid_scale: 4 / 5, strokes: 4 / 9
iteration step 202, G_loss: 0.06155, step_acc: 20.40142, grid_scale: 4 / 5, strokes: 4 / 9
iteration step 203, G_loss: 0.06150, step_acc: 20.40399, grid_scale: 4 / 5, strokes: 4 / 9
iteration step 204, G_loss: 0.06147, step_acc: 20.41136, grid_scale: 4 / 5, strokes: 4 / 9
iteration step 205, G_loss: 0.06144, step_acc: 20.41305, grid_scale: 4 / 5, strokes: 4 / 9
iteration step 206, G_loss: 0.06140, step_acc: 20.41862, grid_scale: 4 / 5, strokes: 4 / 9
iteration step 207, G_loss: 0.06138, step_acc: 20.41990, grid_scale: 4 / 5, strokes: 4 / 9
iteration step 208, G_loss: 0.06135, step_acc: 20.42466, grid_scale: 4 / 5, strokes: 4 / 9
iteration step 209, G_loss: 0.06133, step_acc: 20.42777, grid_scale: 4 / 5, strokes: 4 / 9
iteration step 210, G_loss: 0.06131, step_acc: 20.42866, grid_scale: 4 / 5, strokes: 4 / 9
iteration step 211, G_loss: 0.06128, step_acc: 20.43068, grid_scale: 4 / 5, strokes: 4 / 9
iteration step 212, G_loss: 0.06127, step_acc: 20.43327, grid_scale: 4 / 5, strokes: 4 / 9
iteration step 213, G_loss: 0.06126, step_acc: 20.43595, grid_scale: 4 / 5, strokes: 4 / 9
iteration step 214, G_loss: 0.06122, step_acc: 20.43682, grid_scale: 4 / 5, strokes: 4 / 9
iteration step 215, G_loss: 0.06122, step_acc: 20.43924, grid_scale: 4 / 5, strokes: 4 / 9
iteration step 216, G_loss: 0.06119, step_acc: 20.43984, grid_scale: 4 / 5, strokes: 4 / 9
iteration step 217, G_loss: 0.06118, step_acc: 20.44175, grid_scale: 4 / 5, strokes: 4 / 9
iteration step 218, G_loss: 0.06118, step_acc: 20.44195, grid_scale: 4 / 5, strokes: 4 / 9
iteration step 219, G_loss: 0.06116, step_acc: 20.44531, grid_scale: 4 / 5, strokes: 4 / 9
iteration step 220, G_loss: 0.06114, step_acc: 20.43043, grid_scale: 4 / 5, strokes: 5 / 9
iteration step 221, G_loss: 0.06120, step_acc: 20.45541, grid_scale: 4 / 5, strokes: 5 / 9
iteration step 222, G_loss: 0.06101, step_acc: 20.47774, grid_scale: 4 / 5, strokes: 5 / 9
iteration step 223, G_loss: 0.06083, step_acc: 20.49193, grid_scale: 4 / 5, strokes: 5 / 9
iteration step 224, G_loss: 0.06073, step_acc: 20.49282, grid_scale: 4 / 5, strokes: 5 / 9
iteration step 225, G_loss: 0.06068, step_acc: 20.51231, grid_scale: 4 / 5, strokes: 5 / 9
iteration step 226, G_loss: 0.06057, step_acc: 20.51318, grid_scale: 4 / 5, strokes: 5 / 9
iteration step 227, G_loss: 0.06055, step_acc: 20.52977, grid_scale: 4 / 5, strokes: 5 / 9
iteration step 228, G_loss: 0.06044, step_acc: 20.53363, grid_scale: 4 / 5, strokes: 5 / 9
iteration step 229, G_loss: 0.06039, step_acc: 20.54045, grid_scale: 4 / 5, strokes: 5 / 9
iteration step 230, G_loss: 0.06035, step_acc: 20.54440, grid_scale: 4 / 5, strokes: 5 / 9
iteration step 231, G_loss: 0.06030, step_acc: 20.55191, grid_scale: 4 / 5, strokes: 5 / 9
iteration step 232, G_loss: 0.06025, step_acc: 20.55882, grid_scale: 4 / 5, strokes: 5 / 9
iteration step 233, G_loss: 0.06021, step_acc: 20.56033, grid_scale: 4 / 5, strokes: 5 / 9
iteration step 234, G_loss: 0.06018, step_acc: 20.56722, grid_scale: 4 / 5, strokes: 5 / 9
iteration step 235, G_loss: 0.06015, step_acc: 20.56798, grid_scale: 4 / 5, strokes: 5 / 9
iteration step 236, G_loss: 0.06013, step_acc: 20.56936, grid_scale: 4 / 5, strokes: 5 / 9
iteration step 237, G_loss: 0.06012, step_acc: 20.57180, grid_scale: 4 / 5, strokes: 5 / 9
iteration step 238, G_loss: 0.06011, step_acc: 20.57475, grid_scale: 4 / 5, strokes: 5 / 9
iteration step 239, G_loss: 0.06008, step_acc: 20.57711, grid_scale: 4 / 5, strokes: 5 / 9
iteration step 240, G_loss: 0.06006, step_acc: 20.58047, grid_scale: 4 / 5, strokes: 5 / 9
iteration step 241, G_loss: 0.06004, step_acc: 20.58244, grid_scale: 4 / 5, strokes: 5 / 9
iteration step 242, G_loss: 0.06001, step_acc: 20.58395, grid_scale: 4 / 5, strokes: 5 / 9
iteration step 243, G_loss: 0.06000, step_acc: 20.58828, grid_scale: 4 / 5, strokes: 5 / 9
iteration step 244, G_loss: 0.05999, step_acc: 20.59090, grid_scale: 4 / 5, strokes: 5 / 9
iteration step 245, G_loss: 0.05997, step_acc: 20.59171, grid_scale: 4 / 5, strokes: 5 / 9
iteration step 246, G_loss: 0.05996, step_acc: 20.59304, grid_scale: 4 / 5, strokes: 5 / 9
iteration step 247, G_loss: 0.05994, step_acc: 20.59500, grid_scale: 4 / 5, strokes: 5 / 9
iteration step 248, G_loss: 0.05992, step_acc: 20.59732, grid_scale: 4 / 5, strokes: 5 / 9
iteration step 249, G_loss: 0.05991, step_acc: 20.59805, grid_scale: 4 / 5, strokes: 5 / 9
iteration step 250, G_loss: 0.05991, step_acc: 20.60100, grid_scale: 4 / 5, strokes: 5 / 9
iteration step 251, G_loss: 0.05988, step_acc: 20.60381, grid_scale: 4 / 5, strokes: 5 / 9
iteration step 252, G_loss: 0.05987, step_acc: 20.60490, grid_scale: 4 / 5, strokes: 5 / 9
iteration step 253, G_loss: 0.05985, step_acc: 20.60840, grid_scale: 4 / 5, strokes: 5 / 9
iteration step 254, G_loss: 0.05983, step_acc: 20.60874, grid_scale: 4 / 5, strokes: 5 / 9
iteration step 255, G_loss: 0.05982, step_acc: 20.60976, grid_scale: 4 / 5, strokes: 5 / 9
iteration step 256, G_loss: 0.05982, step_acc: 20.61158, grid_scale: 4 / 5, strokes: 5 / 9
iteration step 257, G_loss: 0.05980, step_acc: 20.61335, grid_scale: 4 / 5, strokes: 5 / 9
iteration step 258, G_loss: 0.05979, step_acc: 20.61699, grid_scale: 4 / 5, strokes: 5 / 9
iteration step 259, G_loss: 0.05977, step_acc: 20.61884, grid_scale: 4 / 5, strokes: 5 / 9
iteration step 260, G_loss: 0.05976, step_acc: 20.61671, grid_scale: 4 / 5, strokes: 5 / 9
iteration step 261, G_loss: 0.05975, step_acc: 20.62102, grid_scale: 4 / 5, strokes: 5 / 9
iteration step 262, G_loss: 0.05972, step_acc: 20.62119, grid_scale: 4 / 5, strokes: 5 / 9
iteration step 263, G_loss: 0.05972, step_acc: 20.62420, grid_scale: 4 / 5, strokes: 5 / 9
iteration step 264, G_loss: 0.05971, step_acc: 20.62392, grid_scale: 4 / 5, strokes: 5 / 9
iteration step 265, G_loss: 0.05970, step_acc: 20.62510, grid_scale: 4 / 5, strokes: 5 / 9
iteration step 266, G_loss: 0.05969, step_acc: 20.62676, grid_scale: 4 / 5, strokes: 5 / 9
iteration step 267, G_loss: 0.05967, step_acc: 20.62805, grid_scale: 4 / 5, strokes: 5 / 9
iteration step 268, G_loss: 0.05967, step_acc: 20.62922, grid_scale: 4 / 5, strokes: 5 / 9
iteration step 269, G_loss: 0.05967, step_acc: 20.63235, grid_scale: 4 / 5, strokes: 5 / 9
iteration step 270, G_loss: 0.05965, step_acc: 20.62960, grid_scale: 4 / 5, strokes: 5 / 9
iteration step 271, G_loss: 0.05964, step_acc: 20.63491, grid_scale: 4 / 5, strokes: 5 / 9
iteration step 272, G_loss: 0.05962, step_acc: 20.63209, grid_scale: 4 / 5, strokes: 5 / 9
iteration step 273, G_loss: 0.05962, step_acc: 20.63608, grid_scale: 4 / 5, strokes: 5 / 9
iteration step 274, G_loss: 0.05963, step_acc: 20.63415, grid_scale: 4 / 5, strokes: 5 / 9
iteration step 275, G_loss: 0.05960, step_acc: 20.63541, grid_scale: 4 / 5, strokes: 6 / 9
iteration step 276, G_loss: 0.05976, step_acc: 20.67570, grid_scale: 4 / 5, strokes: 6 / 9
iteration step 277, G_loss: 0.05946, step_acc: 20.70249, grid_scale: 4 / 5, strokes: 6 / 9
iteration step 278, G_loss: 0.05930, step_acc: 20.71929, grid_scale: 4 / 5, strokes: 6 / 9
iteration step 279, G_loss: 0.05916, step_acc: 20.73251, grid_scale: 4 / 5, strokes: 6 / 9
iteration step 280, G_loss: 0.05908, step_acc: 20.73916, grid_scale: 4 / 5, strokes: 6 / 9
iteration step 281, G_loss: 0.05904, step_acc: 20.74696, grid_scale: 4 / 5, strokes: 6 / 9
iteration step 282, G_loss: 0.05897, step_acc: 20.75528, grid_scale: 4 / 5, strokes: 6 / 9
iteration step 283, G_loss: 0.05891, step_acc: 20.75985, grid_scale: 4 / 5, strokes: 6 / 9
iteration step 284, G_loss: 0.05888, step_acc: 20.76257, grid_scale: 4 / 5, strokes: 6 / 9
iteration step 285, G_loss: 0.05885, step_acc: 20.77078, grid_scale: 4 / 5, strokes: 6 / 9
iteration step 286, G_loss: 0.05879, step_acc: 20.77513, grid_scale: 4 / 5, strokes: 6 / 9
iteration step 287, G_loss: 0.05875, step_acc: 20.77951, grid_scale: 4 / 5, strokes: 6 / 9
iteration step 288, G_loss: 0.05874, step_acc: 20.78714, grid_scale: 4 / 5, strokes: 6 / 9
iteration step 289, G_loss: 0.05868, step_acc: 20.79496, grid_scale: 4 / 5, strokes: 6 / 9
iteration step 290, G_loss: 0.05862, step_acc: 20.79840, grid_scale: 4 / 5, strokes: 6 / 9
iteration step 291, G_loss: 0.05860, step_acc: 20.80325, grid_scale: 4 / 5, strokes: 6 / 9
iteration step 292, G_loss: 0.05855, step_acc: 20.80854, grid_scale: 4 / 5, strokes: 6 / 9
iteration step 293, G_loss: 0.05850, step_acc: 20.81120, grid_scale: 4 / 5, strokes: 6 / 9
iteration step 294, G_loss: 0.05847, step_acc: 20.81623, grid_scale: 4 / 5, strokes: 6 / 9
iteration step 295, G_loss: 0.05846, step_acc: 20.81616, grid_scale: 4 / 5, strokes: 6 / 9
iteration step 296, G_loss: 0.05845, step_acc: 20.82181, grid_scale: 4 / 5, strokes: 6 / 9
iteration step 297, G_loss: 0.05842, step_acc: 20.82175, grid_scale: 4 / 5, strokes: 6 / 9
iteration step 298, G_loss: 0.05839, step_acc: 20.82501, grid_scale: 4 / 5, strokes: 6 / 9
iteration step 299, G_loss: 0.05836, step_acc: 20.82976, grid_scale: 4 / 5, strokes: 6 / 9
iteration step 300, G_loss: 0.05834, step_acc: 20.83162, grid_scale: 4 / 5, strokes: 6 / 9
iteration step 301, G_loss: 0.05833, step_acc: 20.83269, grid_scale: 4 / 5, strokes: 6 / 9
iteration step 302, G_loss: 0.05832, step_acc: 20.83624, grid_scale: 4 / 5, strokes: 6 / 9
iteration step 303, G_loss: 0.05829, step_acc: 20.83578, grid_scale: 4 / 5, strokes: 6 / 9
iteration step 304, G_loss: 0.05829, step_acc: 20.83876, grid_scale: 4 / 5, strokes: 6 / 9
iteration step 305, G_loss: 0.05826, step_acc: 20.84093, grid_scale: 4 / 5, strokes: 6 / 9
iteration step 306, G_loss: 0.05824, step_acc: 20.84168, grid_scale: 4 / 5, strokes: 6 / 9
iteration step 307, G_loss: 0.05825, step_acc: 20.84224, grid_scale: 4 / 5, strokes: 6 / 9
iteration step 308, G_loss: 0.05825, step_acc: 20.84540, grid_scale: 4 / 5, strokes: 6 / 9
iteration step 309, G_loss: 0.05823, step_acc: 20.84650, grid_scale: 4 / 5, strokes: 6 / 9
iteration step 310, G_loss: 0.05821, step_acc: 20.85103, grid_scale: 4 / 5, strokes: 6 / 9
iteration step 311, G_loss: 0.05818, step_acc: 20.85133, grid_scale: 4 / 5, strokes: 6 / 9
iteration step 312, G_loss: 0.05817, step_acc: 20.85535, grid_scale: 4 / 5, strokes: 6 / 9
iteration step 313, G_loss: 0.05816, step_acc: 20.85635, grid_scale: 4 / 5, strokes: 6 / 9
iteration step 314, G_loss: 0.05815, step_acc: 20.85990, grid_scale: 4 / 5, strokes: 6 / 9
iteration step 315, G_loss: 0.05812, step_acc: 20.86193, grid_scale: 4 / 5, strokes: 6 / 9
iteration step 316, G_loss: 0.05810, step_acc: 20.86481, grid_scale: 4 / 5, strokes: 6 / 9
iteration step 317, G_loss: 0.05808, step_acc: 20.86734, grid_scale: 4 / 5, strokes: 6 / 9
iteration step 318, G_loss: 0.05808, step_acc: 20.87016, grid_scale: 4 / 5, strokes: 6 / 9
iteration step 319, G_loss: 0.05806, step_acc: 20.87352, grid_scale: 4 / 5, strokes: 6 / 9
iteration step 320, G_loss: 0.05804, step_acc: 20.87801, grid_scale: 4 / 5, strokes: 6 / 9
iteration step 321, G_loss: 0.05801, step_acc: 20.87888, grid_scale: 4 / 5, strokes: 6 / 9
iteration step 322, G_loss: 0.05800, step_acc: 20.88425, grid_scale: 4 / 5, strokes: 6 / 9
iteration step 323, G_loss: 0.05798, step_acc: 20.88517, grid_scale: 4 / 5, strokes: 6 / 9
iteration step 324, G_loss: 0.05796, step_acc: 20.88902, grid_scale: 4 / 5, strokes: 6 / 9
iteration step 325, G_loss: 0.05794, step_acc: 20.89224, grid_scale: 4 / 5, strokes: 6 / 9
iteration step 326, G_loss: 0.05793, step_acc: 20.89444, grid_scale: 4 / 5, strokes: 6 / 9
iteration step 327, G_loss: 0.05790, step_acc: 20.89896, grid_scale: 4 / 5, strokes: 6 / 9
iteration step 328, G_loss: 0.05788, step_acc: 20.90119, grid_scale: 4 / 5, strokes: 6 / 9
iteration step 329, G_loss: 0.05787, step_acc: 20.90314, grid_scale: 4 / 5, strokes: 6 / 9
iteration step 330, G_loss: 0.05786, step_acc: 20.85686, grid_scale: 4 / 5, strokes: 7 / 9
iteration step 331, G_loss: 0.05824, step_acc: 20.92468, grid_scale: 4 / 5, strokes: 7 / 9
iteration step 332, G_loss: 0.05790, step_acc: 20.95102, grid_scale: 4 / 5, strokes: 7 / 9
iteration step 333, G_loss: 0.05767, step_acc: 20.97102, grid_scale: 4 / 5, strokes: 7 / 9
iteration step 334, G_loss: 0.05755, step_acc: 20.98587, grid_scale: 4 / 5, strokes: 7 / 9
iteration step 335, G_loss: 0.05740, step_acc: 20.99668, grid_scale: 4 / 5, strokes: 7 / 9
iteration step 336, G_loss: 0.05736, step_acc: 21.00761, grid_scale: 4 / 5, strokes: 7 / 9
iteration step 337, G_loss: 0.05728, step_acc: 21.01320, grid_scale: 4 / 5, strokes: 7 / 9
iteration step 338, G_loss: 0.05723, step_acc: 21.02394, grid_scale: 4 / 5, strokes: 7 / 9
iteration step 339, G_loss: 0.05716, step_acc: 21.02926, grid_scale: 4 / 5, strokes: 7 / 9
iteration step 340, G_loss: 0.05711, step_acc: 21.03780, grid_scale: 4 / 5, strokes: 7 / 9
iteration step 341, G_loss: 0.05707, step_acc: 21.04366, grid_scale: 4 / 5, strokes: 7 / 9
iteration step 342, G_loss: 0.05704, step_acc: 21.04874, grid_scale: 4 / 5, strokes: 7 / 9
iteration step 343, G_loss: 0.05698, step_acc: 21.05429, grid_scale: 4 / 5, strokes: 7 / 9
iteration step 344, G_loss: 0.05695, step_acc: 21.05539, grid_scale: 4 / 5, strokes: 7 / 9
iteration step 345, G_loss: 0.05690, step_acc: 21.06293, grid_scale: 4 / 5, strokes: 7 / 9
iteration step 346, G_loss: 0.05685, step_acc: 21.06584, grid_scale: 4 / 5, strokes: 7 / 9
iteration step 347, G_loss: 0.05683, step_acc: 21.07095, grid_scale: 4 / 5, strokes: 7 / 9
iteration step 348, G_loss: 0.05680, step_acc: 21.07635, grid_scale: 4 / 5, strokes: 7 / 9
iteration step 349, G_loss: 0.05674, step_acc: 21.08117, grid_scale: 4 / 5, strokes: 7 / 9
iteration step 350, G_loss: 0.05671, step_acc: 21.08595, grid_scale: 4 / 5, strokes: 7 / 9
iteration step 351, G_loss: 0.05667, step_acc: 21.08827, grid_scale: 4 / 5, strokes: 7 / 9
iteration step 352, G_loss: 0.05665, step_acc: 21.09215, grid_scale: 4 / 5, strokes: 7 / 9
iteration step 353, G_loss: 0.05662, step_acc: 21.09389, grid_scale: 4 / 5, strokes: 7 / 9
iteration step 354, G_loss: 0.05661, step_acc: 21.09772, grid_scale: 4 / 5, strokes: 7 / 9
iteration step 355, G_loss: 0.05657, step_acc: 21.10186, grid_scale: 4 / 5, strokes: 7 / 9
iteration step 356, G_loss: 0.05655, step_acc: 21.10426, grid_scale: 4 / 5, strokes: 7 / 9
iteration step 357, G_loss: 0.05653, step_acc: 21.10883, grid_scale: 4 / 5, strokes: 7 / 9
iteration step 358, G_loss: 0.05649, step_acc: 21.11081, grid_scale: 4 / 5, strokes: 7 / 9
iteration step 359, G_loss: 0.05647, step_acc: 21.11350, grid_scale: 4 / 5, strokes: 7 / 9
iteration step 360, G_loss: 0.05646, step_acc: 21.11802, grid_scale: 4 / 5, strokes: 7 / 9
iteration step 361, G_loss: 0.05643, step_acc: 21.11769, grid_scale: 4 / 5, strokes: 7 / 9
iteration step 362, G_loss: 0.05641, step_acc: 21.12278, grid_scale: 4 / 5, strokes: 7 / 9
iteration step 363, G_loss: 0.05637, step_acc: 21.12375, grid_scale: 4 / 5, strokes: 7 / 9
iteration step 364, G_loss: 0.05637, step_acc: 21.12608, grid_scale: 4 / 5, strokes: 7 / 9
iteration step 365, G_loss: 0.05634, step_acc: 21.12865, grid_scale: 4 / 5, strokes: 7 / 9
iteration step 366, G_loss: 0.05632, step_acc: 21.12950, grid_scale: 4 / 5, strokes: 7 / 9
iteration step 367, G_loss: 0.05630, step_acc: 21.13203, grid_scale: 4 / 5, strokes: 7 / 9
iteration step 368, G_loss: 0.05629, step_acc: 21.13478, grid_scale: 4 / 5, strokes: 7 / 9
iteration step 369, G_loss: 0.05627, step_acc: 21.13814, grid_scale: 4 / 5, strokes: 7 / 9
iteration step 370, G_loss: 0.05624, step_acc: 21.13863, grid_scale: 4 / 5, strokes: 7 / 9
iteration step 371, G_loss: 0.05624, step_acc: 21.13989, grid_scale: 4 / 5, strokes: 7 / 9
iteration step 372, G_loss: 0.05622, step_acc: 21.14442, grid_scale: 4 / 5, strokes: 7 / 9
iteration step 373, G_loss: 0.05620, step_acc: 21.14405, grid_scale: 4 / 5, strokes: 7 / 9
iteration step 374, G_loss: 0.05618, step_acc: 21.14809, grid_scale: 4 / 5, strokes: 7 / 9
iteration step 375, G_loss: 0.05616, step_acc: 21.15190, grid_scale: 4 / 5, strokes: 7 / 9
iteration step 376, G_loss: 0.05614, step_acc: 21.15335, grid_scale: 4 / 5, strokes: 7 / 9
iteration step 377, G_loss: 0.05611, step_acc: 21.15373, grid_scale: 4 / 5, strokes: 7 / 9
iteration step 378, G_loss: 0.05611, step_acc: 21.15554, grid_scale: 4 / 5, strokes: 7 / 9
iteration step 379, G_loss: 0.05607, step_acc: 21.16046, grid_scale: 4 / 5, strokes: 7 / 9
iteration step 380, G_loss: 0.05606, step_acc: 21.15891, grid_scale: 4 / 5, strokes: 7 / 9
iteration step 381, G_loss: 0.05605, step_acc: 21.16435, grid_scale: 4 / 5, strokes: 7 / 9
iteration step 382, G_loss: 0.05603, step_acc: 21.16431, grid_scale: 4 / 5, strokes: 7 / 9
iteration step 383, G_loss: 0.05601, step_acc: 21.16764, grid_scale: 4 / 5, strokes: 7 / 9
iteration step 384, G_loss: 0.05598, step_acc: 21.17065, grid_scale: 4 / 5, strokes: 7 / 9
iteration step 385, G_loss: 0.05597, step_acc: 21.21073, grid_scale: 4 / 5, strokes: 8 / 9
iteration step 386, G_loss: 0.05588, step_acc: 21.23481, grid_scale: 4 / 5, strokes: 8 / 9
iteration step 387, G_loss: 0.05572, step_acc: 21.25945, grid_scale: 4 / 5, strokes: 8 / 9
iteration step 388, G_loss: 0.05553, step_acc: 21.27448, grid_scale: 4 / 5, strokes: 8 / 9
iteration step 389, G_loss: 0.05542, step_acc: 21.28207, grid_scale: 4 / 5, strokes: 8 / 9
iteration step 390, G_loss: 0.05536, step_acc: 21.29172, grid_scale: 4 / 5, strokes: 8 / 9
iteration step 391, G_loss: 0.05531, step_acc: 21.29753, grid_scale: 4 / 5, strokes: 8 / 9
iteration step 392, G_loss: 0.05526, step_acc: 21.30111, grid_scale: 4 / 5, strokes: 8 / 9
iteration step 393, G_loss: 0.05522, step_acc: 21.30618, grid_scale: 4 / 5, strokes: 8 / 9
iteration step 394, G_loss: 0.05519, step_acc: 21.31514, grid_scale: 4 / 5, strokes: 8 / 9
iteration step 395, G_loss: 0.05516, step_acc: 21.31557, grid_scale: 4 / 5, strokes: 8 / 9
iteration step 396, G_loss: 0.05512, step_acc: 21.32022, grid_scale: 4 / 5, strokes: 8 / 9
iteration step 397, G_loss: 0.05510, step_acc: 21.32529, grid_scale: 4 / 5, strokes: 8 / 9
iteration step 398, G_loss: 0.05506, step_acc: 21.33177, grid_scale: 4 / 5, strokes: 8 / 9
iteration step 399, G_loss: 0.05502, step_acc: 21.33312, grid_scale: 4 / 5, strokes: 8 / 9
iteration step 400, G_loss: 0.05500, step_acc: 21.34399, grid_scale: 4 / 5, strokes: 8 / 9
iteration step 401, G_loss: 0.05496, step_acc: 21.34587, grid_scale: 4 / 5, strokes: 8 / 9
iteration step 402, G_loss: 0.05494, step_acc: 21.34827, grid_scale: 4 / 5, strokes: 8 / 9
iteration step 403, G_loss: 0.05490, step_acc: 21.35274, grid_scale: 4 / 5, strokes: 8 / 9
iteration step 404, G_loss: 0.05488, step_acc: 21.35872, grid_scale: 4 / 5, strokes: 8 / 9
iteration step 405, G_loss: 0.05486, step_acc: 21.35887, grid_scale: 4 / 5, strokes: 8 / 9
iteration step 406, G_loss: 0.05484, step_acc: 21.36322, grid_scale: 4 / 5, strokes: 8 / 9
iteration step 407, G_loss: 0.05481, step_acc: 21.36726, grid_scale: 4 / 5, strokes: 8 / 9
iteration step 408, G_loss: 0.05478, step_acc: 21.37234, grid_scale: 4 / 5, strokes: 8 / 9
iteration step 409, G_loss: 0.05476, step_acc: 21.37125, grid_scale: 4 / 5, strokes: 8 / 9
iteration step 410, G_loss: 0.05475, step_acc: 21.37725, grid_scale: 4 / 5, strokes: 8 / 9
iteration step 411, G_loss: 0.05473, step_acc: 21.37911, grid_scale: 4 / 5, strokes: 8 / 9
iteration step 412, G_loss: 0.05470, step_acc: 21.37986, grid_scale: 4 / 5, strokes: 8 / 9
iteration step 413, G_loss: 0.05468, step_acc: 21.38433, grid_scale: 4 / 5, strokes: 8 / 9
iteration step 414, G_loss: 0.05466, step_acc: 21.38471, grid_scale: 4 / 5, strokes: 8 / 9
iteration step 415, G_loss: 0.05465, step_acc: 21.39244, grid_scale: 4 / 5, strokes: 8 / 9
iteration step 416, G_loss: 0.05460, step_acc: 21.39359, grid_scale: 4 / 5, strokes: 8 / 9
iteration step 417, G_loss: 0.05458, step_acc: 21.39768, grid_scale: 4 / 5, strokes: 8 / 9
iteration step 418, G_loss: 0.05457, step_acc: 21.39773, grid_scale: 4 / 5, strokes: 8 / 9
iteration step 419, G_loss: 0.05457, step_acc: 21.39980, grid_scale: 4 / 5, strokes: 8 / 9
iteration step 420, G_loss: 0.05454, step_acc: 21.40309, grid_scale: 4 / 5, strokes: 8 / 9
iteration step 421, G_loss: 0.05452, step_acc: 21.40592, grid_scale: 4 / 5, strokes: 8 / 9
iteration step 422, G_loss: 0.05451, step_acc: 21.40552, grid_scale: 4 / 5, strokes: 8 / 9
iteration step 423, G_loss: 0.05450, step_acc: 21.41179, grid_scale: 4 / 5, strokes: 8 / 9
iteration step 424, G_loss: 0.05449, step_acc: 21.41107, grid_scale: 4 / 5, strokes: 8 / 9
iteration step 425, G_loss: 0.05445, step_acc: 21.41618, grid_scale: 4 / 5, strokes: 8 / 9
iteration step 426, G_loss: 0.05443, step_acc: 21.41672, grid_scale: 4 / 5, strokes: 8 / 9
iteration step 427, G_loss: 0.05442, step_acc: 21.41970, grid_scale: 4 / 5, strokes: 8 / 9
iteration step 428, G_loss: 0.05440, step_acc: 21.42158, grid_scale: 4 / 5, strokes: 8 / 9
iteration step 429, G_loss: 0.05440, step_acc: 21.42250, grid_scale: 4 / 5, strokes: 8 / 9
iteration step 430, G_loss: 0.05437, step_acc: 21.42923, grid_scale: 4 / 5, strokes: 8 / 9
iteration step 431, G_loss: 0.05434, step_acc: 21.42659, grid_scale: 4 / 5, strokes: 8 / 9
iteration step 432, G_loss: 0.05435, step_acc: 21.43347, grid_scale: 4 / 5, strokes: 8 / 9
iteration step 433, G_loss: 0.05430, step_acc: 21.43798, grid_scale: 4 / 5, strokes: 8 / 9
iteration step 434, G_loss: 0.05427, step_acc: 21.44485, grid_scale: 4 / 5, strokes: 8 / 9
iteration step 435, G_loss: 0.05425, step_acc: 21.44312, grid_scale: 4 / 5, strokes: 8 / 9
iteration step 436, G_loss: 0.05425, step_acc: 21.44833, grid_scale: 4 / 5, strokes: 8 / 9
iteration step 437, G_loss: 0.05423, step_acc: 21.45655, grid_scale: 4 / 5, strokes: 8 / 9
iteration step 438, G_loss: 0.05419, step_acc: 21.46135, grid_scale: 4 / 5, strokes: 8 / 9
iteration step 439, G_loss: 0.05416, step_acc: 21.46657, grid_scale: 4 / 5, strokes: 8 / 9
iteration step 440, G_loss: 0.05414, step_acc: 21.44975, grid_scale: 4 / 5, strokes: 9 / 9
iteration step 441, G_loss: 0.05430, step_acc: 21.52100, grid_scale: 4 / 5, strokes: 9 / 9
iteration step 442, G_loss: 0.05397, step_acc: 21.58102, grid_scale: 4 / 5, strokes: 9 / 9
iteration step 443, G_loss: 0.05363, step_acc: 21.61145, grid_scale: 4 / 5, strokes: 9 / 9
iteration step 444, G_loss: 0.05345, step_acc: 21.62461, grid_scale: 4 / 5, strokes: 9 / 9
iteration step 445, G_loss: 0.05332, step_acc: 21.63440, grid_scale: 4 / 5, strokes: 9 / 9
iteration step 446, G_loss: 0.05325, step_acc: 21.64618, grid_scale: 4 / 5, strokes: 9 / 9
iteration step 447, G_loss: 0.05318, step_acc: 21.65233, grid_scale: 4 / 5, strokes: 9 / 9
iteration step 448, G_loss: 0.05314, step_acc: 21.66374, grid_scale: 4 / 5, strokes: 9 / 9
iteration step 449, G_loss: 0.05305, step_acc: 21.67805, grid_scale: 4 / 5, strokes: 9 / 9
iteration step 450, G_loss: 0.05297, step_acc: 21.68315, grid_scale: 4 / 5, strokes: 9 / 9
iteration step 451, G_loss: 0.05291, step_acc: 21.70068, grid_scale: 4 / 5, strokes: 9 / 9
iteration step 452, G_loss: 0.05286, step_acc: 21.70498, grid_scale: 4 / 5, strokes: 9 / 9
iteration step 453, G_loss: 0.05279, step_acc: 21.71785, grid_scale: 4 / 5, strokes: 9 / 9
iteration step 454, G_loss: 0.05273, step_acc: 21.72102, grid_scale: 4 / 5, strokes: 9 / 9
iteration step 455, G_loss: 0.05269, step_acc: 21.73296, grid_scale: 4 / 5, strokes: 9 / 9
iteration step 456, G_loss: 0.05264, step_acc: 21.73674, grid_scale: 4 / 5, strokes: 9 / 9
iteration step 457, G_loss: 0.05262, step_acc: 21.73805, grid_scale: 4 / 5, strokes: 9 / 9
iteration step 458, G_loss: 0.05263, step_acc: 21.74475, grid_scale: 4 / 5, strokes: 9 / 9
iteration step 459, G_loss: 0.05256, step_acc: 21.75164, grid_scale: 4 / 5, strokes: 9 / 9
iteration step 460, G_loss: 0.05251, step_acc: 21.75471, grid_scale: 4 / 5, strokes: 9 / 9
iteration step 461, G_loss: 0.05247, step_acc: 21.76247, grid_scale: 4 / 5, strokes: 9 / 9
iteration step 462, G_loss: 0.05245, step_acc: 21.76537, grid_scale: 4 / 5, strokes: 9 / 9
iteration step 463, G_loss: 0.05241, step_acc: 21.76771, grid_scale: 4 / 5, strokes: 9 / 9
iteration step 464, G_loss: 0.05240, step_acc: 21.76906, grid_scale: 4 / 5, strokes: 9 / 9
iteration step 465, G_loss: 0.05238, step_acc: 21.77326, grid_scale: 4 / 5, strokes: 9 / 9
iteration step 466, G_loss: 0.05238, step_acc: 21.77479, grid_scale: 4 / 5, strokes: 9 / 9
iteration step 467, G_loss: 0.05235, step_acc: 21.78068, grid_scale: 4 / 5, strokes: 9 / 9
iteration step 468, G_loss: 0.05232, step_acc: 21.77621, grid_scale: 4 / 5, strokes: 9 / 9
iteration step 469, G_loss: 0.05233, step_acc: 21.78236, grid_scale: 4 / 5, strokes: 9 / 9
iteration step 470, G_loss: 0.05229, step_acc: 21.78438, grid_scale: 4 / 5, strokes: 9 / 9
iteration step 471, G_loss: 0.05226, step_acc: 21.79286, grid_scale: 4 / 5, strokes: 9 / 9
iteration step 472, G_loss: 0.05225, step_acc: 21.78699, grid_scale: 4 / 5, strokes: 9 / 9
iteration step 473, G_loss: 0.05225, step_acc: 21.79423, grid_scale: 4 / 5, strokes: 9 / 9
iteration step 474, G_loss: 0.05223, step_acc: 21.79016, grid_scale: 4 / 5, strokes: 9 / 9
iteration step 475, G_loss: 0.05221, step_acc: 21.79530, grid_scale: 4 / 5, strokes: 9 / 9
iteration step 476, G_loss: 0.05220, step_acc: 21.79439, grid_scale: 4 / 5, strokes: 9 / 9
iteration step 477, G_loss: 0.05218, step_acc: 21.79812, grid_scale: 4 / 5, strokes: 9 / 9
iteration step 478, G_loss: 0.05219, step_acc: 21.79459, grid_scale: 4 / 5, strokes: 9 / 9
iteration step 479, G_loss: 0.05218, step_acc: 21.80083, grid_scale: 4 / 5, strokes: 9 / 9
iteration step 480, G_loss: 0.05218, step_acc: 21.79870, grid_scale: 4 / 5, strokes: 9 / 9
iteration step 481, G_loss: 0.05216, step_acc: 21.80526, grid_scale: 4 / 5, strokes: 9 / 9
iteration step 482, G_loss: 0.05214, step_acc: 21.80024, grid_scale: 4 / 5, strokes: 9 / 9
iteration step 483, G_loss: 0.05214, step_acc: 21.80969, grid_scale: 4 / 5, strokes: 9 / 9
iteration step 484, G_loss: 0.05212, step_acc: 21.80443, grid_scale: 4 / 5, strokes: 9 / 9
iteration step 485, G_loss: 0.05212, step_acc: 21.81364, grid_scale: 4 / 5, strokes: 9 / 9
iteration step 486, G_loss: 0.05209, step_acc: 21.81034, grid_scale: 4 / 5, strokes: 9 / 9
iteration step 487, G_loss: 0.05209, step_acc: 21.81323, grid_scale: 4 / 5, strokes: 9 / 9
iteration step 488, G_loss: 0.05207, step_acc: 21.81310, grid_scale: 4 / 5, strokes: 9 / 9
iteration step 489, G_loss: 0.05207, step_acc: 21.81599, grid_scale: 4 / 5, strokes: 9 / 9
iteration step 490, G_loss: 0.05205, step_acc: 21.81797, grid_scale: 4 / 5, strokes: 9 / 9
iteration step 491, G_loss: 0.05205, step_acc: 21.81641, grid_scale: 4 / 5, strokes: 9 / 9
iteration step 492, G_loss: 0.05204, step_acc: 21.81956, grid_scale: 4 / 5, strokes: 9 / 9
iteration step 493, G_loss: 0.05202, step_acc: 21.82249, grid_scale: 4 / 5, strokes: 9 / 9
iteration step 494, G_loss: 0.05200, step_acc: 21.82316, grid_scale: 4 / 5, strokes: 9 / 9
rendering canvas...
iteration step 0, G_loss: 0.05200, step_acc: 20.30740, grid_scale: 5 / 5, strokes: 1 / 9
iteration step 1, G_loss: 0.06260, step_acc: 20.34692, grid_scale: 5 / 5, strokes: 1 / 9
iteration step 2, G_loss: 0.06236, step_acc: 20.37526, grid_scale: 5 / 5, strokes: 1 / 9
iteration step 3, G_loss: 0.06215, step_acc: 20.38934, grid_scale: 5 / 5, strokes: 1 / 9
iteration step 4, G_loss: 0.06203, step_acc: 20.39315, grid_scale: 5 / 5, strokes: 1 / 9
iteration step 5, G_loss: 0.06198, step_acc: 20.41509, grid_scale: 5 / 5, strokes: 1 / 9
iteration step 6, G_loss: 0.06186, step_acc: 20.42280, grid_scale: 5 / 5, strokes: 1 / 9
iteration step 7, G_loss: 0.06180, step_acc: 20.43204, grid_scale: 5 / 5, strokes: 1 / 9
iteration step 8, G_loss: 0.06174, step_acc: 20.44242, grid_scale: 5 / 5, strokes: 1 / 9
iteration step 9, G_loss: 0.06167, step_acc: 20.45128, grid_scale: 5 / 5, strokes: 1 / 9
iteration step 10, G_loss: 0.06160, step_acc: 20.45928, grid_scale: 5 / 5, strokes: 1 / 9
iteration step 11, G_loss: 0.06155, step_acc: 20.46490, grid_scale: 5 / 5, strokes: 1 / 9
iteration step 12, G_loss: 0.06151, step_acc: 20.46971, grid_scale: 5 / 5, strokes: 1 / 9
iteration step 13, G_loss: 0.06146, step_acc: 20.47398, grid_scale: 5 / 5, strokes: 1 / 9
iteration step 14, G_loss: 0.06143, step_acc: 20.47827, grid_scale: 5 / 5, strokes: 1 / 9
iteration step 15, G_loss: 0.06138, step_acc: 20.48167, grid_scale: 5 / 5, strokes: 1 / 9
iteration step 16, G_loss: 0.06136, step_acc: 20.48539, grid_scale: 5 / 5, strokes: 1 / 9
iteration step 17, G_loss: 0.06134, step_acc: 20.48626, grid_scale: 5 / 5, strokes: 1 / 9
iteration step 18, G_loss: 0.06133, step_acc: 20.48870, grid_scale: 5 / 5, strokes: 1 / 9
iteration step 19, G_loss: 0.06130, step_acc: 20.49183, grid_scale: 5 / 5, strokes: 1 / 9
iteration step 20, G_loss: 0.06128, step_acc: 20.49352, grid_scale: 5 / 5, strokes: 1 / 9
iteration step 21, G_loss: 0.06125, step_acc: 20.49818, grid_scale: 5 / 5, strokes: 1 / 9
iteration step 22, G_loss: 0.06124, step_acc: 20.49751, grid_scale: 5 / 5, strokes: 1 / 9
iteration step 23, G_loss: 0.06122, step_acc: 20.50132, grid_scale: 5 / 5, strokes: 1 / 9
iteration step 24, G_loss: 0.06119, step_acc: 20.50233, grid_scale: 5 / 5, strokes: 1 / 9
iteration step 25, G_loss: 0.06118, step_acc: 20.50680, grid_scale: 5 / 5, strokes: 1 / 9
iteration step 26, G_loss: 0.06115, step_acc: 20.50858, grid_scale: 5 / 5, strokes: 1 / 9
iteration step 27, G_loss: 0.06114, step_acc: 20.50885, grid_scale: 5 / 5, strokes: 1 / 9
iteration step 28, G_loss: 0.06113, step_acc: 20.51396, grid_scale: 5 / 5, strokes: 1 / 9
iteration step 29, G_loss: 0.06111, step_acc: 20.51340, grid_scale: 5 / 5, strokes: 1 / 9
iteration step 30, G_loss: 0.06110, step_acc: 20.51592, grid_scale: 5 / 5, strokes: 1 / 9
iteration step 31, G_loss: 0.06109, step_acc: 20.51717, grid_scale: 5 / 5, strokes: 1 / 9
iteration step 32, G_loss: 0.06108, step_acc: 20.52000, grid_scale: 5 / 5, strokes: 1 / 9
iteration step 33, G_loss: 0.06107, step_acc: 20.51925, grid_scale: 5 / 5, strokes: 1 / 9
iteration step 34, G_loss: 0.06106, step_acc: 20.52354, grid_scale: 5 / 5, strokes: 1 / 9
iteration step 35, G_loss: 0.06104, step_acc: 20.52570, grid_scale: 5 / 5, strokes: 1 / 9
iteration step 36, G_loss: 0.06102, step_acc: 20.52941, grid_scale: 5 / 5, strokes: 1 / 9
iteration step 37, G_loss: 0.06100, step_acc: 20.53257, grid_scale: 5 / 5, strokes: 1 / 9
iteration step 38, G_loss: 0.06099, step_acc: 20.53541, grid_scale: 5 / 5, strokes: 1 / 9
iteration step 39, G_loss: 0.06098, step_acc: 20.53475, grid_scale: 5 / 5, strokes: 1 / 9
iteration step 40, G_loss: 0.06097, step_acc: 20.53879, grid_scale: 5 / 5, strokes: 1 / 9
iteration step 41, G_loss: 0.06095, step_acc: 20.54134, grid_scale: 5 / 5, strokes: 1 / 9
iteration step 42, G_loss: 0.06093, step_acc: 20.54447, grid_scale: 5 / 5, strokes: 1 / 9
iteration step 43, G_loss: 0.06092, step_acc: 20.54403, grid_scale: 5 / 5, strokes: 1 / 9
iteration step 44, G_loss: 0.06092, step_acc: 20.54848, grid_scale: 5 / 5, strokes: 1 / 9
iteration step 45, G_loss: 0.06090, step_acc: 20.54913, grid_scale: 5 / 5, strokes: 1 / 9
iteration step 46, G_loss: 0.06088, step_acc: 20.55229, grid_scale: 5 / 5, strokes: 1 / 9
iteration step 47, G_loss: 0.06087, step_acc: 20.55223, grid_scale: 5 / 5, strokes: 1 / 9
iteration step 48, G_loss: 0.06086, step_acc: 20.55556, grid_scale: 5 / 5, strokes: 1 / 9
iteration step 49, G_loss: 0.06085, step_acc: 20.55594, grid_scale: 5 / 5, strokes: 1 / 9
iteration step 50, G_loss: 0.06084, step_acc: 20.55749, grid_scale: 5 / 5, strokes: 1 / 9
iteration step 51, G_loss: 0.06083, step_acc: 20.55910, grid_scale: 5 / 5, strokes: 1 / 9
iteration step 52, G_loss: 0.06082, step_acc: 20.56235, grid_scale: 5 / 5, strokes: 1 / 9
iteration step 53, G_loss: 0.06083, step_acc: 20.55981, grid_scale: 5 / 5, strokes: 1 / 9
iteration step 54, G_loss: 0.06082, step_acc: 20.56228, grid_scale: 5 / 5, strokes: 1 / 9
iteration step 55, G_loss: 0.06080, step_acc: 20.59306, grid_scale: 5 / 5, strokes: 2 / 9
iteration step 56, G_loss: 0.06070, step_acc: 20.63947, grid_scale: 5 / 5, strokes: 2 / 9
iteration step 57, G_loss: 0.06035, step_acc: 20.66091, grid_scale: 5 / 5, strokes: 2 / 9
iteration step 58, G_loss: 0.06021, step_acc: 20.66612, grid_scale: 5 / 5, strokes: 2 / 9
iteration step 59, G_loss: 0.06015, step_acc: 20.68313, grid_scale: 5 / 5, strokes: 2 / 9
iteration step 60, G_loss: 0.06006, step_acc: 20.69141, grid_scale: 5 / 5, strokes: 2 / 9
iteration step 61, G_loss: 0.05998, step_acc: 20.70022, grid_scale: 5 / 5, strokes: 2 / 9
iteration step 62, G_loss: 0.05994, step_acc: 20.70467, grid_scale: 5 / 5, strokes: 2 / 9
iteration step 63, G_loss: 0.05988, step_acc: 20.71331, grid_scale: 5 / 5, strokes: 2 / 9
iteration step 64, G_loss: 0.05983, step_acc: 20.71980, grid_scale: 5 / 5, strokes: 2 / 9
iteration step 65, G_loss: 0.05979, step_acc: 20.72614, grid_scale: 5 / 5, strokes: 2 / 9
iteration step 66, G_loss: 0.05976, step_acc: 20.73030, grid_scale: 5 / 5, strokes: 2 / 9
iteration step 67, G_loss: 0.05973, step_acc: 20.73512, grid_scale: 5 / 5, strokes: 2 / 9
iteration step 68, G_loss: 0.05969, step_acc: 20.73978, grid_scale: 5 / 5, strokes: 2 / 9
iteration step 69, G_loss: 0.05967, step_acc: 20.74395, grid_scale: 5 / 5, strokes: 2 / 9
iteration step 70, G_loss: 0.05963, step_acc: 20.74778, grid_scale: 5 / 5, strokes: 2 / 9
iteration step 71, G_loss: 0.05959, step_acc: 20.75395, grid_scale: 5 / 5, strokes: 2 / 9
iteration step 72, G_loss: 0.05956, step_acc: 20.75896, grid_scale: 5 / 5, strokes: 2 / 9
iteration step 73, G_loss: 0.05953, step_acc: 20.76223, grid_scale: 5 / 5, strokes: 2 / 9
iteration step 74, G_loss: 0.05949, step_acc: 20.76363, grid_scale: 5 / 5, strokes: 2 / 9
iteration step 75, G_loss: 0.05947, step_acc: 20.76852, grid_scale: 5 / 5, strokes: 2 / 9
iteration step 76, G_loss: 0.05945, step_acc: 20.76948, grid_scale: 5 / 5, strokes: 2 / 9
iteration step 77, G_loss: 0.05943, step_acc: 20.77191, grid_scale: 5 / 5, strokes: 2 / 9
iteration step 78, G_loss: 0.05941, step_acc: 20.77930, grid_scale: 5 / 5, strokes: 2 / 9
iteration step 79, G_loss: 0.05939, step_acc: 20.78070, grid_scale: 5 / 5, strokes: 2 / 9
iteration step 80, G_loss: 0.05934, step_acc: 20.78614, grid_scale: 5 / 5, strokes: 2 / 9
iteration step 81, G_loss: 0.05931, step_acc: 20.78887, grid_scale: 5 / 5, strokes: 2 / 9
iteration step 82, G_loss: 0.05928, step_acc: 20.79249, grid_scale: 5 / 5, strokes: 2 / 9
iteration step 83, G_loss: 0.05926, step_acc: 20.79389, grid_scale: 5 / 5, strokes: 2 / 9
iteration step 84, G_loss: 0.05924, step_acc: 20.79865, grid_scale: 5 / 5, strokes: 2 / 9
iteration step 85, G_loss: 0.05922, step_acc: 20.80066, grid_scale: 5 / 5, strokes: 2 / 9
iteration step 86, G_loss: 0.05919, step_acc: 20.80420, grid_scale: 5 / 5, strokes: 2 / 9
iteration step 87, G_loss: 0.05916, step_acc: 20.80653, grid_scale: 5 / 5, strokes: 2 / 9
iteration step 88, G_loss: 0.05914, step_acc: 20.80981, grid_scale: 5 / 5, strokes: 2 / 9
iteration step 89, G_loss: 0.05912, step_acc: 20.81225, grid_scale: 5 / 5, strokes: 2 / 9
iteration step 90, G_loss: 0.05911, step_acc: 20.81309, grid_scale: 5 / 5, strokes: 2 / 9
iteration step 91, G_loss: 0.05909, step_acc: 20.81618, grid_scale: 5 / 5, strokes: 2 / 9
iteration step 92, G_loss: 0.05908, step_acc: 20.81781, grid_scale: 5 / 5, strokes: 2 / 9
iteration step 93, G_loss: 0.05906, step_acc: 20.82018, grid_scale: 5 / 5, strokes: 2 / 9
iteration step 94, G_loss: 0.05905, step_acc: 20.82078, grid_scale: 5 / 5, strokes: 2 / 9
iteration step 95, G_loss: 0.05904, step_acc: 20.82581, grid_scale: 5 / 5, strokes: 2 / 9
iteration step 96, G_loss: 0.05903, step_acc: 20.82488, grid_scale: 5 / 5, strokes: 2 / 9
iteration step 97, G_loss: 0.05901, step_acc: 20.82837, grid_scale: 5 / 5, strokes: 2 / 9
iteration step 98, G_loss: 0.05901, step_acc: 20.82922, grid_scale: 5 / 5, strokes: 2 / 9
iteration step 99, G_loss: 0.05899, step_acc: 20.83231, grid_scale: 5 / 5, strokes: 2 / 9
iteration step 100, G_loss: 0.05897, step_acc: 20.83385, grid_scale: 5 / 5, strokes: 2 / 9
iteration step 101, G_loss: 0.05896, step_acc: 20.83738, grid_scale: 5 / 5, strokes: 2 / 9
iteration step 102, G_loss: 0.05895, step_acc: 20.83880, grid_scale: 5 / 5, strokes: 2 / 9
iteration step 103, G_loss: 0.05894, step_acc: 20.83959, grid_scale: 5 / 5, strokes: 2 / 9
iteration step 104, G_loss: 0.05893, step_acc: 20.84062, grid_scale: 5 / 5, strokes: 2 / 9
iteration step 105, G_loss: 0.05892, step_acc: 20.84290, grid_scale: 5 / 5, strokes: 2 / 9
iteration step 106, G_loss: 0.05891, step_acc: 20.84433, grid_scale: 5 / 5, strokes: 2 / 9
iteration step 107, G_loss: 0.05890, step_acc: 20.84490, grid_scale: 5 / 5, strokes: 2 / 9
iteration step 108, G_loss: 0.05890, step_acc: 20.84514, grid_scale: 5 / 5, strokes: 2 / 9
iteration step 109, G_loss: 0.05889, step_acc: 20.84673, grid_scale: 5 / 5, strokes: 2 / 9
iteration step 110, G_loss: 0.05888, step_acc: 20.90704, grid_scale: 5 / 5, strokes: 3 / 9
iteration step 111, G_loss: 0.05868, step_acc: 20.94398, grid_scale: 5 / 5, strokes: 3 / 9
iteration step 112, G_loss: 0.05845, step_acc: 20.97602, grid_scale: 5 / 5, strokes: 3 / 9
iteration step 113, G_loss: 0.05822, step_acc: 20.98524, grid_scale: 5 / 5, strokes: 3 / 9
iteration step 114, G_loss: 0.05812, step_acc: 20.99702, grid_scale: 5 / 5, strokes: 3 / 9
iteration step 115, G_loss: 0.05802, step_acc: 21.00564, grid_scale: 5 / 5, strokes: 3 / 9
iteration step 116, G_loss: 0.05796, step_acc: 21.00715, grid_scale: 5 / 5, strokes: 3 / 9
iteration step 117, G_loss: 0.05791, step_acc: 21.01585, grid_scale: 5 / 5, strokes: 3 / 9
iteration step 118, G_loss: 0.05786, step_acc: 21.01803, grid_scale: 5 / 5, strokes: 3 / 9
iteration step 119, G_loss: 0.05781, step_acc: 21.02367, grid_scale: 5 / 5, strokes: 3 / 9
iteration step 120, G_loss: 0.05778, step_acc: 21.02536, grid_scale: 5 / 5, strokes: 3 / 9
iteration step 121, G_loss: 0.05776, step_acc: 21.03162, grid_scale: 5 / 5, strokes: 3 / 9
iteration step 122, G_loss: 0.05772, step_acc: 21.03285, grid_scale: 5 / 5, strokes: 3 / 9
iteration step 123, G_loss: 0.05771, step_acc: 21.03589, grid_scale: 5 / 5, strokes: 3 / 9
iteration step 124, G_loss: 0.05767, step_acc: 21.03995, grid_scale: 5 / 5, strokes: 3 / 9
iteration step 125, G_loss: 0.05763, step_acc: 21.04323, grid_scale: 5 / 5, strokes: 3 / 9
iteration step 126, G_loss: 0.05761, step_acc: 21.04733, grid_scale: 5 / 5, strokes: 3 / 9
iteration step 127, G_loss: 0.05758, step_acc: 21.04658, grid_scale: 5 / 5, strokes: 3 / 9
iteration step 128, G_loss: 0.05757, step_acc: 21.05005, grid_scale: 5 / 5, strokes: 3 / 9
iteration step 129, G_loss: 0.05754, step_acc: 21.05441, grid_scale: 5 / 5, strokes: 3 / 9
iteration step 130, G_loss: 0.05751, step_acc: 21.05414, grid_scale: 5 / 5, strokes: 3 / 9
iteration step 131, G_loss: 0.05750, step_acc: 21.05686, grid_scale: 5 / 5, strokes: 3 / 9
iteration step 132, G_loss: 0.05748, step_acc: 21.05817, grid_scale: 5 / 5, strokes: 3 / 9
iteration step 133, G_loss: 0.05746, step_acc: 21.06010, grid_scale: 5 / 5, strokes: 3 / 9
iteration step 134, G_loss: 0.05746, step_acc: 21.06095, grid_scale: 5 / 5, strokes: 3 / 9
iteration step 135, G_loss: 0.05743, step_acc: 21.06343, grid_scale: 5 / 5, strokes: 3 / 9
iteration step 136, G_loss: 0.05741, step_acc: 21.06508, grid_scale: 5 / 5, strokes: 3 / 9
iteration step 137, G_loss: 0.05739, step_acc: 21.06624, grid_scale: 5 / 5, strokes: 3 / 9
iteration step 138, G_loss: 0.05738, step_acc: 21.06601, grid_scale: 5 / 5, strokes: 3 / 9
iteration step 139, G_loss: 0.05738, step_acc: 21.07017, grid_scale: 5 / 5, strokes: 3 / 9
iteration step 140, G_loss: 0.05735, step_acc: 21.07145, grid_scale: 5 / 5, strokes: 3 / 9
iteration step 141, G_loss: 0.05733, step_acc: 21.07183, grid_scale: 5 / 5, strokes: 3 / 9
iteration step 142, G_loss: 0.05732, step_acc: 21.07429, grid_scale: 5 / 5, strokes: 3 / 9
iteration step 143, G_loss: 0.05731, step_acc: 21.07504, grid_scale: 5 / 5, strokes: 3 / 9
iteration step 144, G_loss: 0.05728, step_acc: 21.07824, grid_scale: 5 / 5, strokes: 3 / 9
iteration step 145, G_loss: 0.05727, step_acc: 21.07791, grid_scale: 5 / 5, strokes: 3 / 9
iteration step 146, G_loss: 0.05726, step_acc: 21.08093, grid_scale: 5 / 5, strokes: 3 / 9
iteration step 147, G_loss: 0.05725, step_acc: 21.08205, grid_scale: 5 / 5, strokes: 3 / 9
iteration step 148, G_loss: 0.05722, step_acc: 21.08633, grid_scale: 5 / 5, strokes: 3 / 9
iteration step 149, G_loss: 0.05721, step_acc: 21.08570, grid_scale: 5 / 5, strokes: 3 / 9
iteration step 150, G_loss: 0.05720, step_acc: 21.08930, grid_scale: 5 / 5, strokes: 3 / 9
iteration step 151, G_loss: 0.05719, step_acc: 21.09028, grid_scale: 5 / 5, strokes: 3 / 9
iteration step 152, G_loss: 0.05717, step_acc: 21.09216, grid_scale: 5 / 5, strokes: 3 / 9
iteration step 153, G_loss: 0.05716, step_acc: 21.09321, grid_scale: 5 / 5, strokes: 3 / 9
iteration step 154, G_loss: 0.05714, step_acc: 21.09503, grid_scale: 5 / 5, strokes: 3 / 9
iteration step 155, G_loss: 0.05713, step_acc: 21.09667, grid_scale: 5 / 5, strokes: 3 / 9
iteration step 156, G_loss: 0.05712, step_acc: 21.09668, grid_scale: 5 / 5, strokes: 3 / 9
iteration step 157, G_loss: 0.05712, step_acc: 21.09994, grid_scale: 5 / 5, strokes: 3 / 9
iteration step 158, G_loss: 0.05709, step_acc: 21.09942, grid_scale: 5 / 5, strokes: 3 / 9
iteration step 159, G_loss: 0.05708, step_acc: 21.10136, grid_scale: 5 / 5, strokes: 3 / 9
iteration step 160, G_loss: 0.05707, step_acc: 21.10204, grid_scale: 5 / 5, strokes: 3 / 9
iteration step 161, G_loss: 0.05706, step_acc: 21.10228, grid_scale: 5 / 5, strokes: 3 / 9
iteration step 162, G_loss: 0.05705, step_acc: 21.10402, grid_scale: 5 / 5, strokes: 3 / 9
iteration step 163, G_loss: 0.05704, step_acc: 21.10443, grid_scale: 5 / 5, strokes: 3 / 9
iteration step 164, G_loss: 0.05703, step_acc: 21.10486, grid_scale: 5 / 5, strokes: 3 / 9
iteration step 165, G_loss: 0.05703, step_acc: 21.16932, grid_scale: 5 / 5, strokes: 4 / 9
iteration step 166, G_loss: 0.05684, step_acc: 21.21275, grid_scale: 5 / 5, strokes: 4 / 9
iteration step 167, G_loss: 0.05660, step_acc: 21.24424, grid_scale: 5 / 5, strokes: 4 / 9
iteration step 168, G_loss: 0.05640, step_acc: 21.25383, grid_scale: 5 / 5, strokes: 4 / 9
iteration step 169, G_loss: 0.05629, step_acc: 21.27007, grid_scale: 5 / 5, strokes: 4 / 9
iteration step 170, G_loss: 0.05619, step_acc: 21.28301, grid_scale: 5 / 5, strokes: 4 / 9
iteration step 171, G_loss: 0.05610, step_acc: 21.28881, grid_scale: 5 / 5, strokes: 4 / 9
iteration step 172, G_loss: 0.05605, step_acc: 21.29973, grid_scale: 5 / 5, strokes: 4 / 9
iteration step 173, G_loss: 0.05600, step_acc: 21.30392, grid_scale: 5 / 5, strokes: 4 / 9
iteration step 174, G_loss: 0.05595, step_acc: 21.31034, grid_scale: 5 / 5, strokes: 4 / 9
iteration step 175, G_loss: 0.05591, step_acc: 21.31312, grid_scale: 5 / 5, strokes: 4 / 9
iteration step 176, G_loss: 0.05588, step_acc: 21.31694, grid_scale: 5 / 5, strokes: 4 / 9
iteration step 177, G_loss: 0.05583, step_acc: 21.32187, grid_scale: 5 / 5, strokes: 4 / 9
iteration step 178, G_loss: 0.05581, step_acc: 21.32445, grid_scale: 5 / 5, strokes: 4 / 9
iteration step 179, G_loss: 0.05577, step_acc: 21.33002, grid_scale: 5 / 5, strokes: 4 / 9
iteration step 180, G_loss: 0.05574, step_acc: 21.33164, grid_scale: 5 / 5, strokes: 4 / 9
iteration step 181, G_loss: 0.05571, step_acc: 21.33688, grid_scale: 5 / 5, strokes: 4 / 9
iteration step 182, G_loss: 0.05568, step_acc: 21.33993, grid_scale: 5 / 5, strokes: 4 / 9
iteration step 183, G_loss: 0.05566, step_acc: 21.34349, grid_scale: 5 / 5, strokes: 4 / 9
iteration step 184, G_loss: 0.05564, step_acc: 21.34251, grid_scale: 5 / 5, strokes: 4 / 9
iteration step 185, G_loss: 0.05562, step_acc: 21.34845, grid_scale: 5 / 5, strokes: 4 / 9
iteration step 186, G_loss: 0.05559, step_acc: 21.34960, grid_scale: 5 / 5, strokes: 4 / 9
iteration step 187, G_loss: 0.05558, step_acc: 21.35141, grid_scale: 5 / 5, strokes: 4 / 9
iteration step 188, G_loss: 0.05555, step_acc: 21.35646, grid_scale: 5 / 5, strokes: 4 / 9
iteration step 189, G_loss: 0.05554, step_acc: 21.35415, grid_scale: 5 / 5, strokes: 4 / 9
iteration step 190, G_loss: 0.05552, step_acc: 21.36010, grid_scale: 5 / 5, strokes: 4 / 9
iteration step 191, G_loss: 0.05551, step_acc: 21.36223, grid_scale: 5 / 5, strokes: 4 / 9
iteration step 192, G_loss: 0.05548, step_acc: 21.37038, grid_scale: 5 / 5, strokes: 4 / 9
iteration step 193, G_loss: 0.05545, step_acc: 21.36948, grid_scale: 5 / 5, strokes: 4 / 9
iteration step 194, G_loss: 0.05544, step_acc: 21.37274, grid_scale: 5 / 5, strokes: 4 / 9
iteration step 195, G_loss: 0.05542, step_acc: 21.37718, grid_scale: 5 / 5, strokes: 4 / 9
iteration step 196, G_loss: 0.05540, step_acc: 21.37767, grid_scale: 5 / 5, strokes: 4 / 9
iteration step 197, G_loss: 0.05538, step_acc: 21.38101, grid_scale: 5 / 5, strokes: 4 / 9
iteration step 198, G_loss: 0.05537, step_acc: 21.37911, grid_scale: 5 / 5, strokes: 4 / 9
iteration step 199, G_loss: 0.05536, step_acc: 21.38497, grid_scale: 5 / 5, strokes: 4 / 9
iteration step 200, G_loss: 0.05534, step_acc: 21.38473, grid_scale: 5 / 5, strokes: 4 / 9
iteration step 201, G_loss: 0.05533, step_acc: 21.38797, grid_scale: 5 / 5, strokes: 4 / 9
iteration step 202, G_loss: 0.05532, step_acc: 21.38942, grid_scale: 5 / 5, strokes: 4 / 9
iteration step 203, G_loss: 0.05531, step_acc: 21.39127, grid_scale: 5 / 5, strokes: 4 / 9
iteration step 204, G_loss: 0.05531, step_acc: 21.39171, grid_scale: 5 / 5, strokes: 4 / 9
iteration step 205, G_loss: 0.05529, step_acc: 21.39342, grid_scale: 5 / 5, strokes: 4 / 9
iteration step 206, G_loss: 0.05528, step_acc: 21.39564, grid_scale: 5 / 5, strokes: 4 / 9
iteration step 207, G_loss: 0.05527, step_acc: 21.39775, grid_scale: 5 / 5, strokes: 4 / 9
iteration step 208, G_loss: 0.05526, step_acc: 21.39723, grid_scale: 5 / 5, strokes: 4 / 9
iteration step 209, G_loss: 0.05525, step_acc: 21.39853, grid_scale: 5 / 5, strokes: 4 / 9
iteration step 210, G_loss: 0.05526, step_acc: 21.40115, grid_scale: 5 / 5, strokes: 4 / 9
iteration step 211, G_loss: 0.05523, step_acc: 21.40394, grid_scale: 5 / 5, strokes: 4 / 9
iteration step 212, G_loss: 0.05522, step_acc: 21.40339, grid_scale: 5 / 5, strokes: 4 / 9
iteration step 213, G_loss: 0.05522, step_acc: 21.40508, grid_scale: 5 / 5, strokes: 4 / 9
iteration step 214, G_loss: 0.05520, step_acc: 21.40650, grid_scale: 5 / 5, strokes: 4 / 9
iteration step 215, G_loss: 0.05519, step_acc: 21.40977, grid_scale: 5 / 5, strokes: 4 / 9
iteration step 216, G_loss: 0.05516, step_acc: 21.41080, grid_scale: 5 / 5, strokes: 4 / 9
iteration step 217, G_loss: 0.05516, step_acc: 21.41349, grid_scale: 5 / 5, strokes: 4 / 9
iteration step 218, G_loss: 0.05513, step_acc: 21.41343, grid_scale: 5 / 5, strokes: 4 / 9
iteration step 219, G_loss: 0.05514, step_acc: 21.41534, grid_scale: 5 / 5, strokes: 4 / 9
iteration step 220, G_loss: 0.05512, step_acc: 21.40925, grid_scale: 5 / 5, strokes: 5 / 9
iteration step 221, G_loss: 0.05514, step_acc: 21.44513, grid_scale: 5 / 5, strokes: 5 / 9
iteration step 222, G_loss: 0.05494, step_acc: 21.46644, grid_scale: 5 / 5, strokes: 5 / 9
iteration step 223, G_loss: 0.05475, step_acc: 21.48173, grid_scale: 5 / 5, strokes: 5 / 9
iteration step 224, G_loss: 0.05464, step_acc: 21.48907, grid_scale: 5 / 5, strokes: 5 / 9
iteration step 225, G_loss: 0.05457, step_acc: 21.50138, grid_scale: 5 / 5, strokes: 5 / 9
iteration step 226, G_loss: 0.05448, step_acc: 21.50424, grid_scale: 5 / 5, strokes: 5 / 9
iteration step 227, G_loss: 0.05443, step_acc: 21.51284, grid_scale: 5 / 5, strokes: 5 / 9
iteration step 228, G_loss: 0.05438, step_acc: 21.51685, grid_scale: 5 / 5, strokes: 5 / 9
iteration step 229, G_loss: 0.05434, step_acc: 21.52019, grid_scale: 5 / 5, strokes: 5 / 9
iteration step 230, G_loss: 0.05431, step_acc: 21.52386, grid_scale: 5 / 5, strokes: 5 / 9
iteration step 231, G_loss: 0.05428, step_acc: 21.53024, grid_scale: 5 / 5, strokes: 5 / 9
iteration step 232, G_loss: 0.05423, step_acc: 21.53379, grid_scale: 5 / 5, strokes: 5 / 9
iteration step 233, G_loss: 0.05419, step_acc: 21.53946, grid_scale: 5 / 5, strokes: 5 / 9
iteration step 234, G_loss: 0.05416, step_acc: 21.54520, grid_scale: 5 / 5, strokes: 5 / 9
iteration step 235, G_loss: 0.05412, step_acc: 21.54497, grid_scale: 5 / 5, strokes: 5 / 9
iteration step 236, G_loss: 0.05410, step_acc: 21.54885, grid_scale: 5 / 5, strokes: 5 / 9
iteration step 237, G_loss: 0.05409, step_acc: 21.54928, grid_scale: 5 / 5, strokes: 5 / 9
iteration step 238, G_loss: 0.05405, step_acc: 21.55435, grid_scale: 5 / 5, strokes: 5 / 9
iteration step 239, G_loss: 0.05403, step_acc: 21.55457, grid_scale: 5 / 5, strokes: 5 / 9
iteration step 240, G_loss: 0.05402, step_acc: 21.55776, grid_scale: 5 / 5, strokes: 5 / 9
iteration step 241, G_loss: 0.05400, step_acc: 21.55960, grid_scale: 5 / 5, strokes: 5 / 9
iteration step 242, G_loss: 0.05398, step_acc: 21.56431, grid_scale: 5 / 5, strokes: 5 / 9
iteration step 243, G_loss: 0.05395, step_acc: 21.56571, grid_scale: 5 / 5, strokes: 5 / 9
iteration step 244, G_loss: 0.05392, step_acc: 21.56893, grid_scale: 5 / 5, strokes: 5 / 9
iteration step 245, G_loss: 0.05391, step_acc: 21.56833, grid_scale: 5 / 5, strokes: 5 / 9
iteration step 246, G_loss: 0.05390, step_acc: 21.57127, grid_scale: 5 / 5, strokes: 5 / 9
iteration step 247, G_loss: 0.05387, step_acc: 21.57330, grid_scale: 5 / 5, strokes: 5 / 9
iteration step 248, G_loss: 0.05385, step_acc: 21.57726, grid_scale: 5 / 5, strokes: 5 / 9
iteration step 249, G_loss: 0.05383, step_acc: 21.57832, grid_scale: 5 / 5, strokes: 5 / 9
iteration step 250, G_loss: 0.05381, step_acc: 21.58149, grid_scale: 5 / 5, strokes: 5 / 9
iteration step 251, G_loss: 0.05379, step_acc: 21.58340, grid_scale: 5 / 5, strokes: 5 / 9
iteration step 252, G_loss: 0.05376, step_acc: 21.58668, grid_scale: 5 / 5, strokes: 5 / 9
iteration step 253, G_loss: 0.05374, step_acc: 21.59062, grid_scale: 5 / 5, strokes: 5 / 9
iteration step 254, G_loss: 0.05370, step_acc: 21.59382, grid_scale: 5 / 5, strokes: 5 / 9
iteration step 255, G_loss: 0.05367, step_acc: 21.59721, grid_scale: 5 / 5, strokes: 5 / 9
iteration step 256, G_loss: 0.05365, step_acc: 21.60209, grid_scale: 5 / 5, strokes: 5 / 9
iteration step 257, G_loss: 0.05361, step_acc: 21.60267, grid_scale: 5 / 5, strokes: 5 / 9
iteration step 258, G_loss: 0.05360, step_acc: 21.60483, grid_scale: 5 / 5, strokes: 5 / 9
iteration step 259, G_loss: 0.05357, step_acc: 21.60829, grid_scale: 5 / 5, strokes: 5 / 9
iteration step 260, G_loss: 0.05354, step_acc: 21.61301, grid_scale: 5 / 5, strokes: 5 / 9
iteration step 261, G_loss: 0.05350, step_acc: 21.61425, grid_scale: 5 / 5, strokes: 5 / 9
iteration step 262, G_loss: 0.05348, step_acc: 21.61938, grid_scale: 5 / 5, strokes: 5 / 9
iteration step 263, G_loss: 0.05346, step_acc: 21.61819, grid_scale: 5 / 5, strokes: 5 / 9
iteration step 264, G_loss: 0.05345, step_acc: 21.62079, grid_scale: 5 / 5, strokes: 5 / 9
iteration step 265, G_loss: 0.05343, step_acc: 21.62257, grid_scale: 5 / 5, strokes: 5 / 9
iteration step 266, G_loss: 0.05341, step_acc: 21.62669, grid_scale: 5 / 5, strokes: 5 / 9
iteration step 267, G_loss: 0.05339, step_acc: 21.62790, grid_scale: 5 / 5, strokes: 5 / 9
iteration step 268, G_loss: 0.05337, step_acc: 21.62964, grid_scale: 5 / 5, strokes: 5 / 9
iteration step 269, G_loss: 0.05336, step_acc: 21.63156, grid_scale: 5 / 5, strokes: 5 / 9
iteration step 270, G_loss: 0.05335, step_acc: 21.63179, grid_scale: 5 / 5, strokes: 5 / 9
iteration step 271, G_loss: 0.05334, step_acc: 21.63386, grid_scale: 5 / 5, strokes: 5 / 9
iteration step 272, G_loss: 0.05331, step_acc: 21.63629, grid_scale: 5 / 5, strokes: 5 / 9
iteration step 273, G_loss: 0.05330, step_acc: 21.63590, grid_scale: 5 / 5, strokes: 5 / 9
iteration step 274, G_loss: 0.05329, step_acc: 21.63710, grid_scale: 5 / 5, strokes: 5 / 9
iteration step 275, G_loss: 0.05327, step_acc: 21.62514, grid_scale: 5 / 5, strokes: 6 / 9
iteration step 276, G_loss: 0.05341, step_acc: 21.68332, grid_scale: 5 / 5, strokes: 6 / 9
iteration step 277, G_loss: 0.05307, step_acc: 21.70728, grid_scale: 5 / 5, strokes: 6 / 9
iteration step 278, G_loss: 0.05289, step_acc: 21.71642, grid_scale: 5 / 5, strokes: 6 / 9
iteration step 279, G_loss: 0.05280, step_acc: 21.72939, grid_scale: 5 / 5, strokes: 6 / 9
iteration step 280, G_loss: 0.05272, step_acc: 21.73567, grid_scale: 5 / 5, strokes: 6 / 9
iteration step 281, G_loss: 0.05266, step_acc: 21.74282, grid_scale: 5 / 5, strokes: 6 / 9
iteration step 282, G_loss: 0.05262, step_acc: 21.74978, grid_scale: 5 / 5, strokes: 6 / 9
iteration step 283, G_loss: 0.05258, step_acc: 21.75837, grid_scale: 5 / 5, strokes: 6 / 9
iteration step 284, G_loss: 0.05252, step_acc: 21.76256, grid_scale: 5 / 5, strokes: 6 / 9
iteration step 285, G_loss: 0.05249, step_acc: 21.76844, grid_scale: 5 / 5, strokes: 6 / 9
iteration step 286, G_loss: 0.05245, step_acc: 21.77412, grid_scale: 5 / 5, strokes: 6 / 9
iteration step 287, G_loss: 0.05241, step_acc: 21.77899, grid_scale: 5 / 5, strokes: 6 / 9
iteration step 288, G_loss: 0.05238, step_acc: 21.78263, grid_scale: 5 / 5, strokes: 6 / 9
iteration step 289, G_loss: 0.05234, step_acc: 21.78711, grid_scale: 5 / 5, strokes: 6 / 9
iteration step 290, G_loss: 0.05232, step_acc: 21.79275, grid_scale: 5 / 5, strokes: 6 / 9
iteration step 291, G_loss: 0.05229, step_acc: 21.79700, grid_scale: 5 / 5, strokes: 6 / 9
iteration step 292, G_loss: 0.05227, step_acc: 21.80151, grid_scale: 5 / 5, strokes: 6 / 9
iteration step 293, G_loss: 0.05222, step_acc: 21.80742, grid_scale: 5 / 5, strokes: 6 / 9
iteration step 294, G_loss: 0.05219, step_acc: 21.81128, grid_scale: 5 / 5, strokes: 6 / 9
iteration step 295, G_loss: 0.05215, step_acc: 21.81929, grid_scale: 5 / 5, strokes: 6 / 9
iteration step 296, G_loss: 0.05212, step_acc: 21.81563, grid_scale: 5 / 5, strokes: 6 / 9
iteration step 297, G_loss: 0.05210, step_acc: 21.82546, grid_scale: 5 / 5, strokes: 6 / 9
iteration step 298, G_loss: 0.05208, step_acc: 21.82696, grid_scale: 5 / 5, strokes: 6 / 9
iteration step 299, G_loss: 0.05205, step_acc: 21.83224, grid_scale: 5 / 5, strokes: 6 / 9
iteration step 300, G_loss: 0.05202, step_acc: 21.83331, grid_scale: 5 / 5, strokes: 6 / 9
iteration step 301, G_loss: 0.05199, step_acc: 21.83920, grid_scale: 5 / 5, strokes: 6 / 9
iteration step 302, G_loss: 0.05198, step_acc: 21.83769, grid_scale: 5 / 5, strokes: 6 / 9
iteration step 303, G_loss: 0.05196, step_acc: 21.84179, grid_scale: 5 / 5, strokes: 6 / 9
iteration step 304, G_loss: 0.05193, step_acc: 21.84536, grid_scale: 5 / 5, strokes: 6 / 9
iteration step 305, G_loss: 0.05193, step_acc: 21.84888, grid_scale: 5 / 5, strokes: 6 / 9
iteration step 306, G_loss: 0.05190, step_acc: 21.84955, grid_scale: 5 / 5, strokes: 6 / 9
iteration step 307, G_loss: 0.05187, step_acc: 21.85422, grid_scale: 5 / 5, strokes: 6 / 9
iteration step 308, G_loss: 0.05185, step_acc: 21.85393, grid_scale: 5 / 5, strokes: 6 / 9
iteration step 309, G_loss: 0.05183, step_acc: 21.85783, grid_scale: 5 / 5, strokes: 6 / 9
iteration step 310, G_loss: 0.05182, step_acc: 21.85925, grid_scale: 5 / 5, strokes: 6 / 9
iteration step 311, G_loss: 0.05181, step_acc: 21.86330, grid_scale: 5 / 5, strokes: 6 / 9
iteration step 312, G_loss: 0.05179, step_acc: 21.86310, grid_scale: 5 / 5, strokes: 6 / 9
iteration step 313, G_loss: 0.05176, step_acc: 21.86999, grid_scale: 5 / 5, strokes: 6 / 9
iteration step 314, G_loss: 0.05174, step_acc: 21.86691, grid_scale: 5 / 5, strokes: 6 / 9
iteration step 315, G_loss: 0.05175, step_acc: 21.87477, grid_scale: 5 / 5, strokes: 6 / 9
iteration step 316, G_loss: 0.05172, step_acc: 21.87577, grid_scale: 5 / 5, strokes: 6 / 9
iteration step 317, G_loss: 0.05170, step_acc: 21.87885, grid_scale: 5 / 5, strokes: 6 / 9
iteration step 318, G_loss: 0.05168, step_acc: 21.87940, grid_scale: 5 / 5, strokes: 6 / 9
iteration step 319, G_loss: 0.05166, step_acc: 21.88398, grid_scale: 5 / 5, strokes: 6 / 9
iteration step 320, G_loss: 0.05165, step_acc: 21.88435, grid_scale: 5 / 5, strokes: 6 / 9
iteration step 321, G_loss: 0.05162, step_acc: 21.88995, grid_scale: 5 / 5, strokes: 6 / 9
iteration step 322, G_loss: 0.05162, step_acc: 21.88805, grid_scale: 5 / 5, strokes: 6 / 9
iteration step 323, G_loss: 0.05160, step_acc: 21.89270, grid_scale: 5 / 5, strokes: 6 / 9
iteration step 324, G_loss: 0.05157, step_acc: 21.89273, grid_scale: 5 / 5, strokes: 6 / 9
iteration step 325, G_loss: 0.05155, step_acc: 21.89558, grid_scale: 5 / 5, strokes: 6 / 9
iteration step 326, G_loss: 0.05154, step_acc: 21.89805, grid_scale: 5 / 5, strokes: 6 / 9
iteration step 327, G_loss: 0.05152, step_acc: 21.89889, grid_scale: 5 / 5, strokes: 6 / 9
iteration step 328, G_loss: 0.05151, step_acc: 21.90169, grid_scale: 5 / 5, strokes: 6 / 9
iteration step 329, G_loss: 0.05147, step_acc: 21.90784, grid_scale: 5 / 5, strokes: 6 / 9
iteration step 330, G_loss: 0.05145, step_acc: 21.91868, grid_scale: 5 / 5, strokes: 7 / 9
iteration step 331, G_loss: 0.05161, step_acc: 21.96134, grid_scale: 5 / 5, strokes: 7 / 9
iteration step 332, G_loss: 0.05131, step_acc: 21.99480, grid_scale: 5 / 5, strokes: 7 / 9
iteration step 333, G_loss: 0.05115, step_acc: 21.99968, grid_scale: 5 / 5, strokes: 7 / 9
iteration step 334, G_loss: 0.05109, step_acc: 22.01509, grid_scale: 5 / 5, strokes: 7 / 9
iteration step 335, G_loss: 0.05101, step_acc: 22.02585, grid_scale: 5 / 5, strokes: 7 / 9
iteration step 336, G_loss: 0.05093, step_acc: 22.03457, grid_scale: 5 / 5, strokes: 7 / 9
iteration step 337, G_loss: 0.05087, step_acc: 22.04407, grid_scale: 5 / 5, strokes: 7 / 9
iteration step 338, G_loss: 0.05083, step_acc: 22.05207, grid_scale: 5 / 5, strokes: 7 / 9
iteration step 339, G_loss: 0.05078, step_acc: 22.05420, grid_scale: 5 / 5, strokes: 7 / 9
iteration step 340, G_loss: 0.05075, step_acc: 22.06378, grid_scale: 5 / 5, strokes: 7 / 9
iteration step 341, G_loss: 0.05071, step_acc: 22.06583, grid_scale: 5 / 5, strokes: 7 / 9
iteration step 342, G_loss: 0.05069, step_acc: 22.07268, grid_scale: 5 / 5, strokes: 7 / 9
iteration step 343, G_loss: 0.05066, step_acc: 22.07872, grid_scale: 5 / 5, strokes: 7 / 9
iteration step 344, G_loss: 0.05062, step_acc: 22.08401, grid_scale: 5 / 5, strokes: 7 / 9
iteration step 345, G_loss: 0.05059, step_acc: 22.08887, grid_scale: 5 / 5, strokes: 7 / 9
iteration step 346, G_loss: 0.05056, step_acc: 22.09084, grid_scale: 5 / 5, strokes: 7 / 9
iteration step 347, G_loss: 0.05054, step_acc: 22.09853, grid_scale: 5 / 5, strokes: 7 / 9
iteration step 348, G_loss: 0.05049, step_acc: 22.10215, grid_scale: 5 / 5, strokes: 7 / 9
iteration step 349, G_loss: 0.05047, step_acc: 22.10661, grid_scale: 5 / 5, strokes: 7 / 9
iteration step 350, G_loss: 0.05045, step_acc: 22.11378, grid_scale: 5 / 5, strokes: 7 / 9
iteration step 351, G_loss: 0.05041, step_acc: 22.11921, grid_scale: 5 / 5, strokes: 7 / 9
iteration step 352, G_loss: 0.05038, step_acc: 22.12551, grid_scale: 5 / 5, strokes: 7 / 9
iteration step 353, G_loss: 0.05035, step_acc: 22.12597, grid_scale: 5 / 5, strokes: 7 / 9
iteration step 354, G_loss: 0.05033, step_acc: 22.13184, grid_scale: 5 / 5, strokes: 7 / 9
iteration step 355, G_loss: 0.05029, step_acc: 22.13782, grid_scale: 5 / 5, strokes: 7 / 9
iteration step 356, G_loss: 0.05027, step_acc: 22.14023, grid_scale: 5 / 5, strokes: 7 / 9
iteration step 357, G_loss: 0.05025, step_acc: 22.14528, grid_scale: 5 / 5, strokes: 7 / 9
iteration step 358, G_loss: 0.05024, step_acc: 22.15078, grid_scale: 5 / 5, strokes: 7 / 9
iteration step 359, G_loss: 0.05022, step_acc: 22.15036, grid_scale: 5 / 5, strokes: 7 / 9
iteration step 360, G_loss: 0.05020, step_acc: 22.15481, grid_scale: 5 / 5, strokes: 7 / 9
iteration step 361, G_loss: 0.05018, step_acc: 22.16116, grid_scale: 5 / 5, strokes: 7 / 9
iteration step 362, G_loss: 0.05016, step_acc: 22.16407, grid_scale: 5 / 5, strokes: 7 / 9
iteration step 363, G_loss: 0.05013, step_acc: 22.16997, grid_scale: 5 / 5, strokes: 7 / 9
iteration step 364, G_loss: 0.05011, step_acc: 22.17091, grid_scale: 5 / 5, strokes: 7 / 9
iteration step 365, G_loss: 0.05011, step_acc: 22.17511, grid_scale: 5 / 5, strokes: 7 / 9
iteration step 366, G_loss: 0.05010, step_acc: 22.17934, grid_scale: 5 / 5, strokes: 7 / 9
iteration step 367, G_loss: 0.05007, step_acc: 22.18495, grid_scale: 5 / 5, strokes: 7 / 9
iteration step 368, G_loss: 0.05004, step_acc: 22.18596, grid_scale: 5 / 5, strokes: 7 / 9
iteration step 369, G_loss: 0.05002, step_acc: 22.19293, grid_scale: 5 / 5, strokes: 7 / 9
iteration step 370, G_loss: 0.04999, step_acc: 22.19328, grid_scale: 5 / 5, strokes: 7 / 9
iteration step 371, G_loss: 0.04998, step_acc: 22.19620, grid_scale: 5 / 5, strokes: 7 / 9
iteration step 372, G_loss: 0.04997, step_acc: 22.19992, grid_scale: 5 / 5, strokes: 7 / 9
iteration step 373, G_loss: 0.04994, step_acc: 22.20632, grid_scale: 5 / 5, strokes: 7 / 9
iteration step 374, G_loss: 0.04991, step_acc: 22.20688, grid_scale: 5 / 5, strokes: 7 / 9
iteration step 375, G_loss: 0.04990, step_acc: 22.21267, grid_scale: 5 / 5, strokes: 7 / 9
iteration step 376, G_loss: 0.04988, step_acc: 22.21279, grid_scale: 5 / 5, strokes: 7 / 9
iteration step 377, G_loss: 0.04986, step_acc: 22.21835, grid_scale: 5 / 5, strokes: 7 / 9
iteration step 378, G_loss: 0.04983, step_acc: 22.22066, grid_scale: 5 / 5, strokes: 7 / 9
iteration step 379, G_loss: 0.04982, step_acc: 22.22115, grid_scale: 5 / 5, strokes: 7 / 9
iteration step 380, G_loss: 0.04981, step_acc: 22.22259, grid_scale: 5 / 5, strokes: 7 / 9
iteration step 381, G_loss: 0.04980, step_acc: 22.22671, grid_scale: 5 / 5, strokes: 7 / 9
iteration step 382, G_loss: 0.04977, step_acc: 22.22881, grid_scale: 5 / 5, strokes: 7 / 9
iteration step 383, G_loss: 0.04976, step_acc: 22.22972, grid_scale: 5 / 5, strokes: 7 / 9
iteration step 384, G_loss: 0.04975, step_acc: 22.23087, grid_scale: 5 / 5, strokes: 7 / 9
iteration step 385, G_loss: 0.04974, step_acc: 22.23021, grid_scale: 5 / 5, strokes: 8 / 9
iteration step 386, G_loss: 0.04984, step_acc: 22.26931, grid_scale: 5 / 5, strokes: 8 / 9
iteration step 387, G_loss: 0.04958, step_acc: 22.29273, grid_scale: 5 / 5, strokes: 8 / 9
iteration step 388, G_loss: 0.04941, step_acc: 22.30580, grid_scale: 5 / 5, strokes: 8 / 9
iteration step 389, G_loss: 0.04932, step_acc: 22.32055, grid_scale: 5 / 5, strokes: 8 / 9
iteration step 390, G_loss: 0.04924, step_acc: 22.32405, grid_scale: 5 / 5, strokes: 8 / 9
iteration step 391, G_loss: 0.04918, step_acc: 22.33453, grid_scale: 5 / 5, strokes: 8 / 9
iteration step 392, G_loss: 0.04914, step_acc: 22.33710, grid_scale: 5 / 5, strokes: 8 / 9
iteration step 393, G_loss: 0.04910, step_acc: 22.34331, grid_scale: 5 / 5, strokes: 8 / 9
iteration step 394, G_loss: 0.04907, step_acc: 22.34896, grid_scale: 5 / 5, strokes: 8 / 9
iteration step 395, G_loss: 0.04904, step_acc: 22.35224, grid_scale: 5 / 5, strokes: 8 / 9
iteration step 396, G_loss: 0.04899, step_acc: 22.35688, grid_scale: 5 / 5, strokes: 8 / 9
iteration step 397, G_loss: 0.04897, step_acc: 22.36247, grid_scale: 5 / 5, strokes: 8 / 9
iteration step 398, G_loss: 0.04894, step_acc: 22.36660, grid_scale: 5 / 5, strokes: 8 / 9
iteration step 399, G_loss: 0.04891, step_acc: 22.36859, grid_scale: 5 / 5, strokes: 8 / 9
iteration step 400, G_loss: 0.04889, step_acc: 22.37428, grid_scale: 5 / 5, strokes: 8 / 9
iteration step 401, G_loss: 0.04886, step_acc: 22.38223, grid_scale: 5 / 5, strokes: 8 / 9
iteration step 402, G_loss: 0.04882, step_acc: 22.38079, grid_scale: 5 / 5, strokes: 8 / 9
iteration step 403, G_loss: 0.04881, step_acc: 22.39035, grid_scale: 5 / 5, strokes: 8 / 9
iteration step 404, G_loss: 0.04877, step_acc: 22.38901, grid_scale: 5 / 5, strokes: 8 / 9
iteration step 405, G_loss: 0.04875, step_acc: 22.39597, grid_scale: 5 / 5, strokes: 8 / 9
iteration step 406, G_loss: 0.04873, step_acc: 22.39856, grid_scale: 5 / 5, strokes: 8 / 9
iteration step 407, G_loss: 0.04869, step_acc: 22.40226, grid_scale: 5 / 5, strokes: 8 / 9
iteration step 408, G_loss: 0.04867, step_acc: 22.40723, grid_scale: 5 / 5, strokes: 8 / 9
iteration step 409, G_loss: 0.04865, step_acc: 22.40884, grid_scale: 5 / 5, strokes: 8 / 9
iteration step 410, G_loss: 0.04863, step_acc: 22.41195, grid_scale: 5 / 5, strokes: 8 / 9
iteration step 411, G_loss: 0.04861, step_acc: 22.41678, grid_scale: 5 / 5, strokes: 8 / 9
iteration step 412, G_loss: 0.04860, step_acc: 22.41735, grid_scale: 5 / 5, strokes: 8 / 9
iteration step 413, G_loss: 0.04857, step_acc: 22.42075, grid_scale: 5 / 5, strokes: 8 / 9
iteration step 414, G_loss: 0.04856, step_acc: 22.42106, grid_scale: 5 / 5, strokes: 8 / 9
iteration step 415, G_loss: 0.04854, step_acc: 22.42474, grid_scale: 5 / 5, strokes: 8 / 9
iteration step 416, G_loss: 0.04853, step_acc: 22.42766, grid_scale: 5 / 5, strokes: 8 / 9
iteration step 417, G_loss: 0.04851, step_acc: 22.42941, grid_scale: 5 / 5, strokes: 8 / 9
iteration step 418, G_loss: 0.04849, step_acc: 22.43512, grid_scale: 5 / 5, strokes: 8 / 9
iteration step 419, G_loss: 0.04847, step_acc: 22.43437, grid_scale: 5 / 5, strokes: 8 / 9
iteration step 420, G_loss: 0.04845, step_acc: 22.43814, grid_scale: 5 / 5, strokes: 8 / 9
iteration step 421, G_loss: 0.04844, step_acc: 22.44013, grid_scale: 5 / 5, strokes: 8 / 9
iteration step 422, G_loss: 0.04843, step_acc: 22.44522, grid_scale: 5 / 5, strokes: 8 / 9
iteration step 423, G_loss: 0.04840, step_acc: 22.44679, grid_scale: 5 / 5, strokes: 8 / 9
iteration step 424, G_loss: 0.04839, step_acc: 22.44957, grid_scale: 5 / 5, strokes: 8 / 9
iteration step 425, G_loss: 0.04837, step_acc: 22.45191, grid_scale: 5 / 5, strokes: 8 / 9
iteration step 426, G_loss: 0.04835, step_acc: 22.45293, grid_scale: 5 / 5, strokes: 8 / 9
iteration step 427, G_loss: 0.04835, step_acc: 22.45460, grid_scale: 5 / 5, strokes: 8 / 9
iteration step 428, G_loss: 0.04834, step_acc: 22.45857, grid_scale: 5 / 5, strokes: 8 / 9
iteration step 429, G_loss: 0.04832, step_acc: 22.45751, grid_scale: 5 / 5, strokes: 8 / 9
iteration step 430, G_loss: 0.04831, step_acc: 22.46008, grid_scale: 5 / 5, strokes: 8 / 9
iteration step 431, G_loss: 0.04830, step_acc: 22.46233, grid_scale: 5 / 5, strokes: 8 / 9
iteration step 432, G_loss: 0.04828, step_acc: 22.46077, grid_scale: 5 / 5, strokes: 8 / 9
iteration step 433, G_loss: 0.04828, step_acc: 22.46220, grid_scale: 5 / 5, strokes: 8 / 9
iteration step 434, G_loss: 0.04827, step_acc: 22.46220, grid_scale: 5 / 5, strokes: 8 / 9
iteration step 435, G_loss: 0.04826, step_acc: 22.46468, grid_scale: 5 / 5, strokes: 8 / 9
iteration step 436, G_loss: 0.04825, step_acc: 22.46033, grid_scale: 5 / 5, strokes: 8 / 9
iteration step 437, G_loss: 0.04826, step_acc: 22.46626, grid_scale: 5 / 5, strokes: 8 / 9
iteration step 438, G_loss: 0.04824, step_acc: 22.46619, grid_scale: 5 / 5, strokes: 8 / 9
iteration step 439, G_loss: 0.04823, step_acc: 22.46974, grid_scale: 5 / 5, strokes: 8 / 9
iteration step 440, G_loss: 0.04822, step_acc: 22.49508, grid_scale: 5 / 5, strokes: 9 / 9
iteration step 441, G_loss: 0.04823, step_acc: 22.54161, grid_scale: 5 / 5, strokes: 9 / 9
iteration step 442, G_loss: 0.04797, step_acc: 22.56213, grid_scale: 5 / 5, strokes: 9 / 9
iteration step 443, G_loss: 0.04781, step_acc: 22.57893, grid_scale: 5 / 5, strokes: 9 / 9
iteration step 444, G_loss: 0.04770, step_acc: 22.59034, grid_scale: 5 / 5, strokes: 9 / 9
iteration step 445, G_loss: 0.04761, step_acc: 22.60067, grid_scale: 5 / 5, strokes: 9 / 9
iteration step 446, G_loss: 0.04756, step_acc: 22.60811, grid_scale: 5 / 5, strokes: 9 / 9
iteration step 447, G_loss: 0.04749, step_acc: 22.62111, grid_scale: 5 / 5, strokes: 9 / 9
iteration step 448, G_loss: 0.04742, step_acc: 22.62918, grid_scale: 5 / 5, strokes: 9 / 9
iteration step 449, G_loss: 0.04737, step_acc: 22.63574, grid_scale: 5 / 5, strokes: 9 / 9
iteration step 450, G_loss: 0.04733, step_acc: 22.63817, grid_scale: 5 / 5, strokes: 9 / 9
iteration step 451, G_loss: 0.04730, step_acc: 22.64592, grid_scale: 5 / 5, strokes: 9 / 9
iteration step 452, G_loss: 0.04726, step_acc: 22.65023, grid_scale: 5 / 5, strokes: 9 / 9
iteration step 453, G_loss: 0.04723, step_acc: 22.65569, grid_scale: 5 / 5, strokes: 9 / 9
iteration step 454, G_loss: 0.04719, step_acc: 22.66068, grid_scale: 5 / 5, strokes: 9 / 9
iteration step 455, G_loss: 0.04717, step_acc: 22.66264, grid_scale: 5 / 5, strokes: 9 / 9
iteration step 456, G_loss: 0.04713, step_acc: 22.66805, grid_scale: 5 / 5, strokes: 9 / 9
iteration step 457, G_loss: 0.04711, step_acc: 22.66883, grid_scale: 5 / 5, strokes: 9 / 9
iteration step 458, G_loss: 0.04709, step_acc: 22.67397, grid_scale: 5 / 5, strokes: 9 / 9
iteration step 459, G_loss: 0.04707, step_acc: 22.67537, grid_scale: 5 / 5, strokes: 9 / 9
iteration step 460, G_loss: 0.04704, step_acc: 22.68069, grid_scale: 5 / 5, strokes: 9 / 9
iteration step 461, G_loss: 0.04702, step_acc: 22.67947, grid_scale: 5 / 5, strokes: 9 / 9
iteration step 462, G_loss: 0.04701, step_acc: 22.68462, grid_scale: 5 / 5, strokes: 9 / 9
iteration step 463, G_loss: 0.04699, step_acc: 22.68438, grid_scale: 5 / 5, strokes: 9 / 9
iteration step 464, G_loss: 0.04697, step_acc: 22.68837, grid_scale: 5 / 5, strokes: 9 / 9
iteration step 465, G_loss: 0.04695, step_acc: 22.68964, grid_scale: 5 / 5, strokes: 9 / 9
iteration step 466, G_loss: 0.04692, step_acc: 22.69104, grid_scale: 5 / 5, strokes: 9 / 9
iteration step 467, G_loss: 0.04692, step_acc: 22.69367, grid_scale: 5 / 5, strokes: 9 / 9
iteration step 468, G_loss: 0.04689, step_acc: 22.69649, grid_scale: 5 / 5, strokes: 9 / 9
iteration step 469, G_loss: 0.04689, step_acc: 22.69787, grid_scale: 5 / 5, strokes: 9 / 9
iteration step 470, G_loss: 0.04686, step_acc: 22.70052, grid_scale: 5 / 5, strokes: 9 / 9
iteration step 471, G_loss: 0.04684, step_acc: 22.70234, grid_scale: 5 / 5, strokes: 9 / 9
iteration step 472, G_loss: 0.04684, step_acc: 22.70579, grid_scale: 5 / 5, strokes: 9 / 9
iteration step 473, G_loss: 0.04680, step_acc: 22.70797, grid_scale: 5 / 5, strokes: 9 / 9
iteration step 474, G_loss: 0.04677, step_acc: 22.71093, grid_scale: 5 / 5, strokes: 9 / 9
iteration step 475, G_loss: 0.04676, step_acc: 22.71207, grid_scale: 5 / 5, strokes: 9 / 9
iteration step 476, G_loss: 0.04674, step_acc: 22.71471, grid_scale: 5 / 5, strokes: 9 / 9
iteration step 477, G_loss: 0.04673, step_acc: 22.71535, grid_scale: 5 / 5, strokes: 9 / 9
iteration step 478, G_loss: 0.04672, step_acc: 22.71717, grid_scale: 5 / 5, strokes: 9 / 9
iteration step 479, G_loss: 0.04671, step_acc: 22.71323, grid_scale: 5 / 5, strokes: 9 / 9
iteration step 480, G_loss: 0.04670, step_acc: 22.71929, grid_scale: 5 / 5, strokes: 9 / 9
iteration step 481, G_loss: 0.04668, step_acc: 22.72041, grid_scale: 5 / 5, strokes: 9 / 9
iteration step 482, G_loss: 0.04667, step_acc: 22.72452, grid_scale: 5 / 5, strokes: 9 / 9
iteration step 483, G_loss: 0.04666, step_acc: 22.72373, grid_scale: 5 / 5, strokes: 9 / 9
iteration step 484, G_loss: 0.04665, step_acc: 22.72769, grid_scale: 5 / 5, strokes: 9 / 9
iteration step 485, G_loss: 0.04664, step_acc: 22.72554, grid_scale: 5 / 5, strokes: 9 / 9
iteration step 486, G_loss: 0.04664, step_acc: 22.72938, grid_scale: 5 / 5, strokes: 9 / 9
iteration step 487, G_loss: 0.04663, step_acc: 22.72849, grid_scale: 5 / 5, strokes: 9 / 9
iteration step 488, G_loss: 0.04661, step_acc: 22.73247, grid_scale: 5 / 5, strokes: 9 / 9
iteration step 489, G_loss: 0.04660, step_acc: 22.73528, grid_scale: 5 / 5, strokes: 9 / 9
iteration step 490, G_loss: 0.04658, step_acc: 22.73697, grid_scale: 5 / 5, strokes: 9 / 9
iteration step 491, G_loss: 0.04658, step_acc: 22.73468, grid_scale: 5 / 5, strokes: 9 / 9
iteration step 492, G_loss: 0.04658, step_acc: 22.74145, grid_scale: 5 / 5, strokes: 9 / 9
iteration step 493, G_loss: 0.04657, step_acc: 22.73794, grid_scale: 5 / 5, strokes: 9 / 9
iteration step 494, G_loss: 0.04656, step_acc: 22.74239, grid_scale: 5 / 5, strokes: 9 / 9
rendering canvas...
saving stroke parameters...
rendering canvas...
saving input photo...
saving final rendered result...
OpenCV: FFMPEG: tag 0x5634504d/'MP4V' is not supported with codec id 12 and format 'mp4 / MP4 (MPEG-4 Part 14)'
OpenCV: FFMPEG: fallback to use tag 0x7634706d/'mp4v'
