initialize network with normal
loading renderer from pre-trained checkpoint...
begin drawing...
iteration step 0, G_loss: 0.00000, step_acc: 3.36641, grid_scale: 1 / 5, strokes: 1 / 9
iteration step 1, G_loss: 0.62502, step_acc: 3.38360, grid_scale: 1 / 5, strokes: 1 / 9
iteration step 2, G_loss: 0.62320, step_acc: 3.42468, grid_scale: 1 / 5, strokes: 1 / 9
iteration step 3, G_loss: 0.61946, step_acc: 3.46419, grid_scale: 1 / 5, strokes: 1 / 9
iteration step 4, G_loss: 0.61534, step_acc: 3.50502, grid_scale: 1 / 5, strokes: 1 / 9
iteration step 5, G_loss: 0.61116, step_acc: 3.53244, grid_scale: 1 / 5, strokes: 1 / 9
iteration step 6, G_loss: 0.60844, step_acc: 3.55177, grid_scale: 1 / 5, strokes: 1 / 9
iteration step 7, G_loss: 0.60659, step_acc: 3.57208, grid_scale: 1 / 5, strokes: 1 / 9
iteration step 8, G_loss: 0.60461, step_acc: 3.58672, grid_scale: 1 / 5, strokes: 1 / 9
iteration step 9, G_loss: 0.60288, step_acc: 3.59236, grid_scale: 1 / 5, strokes: 1 / 9
iteration step 10, G_loss: 0.60206, step_acc: 3.59943, grid_scale: 1 / 5, strokes: 1 / 9
iteration step 11, G_loss: 0.60108, step_acc: 3.62953, grid_scale: 1 / 5, strokes: 1 / 9
iteration step 12, G_loss: 0.59855, step_acc: 3.63913, grid_scale: 1 / 5, strokes: 1 / 9
iteration step 13, G_loss: 0.59783, step_acc: 3.65892, grid_scale: 1 / 5, strokes: 1 / 9
iteration step 14, G_loss: 0.59519, step_acc: 3.66495, grid_scale: 1 / 5, strokes: 1 / 9
iteration step 15, G_loss: 0.59439, step_acc: 3.67318, grid_scale: 1 / 5, strokes: 1 / 9
iteration step 16, G_loss: 0.59342, step_acc: 3.68231, grid_scale: 1 / 5, strokes: 1 / 9
iteration step 17, G_loss: 0.59221, step_acc: 3.69475, grid_scale: 1 / 5, strokes: 1 / 9
iteration step 18, G_loss: 0.59128, step_acc: 3.70436, grid_scale: 1 / 5, strokes: 1 / 9
iteration step 19, G_loss: 0.59023, step_acc: 3.71602, grid_scale: 1 / 5, strokes: 1 / 9
iteration step 20, G_loss: 0.58884, step_acc: 3.72630, grid_scale: 1 / 5, strokes: 1 / 9
iteration step 21, G_loss: 0.58766, step_acc: 3.72820, grid_scale: 1 / 5, strokes: 1 / 9
iteration step 22, G_loss: 0.58717, step_acc: 3.73750, grid_scale: 1 / 5, strokes: 1 / 9
iteration step 23, G_loss: 0.58628, step_acc: 3.74524, grid_scale: 1 / 5, strokes: 1 / 9
iteration step 24, G_loss: 0.58529, step_acc: 3.76361, grid_scale: 1 / 5, strokes: 1 / 9
iteration step 25, G_loss: 0.58349, step_acc: 3.78220, grid_scale: 1 / 5, strokes: 1 / 9
iteration step 26, G_loss: 0.58168, step_acc: 3.79381, grid_scale: 1 / 5, strokes: 1 / 9
iteration step 27, G_loss: 0.58036, step_acc: 3.80589, grid_scale: 1 / 5, strokes: 1 / 9
iteration step 28, G_loss: 0.57922, step_acc: 3.81546, grid_scale: 1 / 5, strokes: 1 / 9
iteration step 29, G_loss: 0.57831, step_acc: 3.82477, grid_scale: 1 / 5, strokes: 1 / 9
iteration step 30, G_loss: 0.57729, step_acc: 3.83245, grid_scale: 1 / 5, strokes: 1 / 9
iteration step 31, G_loss: 0.57641, step_acc: 3.83197, grid_scale: 1 / 5, strokes: 1 / 9
iteration step 32, G_loss: 0.57644, step_acc: 3.83404, grid_scale: 1 / 5, strokes: 1 / 9
iteration step 33, G_loss: 0.57613, step_acc: 3.85065, grid_scale: 1 / 5, strokes: 1 / 9
iteration step 34, G_loss: 0.57451, step_acc: 3.87636, grid_scale: 1 / 5, strokes: 1 / 9
iteration step 35, G_loss: 0.57214, step_acc: 3.90487, grid_scale: 1 / 5, strokes: 1 / 9
iteration step 36, G_loss: 0.56895, step_acc: 3.91788, grid_scale: 1 / 5, strokes: 1 / 9
iteration step 37, G_loss: 0.56808, step_acc: 3.92425, grid_scale: 1 / 5, strokes: 1 / 9
iteration step 38, G_loss: 0.56736, step_acc: 3.93279, grid_scale: 1 / 5, strokes: 1 / 9
iteration step 39, G_loss: 0.56650, step_acc: 3.94593, grid_scale: 1 / 5, strokes: 1 / 9
iteration step 40, G_loss: 0.56518, step_acc: 3.95755, grid_scale: 1 / 5, strokes: 1 / 9
iteration step 41, G_loss: 0.56409, step_acc: 3.96533, grid_scale: 1 / 5, strokes: 1 / 9
iteration step 42, G_loss: 0.56332, step_acc: 3.97248, grid_scale: 1 / 5, strokes: 1 / 9
iteration step 43, G_loss: 0.56270, step_acc: 3.97837, grid_scale: 1 / 5, strokes: 1 / 9
iteration step 44, G_loss: 0.56213, step_acc: 3.98707, grid_scale: 1 / 5, strokes: 1 / 9
iteration step 45, G_loss: 0.56123, step_acc: 3.99723, grid_scale: 1 / 5, strokes: 1 / 9
iteration step 46, G_loss: 0.56026, step_acc: 4.00357, grid_scale: 1 / 5, strokes: 1 / 9
iteration step 47, G_loss: 0.55963, step_acc: 4.01580, grid_scale: 1 / 5, strokes: 1 / 9
iteration step 48, G_loss: 0.55849, step_acc: 4.02515, grid_scale: 1 / 5, strokes: 1 / 9
iteration step 49, G_loss: 0.55753, step_acc: 4.03121, grid_scale: 1 / 5, strokes: 1 / 9
iteration step 50, G_loss: 0.55685, step_acc: 4.03523, grid_scale: 1 / 5, strokes: 1 / 9
iteration step 51, G_loss: 0.55631, step_acc: 4.03997, grid_scale: 1 / 5, strokes: 1 / 9
iteration step 52, G_loss: 0.55571, step_acc: 4.04551, grid_scale: 1 / 5, strokes: 1 / 9
iteration step 53, G_loss: 0.55503, step_acc: 4.05183, grid_scale: 1 / 5, strokes: 1 / 9
iteration step 54, G_loss: 0.55430, step_acc: 4.05848, grid_scale: 1 / 5, strokes: 1 / 9
iteration step 55, G_loss: 0.55374, step_acc: 4.10743, grid_scale: 1 / 5, strokes: 2 / 9
iteration step 56, G_loss: 0.54981, step_acc: 4.13531, grid_scale: 1 / 5, strokes: 2 / 9
iteration step 57, G_loss: 0.54734, step_acc: 4.16694, grid_scale: 1 / 5, strokes: 2 / 9
iteration step 58, G_loss: 0.54471, step_acc: 4.19733, grid_scale: 1 / 5, strokes: 2 / 9
iteration step 59, G_loss: 0.54222, step_acc: 4.22801, grid_scale: 1 / 5, strokes: 2 / 9
iteration step 60, G_loss: 0.53908, step_acc: 4.25667, grid_scale: 1 / 5, strokes: 2 / 9
iteration step 61, G_loss: 0.53675, step_acc: 4.28798, grid_scale: 1 / 5, strokes: 2 / 9
iteration step 62, G_loss: 0.53411, step_acc: 4.32333, grid_scale: 1 / 5, strokes: 2 / 9
iteration step 63, G_loss: 0.53111, step_acc: 4.35419, grid_scale: 1 / 5, strokes: 2 / 9
iteration step 64, G_loss: 0.52849, step_acc: 4.39486, grid_scale: 1 / 5, strokes: 2 / 9
iteration step 65, G_loss: 0.52537, step_acc: 4.41509, grid_scale: 1 / 5, strokes: 2 / 9
iteration step 66, G_loss: 0.52357, step_acc: 4.43814, grid_scale: 1 / 5, strokes: 2 / 9
iteration step 67, G_loss: 0.52156, step_acc: 4.46112, grid_scale: 1 / 5, strokes: 2 / 9
iteration step 68, G_loss: 0.51941, step_acc: 4.48770, grid_scale: 1 / 5, strokes: 2 / 9
iteration step 69, G_loss: 0.51713, step_acc: 4.51707, grid_scale: 1 / 5, strokes: 2 / 9
iteration step 70, G_loss: 0.51513, step_acc: 4.55590, grid_scale: 1 / 5, strokes: 2 / 9
iteration step 71, G_loss: 0.51217, step_acc: 4.58434, grid_scale: 1 / 5, strokes: 2 / 9
iteration step 72, G_loss: 0.51016, step_acc: 4.61557, grid_scale: 1 / 5, strokes: 2 / 9
iteration step 73, G_loss: 0.50793, step_acc: 4.63839, grid_scale: 1 / 5, strokes: 2 / 9
iteration step 74, G_loss: 0.50608, step_acc: 4.66285, grid_scale: 1 / 5, strokes: 2 / 9
iteration step 75, G_loss: 0.50408, step_acc: 4.70013, grid_scale: 1 / 5, strokes: 2 / 9
iteration step 76, G_loss: 0.50154, step_acc: 4.74787, grid_scale: 1 / 5, strokes: 2 / 9
iteration step 77, G_loss: 0.49823, step_acc: 4.78291, grid_scale: 1 / 5, strokes: 2 / 9
iteration step 78, G_loss: 0.49570, step_acc: 4.81156, grid_scale: 1 / 5, strokes: 2 / 9
iteration step 79, G_loss: 0.49316, step_acc: 4.84514, grid_scale: 1 / 5, strokes: 2 / 9
iteration step 80, G_loss: 0.49043, step_acc: 4.86485, grid_scale: 1 / 5, strokes: 2 / 9
iteration step 81, G_loss: 0.48837, step_acc: 4.88179, grid_scale: 1 / 5, strokes: 2 / 9
iteration step 82, G_loss: 0.48664, step_acc: 4.90016, grid_scale: 1 / 5, strokes: 2 / 9
iteration step 83, G_loss: 0.48494, step_acc: 4.92729, grid_scale: 1 / 5, strokes: 2 / 9
iteration step 84, G_loss: 0.48255, step_acc: 4.94777, grid_scale: 1 / 5, strokes: 2 / 9
iteration step 85, G_loss: 0.48063, step_acc: 4.96574, grid_scale: 1 / 5, strokes: 2 / 9
iteration step 86, G_loss: 0.47910, step_acc: 4.97581, grid_scale: 1 / 5, strokes: 2 / 9
iteration step 87, G_loss: 0.47805, step_acc: 4.98146, grid_scale: 1 / 5, strokes: 2 / 9
iteration step 88, G_loss: 0.47734, step_acc: 4.98426, grid_scale: 1 / 5, strokes: 2 / 9
iteration step 89, G_loss: 0.47672, step_acc: 4.98944, grid_scale: 1 / 5, strokes: 2 / 9
iteration step 90, G_loss: 0.47611, step_acc: 4.99562, grid_scale: 1 / 5, strokes: 2 / 9
iteration step 91, G_loss: 0.47559, step_acc: 5.00789, grid_scale: 1 / 5, strokes: 2 / 9
iteration step 92, G_loss: 0.47477, step_acc: 5.01989, grid_scale: 1 / 5, strokes: 2 / 9
iteration step 93, G_loss: 0.47385, step_acc: 5.04336, grid_scale: 1 / 5, strokes: 2 / 9
iteration step 94, G_loss: 0.47237, step_acc: 5.04995, grid_scale: 1 / 5, strokes: 2 / 9
iteration step 95, G_loss: 0.47155, step_acc: 5.05906, grid_scale: 1 / 5, strokes: 2 / 9
iteration step 96, G_loss: 0.47077, step_acc: 5.07439, grid_scale: 1 / 5, strokes: 2 / 9
iteration step 97, G_loss: 0.46976, step_acc: 5.08660, grid_scale: 1 / 5, strokes: 2 / 9
iteration step 98, G_loss: 0.46891, step_acc: 5.09462, grid_scale: 1 / 5, strokes: 2 / 9
iteration step 99, G_loss: 0.46837, step_acc: 5.09540, grid_scale: 1 / 5, strokes: 2 / 9
iteration step 100, G_loss: 0.46804, step_acc: 5.10029, grid_scale: 1 / 5, strokes: 2 / 9
iteration step 101, G_loss: 0.46761, step_acc: 5.10681, grid_scale: 1 / 5, strokes: 2 / 9
iteration step 102, G_loss: 0.46709, step_acc: 5.11745, grid_scale: 1 / 5, strokes: 2 / 9
iteration step 103, G_loss: 0.46637, step_acc: 5.12985, grid_scale: 1 / 5, strokes: 2 / 9
iteration step 104, G_loss: 0.46548, step_acc: 5.14031, grid_scale: 1 / 5, strokes: 2 / 9
iteration step 105, G_loss: 0.46463, step_acc: 5.14626, grid_scale: 1 / 5, strokes: 2 / 9
iteration step 106, G_loss: 0.46398, step_acc: 5.14972, grid_scale: 1 / 5, strokes: 2 / 9
iteration step 107, G_loss: 0.46366, step_acc: 5.15149, grid_scale: 1 / 5, strokes: 2 / 9
iteration step 108, G_loss: 0.46338, step_acc: 5.15664, grid_scale: 1 / 5, strokes: 2 / 9
iteration step 109, G_loss: 0.46298, step_acc: 5.15988, grid_scale: 1 / 5, strokes: 2 / 9
iteration step 110, G_loss: 0.46260, step_acc: 5.18087, grid_scale: 1 / 5, strokes: 3 / 9
iteration step 111, G_loss: 0.46050, step_acc: 5.19389, grid_scale: 1 / 5, strokes: 3 / 9
iteration step 112, G_loss: 0.45959, step_acc: 5.22116, grid_scale: 1 / 5, strokes: 3 / 9
iteration step 113, G_loss: 0.45725, step_acc: 5.22723, grid_scale: 1 / 5, strokes: 3 / 9
iteration step 114, G_loss: 0.45599, step_acc: 5.24499, grid_scale: 1 / 5, strokes: 3 / 9
iteration step 115, G_loss: 0.45474, step_acc: 5.26691, grid_scale: 1 / 5, strokes: 3 / 9
iteration step 116, G_loss: 0.45294, step_acc: 5.31255, grid_scale: 1 / 5, strokes: 3 / 9
iteration step 117, G_loss: 0.45036, step_acc: 5.33194, grid_scale: 1 / 5, strokes: 3 / 9
iteration step 118, G_loss: 0.44898, step_acc: 5.34706, grid_scale: 1 / 5, strokes: 3 / 9
iteration step 119, G_loss: 0.44803, step_acc: 5.38378, grid_scale: 1 / 5, strokes: 3 / 9
iteration step 120, G_loss: 0.44585, step_acc: 5.40760, grid_scale: 1 / 5, strokes: 3 / 9
iteration step 121, G_loss: 0.44402, step_acc: 5.43546, grid_scale: 1 / 5, strokes: 3 / 9
iteration step 122, G_loss: 0.44219, step_acc: 5.45262, grid_scale: 1 / 5, strokes: 3 / 9
iteration step 123, G_loss: 0.44055, step_acc: 5.46687, grid_scale: 1 / 5, strokes: 3 / 9
iteration step 124, G_loss: 0.43927, step_acc: 5.48457, grid_scale: 1 / 5, strokes: 3 / 9
iteration step 125, G_loss: 0.43807, step_acc: 5.50426, grid_scale: 1 / 5, strokes: 3 / 9
iteration step 126, G_loss: 0.43672, step_acc: 5.52717, grid_scale: 1 / 5, strokes: 3 / 9
iteration step 127, G_loss: 0.43520, step_acc: 5.55869, grid_scale: 1 / 5, strokes: 3 / 9
iteration step 128, G_loss: 0.43323, step_acc: 5.60383, grid_scale: 1 / 5, strokes: 3 / 9
iteration step 129, G_loss: 0.43055, step_acc: 5.63954, grid_scale: 1 / 5, strokes: 3 / 9
iteration step 130, G_loss: 0.42818, step_acc: 5.70164, grid_scale: 1 / 5, strokes: 3 / 9
iteration step 131, G_loss: 0.42461, step_acc: 5.73697, grid_scale: 1 / 5, strokes: 3 / 9
iteration step 132, G_loss: 0.42220, step_acc: 5.78630, grid_scale: 1 / 5, strokes: 3 / 9
iteration step 133, G_loss: 0.41913, step_acc: 5.83005, grid_scale: 1 / 5, strokes: 3 / 9
iteration step 134, G_loss: 0.41584, step_acc: 5.86333, grid_scale: 1 / 5, strokes: 3 / 9
iteration step 135, G_loss: 0.41365, step_acc: 5.88994, grid_scale: 1 / 5, strokes: 3 / 9
iteration step 136, G_loss: 0.41186, step_acc: 5.90500, grid_scale: 1 / 5, strokes: 3 / 9
iteration step 137, G_loss: 0.41049, step_acc: 5.91474, grid_scale: 1 / 5, strokes: 3 / 9
iteration step 138, G_loss: 0.40956, step_acc: 5.92417, grid_scale: 1 / 5, strokes: 3 / 9
iteration step 139, G_loss: 0.40837, step_acc: 5.93587, grid_scale: 1 / 5, strokes: 3 / 9
iteration step 140, G_loss: 0.40755, step_acc: 5.95163, grid_scale: 1 / 5, strokes: 3 / 9
iteration step 141, G_loss: 0.40635, step_acc: 5.96462, grid_scale: 1 / 5, strokes: 3 / 9
iteration step 142, G_loss: 0.40548, step_acc: 5.97719, grid_scale: 1 / 5, strokes: 3 / 9
iteration step 143, G_loss: 0.40440, step_acc: 5.98611, grid_scale: 1 / 5, strokes: 3 / 9
iteration step 144, G_loss: 0.40364, step_acc: 6.00257, grid_scale: 1 / 5, strokes: 3 / 9
iteration step 145, G_loss: 0.40233, step_acc: 6.01496, grid_scale: 1 / 5, strokes: 3 / 9
iteration step 146, G_loss: 0.40141, step_acc: 6.03400, grid_scale: 1 / 5, strokes: 3 / 9
iteration step 147, G_loss: 0.40000, step_acc: 6.06823, grid_scale: 1 / 5, strokes: 3 / 9
iteration step 148, G_loss: 0.39783, step_acc: 6.09570, grid_scale: 1 / 5, strokes: 3 / 9
iteration step 149, G_loss: 0.39582, step_acc: 6.11572, grid_scale: 1 / 5, strokes: 3 / 9
iteration step 150, G_loss: 0.39421, step_acc: 6.13562, grid_scale: 1 / 5, strokes: 3 / 9
iteration step 151, G_loss: 0.39262, step_acc: 6.16524, grid_scale: 1 / 5, strokes: 3 / 9
iteration step 152, G_loss: 0.39092, step_acc: 6.18631, grid_scale: 1 / 5, strokes: 3 / 9
iteration step 153, G_loss: 0.38936, step_acc: 6.21598, grid_scale: 1 / 5, strokes: 3 / 9
iteration step 154, G_loss: 0.38762, step_acc: 6.23945, grid_scale: 1 / 5, strokes: 3 / 9
iteration step 155, G_loss: 0.38619, step_acc: 6.26849, grid_scale: 1 / 5, strokes: 3 / 9
iteration step 156, G_loss: 0.38457, step_acc: 6.29601, grid_scale: 1 / 5, strokes: 3 / 9
iteration step 157, G_loss: 0.38308, step_acc: 6.32254, grid_scale: 1 / 5, strokes: 3 / 9
iteration step 158, G_loss: 0.38138, step_acc: 6.36040, grid_scale: 1 / 5, strokes: 3 / 9
iteration step 159, G_loss: 0.37943, step_acc: 6.36772, grid_scale: 1 / 5, strokes: 3 / 9
iteration step 160, G_loss: 0.37877, step_acc: 6.39109, grid_scale: 1 / 5, strokes: 3 / 9
iteration step 161, G_loss: 0.37736, step_acc: 6.41206, grid_scale: 1 / 5, strokes: 3 / 9
iteration step 162, G_loss: 0.37614, step_acc: 6.44113, grid_scale: 1 / 5, strokes: 3 / 9
iteration step 163, G_loss: 0.37437, step_acc: 6.50149, grid_scale: 1 / 5, strokes: 3 / 9
iteration step 164, G_loss: 0.37087, step_acc: 6.55751, grid_scale: 1 / 5, strokes: 3 / 9
iteration step 165, G_loss: 0.36791, step_acc: 6.60334, grid_scale: 1 / 5, strokes: 4 / 9
iteration step 166, G_loss: 0.36501, step_acc: 6.71829, grid_scale: 1 / 5, strokes: 4 / 9
iteration step 167, G_loss: 0.35902, step_acc: 6.81936, grid_scale: 1 / 5, strokes: 4 / 9
iteration step 168, G_loss: 0.35301, step_acc: 6.85274, grid_scale: 1 / 5, strokes: 4 / 9
iteration step 169, G_loss: 0.35088, step_acc: 6.93667, grid_scale: 1 / 5, strokes: 4 / 9
iteration step 170, G_loss: 0.34622, step_acc: 6.97433, grid_scale: 1 / 5, strokes: 4 / 9
iteration step 171, G_loss: 0.34397, step_acc: 7.00173, grid_scale: 1 / 5, strokes: 4 / 9
iteration step 172, G_loss: 0.34227, step_acc: 7.02458, grid_scale: 1 / 5, strokes: 4 / 9
iteration step 173, G_loss: 0.34051, step_acc: 7.05062, grid_scale: 1 / 5, strokes: 4 / 9
iteration step 174, G_loss: 0.33917, step_acc: 7.09939, grid_scale: 1 / 5, strokes: 4 / 9
iteration step 175, G_loss: 0.33725, step_acc: 7.11673, grid_scale: 1 / 5, strokes: 4 / 9
iteration step 176, G_loss: 0.33587, step_acc: 7.15836, grid_scale: 1 / 5, strokes: 4 / 9
iteration step 177, G_loss: 0.33388, step_acc: 7.18549, grid_scale: 1 / 5, strokes: 4 / 9
iteration step 178, G_loss: 0.33231, step_acc: 7.20628, grid_scale: 1 / 5, strokes: 4 / 9
iteration step 179, G_loss: 0.33104, step_acc: 7.22223, grid_scale: 1 / 5, strokes: 4 / 9
iteration step 180, G_loss: 0.32985, step_acc: 7.24242, grid_scale: 1 / 5, strokes: 4 / 9
iteration step 181, G_loss: 0.32883, step_acc: 7.25454, grid_scale: 1 / 5, strokes: 4 / 9
iteration step 182, G_loss: 0.32801, step_acc: 7.26534, grid_scale: 1 / 5, strokes: 4 / 9
iteration step 183, G_loss: 0.32725, step_acc: 7.27675, grid_scale: 1 / 5, strokes: 4 / 9
iteration step 184, G_loss: 0.32654, step_acc: 7.28958, grid_scale: 1 / 5, strokes: 4 / 9
iteration step 185, G_loss: 0.32588, step_acc: 7.29919, grid_scale: 1 / 5, strokes: 4 / 9
iteration step 186, G_loss: 0.32520, step_acc: 7.30959, grid_scale: 1 / 5, strokes: 4 / 9
iteration step 187, G_loss: 0.32448, step_acc: 7.32244, grid_scale: 1 / 5, strokes: 4 / 9
iteration step 188, G_loss: 0.32371, step_acc: 7.33200, grid_scale: 1 / 5, strokes: 4 / 9
iteration step 189, G_loss: 0.32304, step_acc: 7.34418, grid_scale: 1 / 5, strokes: 4 / 9
iteration step 190, G_loss: 0.32238, step_acc: 7.35838, grid_scale: 1 / 5, strokes: 4 / 9
iteration step 191, G_loss: 0.32174, step_acc: 7.35919, grid_scale: 1 / 5, strokes: 4 / 9
iteration step 192, G_loss: 0.32126, step_acc: 7.37610, grid_scale: 1 / 5, strokes: 4 / 9
iteration step 193, G_loss: 0.32049, step_acc: 7.38662, grid_scale: 1 / 5, strokes: 4 / 9
iteration step 194, G_loss: 0.31980, step_acc: 7.39782, grid_scale: 1 / 5, strokes: 4 / 9
iteration step 195, G_loss: 0.31921, step_acc: 7.40523, grid_scale: 1 / 5, strokes: 4 / 9
iteration step 196, G_loss: 0.31878, step_acc: 7.41293, grid_scale: 1 / 5, strokes: 4 / 9
iteration step 197, G_loss: 0.31831, step_acc: 7.42217, grid_scale: 1 / 5, strokes: 4 / 9
iteration step 198, G_loss: 0.31781, step_acc: 7.43834, grid_scale: 1 / 5, strokes: 4 / 9
iteration step 199, G_loss: 0.31707, step_acc: 7.44639, grid_scale: 1 / 5, strokes: 4 / 9
iteration step 200, G_loss: 0.31638, step_acc: 7.45829, grid_scale: 1 / 5, strokes: 4 / 9
iteration step 201, G_loss: 0.31549, step_acc: 7.47328, grid_scale: 1 / 5, strokes: 4 / 9
iteration step 202, G_loss: 0.31430, step_acc: 7.47794, grid_scale: 1 / 5, strokes: 4 / 9
iteration step 203, G_loss: 0.31400, step_acc: 7.48064, grid_scale: 1 / 5, strokes: 4 / 9
iteration step 204, G_loss: 0.31376, step_acc: 7.48340, grid_scale: 1 / 5, strokes: 4 / 9
iteration step 205, G_loss: 0.31364, step_acc: 7.48695, grid_scale: 1 / 5, strokes: 4 / 9
iteration step 206, G_loss: 0.31332, step_acc: 7.48441, grid_scale: 1 / 5, strokes: 4 / 9
iteration step 207, G_loss: 0.31325, step_acc: 7.48848, grid_scale: 1 / 5, strokes: 4 / 9
iteration step 208, G_loss: 0.31307, step_acc: 7.49017, grid_scale: 1 / 5, strokes: 4 / 9
iteration step 209, G_loss: 0.31285, step_acc: 7.49357, grid_scale: 1 / 5, strokes: 4 / 9
iteration step 210, G_loss: 0.31269, step_acc: 7.50070, grid_scale: 1 / 5, strokes: 4 / 9
iteration step 211, G_loss: 0.31244, step_acc: 7.50797, grid_scale: 1 / 5, strokes: 4 / 9
iteration step 212, G_loss: 0.31187, step_acc: 7.53030, grid_scale: 1 / 5, strokes: 4 / 9
iteration step 213, G_loss: 0.31101, step_acc: 7.55039, grid_scale: 1 / 5, strokes: 4 / 9
iteration step 214, G_loss: 0.31006, step_acc: 7.56741, grid_scale: 1 / 5, strokes: 4 / 9
iteration step 215, G_loss: 0.30932, step_acc: 7.57859, grid_scale: 1 / 5, strokes: 4 / 9
iteration step 216, G_loss: 0.30885, step_acc: 7.58220, grid_scale: 1 / 5, strokes: 4 / 9
iteration step 217, G_loss: 0.30869, step_acc: 7.58343, grid_scale: 1 / 5, strokes: 4 / 9
iteration step 218, G_loss: 0.30847, step_acc: 7.58837, grid_scale: 1 / 5, strokes: 4 / 9
iteration step 219, G_loss: 0.30825, step_acc: 7.58967, grid_scale: 1 / 5, strokes: 4 / 9
iteration step 220, G_loss: 0.30812, step_acc: 7.68280, grid_scale: 1 / 5, strokes: 5 / 9
iteration step 221, G_loss: 0.30234, step_acc: 7.74868, grid_scale: 1 / 5, strokes: 5 / 9
iteration step 222, G_loss: 0.29884, step_acc: 7.81923, grid_scale: 1 / 5, strokes: 5 / 9
iteration step 223, G_loss: 0.29653, step_acc: 7.84074, grid_scale: 1 / 5, strokes: 5 / 9
iteration step 224, G_loss: 0.29490, step_acc: 7.86263, grid_scale: 1 / 5, strokes: 5 / 9
iteration step 225, G_loss: 0.29296, step_acc: 7.90541, grid_scale: 1 / 5, strokes: 5 / 9
iteration step 226, G_loss: 0.29124, step_acc: 7.91989, grid_scale: 1 / 5, strokes: 5 / 9
iteration step 227, G_loss: 0.29020, step_acc: 7.94852, grid_scale: 1 / 5, strokes: 5 / 9
iteration step 228, G_loss: 0.28888, step_acc: 7.96559, grid_scale: 1 / 5, strokes: 5 / 9
iteration step 229, G_loss: 0.28775, step_acc: 7.98040, grid_scale: 1 / 5, strokes: 5 / 9
iteration step 230, G_loss: 0.28696, step_acc: 7.99059, grid_scale: 1 / 5, strokes: 5 / 9
iteration step 231, G_loss: 0.28642, step_acc: 8.00954, grid_scale: 1 / 5, strokes: 5 / 9
iteration step 232, G_loss: 0.28544, step_acc: 8.02471, grid_scale: 1 / 5, strokes: 5 / 9
iteration step 233, G_loss: 0.28437, step_acc: 8.04771, grid_scale: 1 / 5, strokes: 5 / 9
iteration step 234, G_loss: 0.28279, step_acc: 8.06727, grid_scale: 1 / 5, strokes: 5 / 9
iteration step 235, G_loss: 0.28161, step_acc: 8.08360, grid_scale: 1 / 5, strokes: 5 / 9
iteration step 236, G_loss: 0.28045, step_acc: 8.08772, grid_scale: 1 / 5, strokes: 5 / 9
iteration step 237, G_loss: 0.28000, step_acc: 8.11361, grid_scale: 1 / 5, strokes: 5 / 9
iteration step 238, G_loss: 0.27855, step_acc: 8.10432, grid_scale: 1 / 5, strokes: 5 / 9
iteration step 239, G_loss: 0.27851, step_acc: 8.13023, grid_scale: 1 / 5, strokes: 5 / 9
iteration step 240, G_loss: 0.27779, step_acc: 8.11732, grid_scale: 1 / 5, strokes: 5 / 9
iteration step 241, G_loss: 0.27779, step_acc: 8.12808, grid_scale: 1 / 5, strokes: 5 / 9
iteration step 242, G_loss: 0.27742, step_acc: 8.13952, grid_scale: 1 / 5, strokes: 5 / 9
iteration step 243, G_loss: 0.27735, step_acc: 8.12135, grid_scale: 1 / 5, strokes: 5 / 9
iteration step 244, G_loss: 0.27719, step_acc: 8.13145, grid_scale: 1 / 5, strokes: 5 / 9
iteration step 245, G_loss: 0.27688, step_acc: 8.13778, grid_scale: 1 / 5, strokes: 5 / 9
iteration step 246, G_loss: 0.27671, step_acc: 8.14978, grid_scale: 1 / 5, strokes: 5 / 9
iteration step 247, G_loss: 0.27634, step_acc: 8.15641, grid_scale: 1 / 5, strokes: 5 / 9
iteration step 248, G_loss: 0.27614, step_acc: 8.15847, grid_scale: 1 / 5, strokes: 5 / 9
iteration step 249, G_loss: 0.27596, step_acc: 8.15812, grid_scale: 1 / 5, strokes: 5 / 9
iteration step 250, G_loss: 0.27592, step_acc: 8.16362, grid_scale: 1 / 5, strokes: 5 / 9
iteration step 251, G_loss: 0.27557, step_acc: 8.18710, grid_scale: 1 / 5, strokes: 5 / 9
iteration step 252, G_loss: 0.27445, step_acc: 8.19177, grid_scale: 1 / 5, strokes: 5 / 9
iteration step 253, G_loss: 0.27408, step_acc: 8.20314, grid_scale: 1 / 5, strokes: 5 / 9
iteration step 254, G_loss: 0.27371, step_acc: 8.20692, grid_scale: 1 / 5, strokes: 5 / 9
iteration step 255, G_loss: 0.27344, step_acc: 8.21715, grid_scale: 1 / 5, strokes: 5 / 9
iteration step 256, G_loss: 0.27299, step_acc: 8.21715, grid_scale: 1 / 5, strokes: 5 / 9
iteration step 257, G_loss: 0.27299, step_acc: 8.21687, grid_scale: 1 / 5, strokes: 5 / 9
iteration step 258, G_loss: 0.27290, step_acc: 8.27015, grid_scale: 1 / 5, strokes: 5 / 9
iteration step 259, G_loss: 0.27158, step_acc: 8.32093, grid_scale: 1 / 5, strokes: 5 / 9
iteration step 260, G_loss: 0.27030, step_acc: 8.32918, grid_scale: 1 / 5, strokes: 5 / 9
iteration step 261, G_loss: 0.26997, step_acc: 8.34689, grid_scale: 1 / 5, strokes: 5 / 9
iteration step 262, G_loss: 0.26945, step_acc: 8.36399, grid_scale: 1 / 5, strokes: 5 / 9
iteration step 263, G_loss: 0.26885, step_acc: 8.38955, grid_scale: 1 / 5, strokes: 5 / 9
iteration step 264, G_loss: 0.26822, step_acc: 8.41850, grid_scale: 1 / 5, strokes: 5 / 9
iteration step 265, G_loss: 0.26713, step_acc: 8.44125, grid_scale: 1 / 5, strokes: 5 / 9
iteration step 266, G_loss: 0.26655, step_acc: 8.44920, grid_scale: 1 / 5, strokes: 5 / 9
iteration step 267, G_loss: 0.26573, step_acc: 8.45973, grid_scale: 1 / 5, strokes: 5 / 9
iteration step 268, G_loss: 0.26498, step_acc: 8.46303, grid_scale: 1 / 5, strokes: 5 / 9
iteration step 269, G_loss: 0.26460, step_acc: 8.47682, grid_scale: 1 / 5, strokes: 5 / 9
iteration step 270, G_loss: 0.26396, step_acc: 8.49064, grid_scale: 1 / 5, strokes: 5 / 9
iteration step 271, G_loss: 0.26324, step_acc: 8.51550, grid_scale: 1 / 5, strokes: 5 / 9
iteration step 272, G_loss: 0.26233, step_acc: 8.51943, grid_scale: 1 / 5, strokes: 5 / 9
iteration step 273, G_loss: 0.26188, step_acc: 8.52100, grid_scale: 1 / 5, strokes: 5 / 9
iteration step 274, G_loss: 0.26134, step_acc: 8.54403, grid_scale: 1 / 5, strokes: 5 / 9
iteration step 275, G_loss: 0.26029, step_acc: 8.65887, grid_scale: 1 / 5, strokes: 6 / 9
iteration step 276, G_loss: 0.25646, step_acc: 8.68490, grid_scale: 1 / 5, strokes: 6 / 9
iteration step 277, G_loss: 0.25479, step_acc: 8.76865, grid_scale: 1 / 5, strokes: 6 / 9
iteration step 278, G_loss: 0.25223, step_acc: 8.80614, grid_scale: 1 / 5, strokes: 6 / 9
iteration step 279, G_loss: 0.25055, step_acc: 8.83714, grid_scale: 1 / 5, strokes: 6 / 9
iteration step 280, G_loss: 0.24947, step_acc: 8.86802, grid_scale: 1 / 5, strokes: 6 / 9
iteration step 281, G_loss: 0.24800, step_acc: 8.90917, grid_scale: 1 / 5, strokes: 6 / 9
iteration step 282, G_loss: 0.24630, step_acc: 8.92725, grid_scale: 1 / 5, strokes: 6 / 9
iteration step 283, G_loss: 0.24554, step_acc: 8.94720, grid_scale: 1 / 5, strokes: 6 / 9
iteration step 284, G_loss: 0.24447, step_acc: 8.95270, grid_scale: 1 / 5, strokes: 6 / 9
iteration step 285, G_loss: 0.24391, step_acc: 8.96996, grid_scale: 1 / 5, strokes: 6 / 9
iteration step 286, G_loss: 0.24313, step_acc: 8.97837, grid_scale: 1 / 5, strokes: 6 / 9
iteration step 287, G_loss: 0.24251, step_acc: 9.00474, grid_scale: 1 / 5, strokes: 6 / 9
iteration step 288, G_loss: 0.24149, step_acc: 9.04857, grid_scale: 1 / 5, strokes: 6 / 9
iteration step 289, G_loss: 0.24000, step_acc: 9.11121, grid_scale: 1 / 5, strokes: 6 / 9
iteration step 290, G_loss: 0.23788, step_acc: 9.27331, grid_scale: 1 / 5, strokes: 6 / 9
iteration step 291, G_loss: 0.23299, step_acc: 9.40409, grid_scale: 1 / 5, strokes: 6 / 9
iteration step 292, G_loss: 0.22828, step_acc: 9.42435, grid_scale: 1 / 5, strokes: 6 / 9
iteration step 293, G_loss: 0.22681, step_acc: 9.46703, grid_scale: 1 / 5, strokes: 6 / 9
iteration step 294, G_loss: 0.22499, step_acc: 9.52689, grid_scale: 1 / 5, strokes: 6 / 9
iteration step 295, G_loss: 0.22288, step_acc: 9.57356, grid_scale: 1 / 5, strokes: 6 / 9
iteration step 296, G_loss: 0.22142, step_acc: 9.64428, grid_scale: 1 / 5, strokes: 6 / 9
iteration step 297, G_loss: 0.21963, step_acc: 9.68680, grid_scale: 1 / 5, strokes: 6 / 9
iteration step 298, G_loss: 0.21855, step_acc: 9.71668, grid_scale: 1 / 5, strokes: 6 / 9
iteration step 299, G_loss: 0.21750, step_acc: 9.77835, grid_scale: 1 / 5, strokes: 6 / 9
iteration step 300, G_loss: 0.21590, step_acc: 9.83433, grid_scale: 1 / 5, strokes: 6 / 9
iteration step 301, G_loss: 0.21439, step_acc: 9.91053, grid_scale: 1 / 5, strokes: 6 / 9
iteration step 302, G_loss: 0.21257, step_acc: 9.96854, grid_scale: 1 / 5, strokes: 6 / 9
iteration step 303, G_loss: 0.21104, step_acc: 9.99961, grid_scale: 1 / 5, strokes: 6 / 9
iteration step 304, G_loss: 0.21010, step_acc: 10.04749, grid_scale: 1 / 5, strokes: 6 / 9
iteration step 305, G_loss: 0.20874, step_acc: 10.10007, grid_scale: 1 / 5, strokes: 6 / 9
iteration step 306, G_loss: 0.20761, step_acc: 10.13788, grid_scale: 1 / 5, strokes: 6 / 9
iteration step 307, G_loss: 0.20655, step_acc: 10.18963, grid_scale: 1 / 5, strokes: 6 / 9
iteration step 308, G_loss: 0.20512, step_acc: 10.22583, grid_scale: 1 / 5, strokes: 6 / 9
iteration step 309, G_loss: 0.20394, step_acc: 10.28781, grid_scale: 1 / 5, strokes: 6 / 9
iteration step 310, G_loss: 0.20238, step_acc: 10.32722, grid_scale: 1 / 5, strokes: 6 / 9
iteration step 311, G_loss: 0.20129, step_acc: 10.36983, grid_scale: 1 / 5, strokes: 6 / 9
iteration step 312, G_loss: 0.20027, step_acc: 10.38974, grid_scale: 1 / 5, strokes: 6 / 9
iteration step 313, G_loss: 0.19957, step_acc: 10.42237, grid_scale: 1 / 5, strokes: 6 / 9
iteration step 314, G_loss: 0.19871, step_acc: 10.42773, grid_scale: 1 / 5, strokes: 6 / 9
iteration step 315, G_loss: 0.19839, step_acc: 10.45206, grid_scale: 1 / 5, strokes: 6 / 9
iteration step 316, G_loss: 0.19779, step_acc: 10.47373, grid_scale: 1 / 5, strokes: 6 / 9
iteration step 317, G_loss: 0.19730, step_acc: 10.50723, grid_scale: 1 / 5, strokes: 6 / 9
iteration step 318, G_loss: 0.19667, step_acc: 10.55122, grid_scale: 1 / 5, strokes: 6 / 9
iteration step 319, G_loss: 0.19576, step_acc: 10.59205, grid_scale: 1 / 5, strokes: 6 / 9
iteration step 320, G_loss: 0.19478, step_acc: 10.60838, grid_scale: 1 / 5, strokes: 6 / 9
iteration step 321, G_loss: 0.19436, step_acc: 10.63074, grid_scale: 1 / 5, strokes: 6 / 9
iteration step 322, G_loss: 0.19374, step_acc: 10.63696, grid_scale: 1 / 5, strokes: 6 / 9
iteration step 323, G_loss: 0.19352, step_acc: 10.64219, grid_scale: 1 / 5, strokes: 6 / 9
iteration step 324, G_loss: 0.19311, step_acc: 10.65038, grid_scale: 1 / 5, strokes: 6 / 9
iteration step 325, G_loss: 0.19298, step_acc: 10.66261, grid_scale: 1 / 5, strokes: 6 / 9
iteration step 326, G_loss: 0.19267, step_acc: 10.67327, grid_scale: 1 / 5, strokes: 6 / 9
iteration step 327, G_loss: 0.19238, step_acc: 10.69066, grid_scale: 1 / 5, strokes: 6 / 9
iteration step 328, G_loss: 0.19187, step_acc: 10.71382, grid_scale: 1 / 5, strokes: 6 / 9
iteration step 329, G_loss: 0.19133, step_acc: 10.74396, grid_scale: 1 / 5, strokes: 6 / 9
iteration step 330, G_loss: 0.19062, step_acc: 10.75439, grid_scale: 1 / 5, strokes: 7 / 9
iteration step 331, G_loss: 0.19055, step_acc: 10.83653, grid_scale: 1 / 5, strokes: 7 / 9
iteration step 332, G_loss: 0.18912, step_acc: 10.91489, grid_scale: 1 / 5, strokes: 7 / 9
iteration step 333, G_loss: 0.18766, step_acc: 11.13492, grid_scale: 1 / 5, strokes: 7 / 9
iteration step 334, G_loss: 0.18374, step_acc: 11.28789, grid_scale: 1 / 5, strokes: 7 / 9
iteration step 335, G_loss: 0.18113, step_acc: 11.44642, grid_scale: 1 / 5, strokes: 7 / 9
iteration step 336, G_loss: 0.17852, step_acc: 11.50452, grid_scale: 1 / 5, strokes: 7 / 9
iteration step 337, G_loss: 0.17720, step_acc: 11.57542, grid_scale: 1 / 5, strokes: 7 / 9
iteration step 338, G_loss: 0.17582, step_acc: 11.63821, grid_scale: 1 / 5, strokes: 7 / 9
iteration step 339, G_loss: 0.17456, step_acc: 11.69583, grid_scale: 1 / 5, strokes: 7 / 9
iteration step 340, G_loss: 0.17340, step_acc: 11.73473, grid_scale: 1 / 5, strokes: 7 / 9
iteration step 341, G_loss: 0.17251, step_acc: 11.77617, grid_scale: 1 / 5, strokes: 7 / 9
iteration step 342, G_loss: 0.17160, step_acc: 11.78490, grid_scale: 1 / 5, strokes: 7 / 9
iteration step 343, G_loss: 0.17143, step_acc: 11.83091, grid_scale: 1 / 5, strokes: 7 / 9
iteration step 344, G_loss: 0.17069, step_acc: 11.86873, grid_scale: 1 / 5, strokes: 7 / 9
iteration step 345, G_loss: 0.16980, step_acc: 11.92041, grid_scale: 1 / 5, strokes: 7 / 9
iteration step 346, G_loss: 0.16877, step_acc: 11.94271, grid_scale: 1 / 5, strokes: 7 / 9
iteration step 347, G_loss: 0.16831, step_acc: 11.96482, grid_scale: 1 / 5, strokes: 7 / 9
iteration step 348, G_loss: 0.16767, step_acc: 11.99678, grid_scale: 1 / 5, strokes: 7 / 9
iteration step 349, G_loss: 0.16713, step_acc: 12.01277, grid_scale: 1 / 5, strokes: 7 / 9
iteration step 350, G_loss: 0.16673, step_acc: 12.02458, grid_scale: 1 / 5, strokes: 7 / 9
iteration step 351, G_loss: 0.16641, step_acc: 12.02876, grid_scale: 1 / 5, strokes: 7 / 9
iteration step 352, G_loss: 0.16626, step_acc: 12.04565, grid_scale: 1 / 5, strokes: 7 / 9
iteration step 353, G_loss: 0.16587, step_acc: 12.05052, grid_scale: 1 / 5, strokes: 7 / 9
iteration step 354, G_loss: 0.16563, step_acc: 12.07119, grid_scale: 1 / 5, strokes: 7 / 9
iteration step 355, G_loss: 0.16523, step_acc: 12.07787, grid_scale: 1 / 5, strokes: 7 / 9
iteration step 356, G_loss: 0.16497, step_acc: 12.09601, grid_scale: 1 / 5, strokes: 7 / 9
iteration step 357, G_loss: 0.16463, step_acc: 12.10631, grid_scale: 1 / 5, strokes: 7 / 9
iteration step 358, G_loss: 0.16428, step_acc: 12.12078, grid_scale: 1 / 5, strokes: 7 / 9
iteration step 359, G_loss: 0.16405, step_acc: 12.13089, grid_scale: 1 / 5, strokes: 7 / 9
iteration step 360, G_loss: 0.16374, step_acc: 12.13990, grid_scale: 1 / 5, strokes: 7 / 9
iteration step 361, G_loss: 0.16356, step_acc: 12.15236, grid_scale: 1 / 5, strokes: 7 / 9
iteration step 362, G_loss: 0.16336, step_acc: 12.15751, grid_scale: 1 / 5, strokes: 7 / 9
iteration step 363, G_loss: 0.16316, step_acc: 12.16558, grid_scale: 1 / 5, strokes: 7 / 9
iteration step 364, G_loss: 0.16301, step_acc: 12.17713, grid_scale: 1 / 5, strokes: 7 / 9
iteration step 365, G_loss: 0.16270, step_acc: 12.18781, grid_scale: 1 / 5, strokes: 7 / 9
iteration step 366, G_loss: 0.16240, step_acc: 12.19477, grid_scale: 1 / 5, strokes: 7 / 9
iteration step 367, G_loss: 0.16234, step_acc: 12.19721, grid_scale: 1 / 5, strokes: 7 / 9
iteration step 368, G_loss: 0.16208, step_acc: 12.19690, grid_scale: 1 / 5, strokes: 7 / 9
iteration step 369, G_loss: 0.16209, step_acc: 12.18771, grid_scale: 1 / 5, strokes: 7 / 9
iteration step 370, G_loss: 0.16216, step_acc: 12.19973, grid_scale: 1 / 5, strokes: 7 / 9
iteration step 371, G_loss: 0.16200, step_acc: 12.20396, grid_scale: 1 / 5, strokes: 7 / 9
iteration step 372, G_loss: 0.16176, step_acc: 12.20560, grid_scale: 1 / 5, strokes: 7 / 9
iteration step 373, G_loss: 0.16174, step_acc: 12.20745, grid_scale: 1 / 5, strokes: 7 / 9
iteration step 374, G_loss: 0.16164, step_acc: 12.21350, grid_scale: 1 / 5, strokes: 7 / 9
iteration step 375, G_loss: 0.16162, step_acc: 12.21238, grid_scale: 1 / 5, strokes: 7 / 9
iteration step 376, G_loss: 0.16157, step_acc: 12.22057, grid_scale: 1 / 5, strokes: 7 / 9
iteration step 377, G_loss: 0.16139, step_acc: 12.21923, grid_scale: 1 / 5, strokes: 7 / 9
iteration step 378, G_loss: 0.16120, step_acc: 12.22189, grid_scale: 1 / 5, strokes: 7 / 9
iteration step 379, G_loss: 0.16114, step_acc: 12.22391, grid_scale: 1 / 5, strokes: 7 / 9
iteration step 380, G_loss: 0.16108, step_acc: 12.23016, grid_scale: 1 / 5, strokes: 7 / 9
iteration step 381, G_loss: 0.16095, step_acc: 12.23103, grid_scale: 1 / 5, strokes: 7 / 9
iteration step 382, G_loss: 0.16090, step_acc: 12.23170, grid_scale: 1 / 5, strokes: 7 / 9
iteration step 383, G_loss: 0.16087, step_acc: 12.23126, grid_scale: 1 / 5, strokes: 7 / 9
iteration step 384, G_loss: 0.16074, step_acc: 12.23280, grid_scale: 1 / 5, strokes: 7 / 9
iteration step 385, G_loss: 0.16070, step_acc: 12.28342, grid_scale: 1 / 5, strokes: 8 / 9
iteration step 386, G_loss: 0.15728, step_acc: 12.44974, grid_scale: 1 / 5, strokes: 8 / 9
iteration step 387, G_loss: 0.15444, step_acc: 12.55645, grid_scale: 1 / 5, strokes: 8 / 9
iteration step 388, G_loss: 0.15279, step_acc: 12.67626, grid_scale: 1 / 5, strokes: 8 / 9
iteration step 389, G_loss: 0.15148, step_acc: 12.72298, grid_scale: 1 / 5, strokes: 8 / 9
iteration step 390, G_loss: 0.14999, step_acc: 12.80958, grid_scale: 1 / 5, strokes: 8 / 9
iteration step 391, G_loss: 0.14863, step_acc: 12.94828, grid_scale: 1 / 5, strokes: 8 / 9
iteration step 392, G_loss: 0.14723, step_acc: 13.05374, grid_scale: 1 / 5, strokes: 8 / 9
iteration step 393, G_loss: 0.14581, step_acc: 13.10999, grid_scale: 1 / 5, strokes: 8 / 9
iteration step 394, G_loss: 0.14493, step_acc: 13.12168, grid_scale: 1 / 5, strokes: 8 / 9
iteration step 395, G_loss: 0.14437, step_acc: 13.19469, grid_scale: 1 / 5, strokes: 8 / 9
iteration step 396, G_loss: 0.14359, step_acc: 13.44236, grid_scale: 1 / 5, strokes: 8 / 9
iteration step 397, G_loss: 0.14158, step_acc: 13.59095, grid_scale: 1 / 5, strokes: 8 / 9
iteration step 398, G_loss: 0.14033, step_acc: 13.74406, grid_scale: 1 / 5, strokes: 8 / 9
iteration step 399, G_loss: 0.13874, step_acc: 13.87354, grid_scale: 1 / 5, strokes: 8 / 9
iteration step 400, G_loss: 0.13742, step_acc: 13.98975, grid_scale: 1 / 5, strokes: 8 / 9
iteration step 401, G_loss: 0.13650, step_acc: 14.10005, grid_scale: 1 / 5, strokes: 8 / 9
iteration step 402, G_loss: 0.13561, step_acc: 14.18894, grid_scale: 1 / 5, strokes: 8 / 9
iteration step 403, G_loss: 0.13468, step_acc: 14.23674, grid_scale: 1 / 5, strokes: 8 / 9
iteration step 404, G_loss: 0.13407, step_acc: 14.30866, grid_scale: 1 / 5, strokes: 8 / 9
iteration step 405, G_loss: 0.13334, step_acc: 14.37986, grid_scale: 1 / 5, strokes: 8 / 9
iteration step 406, G_loss: 0.13262, step_acc: 14.43396, grid_scale: 1 / 5, strokes: 8 / 9
iteration step 407, G_loss: 0.13208, step_acc: 14.48582, grid_scale: 1 / 5, strokes: 8 / 9
iteration step 408, G_loss: 0.13143, step_acc: 14.53987, grid_scale: 1 / 5, strokes: 8 / 9
iteration step 409, G_loss: 0.13086, step_acc: 14.56870, grid_scale: 1 / 5, strokes: 8 / 9
iteration step 410, G_loss: 0.13042, step_acc: 14.59490, grid_scale: 1 / 5, strokes: 8 / 9
iteration step 411, G_loss: 0.13008, step_acc: 14.61517, grid_scale: 1 / 5, strokes: 8 / 9
iteration step 412, G_loss: 0.12985, step_acc: 14.65095, grid_scale: 1 / 5, strokes: 8 / 9
iteration step 413, G_loss: 0.12950, step_acc: 14.66478, grid_scale: 1 / 5, strokes: 8 / 9
iteration step 414, G_loss: 0.12923, step_acc: 14.69117, grid_scale: 1 / 5, strokes: 8 / 9
iteration step 415, G_loss: 0.12891, step_acc: 14.69508, grid_scale: 1 / 5, strokes: 8 / 9
iteration step 416, G_loss: 0.12875, step_acc: 14.72369, grid_scale: 1 / 5, strokes: 8 / 9
iteration step 417, G_loss: 0.12852, step_acc: 14.72044, grid_scale: 1 / 5, strokes: 8 / 9
iteration step 418, G_loss: 0.12836, step_acc: 14.74708, grid_scale: 1 / 5, strokes: 8 / 9
iteration step 419, G_loss: 0.12812, step_acc: 14.75426, grid_scale: 1 / 5, strokes: 8 / 9
iteration step 420, G_loss: 0.12800, step_acc: 14.77605, grid_scale: 1 / 5, strokes: 8 / 9
iteration step 421, G_loss: 0.12775, step_acc: 14.78745, grid_scale: 1 / 5, strokes: 8 / 9
iteration step 422, G_loss: 0.12756, step_acc: 14.80406, grid_scale: 1 / 5, strokes: 8 / 9
iteration step 423, G_loss: 0.12736, step_acc: 14.82584, grid_scale: 1 / 5, strokes: 8 / 9
iteration step 424, G_loss: 0.12719, step_acc: 14.84062, grid_scale: 1 / 5, strokes: 8 / 9
iteration step 425, G_loss: 0.12691, step_acc: 14.85286, grid_scale: 1 / 5, strokes: 8 / 9
iteration step 426, G_loss: 0.12675, step_acc: 14.85904, grid_scale: 1 / 5, strokes: 8 / 9
iteration step 427, G_loss: 0.12667, step_acc: 14.87357, grid_scale: 1 / 5, strokes: 8 / 9
iteration step 428, G_loss: 0.12651, step_acc: 14.88727, grid_scale: 1 / 5, strokes: 8 / 9
iteration step 429, G_loss: 0.12629, step_acc: 14.89477, grid_scale: 1 / 5, strokes: 8 / 9
iteration step 430, G_loss: 0.12620, step_acc: 14.91156, grid_scale: 1 / 5, strokes: 8 / 9
iteration step 431, G_loss: 0.12606, step_acc: 14.91648, grid_scale: 1 / 5, strokes: 8 / 9
iteration step 432, G_loss: 0.12591, step_acc: 14.92426, grid_scale: 1 / 5, strokes: 8 / 9
iteration step 433, G_loss: 0.12581, step_acc: 14.93188, grid_scale: 1 / 5, strokes: 8 / 9
iteration step 434, G_loss: 0.12576, step_acc: 14.93263, grid_scale: 1 / 5, strokes: 8 / 9
iteration step 435, G_loss: 0.12571, step_acc: 14.94227, grid_scale: 1 / 5, strokes: 8 / 9
iteration step 436, G_loss: 0.12565, step_acc: 14.94908, grid_scale: 1 / 5, strokes: 8 / 9
iteration step 437, G_loss: 0.12554, step_acc: 14.96079, grid_scale: 1 / 5, strokes: 8 / 9
iteration step 438, G_loss: 0.12544, step_acc: 14.96765, grid_scale: 1 / 5, strokes: 8 / 9
iteration step 439, G_loss: 0.12534, step_acc: 14.97430, grid_scale: 1 / 5, strokes: 8 / 9
iteration step 440, G_loss: 0.12520, step_acc: 15.04431, grid_scale: 1 / 5, strokes: 9 / 9
iteration step 441, G_loss: 0.12450, step_acc: 15.21618, grid_scale: 1 / 5, strokes: 9 / 9
iteration step 442, G_loss: 0.12281, step_acc: 15.20734, grid_scale: 1 / 5, strokes: 9 / 9
iteration step 443, G_loss: 0.12225, step_acc: 15.35134, grid_scale: 1 / 5, strokes: 9 / 9
iteration step 444, G_loss: 0.12136, step_acc: 15.39057, grid_scale: 1 / 5, strokes: 9 / 9
iteration step 445, G_loss: 0.12062, step_acc: 15.44567, grid_scale: 1 / 5, strokes: 9 / 9
iteration step 446, G_loss: 0.12011, step_acc: 15.47501, grid_scale: 1 / 5, strokes: 9 / 9
iteration step 447, G_loss: 0.11963, step_acc: 15.48897, grid_scale: 1 / 5, strokes: 9 / 9
iteration step 448, G_loss: 0.11922, step_acc: 15.50338, grid_scale: 1 / 5, strokes: 9 / 9
iteration step 449, G_loss: 0.11913, step_acc: 15.51215, grid_scale: 1 / 5, strokes: 9 / 9
iteration step 450, G_loss: 0.11879, step_acc: 15.50869, grid_scale: 1 / 5, strokes: 9 / 9
iteration step 451, G_loss: 0.11901, step_acc: 15.52676, grid_scale: 1 / 5, strokes: 9 / 9
iteration step 452, G_loss: 0.11831, step_acc: 15.56583, grid_scale: 1 / 5, strokes: 9 / 9
iteration step 453, G_loss: 0.11793, step_acc: 15.57477, grid_scale: 1 / 5, strokes: 9 / 9
iteration step 454, G_loss: 0.11783, step_acc: 15.58332, grid_scale: 1 / 5, strokes: 9 / 9
iteration step 455, G_loss: 0.11761, step_acc: 15.59777, grid_scale: 1 / 5, strokes: 9 / 9
iteration step 456, G_loss: 0.11739, step_acc: 15.61286, grid_scale: 1 / 5, strokes: 9 / 9
iteration step 457, G_loss: 0.11721, step_acc: 15.61009, grid_scale: 1 / 5, strokes: 9 / 9
iteration step 458, G_loss: 0.11719, step_acc: 15.62492, grid_scale: 1 / 5, strokes: 9 / 9
iteration step 459, G_loss: 0.11725, step_acc: 15.61251, grid_scale: 1 / 5, strokes: 9 / 9
iteration step 460, G_loss: 0.11718, step_acc: 15.64107, grid_scale: 1 / 5, strokes: 9 / 9
iteration step 461, G_loss: 0.11713, step_acc: 15.63108, grid_scale: 1 / 5, strokes: 9 / 9
iteration step 462, G_loss: 0.11690, step_acc: 15.65329, grid_scale: 1 / 5, strokes: 9 / 9
iteration step 463, G_loss: 0.11689, step_acc: 15.65684, grid_scale: 1 / 5, strokes: 9 / 9
iteration step 464, G_loss: 0.11670, step_acc: 15.67649, grid_scale: 1 / 5, strokes: 9 / 9
iteration step 465, G_loss: 0.11668, step_acc: 15.67428, grid_scale: 1 / 5, strokes: 9 / 9
iteration step 466, G_loss: 0.11645, step_acc: 15.70144, grid_scale: 1 / 5, strokes: 9 / 9
iteration step 467, G_loss: 0.11635, step_acc: 15.70301, grid_scale: 1 / 5, strokes: 9 / 9
iteration step 468, G_loss: 0.11624, step_acc: 15.71968, grid_scale: 1 / 5, strokes: 9 / 9
iteration step 469, G_loss: 0.11613, step_acc: 15.72232, grid_scale: 1 / 5, strokes: 9 / 9
iteration step 470, G_loss: 0.11598, step_acc: 15.73712, grid_scale: 1 / 5, strokes: 9 / 9
iteration step 471, G_loss: 0.11586, step_acc: 15.74693, grid_scale: 1 / 5, strokes: 9 / 9
iteration step 472, G_loss: 0.11565, step_acc: 15.76758, grid_scale: 1 / 5, strokes: 9 / 9
iteration step 473, G_loss: 0.11537, step_acc: 15.78034, grid_scale: 1 / 5, strokes: 9 / 9
iteration step 474, G_loss: 0.11509, step_acc: 15.80634, grid_scale: 1 / 5, strokes: 9 / 9
iteration step 475, G_loss: 0.11487, step_acc: 15.80821, grid_scale: 1 / 5, strokes: 9 / 9
iteration step 476, G_loss: 0.11470, step_acc: 15.83578, grid_scale: 1 / 5, strokes: 9 / 9
iteration step 477, G_loss: 0.11447, step_acc: 15.84267, grid_scale: 1 / 5, strokes: 9 / 9
iteration step 478, G_loss: 0.11430, step_acc: 15.84987, grid_scale: 1 / 5, strokes: 9 / 9
iteration step 479, G_loss: 0.11426, step_acc: 15.86810, grid_scale: 1 / 5, strokes: 9 / 9
iteration step 480, G_loss: 0.11411, step_acc: 15.87858, grid_scale: 1 / 5, strokes: 9 / 9
iteration step 481, G_loss: 0.11402, step_acc: 15.88672, grid_scale: 1 / 5, strokes: 9 / 9
iteration step 482, G_loss: 0.11391, step_acc: 15.89668, grid_scale: 1 / 5, strokes: 9 / 9
iteration step 483, G_loss: 0.11386, step_acc: 15.90144, grid_scale: 1 / 5, strokes: 9 / 9
iteration step 484, G_loss: 0.11372, step_acc: 15.91265, grid_scale: 1 / 5, strokes: 9 / 9
iteration step 485, G_loss: 0.11372, step_acc: 15.91763, grid_scale: 1 / 5, strokes: 9 / 9
iteration step 486, G_loss: 0.11361, step_acc: 15.92717, grid_scale: 1 / 5, strokes: 9 / 9
iteration step 487, G_loss: 0.11355, step_acc: 15.93884, grid_scale: 1 / 5, strokes: 9 / 9
iteration step 488, G_loss: 0.11340, step_acc: 15.95505, grid_scale: 1 / 5, strokes: 9 / 9
iteration step 489, G_loss: 0.11334, step_acc: 15.97222, grid_scale: 1 / 5, strokes: 9 / 9
iteration step 490, G_loss: 0.11315, step_acc: 15.97251, grid_scale: 1 / 5, strokes: 9 / 9
iteration step 491, G_loss: 0.11310, step_acc: 15.99683, grid_scale: 1 / 5, strokes: 9 / 9
iteration step 492, G_loss: 0.11286, step_acc: 16.00155, grid_scale: 1 / 5, strokes: 9 / 9
iteration step 493, G_loss: 0.11276, step_acc: 16.01867, grid_scale: 1 / 5, strokes: 9 / 9
iteration step 494, G_loss: 0.11263, step_acc: 16.04190, grid_scale: 1 / 5, strokes: 9 / 9
rendering canvas...
iteration step 0, G_loss: 0.11243, step_acc: 14.31287, grid_scale: 2 / 5, strokes: 1 / 9
iteration step 1, G_loss: 0.13575, step_acc: 14.35288, grid_scale: 2 / 5, strokes: 1 / 9
iteration step 2, G_loss: 0.13532, step_acc: 14.37927, grid_scale: 2 / 5, strokes: 1 / 9
iteration step 3, G_loss: 0.13494, step_acc: 14.41324, grid_scale: 2 / 5, strokes: 1 / 9
iteration step 4, G_loss: 0.13455, step_acc: 14.44350, grid_scale: 2 / 5, strokes: 1 / 9
iteration step 5, G_loss: 0.13423, step_acc: 14.46385, grid_scale: 2 / 5, strokes: 1 / 9
iteration step 6, G_loss: 0.13396, step_acc: 14.48027, grid_scale: 2 / 5, strokes: 1 / 9
iteration step 7, G_loss: 0.13370, step_acc: 14.50663, grid_scale: 2 / 5, strokes: 1 / 9
iteration step 8, G_loss: 0.13333, step_acc: 14.52655, grid_scale: 2 / 5, strokes: 1 / 9
iteration step 9, G_loss: 0.13305, step_acc: 14.54431, grid_scale: 2 / 5, strokes: 1 / 9
iteration step 10, G_loss: 0.13282, step_acc: 14.56095, grid_scale: 2 / 5, strokes: 1 / 9
iteration step 11, G_loss: 0.13261, step_acc: 14.56961, grid_scale: 2 / 5, strokes: 1 / 9
iteration step 12, G_loss: 0.13246, step_acc: 14.57818, grid_scale: 2 / 5, strokes: 1 / 9
iteration step 13, G_loss: 0.13238, step_acc: 14.58490, grid_scale: 2 / 5, strokes: 1 / 9
iteration step 14, G_loss: 0.13226, step_acc: 14.59076, grid_scale: 2 / 5, strokes: 1 / 9
iteration step 15, G_loss: 0.13214, step_acc: 14.59664, grid_scale: 2 / 5, strokes: 1 / 9
iteration step 16, G_loss: 0.13201, step_acc: 14.60526, grid_scale: 2 / 5, strokes: 1 / 9
iteration step 17, G_loss: 0.13186, step_acc: 14.61513, grid_scale: 2 / 5, strokes: 1 / 9
iteration step 18, G_loss: 0.13167, step_acc: 14.62619, grid_scale: 2 / 5, strokes: 1 / 9
iteration step 19, G_loss: 0.13144, step_acc: 14.63219, grid_scale: 2 / 5, strokes: 1 / 9
iteration step 20, G_loss: 0.13131, step_acc: 14.63893, grid_scale: 2 / 5, strokes: 1 / 9
iteration step 21, G_loss: 0.13120, step_acc: 14.64428, grid_scale: 2 / 5, strokes: 1 / 9
iteration step 22, G_loss: 0.13112, step_acc: 14.64954, grid_scale: 2 / 5, strokes: 1 / 9
iteration step 23, G_loss: 0.13104, step_acc: 14.65286, grid_scale: 2 / 5, strokes: 1 / 9
iteration step 24, G_loss: 0.13099, step_acc: 14.65579, grid_scale: 2 / 5, strokes: 1 / 9
iteration step 25, G_loss: 0.13093, step_acc: 14.66039, grid_scale: 2 / 5, strokes: 1 / 9
iteration step 26, G_loss: 0.13086, step_acc: 14.66629, grid_scale: 2 / 5, strokes: 1 / 9
iteration step 27, G_loss: 0.13078, step_acc: 14.67165, grid_scale: 2 / 5, strokes: 1 / 9
iteration step 28, G_loss: 0.13068, step_acc: 14.67629, grid_scale: 2 / 5, strokes: 1 / 9
iteration step 29, G_loss: 0.13061, step_acc: 14.68079, grid_scale: 2 / 5, strokes: 1 / 9
iteration step 30, G_loss: 0.13054, step_acc: 14.68538, grid_scale: 2 / 5, strokes: 1 / 9
iteration step 31, G_loss: 0.13047, step_acc: 14.68999, grid_scale: 2 / 5, strokes: 1 / 9
iteration step 32, G_loss: 0.13040, step_acc: 14.69516, grid_scale: 2 / 5, strokes: 1 / 9
iteration step 33, G_loss: 0.13032, step_acc: 14.69806, grid_scale: 2 / 5, strokes: 1 / 9
iteration step 34, G_loss: 0.13027, step_acc: 14.70209, grid_scale: 2 / 5, strokes: 1 / 9
iteration step 35, G_loss: 0.13021, step_acc: 14.70564, grid_scale: 2 / 5, strokes: 1 / 9
iteration step 36, G_loss: 0.13016, step_acc: 14.70804, grid_scale: 2 / 5, strokes: 1 / 9
iteration step 37, G_loss: 0.13013, step_acc: 14.70958, grid_scale: 2 / 5, strokes: 1 / 9
iteration step 38, G_loss: 0.13010, step_acc: 14.71502, grid_scale: 2 / 5, strokes: 1 / 9
iteration step 39, G_loss: 0.13003, step_acc: 14.71875, grid_scale: 2 / 5, strokes: 1 / 9
iteration step 40, G_loss: 0.12999, step_acc: 14.72194, grid_scale: 2 / 5, strokes: 1 / 9
iteration step 41, G_loss: 0.12993, step_acc: 14.72497, grid_scale: 2 / 5, strokes: 1 / 9
iteration step 42, G_loss: 0.12988, step_acc: 14.72727, grid_scale: 2 / 5, strokes: 1 / 9
iteration step 43, G_loss: 0.12984, step_acc: 14.73164, grid_scale: 2 / 5, strokes: 1 / 9
iteration step 44, G_loss: 0.12978, step_acc: 14.73489, grid_scale: 2 / 5, strokes: 1 / 9
iteration step 45, G_loss: 0.12972, step_acc: 14.73707, grid_scale: 2 / 5, strokes: 1 / 9
iteration step 46, G_loss: 0.12970, step_acc: 14.73737, grid_scale: 2 / 5, strokes: 1 / 9
iteration step 47, G_loss: 0.12968, step_acc: 14.74117, grid_scale: 2 / 5, strokes: 1 / 9
iteration step 48, G_loss: 0.12962, step_acc: 14.74258, grid_scale: 2 / 5, strokes: 1 / 9
iteration step 49, G_loss: 0.12959, step_acc: 14.74359, grid_scale: 2 / 5, strokes: 1 / 9
iteration step 50, G_loss: 0.12958, step_acc: 14.74526, grid_scale: 2 / 5, strokes: 1 / 9
iteration step 51, G_loss: 0.12954, step_acc: 14.74592, grid_scale: 2 / 5, strokes: 1 / 9
iteration step 52, G_loss: 0.12952, step_acc: 14.74599, grid_scale: 2 / 5, strokes: 1 / 9
iteration step 53, G_loss: 0.12953, step_acc: 14.74809, grid_scale: 2 / 5, strokes: 1 / 9
iteration step 54, G_loss: 0.12948, step_acc: 14.75021, grid_scale: 2 / 5, strokes: 1 / 9
iteration step 55, G_loss: 0.12944, step_acc: 14.79993, grid_scale: 2 / 5, strokes: 2 / 9
iteration step 56, G_loss: 0.12868, step_acc: 14.81873, grid_scale: 2 / 5, strokes: 2 / 9
iteration step 57, G_loss: 0.12839, step_acc: 14.84127, grid_scale: 2 / 5, strokes: 2 / 9
iteration step 58, G_loss: 0.12794, step_acc: 14.86579, grid_scale: 2 / 5, strokes: 2 / 9
iteration step 59, G_loss: 0.12751, step_acc: 14.87746, grid_scale: 2 / 5, strokes: 2 / 9
iteration step 60, G_loss: 0.12722, step_acc: 14.89709, grid_scale: 2 / 5, strokes: 2 / 9
iteration step 61, G_loss: 0.12690, step_acc: 14.91269, grid_scale: 2 / 5, strokes: 2 / 9
iteration step 62, G_loss: 0.12661, step_acc: 14.92650, grid_scale: 2 / 5, strokes: 2 / 9
iteration step 63, G_loss: 0.12631, step_acc: 14.93048, grid_scale: 2 / 5, strokes: 2 / 9
iteration step 64, G_loss: 0.12621, step_acc: 14.94313, grid_scale: 2 / 5, strokes: 2 / 9
iteration step 65, G_loss: 0.12597, step_acc: 14.94562, grid_scale: 2 / 5, strokes: 2 / 9
iteration step 66, G_loss: 0.12587, step_acc: 14.95531, grid_scale: 2 / 5, strokes: 2 / 9
iteration step 67, G_loss: 0.12569, step_acc: 14.95820, grid_scale: 2 / 5, strokes: 2 / 9
iteration step 68, G_loss: 0.12561, step_acc: 14.96612, grid_scale: 2 / 5, strokes: 2 / 9
iteration step 69, G_loss: 0.12551, step_acc: 14.97753, grid_scale: 2 / 5, strokes: 2 / 9
iteration step 70, G_loss: 0.12531, step_acc: 14.98698, grid_scale: 2 / 5, strokes: 2 / 9
iteration step 71, G_loss: 0.12517, step_acc: 14.99315, grid_scale: 2 / 5, strokes: 2 / 9
iteration step 72, G_loss: 0.12506, step_acc: 14.99891, grid_scale: 2 / 5, strokes: 2 / 9
iteration step 73, G_loss: 0.12496, step_acc: 15.00445, grid_scale: 2 / 5, strokes: 2 / 9
iteration step 74, G_loss: 0.12486, step_acc: 15.00898, grid_scale: 2 / 5, strokes: 2 / 9
iteration step 75, G_loss: 0.12478, step_acc: 15.01147, grid_scale: 2 / 5, strokes: 2 / 9
iteration step 76, G_loss: 0.12471, step_acc: 15.01807, grid_scale: 2 / 5, strokes: 2 / 9
iteration step 77, G_loss: 0.12462, step_acc: 15.02173, grid_scale: 2 / 5, strokes: 2 / 9
iteration step 78, G_loss: 0.12452, step_acc: 15.02627, grid_scale: 2 / 5, strokes: 2 / 9
iteration step 79, G_loss: 0.12444, step_acc: 15.03900, grid_scale: 2 / 5, strokes: 2 / 9
iteration step 80, G_loss: 0.12427, step_acc: 15.04304, grid_scale: 2 / 5, strokes: 2 / 9
iteration step 81, G_loss: 0.12418, step_acc: 15.04633, grid_scale: 2 / 5, strokes: 2 / 9
iteration step 82, G_loss: 0.12411, step_acc: 15.04885, grid_scale: 2 / 5, strokes: 2 / 9
iteration step 83, G_loss: 0.12406, step_acc: 15.05062, grid_scale: 2 / 5, strokes: 2 / 9
iteration step 84, G_loss: 0.12404, step_acc: 15.05582, grid_scale: 2 / 5, strokes: 2 / 9
iteration step 85, G_loss: 0.12394, step_acc: 15.05759, grid_scale: 2 / 5, strokes: 2 / 9
iteration step 86, G_loss: 0.12392, step_acc: 15.06106, grid_scale: 2 / 5, strokes: 2 / 9
iteration step 87, G_loss: 0.12385, step_acc: 15.06366, grid_scale: 2 / 5, strokes: 2 / 9
iteration step 88, G_loss: 0.12383, step_acc: 15.06570, grid_scale: 2 / 5, strokes: 2 / 9
iteration step 89, G_loss: 0.12377, step_acc: 15.07061, grid_scale: 2 / 5, strokes: 2 / 9
iteration step 90, G_loss: 0.12369, step_acc: 15.07399, grid_scale: 2 / 5, strokes: 2 / 9
iteration step 91, G_loss: 0.12364, step_acc: 15.07575, grid_scale: 2 / 5, strokes: 2 / 9
iteration step 92, G_loss: 0.12360, step_acc: 15.08084, grid_scale: 2 / 5, strokes: 2 / 9
iteration step 93, G_loss: 0.12353, step_acc: 15.08948, grid_scale: 2 / 5, strokes: 2 / 9
iteration step 94, G_loss: 0.12343, step_acc: 15.10136, grid_scale: 2 / 5, strokes: 2 / 9
iteration step 95, G_loss: 0.12327, step_acc: 15.11256, grid_scale: 2 / 5, strokes: 2 / 9
iteration step 96, G_loss: 0.12314, step_acc: 15.13384, grid_scale: 2 / 5, strokes: 2 / 9
iteration step 97, G_loss: 0.12288, step_acc: 15.14658, grid_scale: 2 / 5, strokes: 2 / 9
iteration step 98, G_loss: 0.12273, step_acc: 15.15207, grid_scale: 2 / 5, strokes: 2 / 9
iteration step 99, G_loss: 0.12265, step_acc: 15.15734, grid_scale: 2 / 5, strokes: 2 / 9
iteration step 100, G_loss: 0.12259, step_acc: 15.16338, grid_scale: 2 / 5, strokes: 2 / 9
iteration step 101, G_loss: 0.12248, step_acc: 15.16772, grid_scale: 2 / 5, strokes: 2 / 9
iteration step 102, G_loss: 0.12242, step_acc: 15.17081, grid_scale: 2 / 5, strokes: 2 / 9
iteration step 103, G_loss: 0.12237, step_acc: 15.17663, grid_scale: 2 / 5, strokes: 2 / 9
iteration step 104, G_loss: 0.12228, step_acc: 15.18068, grid_scale: 2 / 5, strokes: 2 / 9
iteration step 105, G_loss: 0.12224, step_acc: 15.18245, grid_scale: 2 / 5, strokes: 2 / 9
iteration step 106, G_loss: 0.12221, step_acc: 15.18500, grid_scale: 2 / 5, strokes: 2 / 9
iteration step 107, G_loss: 0.12217, step_acc: 15.18519, grid_scale: 2 / 5, strokes: 2 / 9
iteration step 108, G_loss: 0.12216, step_acc: 15.18931, grid_scale: 2 / 5, strokes: 2 / 9
iteration step 109, G_loss: 0.12210, step_acc: 15.18907, grid_scale: 2 / 5, strokes: 2 / 9
iteration step 110, G_loss: 0.12209, step_acc: 15.40379, grid_scale: 2 / 5, strokes: 3 / 9
iteration step 111, G_loss: 0.11996, step_acc: 15.48595, grid_scale: 2 / 5, strokes: 3 / 9
iteration step 112, G_loss: 0.11898, step_acc: 15.53163, grid_scale: 2 / 5, strokes: 3 / 9
iteration step 113, G_loss: 0.11846, step_acc: 15.58203, grid_scale: 2 / 5, strokes: 3 / 9
iteration step 114, G_loss: 0.11785, step_acc: 15.63778, grid_scale: 2 / 5, strokes: 3 / 9
iteration step 115, G_loss: 0.11711, step_acc: 15.66029, grid_scale: 2 / 5, strokes: 3 / 9
iteration step 116, G_loss: 0.11682, step_acc: 15.68140, grid_scale: 2 / 5, strokes: 3 / 9
iteration step 117, G_loss: 0.11652, step_acc: 15.69199, grid_scale: 2 / 5, strokes: 3 / 9
iteration step 118, G_loss: 0.11635, step_acc: 15.69822, grid_scale: 2 / 5, strokes: 3 / 9
iteration step 119, G_loss: 0.11628, step_acc: 15.71113, grid_scale: 2 / 5, strokes: 3 / 9
iteration step 120, G_loss: 0.11603, step_acc: 15.71336, grid_scale: 2 / 5, strokes: 3 / 9
iteration step 121, G_loss: 0.11602, step_acc: 15.71086, grid_scale: 2 / 5, strokes: 3 / 9
iteration step 122, G_loss: 0.11602, step_acc: 15.72017, grid_scale: 2 / 5, strokes: 3 / 9
iteration step 123, G_loss: 0.11594, step_acc: 15.72628, grid_scale: 2 / 5, strokes: 3 / 9
iteration step 124, G_loss: 0.11581, step_acc: 15.72663, grid_scale: 2 / 5, strokes: 3 / 9
iteration step 125, G_loss: 0.11576, step_acc: 15.73378, grid_scale: 2 / 5, strokes: 3 / 9
iteration step 126, G_loss: 0.11570, step_acc: 15.73860, grid_scale: 2 / 5, strokes: 3 / 9
iteration step 127, G_loss: 0.11566, step_acc: 15.74544, grid_scale: 2 / 5, strokes: 3 / 9
iteration step 128, G_loss: 0.11558, step_acc: 15.75187, grid_scale: 2 / 5, strokes: 3 / 9
iteration step 129, G_loss: 0.11550, step_acc: 15.75276, grid_scale: 2 / 5, strokes: 3 / 9
iteration step 130, G_loss: 0.11547, step_acc: 15.75968, grid_scale: 2 / 5, strokes: 3 / 9
iteration step 131, G_loss: 0.11538, step_acc: 15.76554, grid_scale: 2 / 5, strokes: 3 / 9
iteration step 132, G_loss: 0.11534, step_acc: 15.76838, grid_scale: 2 / 5, strokes: 3 / 9
iteration step 133, G_loss: 0.11528, step_acc: 15.77473, grid_scale: 2 / 5, strokes: 3 / 9
iteration step 134, G_loss: 0.11522, step_acc: 15.78345, grid_scale: 2 / 5, strokes: 3 / 9
iteration step 135, G_loss: 0.11509, step_acc: 15.78765, grid_scale: 2 / 5, strokes: 3 / 9
iteration step 136, G_loss: 0.11504, step_acc: 15.79278, grid_scale: 2 / 5, strokes: 3 / 9
iteration step 137, G_loss: 0.11493, step_acc: 15.79942, grid_scale: 2 / 5, strokes: 3 / 9
iteration step 138, G_loss: 0.11481, step_acc: 15.79889, grid_scale: 2 / 5, strokes: 3 / 9
iteration step 139, G_loss: 0.11479, step_acc: 15.80414, grid_scale: 2 / 5, strokes: 3 / 9
iteration step 140, G_loss: 0.11470, step_acc: 15.80718, grid_scale: 2 / 5, strokes: 3 / 9
iteration step 141, G_loss: 0.11465, step_acc: 15.80831, grid_scale: 2 / 5, strokes: 3 / 9
iteration step 142, G_loss: 0.11460, step_acc: 15.81070, grid_scale: 2 / 5, strokes: 3 / 9
iteration step 143, G_loss: 0.11460, step_acc: 15.81653, grid_scale: 2 / 5, strokes: 3 / 9
iteration step 144, G_loss: 0.11447, step_acc: 15.81645, grid_scale: 2 / 5, strokes: 3 / 9
iteration step 145, G_loss: 0.11446, step_acc: 15.82237, grid_scale: 2 / 5, strokes: 3 / 9
iteration step 146, G_loss: 0.11439, step_acc: 15.82401, grid_scale: 2 / 5, strokes: 3 / 9
iteration step 147, G_loss: 0.11433, step_acc: 15.82552, grid_scale: 2 / 5, strokes: 3 / 9
iteration step 148, G_loss: 0.11430, step_acc: 15.83059, grid_scale: 2 / 5, strokes: 3 / 9
iteration step 149, G_loss: 0.11420, step_acc: 15.83266, grid_scale: 2 / 5, strokes: 3 / 9
iteration step 150, G_loss: 0.11417, step_acc: 15.83663, grid_scale: 2 / 5, strokes: 3 / 9
iteration step 151, G_loss: 0.11409, step_acc: 15.83750, grid_scale: 2 / 5, strokes: 3 / 9
iteration step 152, G_loss: 0.11409, step_acc: 15.83822, grid_scale: 2 / 5, strokes: 3 / 9
iteration step 153, G_loss: 0.11406, step_acc: 15.84389, grid_scale: 2 / 5, strokes: 3 / 9
iteration step 154, G_loss: 0.11402, step_acc: 15.84282, grid_scale: 2 / 5, strokes: 3 / 9
iteration step 155, G_loss: 0.11397, step_acc: 15.84885, grid_scale: 2 / 5, strokes: 3 / 9
iteration step 156, G_loss: 0.11390, step_acc: 15.85019, grid_scale: 2 / 5, strokes: 3 / 9
iteration step 157, G_loss: 0.11386, step_acc: 15.85173, grid_scale: 2 / 5, strokes: 3 / 9
iteration step 158, G_loss: 0.11385, step_acc: 15.85113, grid_scale: 2 / 5, strokes: 3 / 9
iteration step 159, G_loss: 0.11383, step_acc: 15.85528, grid_scale: 2 / 5, strokes: 3 / 9
iteration step 160, G_loss: 0.11381, step_acc: 15.85285, grid_scale: 2 / 5, strokes: 3 / 9
iteration step 161, G_loss: 0.11380, step_acc: 15.85884, grid_scale: 2 / 5, strokes: 3 / 9
iteration step 162, G_loss: 0.11376, step_acc: 15.85700, grid_scale: 2 / 5, strokes: 3 / 9
iteration step 163, G_loss: 0.11375, step_acc: 15.86049, grid_scale: 2 / 5, strokes: 3 / 9
iteration step 164, G_loss: 0.11370, step_acc: 15.86178, grid_scale: 2 / 5, strokes: 3 / 9
iteration step 165, G_loss: 0.11366, step_acc: 15.95766, grid_scale: 2 / 5, strokes: 4 / 9
iteration step 166, G_loss: 0.11281, step_acc: 15.99636, grid_scale: 2 / 5, strokes: 4 / 9
iteration step 167, G_loss: 0.11227, step_acc: 16.06788, grid_scale: 2 / 5, strokes: 4 / 9
iteration step 168, G_loss: 0.11144, step_acc: 16.12538, grid_scale: 2 / 5, strokes: 4 / 9
iteration step 169, G_loss: 0.11081, step_acc: 16.14207, grid_scale: 2 / 5, strokes: 4 / 9
iteration step 170, G_loss: 0.11060, step_acc: 16.15799, grid_scale: 2 / 5, strokes: 4 / 9
iteration step 171, G_loss: 0.11020, step_acc: 16.17584, grid_scale: 2 / 5, strokes: 4 / 9
iteration step 172, G_loss: 0.10992, step_acc: 16.18314, grid_scale: 2 / 5, strokes: 4 / 9
iteration step 173, G_loss: 0.10978, step_acc: 16.19438, grid_scale: 2 / 5, strokes: 4 / 9
iteration step 174, G_loss: 0.10962, step_acc: 16.20005, grid_scale: 2 / 5, strokes: 4 / 9
iteration step 175, G_loss: 0.10947, step_acc: 16.22083, grid_scale: 2 / 5, strokes: 4 / 9
iteration step 176, G_loss: 0.10921, step_acc: 16.22158, grid_scale: 2 / 5, strokes: 4 / 9
iteration step 177, G_loss: 0.10914, step_acc: 16.22990, grid_scale: 2 / 5, strokes: 4 / 9
iteration step 178, G_loss: 0.10897, step_acc: 16.23292, grid_scale: 2 / 5, strokes: 4 / 9
iteration step 179, G_loss: 0.10895, step_acc: 16.24441, grid_scale: 2 / 5, strokes: 4 / 9
iteration step 180, G_loss: 0.10877, step_acc: 16.24894, grid_scale: 2 / 5, strokes: 4 / 9
iteration step 181, G_loss: 0.10874, step_acc: 16.25874, grid_scale: 2 / 5, strokes: 4 / 9
iteration step 182, G_loss: 0.10853, step_acc: 16.26373, grid_scale: 2 / 5, strokes: 4 / 9
iteration step 183, G_loss: 0.10848, step_acc: 16.26312, grid_scale: 2 / 5, strokes: 4 / 9
iteration step 184, G_loss: 0.10845, step_acc: 16.27170, grid_scale: 2 / 5, strokes: 4 / 9
iteration step 185, G_loss: 0.10832, step_acc: 16.27853, grid_scale: 2 / 5, strokes: 4 / 9
iteration step 186, G_loss: 0.10826, step_acc: 16.28327, grid_scale: 2 / 5, strokes: 4 / 9
iteration step 187, G_loss: 0.10817, step_acc: 16.29040, grid_scale: 2 / 5, strokes: 4 / 9
iteration step 188, G_loss: 0.10811, step_acc: 16.30201, grid_scale: 2 / 5, strokes: 4 / 9
iteration step 189, G_loss: 0.10799, step_acc: 16.31000, grid_scale: 2 / 5, strokes: 4 / 9
iteration step 190, G_loss: 0.10793, step_acc: 16.31428, grid_scale: 2 / 5, strokes: 4 / 9
iteration step 191, G_loss: 0.10786, step_acc: 16.31980, grid_scale: 2 / 5, strokes: 4 / 9
iteration step 192, G_loss: 0.10780, step_acc: 16.32169, grid_scale: 2 / 5, strokes: 4 / 9
iteration step 193, G_loss: 0.10775, step_acc: 16.33578, grid_scale: 2 / 5, strokes: 4 / 9
iteration step 194, G_loss: 0.10769, step_acc: 16.33695, grid_scale: 2 / 5, strokes: 4 / 9
iteration step 195, G_loss: 0.10759, step_acc: 16.35232, grid_scale: 2 / 5, strokes: 4 / 9
iteration step 196, G_loss: 0.10751, step_acc: 16.35212, grid_scale: 2 / 5, strokes: 4 / 9
iteration step 197, G_loss: 0.10741, step_acc: 16.35924, grid_scale: 2 / 5, strokes: 4 / 9
iteration step 198, G_loss: 0.10738, step_acc: 16.36714, grid_scale: 2 / 5, strokes: 4 / 9
iteration step 199, G_loss: 0.10727, step_acc: 16.37141, grid_scale: 2 / 5, strokes: 4 / 9
iteration step 200, G_loss: 0.10718, step_acc: 16.37300, grid_scale: 2 / 5, strokes: 4 / 9
iteration step 201, G_loss: 0.10715, step_acc: 16.37650, grid_scale: 2 / 5, strokes: 4 / 9
iteration step 202, G_loss: 0.10706, step_acc: 16.37426, grid_scale: 2 / 5, strokes: 4 / 9
iteration step 203, G_loss: 0.10704, step_acc: 16.37538, grid_scale: 2 / 5, strokes: 4 / 9
iteration step 204, G_loss: 0.10704, step_acc: 16.38205, grid_scale: 2 / 5, strokes: 4 / 9
iteration step 205, G_loss: 0.10695, step_acc: 16.38253, grid_scale: 2 / 5, strokes: 4 / 9
iteration step 206, G_loss: 0.10684, step_acc: 16.38520, grid_scale: 2 / 5, strokes: 4 / 9
iteration step 207, G_loss: 0.10681, step_acc: 16.38462, grid_scale: 2 / 5, strokes: 4 / 9
iteration step 208, G_loss: 0.10676, step_acc: 16.39149, grid_scale: 2 / 5, strokes: 4 / 9
iteration step 209, G_loss: 0.10673, step_acc: 16.38913, grid_scale: 2 / 5, strokes: 4 / 9
iteration step 210, G_loss: 0.10667, step_acc: 16.39415, grid_scale: 2 / 5, strokes: 4 / 9
iteration step 211, G_loss: 0.10664, step_acc: 16.39936, grid_scale: 2 / 5, strokes: 4 / 9
iteration step 212, G_loss: 0.10652, step_acc: 16.39987, grid_scale: 2 / 5, strokes: 4 / 9
iteration step 213, G_loss: 0.10649, step_acc: 16.40552, grid_scale: 2 / 5, strokes: 4 / 9
iteration step 214, G_loss: 0.10647, step_acc: 16.40659, grid_scale: 2 / 5, strokes: 4 / 9
iteration step 215, G_loss: 0.10641, step_acc: 16.40775, grid_scale: 2 / 5, strokes: 4 / 9
iteration step 216, G_loss: 0.10636, step_acc: 16.40976, grid_scale: 2 / 5, strokes: 4 / 9
iteration step 217, G_loss: 0.10639, step_acc: 16.40358, grid_scale: 2 / 5, strokes: 4 / 9
iteration step 218, G_loss: 0.10639, step_acc: 16.41660, grid_scale: 2 / 5, strokes: 4 / 9
iteration step 219, G_loss: 0.10633, step_acc: 16.41039, grid_scale: 2 / 5, strokes: 4 / 9
iteration step 220, G_loss: 0.10632, step_acc: 16.42127, grid_scale: 2 / 5, strokes: 5 / 9
iteration step 221, G_loss: 0.10621, step_acc: 16.43695, grid_scale: 2 / 5, strokes: 5 / 9
iteration step 222, G_loss: 0.10583, step_acc: 16.45990, grid_scale: 2 / 5, strokes: 5 / 9
iteration step 223, G_loss: 0.10556, step_acc: 16.46706, grid_scale: 2 / 5, strokes: 5 / 9
iteration step 224, G_loss: 0.10541, step_acc: 16.46841, grid_scale: 2 / 5, strokes: 5 / 9
iteration step 225, G_loss: 0.10533, step_acc: 16.48447, grid_scale: 2 / 5, strokes: 5 / 9
iteration step 226, G_loss: 0.10510, step_acc: 16.48752, grid_scale: 2 / 5, strokes: 5 / 9
iteration step 227, G_loss: 0.10497, step_acc: 16.50410, grid_scale: 2 / 5, strokes: 5 / 9
iteration step 228, G_loss: 0.10483, step_acc: 16.50310, grid_scale: 2 / 5, strokes: 5 / 9
iteration step 229, G_loss: 0.10469, step_acc: 16.51898, grid_scale: 2 / 5, strokes: 5 / 9
iteration step 230, G_loss: 0.10458, step_acc: 16.52083, grid_scale: 2 / 5, strokes: 5 / 9
iteration step 231, G_loss: 0.10445, step_acc: 16.52853, grid_scale: 2 / 5, strokes: 5 / 9
iteration step 232, G_loss: 0.10434, step_acc: 16.53929, grid_scale: 2 / 5, strokes: 5 / 9
iteration step 233, G_loss: 0.10419, step_acc: 16.55016, grid_scale: 2 / 5, strokes: 5 / 9
iteration step 234, G_loss: 0.10403, step_acc: 16.54265, grid_scale: 2 / 5, strokes: 5 / 9
iteration step 235, G_loss: 0.10409, step_acc: 16.55265, grid_scale: 2 / 5, strokes: 5 / 9
iteration step 236, G_loss: 0.10397, step_acc: 16.55158, grid_scale: 2 / 5, strokes: 5 / 9
iteration step 237, G_loss: 0.10391, step_acc: 16.55967, grid_scale: 2 / 5, strokes: 5 / 9
iteration step 238, G_loss: 0.10376, step_acc: 16.56473, grid_scale: 2 / 5, strokes: 5 / 9
iteration step 239, G_loss: 0.10370, step_acc: 16.57235, grid_scale: 2 / 5, strokes: 5 / 9
iteration step 240, G_loss: 0.10358, step_acc: 16.56929, grid_scale: 2 / 5, strokes: 5 / 9
iteration step 241, G_loss: 0.10354, step_acc: 16.57788, grid_scale: 2 / 5, strokes: 5 / 9
iteration step 242, G_loss: 0.10352, step_acc: 16.58027, grid_scale: 2 / 5, strokes: 5 / 9
iteration step 243, G_loss: 0.10336, step_acc: 16.58584, grid_scale: 2 / 5, strokes: 5 / 9
iteration step 244, G_loss: 0.10330, step_acc: 16.59527, grid_scale: 2 / 5, strokes: 5 / 9
iteration step 245, G_loss: 0.10316, step_acc: 16.60336, grid_scale: 2 / 5, strokes: 5 / 9
iteration step 246, G_loss: 0.10307, step_acc: 16.60485, grid_scale: 2 / 5, strokes: 5 / 9
iteration step 247, G_loss: 0.10302, step_acc: 16.61155, grid_scale: 2 / 5, strokes: 5 / 9
iteration step 248, G_loss: 0.10293, step_acc: 16.61525, grid_scale: 2 / 5, strokes: 5 / 9
iteration step 249, G_loss: 0.10284, step_acc: 16.61807, grid_scale: 2 / 5, strokes: 5 / 9
iteration step 250, G_loss: 0.10280, step_acc: 16.62589, grid_scale: 2 / 5, strokes: 5 / 9
iteration step 251, G_loss: 0.10273, step_acc: 16.62505, grid_scale: 2 / 5, strokes: 5 / 9
iteration step 252, G_loss: 0.10266, step_acc: 16.63216, grid_scale: 2 / 5, strokes: 5 / 9
iteration step 253, G_loss: 0.10258, step_acc: 16.63730, grid_scale: 2 / 5, strokes: 5 / 9
iteration step 254, G_loss: 0.10246, step_acc: 16.64092, grid_scale: 2 / 5, strokes: 5 / 9
iteration step 255, G_loss: 0.10236, step_acc: 16.65020, grid_scale: 2 / 5, strokes: 5 / 9
iteration step 256, G_loss: 0.10222, step_acc: 16.65019, grid_scale: 2 / 5, strokes: 5 / 9
iteration step 257, G_loss: 0.10214, step_acc: 16.66148, grid_scale: 2 / 5, strokes: 5 / 9
iteration step 258, G_loss: 0.10202, step_acc: 16.66232, grid_scale: 2 / 5, strokes: 5 / 9
iteration step 259, G_loss: 0.10192, step_acc: 16.67718, grid_scale: 2 / 5, strokes: 5 / 9
iteration step 260, G_loss: 0.10176, step_acc: 16.68705, grid_scale: 2 / 5, strokes: 5 / 9
iteration step 261, G_loss: 0.10161, step_acc: 16.69412, grid_scale: 2 / 5, strokes: 5 / 9
iteration step 262, G_loss: 0.10157, step_acc: 16.69793, grid_scale: 2 / 5, strokes: 5 / 9
iteration step 263, G_loss: 0.10154, step_acc: 16.70879, grid_scale: 2 / 5, strokes: 5 / 9
iteration step 264, G_loss: 0.10139, step_acc: 16.70738, grid_scale: 2 / 5, strokes: 5 / 9
iteration step 265, G_loss: 0.10137, step_acc: 16.71688, grid_scale: 2 / 5, strokes: 5 / 9
iteration step 266, G_loss: 0.10132, step_acc: 16.71738, grid_scale: 2 / 5, strokes: 5 / 9
iteration step 267, G_loss: 0.10127, step_acc: 16.72494, grid_scale: 2 / 5, strokes: 5 / 9
iteration step 268, G_loss: 0.10125, step_acc: 16.72408, grid_scale: 2 / 5, strokes: 5 / 9
iteration step 269, G_loss: 0.10120, step_acc: 16.73540, grid_scale: 2 / 5, strokes: 5 / 9
iteration step 270, G_loss: 0.10114, step_acc: 16.73488, grid_scale: 2 / 5, strokes: 5 / 9
iteration step 271, G_loss: 0.10111, step_acc: 16.73988, grid_scale: 2 / 5, strokes: 5 / 9
iteration step 272, G_loss: 0.10110, step_acc: 16.74174, grid_scale: 2 / 5, strokes: 5 / 9
iteration step 273, G_loss: 0.10106, step_acc: 16.74948, grid_scale: 2 / 5, strokes: 5 / 9
iteration step 274, G_loss: 0.10105, step_acc: 16.75061, grid_scale: 2 / 5, strokes: 5 / 9
iteration step 275, G_loss: 0.10098, step_acc: 16.75041, grid_scale: 2 / 5, strokes: 6 / 9
iteration step 276, G_loss: 0.10112, step_acc: 16.82247, grid_scale: 2 / 5, strokes: 6 / 9
iteration step 277, G_loss: 0.10063, step_acc: 16.87623, grid_scale: 2 / 5, strokes: 6 / 9
iteration step 278, G_loss: 0.10020, step_acc: 16.91253, grid_scale: 2 / 5, strokes: 6 / 9
iteration step 279, G_loss: 0.09992, step_acc: 16.94164, grid_scale: 2 / 5, strokes: 6 / 9
iteration step 280, G_loss: 0.09958, step_acc: 16.96811, grid_scale: 2 / 5, strokes: 6 / 9
iteration step 281, G_loss: 0.09936, step_acc: 16.98182, grid_scale: 2 / 5, strokes: 6 / 9
iteration step 282, G_loss: 0.09914, step_acc: 16.98996, grid_scale: 2 / 5, strokes: 6 / 9
iteration step 283, G_loss: 0.09906, step_acc: 17.01783, grid_scale: 2 / 5, strokes: 6 / 9
iteration step 284, G_loss: 0.09882, step_acc: 17.02452, grid_scale: 2 / 5, strokes: 6 / 9
iteration step 285, G_loss: 0.09867, step_acc: 17.05299, grid_scale: 2 / 5, strokes: 6 / 9
iteration step 286, G_loss: 0.09858, step_acc: 17.06037, grid_scale: 2 / 5, strokes: 6 / 9
iteration step 287, G_loss: 0.09834, step_acc: 17.07619, grid_scale: 2 / 5, strokes: 6 / 9
iteration step 288, G_loss: 0.09819, step_acc: 17.09185, grid_scale: 2 / 5, strokes: 6 / 9
iteration step 289, G_loss: 0.09805, step_acc: 17.09861, grid_scale: 2 / 5, strokes: 6 / 9
iteration step 290, G_loss: 0.09798, step_acc: 17.11018, grid_scale: 2 / 5, strokes: 6 / 9
iteration step 291, G_loss: 0.09784, step_acc: 17.12501, grid_scale: 2 / 5, strokes: 6 / 9
iteration step 292, G_loss: 0.09776, step_acc: 17.12453, grid_scale: 2 / 5, strokes: 6 / 9
iteration step 293, G_loss: 0.09769, step_acc: 17.14704, grid_scale: 2 / 5, strokes: 6 / 9
iteration step 294, G_loss: 0.09752, step_acc: 17.14506, grid_scale: 2 / 5, strokes: 6 / 9
iteration step 295, G_loss: 0.09756, step_acc: 17.15786, grid_scale: 2 / 5, strokes: 6 / 9
iteration step 296, G_loss: 0.09747, step_acc: 17.17000, grid_scale: 2 / 5, strokes: 6 / 9
iteration step 297, G_loss: 0.09730, step_acc: 17.19370, grid_scale: 2 / 5, strokes: 6 / 9
iteration step 298, G_loss: 0.09710, step_acc: 17.19783, grid_scale: 2 / 5, strokes: 6 / 9
iteration step 299, G_loss: 0.09697, step_acc: 17.21868, grid_scale: 2 / 5, strokes: 6 / 9
iteration step 300, G_loss: 0.09690, step_acc: 17.22301, grid_scale: 2 / 5, strokes: 6 / 9
iteration step 301, G_loss: 0.09676, step_acc: 17.23783, grid_scale: 2 / 5, strokes: 6 / 9
iteration step 302, G_loss: 0.09670, step_acc: 17.23265, grid_scale: 2 / 5, strokes: 6 / 9
iteration step 303, G_loss: 0.09673, step_acc: 17.24330, grid_scale: 2 / 5, strokes: 6 / 9
iteration step 304, G_loss: 0.09667, step_acc: 17.24512, grid_scale: 2 / 5, strokes: 6 / 9
iteration step 305, G_loss: 0.09661, step_acc: 17.26003, grid_scale: 2 / 5, strokes: 6 / 9
iteration step 306, G_loss: 0.09652, step_acc: 17.26410, grid_scale: 2 / 5, strokes: 6 / 9
iteration step 307, G_loss: 0.09646, step_acc: 17.27691, grid_scale: 2 / 5, strokes: 6 / 9
iteration step 308, G_loss: 0.09636, step_acc: 17.27734, grid_scale: 2 / 5, strokes: 6 / 9
iteration step 309, G_loss: 0.09632, step_acc: 17.28521, grid_scale: 2 / 5, strokes: 6 / 9
iteration step 310, G_loss: 0.09628, step_acc: 17.28389, grid_scale: 2 / 5, strokes: 6 / 9
iteration step 311, G_loss: 0.09629, step_acc: 17.29740, grid_scale: 2 / 5, strokes: 6 / 9
iteration step 312, G_loss: 0.09616, step_acc: 17.29843, grid_scale: 2 / 5, strokes: 6 / 9
iteration step 313, G_loss: 0.09616, step_acc: 17.30167, grid_scale: 2 / 5, strokes: 6 / 9
iteration step 314, G_loss: 0.09610, step_acc: 17.30283, grid_scale: 2 / 5, strokes: 6 / 9
iteration step 315, G_loss: 0.09605, step_acc: 17.31010, grid_scale: 2 / 5, strokes: 6 / 9
iteration step 316, G_loss: 0.09600, step_acc: 17.31041, grid_scale: 2 / 5, strokes: 6 / 9
iteration step 317, G_loss: 0.09600, step_acc: 17.31133, grid_scale: 2 / 5, strokes: 6 / 9
iteration step 318, G_loss: 0.09595, step_acc: 17.31231, grid_scale: 2 / 5, strokes: 6 / 9
iteration step 319, G_loss: 0.09591, step_acc: 17.31764, grid_scale: 2 / 5, strokes: 6 / 9
iteration step 320, G_loss: 0.09588, step_acc: 17.31999, grid_scale: 2 / 5, strokes: 6 / 9
iteration step 321, G_loss: 0.09584, step_acc: 17.32521, grid_scale: 2 / 5, strokes: 6 / 9
iteration step 322, G_loss: 0.09581, step_acc: 17.32691, grid_scale: 2 / 5, strokes: 6 / 9
iteration step 323, G_loss: 0.09575, step_acc: 17.33085, grid_scale: 2 / 5, strokes: 6 / 9
iteration step 324, G_loss: 0.09568, step_acc: 17.33243, grid_scale: 2 / 5, strokes: 6 / 9
iteration step 325, G_loss: 0.09566, step_acc: 17.33290, grid_scale: 2 / 5, strokes: 6 / 9
iteration step 326, G_loss: 0.09562, step_acc: 17.33399, grid_scale: 2 / 5, strokes: 6 / 9
iteration step 327, G_loss: 0.09561, step_acc: 17.33502, grid_scale: 2 / 5, strokes: 6 / 9
iteration step 328, G_loss: 0.09559, step_acc: 17.33517, grid_scale: 2 / 5, strokes: 6 / 9
iteration step 329, G_loss: 0.09557, step_acc: 17.34084, grid_scale: 2 / 5, strokes: 6 / 9
iteration step 330, G_loss: 0.09552, step_acc: 17.35915, grid_scale: 2 / 5, strokes: 7 / 9
iteration step 331, G_loss: 0.09535, step_acc: 17.38336, grid_scale: 2 / 5, strokes: 7 / 9
iteration step 332, G_loss: 0.09504, step_acc: 17.39263, grid_scale: 2 / 5, strokes: 7 / 9
iteration step 333, G_loss: 0.09484, step_acc: 17.40902, grid_scale: 2 / 5, strokes: 7 / 9
iteration step 334, G_loss: 0.09475, step_acc: 17.41081, grid_scale: 2 / 5, strokes: 7 / 9
iteration step 335, G_loss: 0.09468, step_acc: 17.42114, grid_scale: 2 / 5, strokes: 7 / 9
iteration step 336, G_loss: 0.09465, step_acc: 17.41245, grid_scale: 2 / 5, strokes: 7 / 9
iteration step 337, G_loss: 0.09463, step_acc: 17.43800, grid_scale: 2 / 5, strokes: 7 / 9
iteration step 338, G_loss: 0.09447, step_acc: 17.43489, grid_scale: 2 / 5, strokes: 7 / 9
iteration step 339, G_loss: 0.09441, step_acc: 17.44496, grid_scale: 2 / 5, strokes: 7 / 9
iteration step 340, G_loss: 0.09438, step_acc: 17.44333, grid_scale: 2 / 5, strokes: 7 / 9
iteration step 341, G_loss: 0.09438, step_acc: 17.45006, grid_scale: 2 / 5, strokes: 7 / 9
iteration step 342, G_loss: 0.09435, step_acc: 17.45056, grid_scale: 2 / 5, strokes: 7 / 9
iteration step 343, G_loss: 0.09426, step_acc: 17.46593, grid_scale: 2 / 5, strokes: 7 / 9
iteration step 344, G_loss: 0.09415, step_acc: 17.45734, grid_scale: 2 / 5, strokes: 7 / 9
iteration step 345, G_loss: 0.09418, step_acc: 17.46174, grid_scale: 2 / 5, strokes: 7 / 9
iteration step 346, G_loss: 0.09419, step_acc: 17.46839, grid_scale: 2 / 5, strokes: 7 / 9
iteration step 347, G_loss: 0.09410, step_acc: 17.47126, grid_scale: 2 / 5, strokes: 7 / 9
iteration step 348, G_loss: 0.09407, step_acc: 17.46570, grid_scale: 2 / 5, strokes: 7 / 9
iteration step 349, G_loss: 0.09410, step_acc: 17.47462, grid_scale: 2 / 5, strokes: 7 / 9
iteration step 350, G_loss: 0.09412, step_acc: 17.47365, grid_scale: 2 / 5, strokes: 7 / 9
iteration step 351, G_loss: 0.09404, step_acc: 17.48052, grid_scale: 2 / 5, strokes: 7 / 9
iteration step 352, G_loss: 0.09403, step_acc: 17.47542, grid_scale: 2 / 5, strokes: 7 / 9
iteration step 353, G_loss: 0.09400, step_acc: 17.48511, grid_scale: 2 / 5, strokes: 7 / 9
iteration step 354, G_loss: 0.09395, step_acc: 17.48620, grid_scale: 2 / 5, strokes: 7 / 9
iteration step 355, G_loss: 0.09390, step_acc: 17.48858, grid_scale: 2 / 5, strokes: 7 / 9
iteration step 356, G_loss: 0.09389, step_acc: 17.48838, grid_scale: 2 / 5, strokes: 7 / 9
iteration step 357, G_loss: 0.09383, step_acc: 17.49633, grid_scale: 2 / 5, strokes: 7 / 9
iteration step 358, G_loss: 0.09378, step_acc: 17.50121, grid_scale: 2 / 5, strokes: 7 / 9
iteration step 359, G_loss: 0.09375, step_acc: 17.49922, grid_scale: 2 / 5, strokes: 7 / 9
iteration step 360, G_loss: 0.09376, step_acc: 17.50315, grid_scale: 2 / 5, strokes: 7 / 9
iteration step 361, G_loss: 0.09376, step_acc: 17.50347, grid_scale: 2 / 5, strokes: 7 / 9
iteration step 362, G_loss: 0.09373, step_acc: 17.51058, grid_scale: 2 / 5, strokes: 7 / 9
iteration step 363, G_loss: 0.09362, step_acc: 17.51230, grid_scale: 2 / 5, strokes: 7 / 9
iteration step 364, G_loss: 0.09361, step_acc: 17.50972, grid_scale: 2 / 5, strokes: 7 / 9
iteration step 365, G_loss: 0.09358, step_acc: 17.51836, grid_scale: 2 / 5, strokes: 7 / 9
iteration step 366, G_loss: 0.09357, step_acc: 17.51326, grid_scale: 2 / 5, strokes: 7 / 9
iteration step 367, G_loss: 0.09354, step_acc: 17.51293, grid_scale: 2 / 5, strokes: 7 / 9
iteration step 368, G_loss: 0.09350, step_acc: 17.51441, grid_scale: 2 / 5, strokes: 7 / 9
iteration step 369, G_loss: 0.09349, step_acc: 17.51828, grid_scale: 2 / 5, strokes: 7 / 9
iteration step 370, G_loss: 0.09347, step_acc: 17.51901, grid_scale: 2 / 5, strokes: 7 / 9
iteration step 371, G_loss: 0.09344, step_acc: 17.52181, grid_scale: 2 / 5, strokes: 7 / 9
iteration step 372, G_loss: 0.09333, step_acc: 17.52426, grid_scale: 2 / 5, strokes: 7 / 9
iteration step 373, G_loss: 0.09330, step_acc: 17.52521, grid_scale: 2 / 5, strokes: 7 / 9
iteration step 374, G_loss: 0.09326, step_acc: 17.53160, grid_scale: 2 / 5, strokes: 7 / 9
iteration step 375, G_loss: 0.09322, step_acc: 17.53239, grid_scale: 2 / 5, strokes: 7 / 9
iteration step 376, G_loss: 0.09318, step_acc: 17.53128, grid_scale: 2 / 5, strokes: 7 / 9
iteration step 377, G_loss: 0.09316, step_acc: 17.53531, grid_scale: 2 / 5, strokes: 7 / 9
iteration step 378, G_loss: 0.09311, step_acc: 17.53384, grid_scale: 2 / 5, strokes: 7 / 9
iteration step 379, G_loss: 0.09307, step_acc: 17.53879, grid_scale: 2 / 5, strokes: 7 / 9
iteration step 380, G_loss: 0.09304, step_acc: 17.53833, grid_scale: 2 / 5, strokes: 7 / 9
iteration step 381, G_loss: 0.09302, step_acc: 17.53483, grid_scale: 2 / 5, strokes: 7 / 9
iteration step 382, G_loss: 0.09301, step_acc: 17.54205, grid_scale: 2 / 5, strokes: 7 / 9
iteration step 383, G_loss: 0.09296, step_acc: 17.54193, grid_scale: 2 / 5, strokes: 7 / 9
iteration step 384, G_loss: 0.09293, step_acc: 17.54895, grid_scale: 2 / 5, strokes: 7 / 9
iteration step 385, G_loss: 0.09289, step_acc: 17.50755, grid_scale: 2 / 5, strokes: 8 / 9
iteration step 386, G_loss: 0.09349, step_acc: 17.54819, grid_scale: 2 / 5, strokes: 8 / 9
iteration step 387, G_loss: 0.09292, step_acc: 17.55778, grid_scale: 2 / 5, strokes: 8 / 9
iteration step 388, G_loss: 0.09285, step_acc: 17.57480, grid_scale: 2 / 5, strokes: 8 / 9
iteration step 389, G_loss: 0.09252, step_acc: 17.58459, grid_scale: 2 / 5, strokes: 8 / 9
iteration step 390, G_loss: 0.09243, step_acc: 17.58366, grid_scale: 2 / 5, strokes: 8 / 9
iteration step 391, G_loss: 0.09238, step_acc: 17.58113, grid_scale: 2 / 5, strokes: 8 / 9
iteration step 392, G_loss: 0.09233, step_acc: 17.58783, grid_scale: 2 / 5, strokes: 8 / 9
iteration step 393, G_loss: 0.09230, step_acc: 17.58212, grid_scale: 2 / 5, strokes: 8 / 9
iteration step 394, G_loss: 0.09230, step_acc: 17.58870, grid_scale: 2 / 5, strokes: 8 / 9
iteration step 395, G_loss: 0.09229, step_acc: 17.58820, grid_scale: 2 / 5, strokes: 8 / 9
iteration step 396, G_loss: 0.09226, step_acc: 17.59291, grid_scale: 2 / 5, strokes: 8 / 9
iteration step 397, G_loss: 0.09222, step_acc: 17.59632, grid_scale: 2 / 5, strokes: 8 / 9
iteration step 398, G_loss: 0.09214, step_acc: 17.59919, grid_scale: 2 / 5, strokes: 8 / 9
iteration step 399, G_loss: 0.09214, step_acc: 17.60458, grid_scale: 2 / 5, strokes: 8 / 9
iteration step 400, G_loss: 0.09207, step_acc: 17.60783, grid_scale: 2 / 5, strokes: 8 / 9
iteration step 401, G_loss: 0.09201, step_acc: 17.60958, grid_scale: 2 / 5, strokes: 8 / 9
iteration step 402, G_loss: 0.09199, step_acc: 17.61273, grid_scale: 2 / 5, strokes: 8 / 9
iteration step 403, G_loss: 0.09197, step_acc: 17.61813, grid_scale: 2 / 5, strokes: 8 / 9
iteration step 404, G_loss: 0.09194, step_acc: 17.62582, grid_scale: 2 / 5, strokes: 8 / 9
iteration step 405, G_loss: 0.09183, step_acc: 17.63086, grid_scale: 2 / 5, strokes: 8 / 9
iteration step 406, G_loss: 0.09179, step_acc: 17.63579, grid_scale: 2 / 5, strokes: 8 / 9
iteration step 407, G_loss: 0.09174, step_acc: 17.64347, grid_scale: 2 / 5, strokes: 8 / 9
iteration step 408, G_loss: 0.09166, step_acc: 17.64968, grid_scale: 2 / 5, strokes: 8 / 9
iteration step 409, G_loss: 0.09159, step_acc: 17.64952, grid_scale: 2 / 5, strokes: 8 / 9
iteration step 410, G_loss: 0.09155, step_acc: 17.66066, grid_scale: 2 / 5, strokes: 8 / 9
iteration step 411, G_loss: 0.09145, step_acc: 17.65962, grid_scale: 2 / 5, strokes: 8 / 9
iteration step 412, G_loss: 0.09144, step_acc: 17.66181, grid_scale: 2 / 5, strokes: 8 / 9
iteration step 413, G_loss: 0.09136, step_acc: 17.67155, grid_scale: 2 / 5, strokes: 8 / 9
iteration step 414, G_loss: 0.09136, step_acc: 17.66420, grid_scale: 2 / 5, strokes: 8 / 9
iteration step 415, G_loss: 0.09128, step_acc: 17.67323, grid_scale: 2 / 5, strokes: 8 / 9
iteration step 416, G_loss: 0.09124, step_acc: 17.67060, grid_scale: 2 / 5, strokes: 8 / 9
iteration step 417, G_loss: 0.09119, step_acc: 17.67909, grid_scale: 2 / 5, strokes: 8 / 9
iteration step 418, G_loss: 0.09119, step_acc: 17.67864, grid_scale: 2 / 5, strokes: 8 / 9
iteration step 419, G_loss: 0.09110, step_acc: 17.68502, grid_scale: 2 / 5, strokes: 8 / 9
iteration step 420, G_loss: 0.09113, step_acc: 17.68515, grid_scale: 2 / 5, strokes: 8 / 9
iteration step 421, G_loss: 0.09110, step_acc: 17.68407, grid_scale: 2 / 5, strokes: 8 / 9
iteration step 422, G_loss: 0.09107, step_acc: 17.68669, grid_scale: 2 / 5, strokes: 8 / 9
iteration step 423, G_loss: 0.09102, step_acc: 17.68668, grid_scale: 2 / 5, strokes: 8 / 9
iteration step 424, G_loss: 0.09097, step_acc: 17.68569, grid_scale: 2 / 5, strokes: 8 / 9
iteration step 425, G_loss: 0.09098, step_acc: 17.68592, grid_scale: 2 / 5, strokes: 8 / 9
iteration step 426, G_loss: 0.09098, step_acc: 17.68372, grid_scale: 2 / 5, strokes: 8 / 9
iteration step 427, G_loss: 0.09096, step_acc: 17.68732, grid_scale: 2 / 5, strokes: 8 / 9
iteration step 428, G_loss: 0.09102, step_acc: 17.68180, grid_scale: 2 / 5, strokes: 8 / 9
iteration step 429, G_loss: 0.09104, step_acc: 17.69617, grid_scale: 2 / 5, strokes: 8 / 9
iteration step 430, G_loss: 0.09097, step_acc: 17.69850, grid_scale: 2 / 5, strokes: 8 / 9
iteration step 431, G_loss: 0.09087, step_acc: 17.69967, grid_scale: 2 / 5, strokes: 8 / 9
iteration step 432, G_loss: 0.09083, step_acc: 17.70456, grid_scale: 2 / 5, strokes: 8 / 9
iteration step 433, G_loss: 0.09080, step_acc: 17.70313, grid_scale: 2 / 5, strokes: 8 / 9
iteration step 434, G_loss: 0.09083, step_acc: 17.70578, grid_scale: 2 / 5, strokes: 8 / 9
iteration step 435, G_loss: 0.09081, step_acc: 17.71035, grid_scale: 2 / 5, strokes: 8 / 9
iteration step 436, G_loss: 0.09075, step_acc: 17.70563, grid_scale: 2 / 5, strokes: 8 / 9
iteration step 437, G_loss: 0.09072, step_acc: 17.71032, grid_scale: 2 / 5, strokes: 8 / 9
iteration step 438, G_loss: 0.09071, step_acc: 17.70742, grid_scale: 2 / 5, strokes: 8 / 9
iteration step 439, G_loss: 0.09071, step_acc: 17.70855, grid_scale: 2 / 5, strokes: 8 / 9
iteration step 440, G_loss: 0.09081, step_acc: 17.72380, grid_scale: 2 / 5, strokes: 9 / 9
iteration step 441, G_loss: 0.09063, step_acc: 17.77125, grid_scale: 2 / 5, strokes: 9 / 9
iteration step 442, G_loss: 0.09028, step_acc: 17.77022, grid_scale: 2 / 5, strokes: 9 / 9
iteration step 443, G_loss: 0.09010, step_acc: 17.79381, grid_scale: 2 / 5, strokes: 9 / 9
iteration step 444, G_loss: 0.08983, step_acc: 17.80897, grid_scale: 2 / 5, strokes: 9 / 9
iteration step 445, G_loss: 0.08971, step_acc: 17.83250, grid_scale: 2 / 5, strokes: 9 / 9
iteration step 446, G_loss: 0.08944, step_acc: 17.84896, grid_scale: 2 / 5, strokes: 9 / 9
iteration step 447, G_loss: 0.08919, step_acc: 17.85668, grid_scale: 2 / 5, strokes: 9 / 9
iteration step 448, G_loss: 0.08909, step_acc: 17.85649, grid_scale: 2 / 5, strokes: 9 / 9
iteration step 449, G_loss: 0.08901, step_acc: 17.87784, grid_scale: 2 / 5, strokes: 9 / 9
iteration step 450, G_loss: 0.08884, step_acc: 17.88319, grid_scale: 2 / 5, strokes: 9 / 9
iteration step 451, G_loss: 0.08875, step_acc: 17.89660, grid_scale: 2 / 5, strokes: 9 / 9
iteration step 452, G_loss: 0.08862, step_acc: 17.89994, grid_scale: 2 / 5, strokes: 9 / 9
iteration step 453, G_loss: 0.08848, step_acc: 17.91970, grid_scale: 2 / 5, strokes: 9 / 9
iteration step 454, G_loss: 0.08831, step_acc: 17.93422, grid_scale: 2 / 5, strokes: 9 / 9
iteration step 455, G_loss: 0.08808, step_acc: 17.93335, grid_scale: 2 / 5, strokes: 9 / 9
iteration step 456, G_loss: 0.08806, step_acc: 17.94982, grid_scale: 2 / 5, strokes: 9 / 9
iteration step 457, G_loss: 0.08788, step_acc: 17.95618, grid_scale: 2 / 5, strokes: 9 / 9
iteration step 458, G_loss: 0.08780, step_acc: 17.96126, grid_scale: 2 / 5, strokes: 9 / 9
iteration step 459, G_loss: 0.08768, step_acc: 17.97819, grid_scale: 2 / 5, strokes: 9 / 9
iteration step 460, G_loss: 0.08757, step_acc: 17.98559, grid_scale: 2 / 5, strokes: 9 / 9
iteration step 461, G_loss: 0.08745, step_acc: 18.00316, grid_scale: 2 / 5, strokes: 9 / 9
iteration step 462, G_loss: 0.08726, step_acc: 17.99998, grid_scale: 2 / 5, strokes: 9 / 9
iteration step 463, G_loss: 0.08707, step_acc: 18.02182, grid_scale: 2 / 5, strokes: 9 / 9
iteration step 464, G_loss: 0.08699, step_acc: 18.03587, grid_scale: 2 / 5, strokes: 9 / 9
iteration step 465, G_loss: 0.08670, step_acc: 18.04593, grid_scale: 2 / 5, strokes: 9 / 9
iteration step 466, G_loss: 0.08655, step_acc: 18.06135, grid_scale: 2 / 5, strokes: 9 / 9
iteration step 467, G_loss: 0.08636, step_acc: 18.06232, grid_scale: 2 / 5, strokes: 9 / 9
iteration step 468, G_loss: 0.08624, step_acc: 18.07728, grid_scale: 2 / 5, strokes: 9 / 9
iteration step 469, G_loss: 0.08618, step_acc: 18.08018, grid_scale: 2 / 5, strokes: 9 / 9
iteration step 470, G_loss: 0.08606, step_acc: 18.08278, grid_scale: 2 / 5, strokes: 9 / 9
iteration step 471, G_loss: 0.08603, step_acc: 18.09212, grid_scale: 2 / 5, strokes: 9 / 9
iteration step 472, G_loss: 0.08601, step_acc: 18.09257, grid_scale: 2 / 5, strokes: 9 / 9
iteration step 473, G_loss: 0.08593, step_acc: 18.10413, grid_scale: 2 / 5, strokes: 9 / 9
iteration step 474, G_loss: 0.08587, step_acc: 18.10382, grid_scale: 2 / 5, strokes: 9 / 9
iteration step 475, G_loss: 0.08579, step_acc: 18.11385, grid_scale: 2 / 5, strokes: 9 / 9
iteration step 476, G_loss: 0.08576, step_acc: 18.10880, grid_scale: 2 / 5, strokes: 9 / 9
iteration step 477, G_loss: 0.08571, step_acc: 18.12416, grid_scale: 2 / 5, strokes: 9 / 9
iteration step 478, G_loss: 0.08565, step_acc: 18.12170, grid_scale: 2 / 5, strokes: 9 / 9
iteration step 479, G_loss: 0.08561, step_acc: 18.13434, grid_scale: 2 / 5, strokes: 9 / 9
iteration step 480, G_loss: 0.08554, step_acc: 18.13340, grid_scale: 2 / 5, strokes: 9 / 9
iteration step 481, G_loss: 0.08549, step_acc: 18.13736, grid_scale: 2 / 5, strokes: 9 / 9
iteration step 482, G_loss: 0.08544, step_acc: 18.13976, grid_scale: 2 / 5, strokes: 9 / 9
iteration step 483, G_loss: 0.08538, step_acc: 18.14373, grid_scale: 2 / 5, strokes: 9 / 9
iteration step 484, G_loss: 0.08537, step_acc: 18.13332, grid_scale: 2 / 5, strokes: 9 / 9
iteration step 485, G_loss: 0.08540, step_acc: 18.14474, grid_scale: 2 / 5, strokes: 9 / 9
iteration step 486, G_loss: 0.08533, step_acc: 18.14368, grid_scale: 2 / 5, strokes: 9 / 9
iteration step 487, G_loss: 0.08529, step_acc: 18.14738, grid_scale: 2 / 5, strokes: 9 / 9
iteration step 488, G_loss: 0.08527, step_acc: 18.14574, grid_scale: 2 / 5, strokes: 9 / 9
iteration step 489, G_loss: 0.08532, step_acc: 18.15073, grid_scale: 2 / 5, strokes: 9 / 9
iteration step 490, G_loss: 0.08527, step_acc: 18.14909, grid_scale: 2 / 5, strokes: 9 / 9
iteration step 491, G_loss: 0.08524, step_acc: 18.14858, grid_scale: 2 / 5, strokes: 9 / 9
iteration step 492, G_loss: 0.08524, step_acc: 18.14173, grid_scale: 2 / 5, strokes: 9 / 9
iteration step 493, G_loss: 0.08538, step_acc: 18.15831, grid_scale: 2 / 5, strokes: 9 / 9
iteration step 494, G_loss: 0.08517, step_acc: 18.15839, grid_scale: 2 / 5, strokes: 9 / 9
rendering canvas...
iteration step 0, G_loss: 0.08512, step_acc: 16.26967, grid_scale: 3 / 5, strokes: 1 / 9
iteration step 1, G_loss: 0.10341, step_acc: 16.32434, grid_scale: 3 / 5, strokes: 1 / 9
iteration step 2, G_loss: 0.10289, step_acc: 16.35291, grid_scale: 3 / 5, strokes: 1 / 9
iteration step 3, G_loss: 0.10260, step_acc: 16.39370, grid_scale: 3 / 5, strokes: 1 / 9
iteration step 4, G_loss: 0.10225, step_acc: 16.42028, grid_scale: 3 / 5, strokes: 1 / 9
iteration step 5, G_loss: 0.10202, step_acc: 16.44735, grid_scale: 3 / 5, strokes: 1 / 9
iteration step 6, G_loss: 0.10176, step_acc: 16.46550, grid_scale: 3 / 5, strokes: 1 / 9
iteration step 7, G_loss: 0.10156, step_acc: 16.47994, grid_scale: 3 / 5, strokes: 1 / 9
iteration step 8, G_loss: 0.10144, step_acc: 16.48956, grid_scale: 3 / 5, strokes: 1 / 9
iteration step 9, G_loss: 0.10130, step_acc: 16.51727, grid_scale: 3 / 5, strokes: 1 / 9
iteration step 10, G_loss: 0.10115, step_acc: 16.53825, grid_scale: 3 / 5, strokes: 1 / 9
iteration step 11, G_loss: 0.10092, step_acc: 16.55097, grid_scale: 3 / 5, strokes: 1 / 9
iteration step 12, G_loss: 0.10081, step_acc: 16.55619, grid_scale: 3 / 5, strokes: 1 / 9
iteration step 13, G_loss: 0.10072, step_acc: 16.56197, grid_scale: 3 / 5, strokes: 1 / 9
iteration step 14, G_loss: 0.10063, step_acc: 16.57481, grid_scale: 3 / 5, strokes: 1 / 9
iteration step 15, G_loss: 0.10055, step_acc: 16.57844, grid_scale: 3 / 5, strokes: 1 / 9
iteration step 16, G_loss: 0.10043, step_acc: 16.59707, grid_scale: 3 / 5, strokes: 1 / 9
iteration step 17, G_loss: 0.10028, step_acc: 16.60560, grid_scale: 3 / 5, strokes: 1 / 9
iteration step 18, G_loss: 0.10015, step_acc: 16.61148, grid_scale: 3 / 5, strokes: 1 / 9
iteration step 19, G_loss: 0.10006, step_acc: 16.62012, grid_scale: 3 / 5, strokes: 1 / 9
iteration step 20, G_loss: 0.09997, step_acc: 16.62414, grid_scale: 3 / 5, strokes: 1 / 9
iteration step 21, G_loss: 0.09986, step_acc: 16.63796, grid_scale: 3 / 5, strokes: 1 / 9
iteration step 22, G_loss: 0.09969, step_acc: 16.64551, grid_scale: 3 / 5, strokes: 1 / 9
iteration step 23, G_loss: 0.09959, step_acc: 16.64956, grid_scale: 3 / 5, strokes: 1 / 9
iteration step 24, G_loss: 0.09958, step_acc: 16.65825, grid_scale: 3 / 5, strokes: 1 / 9
iteration step 25, G_loss: 0.09946, step_acc: 16.65850, grid_scale: 3 / 5, strokes: 1 / 9
iteration step 26, G_loss: 0.09941, step_acc: 16.66338, grid_scale: 3 / 5, strokes: 1 / 9
iteration step 27, G_loss: 0.09940, step_acc: 16.66254, grid_scale: 3 / 5, strokes: 1 / 9
iteration step 28, G_loss: 0.09937, step_acc: 16.66593, grid_scale: 3 / 5, strokes: 1 / 9
iteration step 29, G_loss: 0.09934, step_acc: 16.66647, grid_scale: 3 / 5, strokes: 1 / 9
iteration step 30, G_loss: 0.09932, step_acc: 16.67070, grid_scale: 3 / 5, strokes: 1 / 9
iteration step 31, G_loss: 0.09929, step_acc: 16.67147, grid_scale: 3 / 5, strokes: 1 / 9
iteration step 32, G_loss: 0.09924, step_acc: 16.67002, grid_scale: 3 / 5, strokes: 1 / 9
iteration step 33, G_loss: 0.09924, step_acc: 16.67418, grid_scale: 3 / 5, strokes: 1 / 9
iteration step 34, G_loss: 0.09924, step_acc: 16.67252, grid_scale: 3 / 5, strokes: 1 / 9
iteration step 35, G_loss: 0.09921, step_acc: 16.67415, grid_scale: 3 / 5, strokes: 1 / 9
iteration step 36, G_loss: 0.09918, step_acc: 16.67988, grid_scale: 3 / 5, strokes: 1 / 9
iteration step 37, G_loss: 0.09915, step_acc: 16.67845, grid_scale: 3 / 5, strokes: 1 / 9
iteration step 38, G_loss: 0.09911, step_acc: 16.68145, grid_scale: 3 / 5, strokes: 1 / 9
iteration step 39, G_loss: 0.09909, step_acc: 16.67940, grid_scale: 3 / 5, strokes: 1 / 9
iteration step 40, G_loss: 0.09909, step_acc: 16.68428, grid_scale: 3 / 5, strokes: 1 / 9
iteration step 41, G_loss: 0.09908, step_acc: 16.68246, grid_scale: 3 / 5, strokes: 1 / 9
iteration step 42, G_loss: 0.09904, step_acc: 16.68304, grid_scale: 3 / 5, strokes: 1 / 9
iteration step 43, G_loss: 0.09903, step_acc: 16.68654, grid_scale: 3 / 5, strokes: 1 / 9
iteration step 44, G_loss: 0.09901, step_acc: 16.68595, grid_scale: 3 / 5, strokes: 1 / 9
iteration step 45, G_loss: 0.09899, step_acc: 16.68717, grid_scale: 3 / 5, strokes: 1 / 9
iteration step 46, G_loss: 0.09897, step_acc: 16.68775, grid_scale: 3 / 5, strokes: 1 / 9
iteration step 47, G_loss: 0.09893, step_acc: 16.69019, grid_scale: 3 / 5, strokes: 1 / 9
iteration step 48, G_loss: 0.09892, step_acc: 16.68844, grid_scale: 3 / 5, strokes: 1 / 9
iteration step 49, G_loss: 0.09891, step_acc: 16.69076, grid_scale: 3 / 5, strokes: 1 / 9
iteration step 50, G_loss: 0.09890, step_acc: 16.68848, grid_scale: 3 / 5, strokes: 1 / 9
iteration step 51, G_loss: 0.09889, step_acc: 16.69144, grid_scale: 3 / 5, strokes: 1 / 9
iteration step 52, G_loss: 0.09888, step_acc: 16.68876, grid_scale: 3 / 5, strokes: 1 / 9
iteration step 53, G_loss: 0.09887, step_acc: 16.69294, grid_scale: 3 / 5, strokes: 1 / 9
iteration step 54, G_loss: 0.09886, step_acc: 16.69229, grid_scale: 3 / 5, strokes: 1 / 9
iteration step 55, G_loss: 0.09882, step_acc: 16.73157, grid_scale: 3 / 5, strokes: 2 / 9
iteration step 56, G_loss: 0.09855, step_acc: 16.74993, grid_scale: 3 / 5, strokes: 2 / 9
iteration step 57, G_loss: 0.09828, step_acc: 16.78050, grid_scale: 3 / 5, strokes: 2 / 9
iteration step 58, G_loss: 0.09790, step_acc: 16.80080, grid_scale: 3 / 5, strokes: 2 / 9
iteration step 59, G_loss: 0.09768, step_acc: 16.81583, grid_scale: 3 / 5, strokes: 2 / 9
iteration step 60, G_loss: 0.09741, step_acc: 16.84217, grid_scale: 3 / 5, strokes: 2 / 9
iteration step 61, G_loss: 0.09716, step_acc: 16.85345, grid_scale: 3 / 5, strokes: 2 / 9
iteration step 62, G_loss: 0.09694, step_acc: 16.86869, grid_scale: 3 / 5, strokes: 2 / 9
iteration step 63, G_loss: 0.09675, step_acc: 16.88303, grid_scale: 3 / 5, strokes: 2 / 9
iteration step 64, G_loss: 0.09653, step_acc: 16.89457, grid_scale: 3 / 5, strokes: 2 / 9
iteration step 65, G_loss: 0.09639, step_acc: 16.91205, grid_scale: 3 / 5, strokes: 2 / 9
iteration step 66, G_loss: 0.09618, step_acc: 16.92453, grid_scale: 3 / 5, strokes: 2 / 9
iteration step 67, G_loss: 0.09602, step_acc: 16.93639, grid_scale: 3 / 5, strokes: 2 / 9
iteration step 68, G_loss: 0.09582, step_acc: 16.95226, grid_scale: 3 / 5, strokes: 2 / 9
iteration step 69, G_loss: 0.09567, step_acc: 16.95877, grid_scale: 3 / 5, strokes: 2 / 9
iteration step 70, G_loss: 0.09551, step_acc: 16.96871, grid_scale: 3 / 5, strokes: 2 / 9
iteration step 71, G_loss: 0.09540, step_acc: 16.97769, grid_scale: 3 / 5, strokes: 2 / 9
iteration step 72, G_loss: 0.09533, step_acc: 16.98502, grid_scale: 3 / 5, strokes: 2 / 9
iteration step 73, G_loss: 0.09525, step_acc: 16.98738, grid_scale: 3 / 5, strokes: 2 / 9
iteration step 74, G_loss: 0.09515, step_acc: 16.98997, grid_scale: 3 / 5, strokes: 2 / 9
iteration step 75, G_loss: 0.09512, step_acc: 17.00068, grid_scale: 3 / 5, strokes: 2 / 9
iteration step 76, G_loss: 0.09504, step_acc: 17.00487, grid_scale: 3 / 5, strokes: 2 / 9
iteration step 77, G_loss: 0.09498, step_acc: 17.01125, grid_scale: 3 / 5, strokes: 2 / 9
iteration step 78, G_loss: 0.09492, step_acc: 17.01293, grid_scale: 3 / 5, strokes: 2 / 9
iteration step 79, G_loss: 0.09485, step_acc: 17.02169, grid_scale: 3 / 5, strokes: 2 / 9
iteration step 80, G_loss: 0.09478, step_acc: 17.02796, grid_scale: 3 / 5, strokes: 2 / 9
iteration step 81, G_loss: 0.09468, step_acc: 17.03280, grid_scale: 3 / 5, strokes: 2 / 9
iteration step 82, G_loss: 0.09463, step_acc: 17.03877, grid_scale: 3 / 5, strokes: 2 / 9
iteration step 83, G_loss: 0.09459, step_acc: 17.04166, grid_scale: 3 / 5, strokes: 2 / 9
iteration step 84, G_loss: 0.09449, step_acc: 17.04911, grid_scale: 3 / 5, strokes: 2 / 9
iteration step 85, G_loss: 0.09440, step_acc: 17.05121, grid_scale: 3 / 5, strokes: 2 / 9
iteration step 86, G_loss: 0.09437, step_acc: 17.05661, grid_scale: 3 / 5, strokes: 2 / 9
iteration step 87, G_loss: 0.09429, step_acc: 17.05763, grid_scale: 3 / 5, strokes: 2 / 9
iteration step 88, G_loss: 0.09424, step_acc: 17.05988, grid_scale: 3 / 5, strokes: 2 / 9
iteration step 89, G_loss: 0.09424, step_acc: 17.06339, grid_scale: 3 / 5, strokes: 2 / 9
iteration step 90, G_loss: 0.09415, step_acc: 17.06844, grid_scale: 3 / 5, strokes: 2 / 9
iteration step 91, G_loss: 0.09410, step_acc: 17.06989, grid_scale: 3 / 5, strokes: 2 / 9
iteration step 92, G_loss: 0.09405, step_acc: 17.07800, grid_scale: 3 / 5, strokes: 2 / 9
iteration step 93, G_loss: 0.09402, step_acc: 17.07872, grid_scale: 3 / 5, strokes: 2 / 9
iteration step 94, G_loss: 0.09399, step_acc: 17.08254, grid_scale: 3 / 5, strokes: 2 / 9
iteration step 95, G_loss: 0.09395, step_acc: 17.08466, grid_scale: 3 / 5, strokes: 2 / 9
iteration step 96, G_loss: 0.09390, step_acc: 17.08881, grid_scale: 3 / 5, strokes: 2 / 9
iteration step 97, G_loss: 0.09386, step_acc: 17.09014, grid_scale: 3 / 5, strokes: 2 / 9
iteration step 98, G_loss: 0.09383, step_acc: 17.09300, grid_scale: 3 / 5, strokes: 2 / 9
iteration step 99, G_loss: 0.09378, step_acc: 17.09437, grid_scale: 3 / 5, strokes: 2 / 9
iteration step 100, G_loss: 0.09375, step_acc: 17.09925, grid_scale: 3 / 5, strokes: 2 / 9
iteration step 101, G_loss: 0.09369, step_acc: 17.09970, grid_scale: 3 / 5, strokes: 2 / 9
iteration step 102, G_loss: 0.09365, step_acc: 17.10459, grid_scale: 3 / 5, strokes: 2 / 9
iteration step 103, G_loss: 0.09362, step_acc: 17.10738, grid_scale: 3 / 5, strokes: 2 / 9
iteration step 104, G_loss: 0.09357, step_acc: 17.11422, grid_scale: 3 / 5, strokes: 2 / 9
iteration step 105, G_loss: 0.09348, step_acc: 17.11214, grid_scale: 3 / 5, strokes: 2 / 9
iteration step 106, G_loss: 0.09348, step_acc: 17.11929, grid_scale: 3 / 5, strokes: 2 / 9
iteration step 107, G_loss: 0.09339, step_acc: 17.12447, grid_scale: 3 / 5, strokes: 2 / 9
iteration step 108, G_loss: 0.09333, step_acc: 17.12949, grid_scale: 3 / 5, strokes: 2 / 9
iteration step 109, G_loss: 0.09326, step_acc: 17.13334, grid_scale: 3 / 5, strokes: 2 / 9
iteration step 110, G_loss: 0.09317, step_acc: 17.18542, grid_scale: 3 / 5, strokes: 3 / 9
iteration step 111, G_loss: 0.09265, step_acc: 17.21397, grid_scale: 3 / 5, strokes: 3 / 9
iteration step 112, G_loss: 0.09232, step_acc: 17.22310, grid_scale: 3 / 5, strokes: 3 / 9
iteration step 113, G_loss: 0.09214, step_acc: 17.24335, grid_scale: 3 / 5, strokes: 3 / 9
iteration step 114, G_loss: 0.09188, step_acc: 17.25894, grid_scale: 3 / 5, strokes: 3 / 9
iteration step 115, G_loss: 0.09170, step_acc: 17.28845, grid_scale: 3 / 5, strokes: 3 / 9
iteration step 116, G_loss: 0.09142, step_acc: 17.30215, grid_scale: 3 / 5, strokes: 3 / 9
iteration step 117, G_loss: 0.09122, step_acc: 17.31980, grid_scale: 3 / 5, strokes: 3 / 9
iteration step 118, G_loss: 0.09097, step_acc: 17.32686, grid_scale: 3 / 5, strokes: 3 / 9
iteration step 119, G_loss: 0.09082, step_acc: 17.33819, grid_scale: 3 / 5, strokes: 3 / 9
iteration step 120, G_loss: 0.09066, step_acc: 17.34200, grid_scale: 3 / 5, strokes: 3 / 9
iteration step 121, G_loss: 0.09056, step_acc: 17.35184, grid_scale: 3 / 5, strokes: 3 / 9
iteration step 122, G_loss: 0.09040, step_acc: 17.35403, grid_scale: 3 / 5, strokes: 3 / 9
iteration step 123, G_loss: 0.09030, step_acc: 17.36723, grid_scale: 3 / 5, strokes: 3 / 9
iteration step 124, G_loss: 0.09013, step_acc: 17.38289, grid_scale: 3 / 5, strokes: 3 / 9
iteration step 125, G_loss: 0.08993, step_acc: 17.39248, grid_scale: 3 / 5, strokes: 3 / 9
iteration step 126, G_loss: 0.08976, step_acc: 17.40695, grid_scale: 3 / 5, strokes: 3 / 9
iteration step 127, G_loss: 0.08958, step_acc: 17.41766, grid_scale: 3 / 5, strokes: 3 / 9
iteration step 128, G_loss: 0.08945, step_acc: 17.42126, grid_scale: 3 / 5, strokes: 3 / 9
iteration step 129, G_loss: 0.08936, step_acc: 17.43242, grid_scale: 3 / 5, strokes: 3 / 9
iteration step 130, G_loss: 0.08920, step_acc: 17.44209, grid_scale: 3 / 5, strokes: 3 / 9
iteration step 131, G_loss: 0.08908, step_acc: 17.44720, grid_scale: 3 / 5, strokes: 3 / 9
iteration step 132, G_loss: 0.08900, step_acc: 17.45881, grid_scale: 3 / 5, strokes: 3 / 9
iteration step 133, G_loss: 0.08885, step_acc: 17.47091, grid_scale: 3 / 5, strokes: 3 / 9
iteration step 134, G_loss: 0.08871, step_acc: 17.48290, grid_scale: 3 / 5, strokes: 3 / 9
iteration step 135, G_loss: 0.08859, step_acc: 17.49431, grid_scale: 3 / 5, strokes: 3 / 9
iteration step 136, G_loss: 0.08847, step_acc: 17.50555, grid_scale: 3 / 5, strokes: 3 / 9
iteration step 137, G_loss: 0.08836, step_acc: 17.52073, grid_scale: 3 / 5, strokes: 3 / 9
iteration step 138, G_loss: 0.08820, step_acc: 17.53769, grid_scale: 3 / 5, strokes: 3 / 9
iteration step 139, G_loss: 0.08799, step_acc: 17.55297, grid_scale: 3 / 5, strokes: 3 / 9
iteration step 140, G_loss: 0.08784, step_acc: 17.56027, grid_scale: 3 / 5, strokes: 3 / 9
iteration step 141, G_loss: 0.08769, step_acc: 17.57422, grid_scale: 3 / 5, strokes: 3 / 9
iteration step 142, G_loss: 0.08757, step_acc: 17.58522, grid_scale: 3 / 5, strokes: 3 / 9
iteration step 143, G_loss: 0.08742, step_acc: 17.59890, grid_scale: 3 / 5, strokes: 3 / 9
iteration step 144, G_loss: 0.08734, step_acc: 17.60527, grid_scale: 3 / 5, strokes: 3 / 9
iteration step 145, G_loss: 0.08719, step_acc: 17.61007, grid_scale: 3 / 5, strokes: 3 / 9
iteration step 146, G_loss: 0.08711, step_acc: 17.62267, grid_scale: 3 / 5, strokes: 3 / 9
iteration step 147, G_loss: 0.08700, step_acc: 17.63355, grid_scale: 3 / 5, strokes: 3 / 9
iteration step 148, G_loss: 0.08689, step_acc: 17.64113, grid_scale: 3 / 5, strokes: 3 / 9
iteration step 149, G_loss: 0.08680, step_acc: 17.64871, grid_scale: 3 / 5, strokes: 3 / 9
iteration step 150, G_loss: 0.08672, step_acc: 17.65480, grid_scale: 3 / 5, strokes: 3 / 9
iteration step 151, G_loss: 0.08666, step_acc: 17.65834, grid_scale: 3 / 5, strokes: 3 / 9
iteration step 152, G_loss: 0.08662, step_acc: 17.66539, grid_scale: 3 / 5, strokes: 3 / 9
iteration step 153, G_loss: 0.08657, step_acc: 17.66675, grid_scale: 3 / 5, strokes: 3 / 9
iteration step 154, G_loss: 0.08652, step_acc: 17.67310, grid_scale: 3 / 5, strokes: 3 / 9
iteration step 155, G_loss: 0.08649, step_acc: 17.67986, grid_scale: 3 / 5, strokes: 3 / 9
iteration step 156, G_loss: 0.08641, step_acc: 17.68679, grid_scale: 3 / 5, strokes: 3 / 9
iteration step 157, G_loss: 0.08635, step_acc: 17.69094, grid_scale: 3 / 5, strokes: 3 / 9
iteration step 158, G_loss: 0.08623, step_acc: 17.69732, grid_scale: 3 / 5, strokes: 3 / 9
iteration step 159, G_loss: 0.08620, step_acc: 17.69632, grid_scale: 3 / 5, strokes: 3 / 9
iteration step 160, G_loss: 0.08616, step_acc: 17.70528, grid_scale: 3 / 5, strokes: 3 / 9
iteration step 161, G_loss: 0.08610, step_acc: 17.70441, grid_scale: 3 / 5, strokes: 3 / 9
iteration step 162, G_loss: 0.08605, step_acc: 17.71281, grid_scale: 3 / 5, strokes: 3 / 9
iteration step 163, G_loss: 0.08600, step_acc: 17.71469, grid_scale: 3 / 5, strokes: 3 / 9
iteration step 164, G_loss: 0.08594, step_acc: 17.71956, grid_scale: 3 / 5, strokes: 3 / 9
iteration step 165, G_loss: 0.08590, step_acc: 17.75031, grid_scale: 3 / 5, strokes: 4 / 9
iteration step 166, G_loss: 0.08582, step_acc: 17.78030, grid_scale: 3 / 5, strokes: 4 / 9
iteration step 167, G_loss: 0.08550, step_acc: 17.81333, grid_scale: 3 / 5, strokes: 4 / 9
iteration step 168, G_loss: 0.08518, step_acc: 17.82852, grid_scale: 3 / 5, strokes: 4 / 9
iteration step 169, G_loss: 0.08494, step_acc: 17.84300, grid_scale: 3 / 5, strokes: 4 / 9
iteration step 170, G_loss: 0.08482, step_acc: 17.84815, grid_scale: 3 / 5, strokes: 4 / 9
iteration step 171, G_loss: 0.08471, step_acc: 17.86942, grid_scale: 3 / 5, strokes: 4 / 9
iteration step 172, G_loss: 0.08452, step_acc: 17.88011, grid_scale: 3 / 5, strokes: 4 / 9
iteration step 173, G_loss: 0.08444, step_acc: 17.88402, grid_scale: 3 / 5, strokes: 4 / 9
iteration step 174, G_loss: 0.08433, step_acc: 17.89579, grid_scale: 3 / 5, strokes: 4 / 9
iteration step 175, G_loss: 0.08413, step_acc: 17.90732, grid_scale: 3 / 5, strokes: 4 / 9
iteration step 176, G_loss: 0.08400, step_acc: 17.91077, grid_scale: 3 / 5, strokes: 4 / 9
iteration step 177, G_loss: 0.08389, step_acc: 17.92423, grid_scale: 3 / 5, strokes: 4 / 9
iteration step 178, G_loss: 0.08375, step_acc: 17.92828, grid_scale: 3 / 5, strokes: 4 / 9
iteration step 179, G_loss: 0.08366, step_acc: 17.93980, grid_scale: 3 / 5, strokes: 4 / 9
iteration step 180, G_loss: 0.08355, step_acc: 17.94206, grid_scale: 3 / 5, strokes: 4 / 9
iteration step 181, G_loss: 0.08348, step_acc: 17.95155, grid_scale: 3 / 5, strokes: 4 / 9
iteration step 182, G_loss: 0.08340, step_acc: 17.95497, grid_scale: 3 / 5, strokes: 4 / 9
iteration step 183, G_loss: 0.08333, step_acc: 17.96198, grid_scale: 3 / 5, strokes: 4 / 9
iteration step 184, G_loss: 0.08323, step_acc: 17.96605, grid_scale: 3 / 5, strokes: 4 / 9
iteration step 185, G_loss: 0.08320, step_acc: 17.97329, grid_scale: 3 / 5, strokes: 4 / 9
iteration step 186, G_loss: 0.08310, step_acc: 17.97914, grid_scale: 3 / 5, strokes: 4 / 9
iteration step 187, G_loss: 0.08299, step_acc: 17.98347, grid_scale: 3 / 5, strokes: 4 / 9
iteration step 188, G_loss: 0.08293, step_acc: 17.98417, grid_scale: 3 / 5, strokes: 4 / 9
iteration step 189, G_loss: 0.08290, step_acc: 17.98864, grid_scale: 3 / 5, strokes: 4 / 9
iteration step 190, G_loss: 0.08289, step_acc: 17.99305, grid_scale: 3 / 5, strokes: 4 / 9
iteration step 191, G_loss: 0.08280, step_acc: 17.99813, grid_scale: 3 / 5, strokes: 4 / 9
iteration step 192, G_loss: 0.08273, step_acc: 18.00040, grid_scale: 3 / 5, strokes: 4 / 9
iteration step 193, G_loss: 0.08268, step_acc: 18.00346, grid_scale: 3 / 5, strokes: 4 / 9
iteration step 194, G_loss: 0.08267, step_acc: 18.00495, grid_scale: 3 / 5, strokes: 4 / 9
iteration step 195, G_loss: 0.08263, step_acc: 18.00887, grid_scale: 3 / 5, strokes: 4 / 9
iteration step 196, G_loss: 0.08263, step_acc: 18.00490, grid_scale: 3 / 5, strokes: 4 / 9
iteration step 197, G_loss: 0.08263, step_acc: 18.01513, grid_scale: 3 / 5, strokes: 4 / 9
iteration step 198, G_loss: 0.08255, step_acc: 18.01875, grid_scale: 3 / 5, strokes: 4 / 9
iteration step 199, G_loss: 0.08247, step_acc: 18.02929, grid_scale: 3 / 5, strokes: 4 / 9
iteration step 200, G_loss: 0.08239, step_acc: 18.02983, grid_scale: 3 / 5, strokes: 4 / 9
iteration step 201, G_loss: 0.08233, step_acc: 18.03780, grid_scale: 3 / 5, strokes: 4 / 9
iteration step 202, G_loss: 0.08229, step_acc: 18.04082, grid_scale: 3 / 5, strokes: 4 / 9
iteration step 203, G_loss: 0.08224, step_acc: 18.04690, grid_scale: 3 / 5, strokes: 4 / 9
iteration step 204, G_loss: 0.08221, step_acc: 18.04260, grid_scale: 3 / 5, strokes: 4 / 9
iteration step 205, G_loss: 0.08217, step_acc: 18.05515, grid_scale: 3 / 5, strokes: 4 / 9
iteration step 206, G_loss: 0.08208, step_acc: 18.05291, grid_scale: 3 / 5, strokes: 4 / 9
iteration step 207, G_loss: 0.08203, step_acc: 18.05990, grid_scale: 3 / 5, strokes: 4 / 9
iteration step 208, G_loss: 0.08201, step_acc: 18.05823, grid_scale: 3 / 5, strokes: 4 / 9
iteration step 209, G_loss: 0.08197, step_acc: 18.06368, grid_scale: 3 / 5, strokes: 4 / 9
iteration step 210, G_loss: 0.08195, step_acc: 18.06210, grid_scale: 3 / 5, strokes: 4 / 9
iteration step 211, G_loss: 0.08192, step_acc: 18.06787, grid_scale: 3 / 5, strokes: 4 / 9
iteration step 212, G_loss: 0.08191, step_acc: 18.06962, grid_scale: 3 / 5, strokes: 4 / 9
iteration step 213, G_loss: 0.08183, step_acc: 18.08004, grid_scale: 3 / 5, strokes: 4 / 9
iteration step 214, G_loss: 0.08176, step_acc: 18.07732, grid_scale: 3 / 5, strokes: 4 / 9
iteration step 215, G_loss: 0.08172, step_acc: 18.08223, grid_scale: 3 / 5, strokes: 4 / 9
iteration step 216, G_loss: 0.08170, step_acc: 18.08414, grid_scale: 3 / 5, strokes: 4 / 9
iteration step 217, G_loss: 0.08165, step_acc: 18.08855, grid_scale: 3 / 5, strokes: 4 / 9
iteration step 218, G_loss: 0.08161, step_acc: 18.09031, grid_scale: 3 / 5, strokes: 4 / 9
iteration step 219, G_loss: 0.08157, step_acc: 18.09157, grid_scale: 3 / 5, strokes: 4 / 9
iteration step 220, G_loss: 0.08155, step_acc: 18.07140, grid_scale: 3 / 5, strokes: 5 / 9
iteration step 221, G_loss: 0.08159, step_acc: 18.10277, grid_scale: 3 / 5, strokes: 5 / 9
iteration step 222, G_loss: 0.08124, step_acc: 18.11307, grid_scale: 3 / 5, strokes: 5 / 9
iteration step 223, G_loss: 0.08113, step_acc: 18.13610, grid_scale: 3 / 5, strokes: 5 / 9
iteration step 224, G_loss: 0.08091, step_acc: 18.14254, grid_scale: 3 / 5, strokes: 5 / 9
iteration step 225, G_loss: 0.08078, step_acc: 18.15884, grid_scale: 3 / 5, strokes: 5 / 9
iteration step 226, G_loss: 0.08066, step_acc: 18.16565, grid_scale: 3 / 5, strokes: 5 / 9
iteration step 227, G_loss: 0.08056, step_acc: 18.16890, grid_scale: 3 / 5, strokes: 5 / 9
iteration step 228, G_loss: 0.08051, step_acc: 18.17851, grid_scale: 3 / 5, strokes: 5 / 9
iteration step 229, G_loss: 0.08041, step_acc: 18.18024, grid_scale: 3 / 5, strokes: 5 / 9
iteration step 230, G_loss: 0.08040, step_acc: 18.18694, grid_scale: 3 / 5, strokes: 5 / 9
iteration step 231, G_loss: 0.08032, step_acc: 18.18374, grid_scale: 3 / 5, strokes: 5 / 9
iteration step 232, G_loss: 0.08030, step_acc: 18.19240, grid_scale: 3 / 5, strokes: 5 / 9
iteration step 233, G_loss: 0.08024, step_acc: 18.20180, grid_scale: 3 / 5, strokes: 5 / 9
iteration step 234, G_loss: 0.08015, step_acc: 18.19440, grid_scale: 3 / 5, strokes: 5 / 9
iteration step 235, G_loss: 0.08017, step_acc: 18.21059, grid_scale: 3 / 5, strokes: 5 / 9
iteration step 236, G_loss: 0.08011, step_acc: 18.21174, grid_scale: 3 / 5, strokes: 5 / 9
iteration step 237, G_loss: 0.08009, step_acc: 18.21610, grid_scale: 3 / 5, strokes: 5 / 9
iteration step 238, G_loss: 0.08003, step_acc: 18.21256, grid_scale: 3 / 5, strokes: 5 / 9
iteration step 239, G_loss: 0.08000, step_acc: 18.22080, grid_scale: 3 / 5, strokes: 5 / 9
iteration step 240, G_loss: 0.07999, step_acc: 18.21452, grid_scale: 3 / 5, strokes: 5 / 9
iteration step 241, G_loss: 0.07996, step_acc: 18.22664, grid_scale: 3 / 5, strokes: 5 / 9
iteration step 242, G_loss: 0.07991, step_acc: 18.22830, grid_scale: 3 / 5, strokes: 5 / 9
iteration step 243, G_loss: 0.07986, step_acc: 18.23393, grid_scale: 3 / 5, strokes: 5 / 9
iteration step 244, G_loss: 0.07982, step_acc: 18.23479, grid_scale: 3 / 5, strokes: 5 / 9
iteration step 245, G_loss: 0.07976, step_acc: 18.24229, grid_scale: 3 / 5, strokes: 5 / 9
iteration step 246, G_loss: 0.07971, step_acc: 18.24220, grid_scale: 3 / 5, strokes: 5 / 9
iteration step 247, G_loss: 0.07970, step_acc: 18.24286, grid_scale: 3 / 5, strokes: 5 / 9
iteration step 248, G_loss: 0.07968, step_acc: 18.24803, grid_scale: 3 / 5, strokes: 5 / 9
iteration step 249, G_loss: 0.07960, step_acc: 18.25413, grid_scale: 3 / 5, strokes: 5 / 9
iteration step 250, G_loss: 0.07955, step_acc: 18.25232, grid_scale: 3 / 5, strokes: 5 / 9
iteration step 251, G_loss: 0.07953, step_acc: 18.26181, grid_scale: 3 / 5, strokes: 5 / 9
iteration step 252, G_loss: 0.07950, step_acc: 18.26001, grid_scale: 3 / 5, strokes: 5 / 9
iteration step 253, G_loss: 0.07945, step_acc: 18.26671, grid_scale: 3 / 5, strokes: 5 / 9
iteration step 254, G_loss: 0.07940, step_acc: 18.26499, grid_scale: 3 / 5, strokes: 5 / 9
iteration step 255, G_loss: 0.07939, step_acc: 18.26803, grid_scale: 3 / 5, strokes: 5 / 9
iteration step 256, G_loss: 0.07938, step_acc: 18.26776, grid_scale: 3 / 5, strokes: 5 / 9
iteration step 257, G_loss: 0.07933, step_acc: 18.27126, grid_scale: 3 / 5, strokes: 5 / 9
iteration step 258, G_loss: 0.07931, step_acc: 18.26874, grid_scale: 3 / 5, strokes: 5 / 9
iteration step 259, G_loss: 0.07926, step_acc: 18.28041, grid_scale: 3 / 5, strokes: 5 / 9
iteration step 260, G_loss: 0.07919, step_acc: 18.27659, grid_scale: 3 / 5, strokes: 5 / 9
iteration step 261, G_loss: 0.07918, step_acc: 18.28123, grid_scale: 3 / 5, strokes: 5 / 9
iteration step 262, G_loss: 0.07915, step_acc: 18.27133, grid_scale: 3 / 5, strokes: 5 / 9
iteration step 263, G_loss: 0.07917, step_acc: 18.28553, grid_scale: 3 / 5, strokes: 5 / 9
iteration step 264, G_loss: 0.07909, step_acc: 18.27682, grid_scale: 3 / 5, strokes: 5 / 9
iteration step 265, G_loss: 0.07909, step_acc: 18.29169, grid_scale: 3 / 5, strokes: 5 / 9
iteration step 266, G_loss: 0.07903, step_acc: 18.29053, grid_scale: 3 / 5, strokes: 5 / 9
iteration step 267, G_loss: 0.07900, step_acc: 18.28888, grid_scale: 3 / 5, strokes: 5 / 9
iteration step 268, G_loss: 0.07900, step_acc: 18.29782, grid_scale: 3 / 5, strokes: 5 / 9
iteration step 269, G_loss: 0.07897, step_acc: 18.30296, grid_scale: 3 / 5, strokes: 5 / 9
iteration step 270, G_loss: 0.07891, step_acc: 18.29427, grid_scale: 3 / 5, strokes: 5 / 9
iteration step 271, G_loss: 0.07888, step_acc: 18.30518, grid_scale: 3 / 5, strokes: 5 / 9
iteration step 272, G_loss: 0.07885, step_acc: 18.30063, grid_scale: 3 / 5, strokes: 5 / 9
iteration step 273, G_loss: 0.07884, step_acc: 18.30645, grid_scale: 3 / 5, strokes: 5 / 9
iteration step 274, G_loss: 0.07883, step_acc: 18.29730, grid_scale: 3 / 5, strokes: 5 / 9
iteration step 275, G_loss: 0.07880, step_acc: 18.34617, grid_scale: 3 / 5, strokes: 6 / 9
iteration step 276, G_loss: 0.07845, step_acc: 18.39241, grid_scale: 3 / 5, strokes: 6 / 9
iteration step 277, G_loss: 0.07797, step_acc: 18.42480, grid_scale: 3 / 5, strokes: 6 / 9
iteration step 278, G_loss: 0.07769, step_acc: 18.46137, grid_scale: 3 / 5, strokes: 6 / 9
iteration step 279, G_loss: 0.07734, step_acc: 18.49633, grid_scale: 3 / 5, strokes: 6 / 9
iteration step 280, G_loss: 0.07712, step_acc: 18.51220, grid_scale: 3 / 5, strokes: 6 / 9
iteration step 281, G_loss: 0.07694, step_acc: 18.53829, grid_scale: 3 / 5, strokes: 6 / 9
iteration step 282, G_loss: 0.07678, step_acc: 18.56495, grid_scale: 3 / 5, strokes: 6 / 9
iteration step 283, G_loss: 0.07661, step_acc: 18.57882, grid_scale: 3 / 5, strokes: 6 / 9
iteration step 284, G_loss: 0.07651, step_acc: 18.59710, grid_scale: 3 / 5, strokes: 6 / 9
iteration step 285, G_loss: 0.07634, step_acc: 18.61943, grid_scale: 3 / 5, strokes: 6 / 9
iteration step 286, G_loss: 0.07620, step_acc: 18.63181, grid_scale: 3 / 5, strokes: 6 / 9
iteration step 287, G_loss: 0.07604, step_acc: 18.65270, grid_scale: 3 / 5, strokes: 6 / 9
iteration step 288, G_loss: 0.07589, step_acc: 18.66782, grid_scale: 3 / 5, strokes: 6 / 9
iteration step 289, G_loss: 0.07575, step_acc: 18.69412, grid_scale: 3 / 5, strokes: 6 / 9
iteration step 290, G_loss: 0.07560, step_acc: 18.69673, grid_scale: 3 / 5, strokes: 6 / 9
iteration step 291, G_loss: 0.07546, step_acc: 18.71534, grid_scale: 3 / 5, strokes: 6 / 9
iteration step 292, G_loss: 0.07534, step_acc: 18.71916, grid_scale: 3 / 5, strokes: 6 / 9
iteration step 293, G_loss: 0.07526, step_acc: 18.73135, grid_scale: 3 / 5, strokes: 6 / 9
iteration step 294, G_loss: 0.07519, step_acc: 18.74184, grid_scale: 3 / 5, strokes: 6 / 9
iteration step 295, G_loss: 0.07511, step_acc: 18.75807, grid_scale: 3 / 5, strokes: 6 / 9
iteration step 296, G_loss: 0.07502, step_acc: 18.76754, grid_scale: 3 / 5, strokes: 6 / 9
iteration step 297, G_loss: 0.07491, step_acc: 18.77871, grid_scale: 3 / 5, strokes: 6 / 9
iteration step 298, G_loss: 0.07486, step_acc: 18.78416, grid_scale: 3 / 5, strokes: 6 / 9
iteration step 299, G_loss: 0.07474, step_acc: 18.78994, grid_scale: 3 / 5, strokes: 6 / 9
iteration step 300, G_loss: 0.07470, step_acc: 18.79057, grid_scale: 3 / 5, strokes: 6 / 9
iteration step 301, G_loss: 0.07471, step_acc: 18.79418, grid_scale: 3 / 5, strokes: 6 / 9
iteration step 302, G_loss: 0.07470, step_acc: 18.80283, grid_scale: 3 / 5, strokes: 6 / 9
iteration step 303, G_loss: 0.07458, step_acc: 18.82038, grid_scale: 3 / 5, strokes: 6 / 9
iteration step 304, G_loss: 0.07449, step_acc: 18.82581, grid_scale: 3 / 5, strokes: 6 / 9
iteration step 305, G_loss: 0.07438, step_acc: 18.83293, grid_scale: 3 / 5, strokes: 6 / 9
iteration step 306, G_loss: 0.07431, step_acc: 18.84169, grid_scale: 3 / 5, strokes: 6 / 9
iteration step 307, G_loss: 0.07421, step_acc: 18.85391, grid_scale: 3 / 5, strokes: 6 / 9
iteration step 308, G_loss: 0.07412, step_acc: 18.87078, grid_scale: 3 / 5, strokes: 6 / 9
iteration step 309, G_loss: 0.07395, step_acc: 18.87914, grid_scale: 3 / 5, strokes: 6 / 9
iteration step 310, G_loss: 0.07384, step_acc: 18.88801, grid_scale: 3 / 5, strokes: 6 / 9
iteration step 311, G_loss: 0.07376, step_acc: 18.89390, grid_scale: 3 / 5, strokes: 6 / 9
iteration step 312, G_loss: 0.07367, step_acc: 18.90556, grid_scale: 3 / 5, strokes: 6 / 9
iteration step 313, G_loss: 0.07363, step_acc: 18.90704, grid_scale: 3 / 5, strokes: 6 / 9
iteration step 314, G_loss: 0.07359, step_acc: 18.91466, grid_scale: 3 / 5, strokes: 6 / 9
iteration step 315, G_loss: 0.07348, step_acc: 18.91858, grid_scale: 3 / 5, strokes: 6 / 9
iteration step 316, G_loss: 0.07345, step_acc: 18.92185, grid_scale: 3 / 5, strokes: 6 / 9
iteration step 317, G_loss: 0.07338, step_acc: 18.92465, grid_scale: 3 / 5, strokes: 6 / 9
iteration step 318, G_loss: 0.07335, step_acc: 18.92661, grid_scale: 3 / 5, strokes: 6 / 9
iteration step 319, G_loss: 0.07334, step_acc: 18.93090, grid_scale: 3 / 5, strokes: 6 / 9
iteration step 320, G_loss: 0.07332, step_acc: 18.92295, grid_scale: 3 / 5, strokes: 6 / 9
iteration step 321, G_loss: 0.07330, step_acc: 18.93383, grid_scale: 3 / 5, strokes: 6 / 9
iteration step 322, G_loss: 0.07326, step_acc: 18.93414, grid_scale: 3 / 5, strokes: 6 / 9
iteration step 323, G_loss: 0.07323, step_acc: 18.93715, grid_scale: 3 / 5, strokes: 6 / 9
iteration step 324, G_loss: 0.07320, step_acc: 18.93999, grid_scale: 3 / 5, strokes: 6 / 9
iteration step 325, G_loss: 0.07318, step_acc: 18.94273, grid_scale: 3 / 5, strokes: 6 / 9
iteration step 326, G_loss: 0.07315, step_acc: 18.94686, grid_scale: 3 / 5, strokes: 6 / 9
iteration step 327, G_loss: 0.07314, step_acc: 18.94870, grid_scale: 3 / 5, strokes: 6 / 9
iteration step 328, G_loss: 0.07308, step_acc: 18.95224, grid_scale: 3 / 5, strokes: 6 / 9
iteration step 329, G_loss: 0.07304, step_acc: 18.95733, grid_scale: 3 / 5, strokes: 6 / 9
iteration step 330, G_loss: 0.07297, step_acc: 19.00256, grid_scale: 3 / 5, strokes: 7 / 9
iteration step 331, G_loss: 0.07272, step_acc: 19.06657, grid_scale: 3 / 5, strokes: 7 / 9
iteration step 332, G_loss: 0.07222, step_acc: 19.11837, grid_scale: 3 / 5, strokes: 7 / 9
iteration step 333, G_loss: 0.07191, step_acc: 19.12200, grid_scale: 3 / 5, strokes: 7 / 9
iteration step 334, G_loss: 0.07167, step_acc: 19.15512, grid_scale: 3 / 5, strokes: 7 / 9
iteration step 335, G_loss: 0.07145, step_acc: 19.15093, grid_scale: 3 / 5, strokes: 7 / 9
iteration step 336, G_loss: 0.07147, step_acc: 19.17684, grid_scale: 3 / 5, strokes: 7 / 9
iteration step 337, G_loss: 0.07122, step_acc: 19.18301, grid_scale: 3 / 5, strokes: 7 / 9
iteration step 338, G_loss: 0.07113, step_acc: 19.20094, grid_scale: 3 / 5, strokes: 7 / 9
iteration step 339, G_loss: 0.07096, step_acc: 19.21144, grid_scale: 3 / 5, strokes: 7 / 9
iteration step 340, G_loss: 0.07084, step_acc: 19.22248, grid_scale: 3 / 5, strokes: 7 / 9
iteration step 341, G_loss: 0.07073, step_acc: 19.23136, grid_scale: 3 / 5, strokes: 7 / 9
iteration step 342, G_loss: 0.07067, step_acc: 19.24612, grid_scale: 3 / 5, strokes: 7 / 9
iteration step 343, G_loss: 0.07054, step_acc: 19.25673, grid_scale: 3 / 5, strokes: 7 / 9
iteration step 344, G_loss: 0.07044, step_acc: 19.26381, grid_scale: 3 / 5, strokes: 7 / 9
iteration step 345, G_loss: 0.07036, step_acc: 19.27198, grid_scale: 3 / 5, strokes: 7 / 9
iteration step 346, G_loss: 0.07031, step_acc: 19.27543, grid_scale: 3 / 5, strokes: 7 / 9
iteration step 347, G_loss: 0.07029, step_acc: 19.28089, grid_scale: 3 / 5, strokes: 7 / 9
iteration step 348, G_loss: 0.07022, step_acc: 19.29058, grid_scale: 3 / 5, strokes: 7 / 9
iteration step 349, G_loss: 0.07019, step_acc: 19.29564, grid_scale: 3 / 5, strokes: 7 / 9
iteration step 350, G_loss: 0.07007, step_acc: 19.30546, grid_scale: 3 / 5, strokes: 7 / 9
iteration step 351, G_loss: 0.06999, step_acc: 19.31503, grid_scale: 3 / 5, strokes: 7 / 9
iteration step 352, G_loss: 0.06993, step_acc: 19.32565, grid_scale: 3 / 5, strokes: 7 / 9
iteration step 353, G_loss: 0.06984, step_acc: 19.33163, grid_scale: 3 / 5, strokes: 7 / 9
iteration step 354, G_loss: 0.06979, step_acc: 19.33504, grid_scale: 3 / 5, strokes: 7 / 9
iteration step 355, G_loss: 0.06972, step_acc: 19.34126, grid_scale: 3 / 5, strokes: 7 / 9
iteration step 356, G_loss: 0.06972, step_acc: 19.34632, grid_scale: 3 / 5, strokes: 7 / 9
iteration step 357, G_loss: 0.06963, step_acc: 19.35908, grid_scale: 3 / 5, strokes: 7 / 9
iteration step 358, G_loss: 0.06956, step_acc: 19.36304, grid_scale: 3 / 5, strokes: 7 / 9
iteration step 359, G_loss: 0.06949, step_acc: 19.37255, grid_scale: 3 / 5, strokes: 7 / 9
iteration step 360, G_loss: 0.06943, step_acc: 19.37657, grid_scale: 3 / 5, strokes: 7 / 9
iteration step 361, G_loss: 0.06935, step_acc: 19.38411, grid_scale: 3 / 5, strokes: 7 / 9
iteration step 362, G_loss: 0.06929, step_acc: 19.38695, grid_scale: 3 / 5, strokes: 7 / 9
iteration step 363, G_loss: 0.06927, step_acc: 19.38989, grid_scale: 3 / 5, strokes: 7 / 9
iteration step 364, G_loss: 0.06926, step_acc: 19.39662, grid_scale: 3 / 5, strokes: 7 / 9
iteration step 365, G_loss: 0.06918, step_acc: 19.39752, grid_scale: 3 / 5, strokes: 7 / 9
iteration step 366, G_loss: 0.06917, step_acc: 19.40517, grid_scale: 3 / 5, strokes: 7 / 9
iteration step 367, G_loss: 0.06914, step_acc: 19.40671, grid_scale: 3 / 5, strokes: 7 / 9
iteration step 368, G_loss: 0.06909, step_acc: 19.41854, grid_scale: 3 / 5, strokes: 7 / 9
iteration step 369, G_loss: 0.06903, step_acc: 19.41863, grid_scale: 3 / 5, strokes: 7 / 9
iteration step 370, G_loss: 0.06899, step_acc: 19.42661, grid_scale: 3 / 5, strokes: 7 / 9
iteration step 371, G_loss: 0.06899, step_acc: 19.42503, grid_scale: 3 / 5, strokes: 7 / 9
iteration step 372, G_loss: 0.06894, step_acc: 19.43579, grid_scale: 3 / 5, strokes: 7 / 9
iteration step 373, G_loss: 0.06888, step_acc: 19.43439, grid_scale: 3 / 5, strokes: 7 / 9
iteration step 374, G_loss: 0.06882, step_acc: 19.44117, grid_scale: 3 / 5, strokes: 7 / 9
iteration step 375, G_loss: 0.06882, step_acc: 19.44452, grid_scale: 3 / 5, strokes: 7 / 9
iteration step 376, G_loss: 0.06873, step_acc: 19.44646, grid_scale: 3 / 5, strokes: 7 / 9
iteration step 377, G_loss: 0.06872, step_acc: 19.44819, grid_scale: 3 / 5, strokes: 7 / 9
iteration step 378, G_loss: 0.06868, step_acc: 19.45402, grid_scale: 3 / 5, strokes: 7 / 9
iteration step 379, G_loss: 0.06865, step_acc: 19.45626, grid_scale: 3 / 5, strokes: 7 / 9
iteration step 380, G_loss: 0.06861, step_acc: 19.46146, grid_scale: 3 / 5, strokes: 7 / 9
iteration step 381, G_loss: 0.06856, step_acc: 19.46554, grid_scale: 3 / 5, strokes: 7 / 9
iteration step 382, G_loss: 0.06850, step_acc: 19.48111, grid_scale: 3 / 5, strokes: 7 / 9
iteration step 383, G_loss: 0.06842, step_acc: 19.48385, grid_scale: 3 / 5, strokes: 7 / 9
iteration step 384, G_loss: 0.06831, step_acc: 19.49373, grid_scale: 3 / 5, strokes: 7 / 9
iteration step 385, G_loss: 0.06825, step_acc: 19.43650, grid_scale: 3 / 5, strokes: 8 / 9
iteration step 386, G_loss: 0.06871, step_acc: 19.50704, grid_scale: 3 / 5, strokes: 8 / 9
iteration step 387, G_loss: 0.06809, step_acc: 19.57540, grid_scale: 3 / 5, strokes: 8 / 9
iteration step 388, G_loss: 0.06765, step_acc: 19.60917, grid_scale: 3 / 5, strokes: 8 / 9
iteration step 389, G_loss: 0.06743, step_acc: 19.63087, grid_scale: 3 / 5, strokes: 8 / 9
iteration step 390, G_loss: 0.06723, step_acc: 19.65628, grid_scale: 3 / 5, strokes: 8 / 9
iteration step 391, G_loss: 0.06707, step_acc: 19.66996, grid_scale: 3 / 5, strokes: 8 / 9
iteration step 392, G_loss: 0.06698, step_acc: 19.67944, grid_scale: 3 / 5, strokes: 8 / 9
iteration step 393, G_loss: 0.06692, step_acc: 19.68625, grid_scale: 3 / 5, strokes: 8 / 9
iteration step 394, G_loss: 0.06683, step_acc: 19.69871, grid_scale: 3 / 5, strokes: 8 / 9
iteration step 395, G_loss: 0.06678, step_acc: 19.70320, grid_scale: 3 / 5, strokes: 8 / 9
iteration step 396, G_loss: 0.06672, step_acc: 19.71373, grid_scale: 3 / 5, strokes: 8 / 9
iteration step 397, G_loss: 0.06665, step_acc: 19.72031, grid_scale: 3 / 5, strokes: 8 / 9
iteration step 398, G_loss: 0.06661, step_acc: 19.71527, grid_scale: 3 / 5, strokes: 8 / 9
iteration step 399, G_loss: 0.06661, step_acc: 19.72884, grid_scale: 3 / 5, strokes: 8 / 9
iteration step 400, G_loss: 0.06657, step_acc: 19.73384, grid_scale: 3 / 5, strokes: 8 / 9
iteration step 401, G_loss: 0.06648, step_acc: 19.74119, grid_scale: 3 / 5, strokes: 8 / 9
iteration step 402, G_loss: 0.06646, step_acc: 19.75551, grid_scale: 3 / 5, strokes: 8 / 9
iteration step 403, G_loss: 0.06636, step_acc: 19.75655, grid_scale: 3 / 5, strokes: 8 / 9
iteration step 404, G_loss: 0.06636, step_acc: 19.76429, grid_scale: 3 / 5, strokes: 8 / 9
iteration step 405, G_loss: 0.06629, step_acc: 19.76959, grid_scale: 3 / 5, strokes: 8 / 9
iteration step 406, G_loss: 0.06627, step_acc: 19.77761, grid_scale: 3 / 5, strokes: 8 / 9
iteration step 407, G_loss: 0.06622, step_acc: 19.77909, grid_scale: 3 / 5, strokes: 8 / 9
iteration step 408, G_loss: 0.06616, step_acc: 19.79073, grid_scale: 3 / 5, strokes: 8 / 9
iteration step 409, G_loss: 0.06612, step_acc: 19.78874, grid_scale: 3 / 5, strokes: 8 / 9
iteration step 410, G_loss: 0.06607, step_acc: 19.79602, grid_scale: 3 / 5, strokes: 8 / 9
iteration step 411, G_loss: 0.06607, step_acc: 19.79362, grid_scale: 3 / 5, strokes: 8 / 9
iteration step 412, G_loss: 0.06605, step_acc: 19.79940, grid_scale: 3 / 5, strokes: 8 / 9
iteration step 413, G_loss: 0.06604, step_acc: 19.80014, grid_scale: 3 / 5, strokes: 8 / 9
iteration step 414, G_loss: 0.06602, step_acc: 19.80642, grid_scale: 3 / 5, strokes: 8 / 9
iteration step 415, G_loss: 0.06597, step_acc: 19.80688, grid_scale: 3 / 5, strokes: 8 / 9
iteration step 416, G_loss: 0.06593, step_acc: 19.81269, grid_scale: 3 / 5, strokes: 8 / 9
iteration step 417, G_loss: 0.06593, step_acc: 19.81305, grid_scale: 3 / 5, strokes: 8 / 9
iteration step 418, G_loss: 0.06588, step_acc: 19.81758, grid_scale: 3 / 5, strokes: 8 / 9
iteration step 419, G_loss: 0.06586, step_acc: 19.82332, grid_scale: 3 / 5, strokes: 8 / 9
iteration step 420, G_loss: 0.06583, step_acc: 19.82543, grid_scale: 3 / 5, strokes: 8 / 9
iteration step 421, G_loss: 0.06582, step_acc: 19.82403, grid_scale: 3 / 5, strokes: 8 / 9
iteration step 422, G_loss: 0.06581, step_acc: 19.83139, grid_scale: 3 / 5, strokes: 8 / 9
iteration step 423, G_loss: 0.06578, step_acc: 19.83045, grid_scale: 3 / 5, strokes: 8 / 9
iteration step 424, G_loss: 0.06572, step_acc: 19.83668, grid_scale: 3 / 5, strokes: 8 / 9
iteration step 425, G_loss: 0.06571, step_acc: 19.83701, grid_scale: 3 / 5, strokes: 8 / 9
iteration step 426, G_loss: 0.06568, step_acc: 19.84126, grid_scale: 3 / 5, strokes: 8 / 9
iteration step 427, G_loss: 0.06567, step_acc: 19.84827, grid_scale: 3 / 5, strokes: 8 / 9
iteration step 428, G_loss: 0.06560, step_acc: 19.84814, grid_scale: 3 / 5, strokes: 8 / 9
iteration step 429, G_loss: 0.06558, step_acc: 19.85756, grid_scale: 3 / 5, strokes: 8 / 9
iteration step 430, G_loss: 0.06552, step_acc: 19.86194, grid_scale: 3 / 5, strokes: 8 / 9
iteration step 431, G_loss: 0.06550, step_acc: 19.87672, grid_scale: 3 / 5, strokes: 8 / 9
iteration step 432, G_loss: 0.06544, step_acc: 19.88640, grid_scale: 3 / 5, strokes: 8 / 9
iteration step 433, G_loss: 0.06538, step_acc: 19.90231, grid_scale: 3 / 5, strokes: 8 / 9
iteration step 434, G_loss: 0.06530, step_acc: 19.91410, grid_scale: 3 / 5, strokes: 8 / 9
iteration step 435, G_loss: 0.06517, step_acc: 19.93542, grid_scale: 3 / 5, strokes: 8 / 9
iteration step 436, G_loss: 0.06508, step_acc: 19.95435, grid_scale: 3 / 5, strokes: 8 / 9
iteration step 437, G_loss: 0.06498, step_acc: 19.96557, grid_scale: 3 / 5, strokes: 8 / 9
iteration step 438, G_loss: 0.06491, step_acc: 19.97488, grid_scale: 3 / 5, strokes: 8 / 9
iteration step 439, G_loss: 0.06487, step_acc: 19.98063, grid_scale: 3 / 5, strokes: 8 / 9
iteration step 440, G_loss: 0.06483, step_acc: 19.98769, grid_scale: 3 / 5, strokes: 9 / 9
iteration step 441, G_loss: 0.06487, step_acc: 20.02617, grid_scale: 3 / 5, strokes: 9 / 9
iteration step 442, G_loss: 0.06469, step_acc: 20.07227, grid_scale: 3 / 5, strokes: 9 / 9
iteration step 443, G_loss: 0.06436, step_acc: 20.09753, grid_scale: 3 / 5, strokes: 9 / 9
iteration step 444, G_loss: 0.06416, step_acc: 20.11547, grid_scale: 3 / 5, strokes: 9 / 9
iteration step 445, G_loss: 0.06397, step_acc: 20.13290, grid_scale: 3 / 5, strokes: 9 / 9
iteration step 446, G_loss: 0.06384, step_acc: 20.15178, grid_scale: 3 / 5, strokes: 9 / 9
iteration step 447, G_loss: 0.06379, step_acc: 20.15329, grid_scale: 3 / 5, strokes: 9 / 9
iteration step 448, G_loss: 0.06370, step_acc: 20.17667, grid_scale: 3 / 5, strokes: 9 / 9
iteration step 449, G_loss: 0.06356, step_acc: 20.18133, grid_scale: 3 / 5, strokes: 9 / 9
iteration step 450, G_loss: 0.06344, step_acc: 20.20047, grid_scale: 3 / 5, strokes: 9 / 9
iteration step 451, G_loss: 0.06337, step_acc: 20.20760, grid_scale: 3 / 5, strokes: 9 / 9
iteration step 452, G_loss: 0.06325, step_acc: 20.22388, grid_scale: 3 / 5, strokes: 9 / 9
iteration step 453, G_loss: 0.06323, step_acc: 20.21789, grid_scale: 3 / 5, strokes: 9 / 9
iteration step 454, G_loss: 0.06319, step_acc: 20.24132, grid_scale: 3 / 5, strokes: 9 / 9
iteration step 455, G_loss: 0.06313, step_acc: 20.23308, grid_scale: 3 / 5, strokes: 9 / 9
iteration step 456, G_loss: 0.06308, step_acc: 20.25706, grid_scale: 3 / 5, strokes: 9 / 9
iteration step 457, G_loss: 0.06304, step_acc: 20.24985, grid_scale: 3 / 5, strokes: 9 / 9
iteration step 458, G_loss: 0.06299, step_acc: 20.27359, grid_scale: 3 / 5, strokes: 9 / 9
iteration step 459, G_loss: 0.06290, step_acc: 20.26823, grid_scale: 3 / 5, strokes: 9 / 9
iteration step 460, G_loss: 0.06283, step_acc: 20.28797, grid_scale: 3 / 5, strokes: 9 / 9
iteration step 461, G_loss: 0.06279, step_acc: 20.28042, grid_scale: 3 / 5, strokes: 9 / 9
iteration step 462, G_loss: 0.06276, step_acc: 20.29955, grid_scale: 3 / 5, strokes: 9 / 9
iteration step 463, G_loss: 0.06273, step_acc: 20.29868, grid_scale: 3 / 5, strokes: 9 / 9
iteration step 464, G_loss: 0.06266, step_acc: 20.30447, grid_scale: 3 / 5, strokes: 9 / 9
iteration step 465, G_loss: 0.06265, step_acc: 20.30622, grid_scale: 3 / 5, strokes: 9 / 9
iteration step 466, G_loss: 0.06261, step_acc: 20.30235, grid_scale: 3 / 5, strokes: 9 / 9
iteration step 467, G_loss: 0.06265, step_acc: 20.30909, grid_scale: 3 / 5, strokes: 9 / 9
iteration step 468, G_loss: 0.06261, step_acc: 20.31593, grid_scale: 3 / 5, strokes: 9 / 9
iteration step 469, G_loss: 0.06257, step_acc: 20.32425, grid_scale: 3 / 5, strokes: 9 / 9
iteration step 470, G_loss: 0.06250, step_acc: 20.32982, grid_scale: 3 / 5, strokes: 9 / 9
iteration step 471, G_loss: 0.06250, step_acc: 20.33519, grid_scale: 3 / 5, strokes: 9 / 9
iteration step 472, G_loss: 0.06245, step_acc: 20.34472, grid_scale: 3 / 5, strokes: 9 / 9
iteration step 473, G_loss: 0.06239, step_acc: 20.35710, grid_scale: 3 / 5, strokes: 9 / 9
iteration step 474, G_loss: 0.06230, step_acc: 20.34929, grid_scale: 3 / 5, strokes: 9 / 9
iteration step 475, G_loss: 0.06234, step_acc: 20.36150, grid_scale: 3 / 5, strokes: 9 / 9
iteration step 476, G_loss: 0.06230, step_acc: 20.35667, grid_scale: 3 / 5, strokes: 9 / 9
iteration step 477, G_loss: 0.06225, step_acc: 20.37139, grid_scale: 3 / 5, strokes: 9 / 9
iteration step 478, G_loss: 0.06220, step_acc: 20.37360, grid_scale: 3 / 5, strokes: 9 / 9
iteration step 479, G_loss: 0.06218, step_acc: 20.38666, grid_scale: 3 / 5, strokes: 9 / 9
iteration step 480, G_loss: 0.06212, step_acc: 20.39523, grid_scale: 3 / 5, strokes: 9 / 9
iteration step 481, G_loss: 0.06206, step_acc: 20.39683, grid_scale: 3 / 5, strokes: 9 / 9
iteration step 482, G_loss: 0.06204, step_acc: 20.40052, grid_scale: 3 / 5, strokes: 9 / 9
iteration step 483, G_loss: 0.06201, step_acc: 20.40919, grid_scale: 3 / 5, strokes: 9 / 9
iteration step 484, G_loss: 0.06197, step_acc: 20.40826, grid_scale: 3 / 5, strokes: 9 / 9
iteration step 485, G_loss: 0.06193, step_acc: 20.41605, grid_scale: 3 / 5, strokes: 9 / 9
iteration step 486, G_loss: 0.06193, step_acc: 20.41368, grid_scale: 3 / 5, strokes: 9 / 9
iteration step 487, G_loss: 0.06189, step_acc: 20.41740, grid_scale: 3 / 5, strokes: 9 / 9
iteration step 488, G_loss: 0.06190, step_acc: 20.42370, grid_scale: 3 / 5, strokes: 9 / 9
iteration step 489, G_loss: 0.06181, step_acc: 20.43036, grid_scale: 3 / 5, strokes: 9 / 9
iteration step 490, G_loss: 0.06179, step_acc: 20.43018, grid_scale: 3 / 5, strokes: 9 / 9
iteration step 491, G_loss: 0.06176, step_acc: 20.43813, grid_scale: 3 / 5, strokes: 9 / 9
iteration step 492, G_loss: 0.06175, step_acc: 20.43633, grid_scale: 3 / 5, strokes: 9 / 9
iteration step 493, G_loss: 0.06172, step_acc: 20.44570, grid_scale: 3 / 5, strokes: 9 / 9
iteration step 494, G_loss: 0.06170, step_acc: 20.44471, grid_scale: 3 / 5, strokes: 9 / 9
rendering canvas...
iteration step 0, G_loss: 0.06165, step_acc: 18.75704, grid_scale: 4 / 5, strokes: 1 / 9
iteration step 1, G_loss: 0.07346, step_acc: 18.79796, grid_scale: 4 / 5, strokes: 1 / 9
iteration step 2, G_loss: 0.07315, step_acc: 18.82569, grid_scale: 4 / 5, strokes: 1 / 9
iteration step 3, G_loss: 0.07294, step_acc: 18.84780, grid_scale: 4 / 5, strokes: 1 / 9
iteration step 4, G_loss: 0.07277, step_acc: 18.88461, grid_scale: 4 / 5, strokes: 1 / 9
iteration step 5, G_loss: 0.07255, step_acc: 18.91080, grid_scale: 4 / 5, strokes: 1 / 9
iteration step 6, G_loss: 0.07237, step_acc: 18.92805, grid_scale: 4 / 5, strokes: 1 / 9
iteration step 7, G_loss: 0.07223, step_acc: 18.94710, grid_scale: 4 / 5, strokes: 1 / 9
iteration step 8, G_loss: 0.07208, step_acc: 18.95985, grid_scale: 4 / 5, strokes: 1 / 9
iteration step 9, G_loss: 0.07197, step_acc: 18.97769, grid_scale: 4 / 5, strokes: 1 / 9
iteration step 10, G_loss: 0.07186, step_acc: 18.99031, grid_scale: 4 / 5, strokes: 1 / 9
iteration step 11, G_loss: 0.07176, step_acc: 18.99969, grid_scale: 4 / 5, strokes: 1 / 9
iteration step 12, G_loss: 0.07169, step_acc: 19.00875, grid_scale: 4 / 5, strokes: 1 / 9
iteration step 13, G_loss: 0.07160, step_acc: 19.01727, grid_scale: 4 / 5, strokes: 1 / 9
iteration step 14, G_loss: 0.07153, step_acc: 19.02482, grid_scale: 4 / 5, strokes: 1 / 9
iteration step 15, G_loss: 0.07147, step_acc: 19.02960, grid_scale: 4 / 5, strokes: 1 / 9
iteration step 16, G_loss: 0.07143, step_acc: 19.03415, grid_scale: 4 / 5, strokes: 1 / 9
iteration step 17, G_loss: 0.07137, step_acc: 19.04017, grid_scale: 4 / 5, strokes: 1 / 9
iteration step 18, G_loss: 0.07133, step_acc: 19.04455, grid_scale: 4 / 5, strokes: 1 / 9
iteration step 19, G_loss: 0.07129, step_acc: 19.04871, grid_scale: 4 / 5, strokes: 1 / 9
iteration step 20, G_loss: 0.07125, step_acc: 19.05156, grid_scale: 4 / 5, strokes: 1 / 9
iteration step 21, G_loss: 0.07122, step_acc: 19.05503, grid_scale: 4 / 5, strokes: 1 / 9
iteration step 22, G_loss: 0.07119, step_acc: 19.05745, grid_scale: 4 / 5, strokes: 1 / 9
iteration step 23, G_loss: 0.07115, step_acc: 19.06463, grid_scale: 4 / 5, strokes: 1 / 9
iteration step 24, G_loss: 0.07109, step_acc: 19.06744, grid_scale: 4 / 5, strokes: 1 / 9
iteration step 25, G_loss: 0.07104, step_acc: 19.07162, grid_scale: 4 / 5, strokes: 1 / 9
iteration step 26, G_loss: 0.07101, step_acc: 19.07533, grid_scale: 4 / 5, strokes: 1 / 9
iteration step 27, G_loss: 0.07096, step_acc: 19.07935, grid_scale: 4 / 5, strokes: 1 / 9
iteration step 28, G_loss: 0.07093, step_acc: 19.08062, grid_scale: 4 / 5, strokes: 1 / 9
iteration step 29, G_loss: 0.07090, step_acc: 19.08459, grid_scale: 4 / 5, strokes: 1 / 9
iteration step 30, G_loss: 0.07088, step_acc: 19.08727, grid_scale: 4 / 5, strokes: 1 / 9
iteration step 31, G_loss: 0.07085, step_acc: 19.08988, grid_scale: 4 / 5, strokes: 1 / 9
iteration step 32, G_loss: 0.07084, step_acc: 19.09286, grid_scale: 4 / 5, strokes: 1 / 9
iteration step 33, G_loss: 0.07080, step_acc: 19.09956, grid_scale: 4 / 5, strokes: 1 / 9
iteration step 34, G_loss: 0.07075, step_acc: 19.10658, grid_scale: 4 / 5, strokes: 1 / 9
iteration step 35, G_loss: 0.07069, step_acc: 19.10972, grid_scale: 4 / 5, strokes: 1 / 9
iteration step 36, G_loss: 0.07065, step_acc: 19.11411, grid_scale: 4 / 5, strokes: 1 / 9
iteration step 37, G_loss: 0.07062, step_acc: 19.11471, grid_scale: 4 / 5, strokes: 1 / 9
iteration step 38, G_loss: 0.07061, step_acc: 19.11809, grid_scale: 4 / 5, strokes: 1 / 9
iteration step 39, G_loss: 0.07059, step_acc: 19.11716, grid_scale: 4 / 5, strokes: 1 / 9
iteration step 40, G_loss: 0.07059, step_acc: 19.11817, grid_scale: 4 / 5, strokes: 1 / 9
iteration step 41, G_loss: 0.07058, step_acc: 19.11931, grid_scale: 4 / 5, strokes: 1 / 9
iteration step 42, G_loss: 0.07056, step_acc: 19.12235, grid_scale: 4 / 5, strokes: 1 / 9
iteration step 43, G_loss: 0.07055, step_acc: 19.12199, grid_scale: 4 / 5, strokes: 1 / 9
iteration step 44, G_loss: 0.07054, step_acc: 19.12401, grid_scale: 4 / 5, strokes: 1 / 9
iteration step 45, G_loss: 0.07054, step_acc: 19.12406, grid_scale: 4 / 5, strokes: 1 / 9
iteration step 46, G_loss: 0.07053, step_acc: 19.12557, grid_scale: 4 / 5, strokes: 1 / 9
iteration step 47, G_loss: 0.07052, step_acc: 19.12627, grid_scale: 4 / 5, strokes: 1 / 9
iteration step 48, G_loss: 0.07051, step_acc: 19.12855, grid_scale: 4 / 5, strokes: 1 / 9
iteration step 49, G_loss: 0.07050, step_acc: 19.12863, grid_scale: 4 / 5, strokes: 1 / 9
iteration step 50, G_loss: 0.07048, step_acc: 19.13101, grid_scale: 4 / 5, strokes: 1 / 9
iteration step 51, G_loss: 0.07047, step_acc: 19.13320, grid_scale: 4 / 5, strokes: 1 / 9
iteration step 52, G_loss: 0.07045, step_acc: 19.13471, grid_scale: 4 / 5, strokes: 1 / 9
iteration step 53, G_loss: 0.07044, step_acc: 19.13605, grid_scale: 4 / 5, strokes: 1 / 9
iteration step 54, G_loss: 0.07043, step_acc: 19.13732, grid_scale: 4 / 5, strokes: 1 / 9
iteration step 55, G_loss: 0.07042, step_acc: 19.17386, grid_scale: 4 / 5, strokes: 2 / 9
iteration step 56, G_loss: 0.07033, step_acc: 19.25249, grid_scale: 4 / 5, strokes: 2 / 9
iteration step 57, G_loss: 0.06981, step_acc: 19.28635, grid_scale: 4 / 5, strokes: 2 / 9
iteration step 58, G_loss: 0.06955, step_acc: 19.31043, grid_scale: 4 / 5, strokes: 2 / 9
iteration step 59, G_loss: 0.06933, step_acc: 19.31889, grid_scale: 4 / 5, strokes: 2 / 9
iteration step 60, G_loss: 0.06925, step_acc: 19.33584, grid_scale: 4 / 5, strokes: 2 / 9
iteration step 61, G_loss: 0.06910, step_acc: 19.34714, grid_scale: 4 / 5, strokes: 2 / 9
iteration step 62, G_loss: 0.06900, step_acc: 19.35430, grid_scale: 4 / 5, strokes: 2 / 9
iteration step 63, G_loss: 0.06895, step_acc: 19.36163, grid_scale: 4 / 5, strokes: 2 / 9
iteration step 64, G_loss: 0.06885, step_acc: 19.37379, grid_scale: 4 / 5, strokes: 2 / 9
iteration step 65, G_loss: 0.06878, step_acc: 19.38021, grid_scale: 4 / 5, strokes: 2 / 9
iteration step 66, G_loss: 0.06872, step_acc: 19.38659, grid_scale: 4 / 5, strokes: 2 / 9
iteration step 67, G_loss: 0.06869, step_acc: 19.39175, grid_scale: 4 / 5, strokes: 2 / 9
iteration step 68, G_loss: 0.06863, step_acc: 19.40209, grid_scale: 4 / 5, strokes: 2 / 9
iteration step 69, G_loss: 0.06859, step_acc: 19.41921, grid_scale: 4 / 5, strokes: 2 / 9
iteration step 70, G_loss: 0.06849, step_acc: 19.42142, grid_scale: 4 / 5, strokes: 2 / 9
iteration step 71, G_loss: 0.06845, step_acc: 19.43241, grid_scale: 4 / 5, strokes: 2 / 9
iteration step 72, G_loss: 0.06840, step_acc: 19.43710, grid_scale: 4 / 5, strokes: 2 / 9
iteration step 73, G_loss: 0.06835, step_acc: 19.44270, grid_scale: 4 / 5, strokes: 2 / 9
iteration step 74, G_loss: 0.06830, step_acc: 19.44891, grid_scale: 4 / 5, strokes: 2 / 9
iteration step 75, G_loss: 0.06825, step_acc: 19.45580, grid_scale: 4 / 5, strokes: 2 / 9
iteration step 76, G_loss: 0.06822, step_acc: 19.45720, grid_scale: 4 / 5, strokes: 2 / 9
iteration step 77, G_loss: 0.06819, step_acc: 19.46549, grid_scale: 4 / 5, strokes: 2 / 9
iteration step 78, G_loss: 0.06814, step_acc: 19.47289, grid_scale: 4 / 5, strokes: 2 / 9
iteration step 79, G_loss: 0.06806, step_acc: 19.47319, grid_scale: 4 / 5, strokes: 2 / 9
iteration step 80, G_loss: 0.06805, step_acc: 19.47731, grid_scale: 4 / 5, strokes: 2 / 9
iteration step 81, G_loss: 0.06804, step_acc: 19.48155, grid_scale: 4 / 5, strokes: 2 / 9
iteration step 82, G_loss: 0.06796, step_acc: 19.48295, grid_scale: 4 / 5, strokes: 2 / 9
iteration step 83, G_loss: 0.06796, step_acc: 19.48841, grid_scale: 4 / 5, strokes: 2 / 9
iteration step 84, G_loss: 0.06793, step_acc: 19.48761, grid_scale: 4 / 5, strokes: 2 / 9
iteration step 85, G_loss: 0.06788, step_acc: 19.49137, grid_scale: 4 / 5, strokes: 2 / 9
iteration step 86, G_loss: 0.06789, step_acc: 19.49409, grid_scale: 4 / 5, strokes: 2 / 9
iteration step 87, G_loss: 0.06784, step_acc: 19.49562, grid_scale: 4 / 5, strokes: 2 / 9
iteration step 88, G_loss: 0.06785, step_acc: 19.49477, grid_scale: 4 / 5, strokes: 2 / 9
iteration step 89, G_loss: 0.06785, step_acc: 19.49964, grid_scale: 4 / 5, strokes: 2 / 9
iteration step 90, G_loss: 0.06782, step_acc: 19.50125, grid_scale: 4 / 5, strokes: 2 / 9
iteration step 91, G_loss: 0.06778, step_acc: 19.50496, grid_scale: 4 / 5, strokes: 2 / 9
iteration step 92, G_loss: 0.06776, step_acc: 19.50310, grid_scale: 4 / 5, strokes: 2 / 9
iteration step 93, G_loss: 0.06776, step_acc: 19.50629, grid_scale: 4 / 5, strokes: 2 / 9
iteration step 94, G_loss: 0.06777, step_acc: 19.50773, grid_scale: 4 / 5, strokes: 2 / 9
iteration step 95, G_loss: 0.06774, step_acc: 19.51133, grid_scale: 4 / 5, strokes: 2 / 9
iteration step 96, G_loss: 0.06772, step_acc: 19.50825, grid_scale: 4 / 5, strokes: 2 / 9
iteration step 97, G_loss: 0.06773, step_acc: 19.51270, grid_scale: 4 / 5, strokes: 2 / 9
iteration step 98, G_loss: 0.06771, step_acc: 19.51275, grid_scale: 4 / 5, strokes: 2 / 9
iteration step 99, G_loss: 0.06771, step_acc: 19.51482, grid_scale: 4 / 5, strokes: 2 / 9
iteration step 100, G_loss: 0.06769, step_acc: 19.51597, grid_scale: 4 / 5, strokes: 2 / 9
iteration step 101, G_loss: 0.06768, step_acc: 19.51642, grid_scale: 4 / 5, strokes: 2 / 9
iteration step 102, G_loss: 0.06766, step_acc: 19.51790, grid_scale: 4 / 5, strokes: 2 / 9
iteration step 103, G_loss: 0.06766, step_acc: 19.51812, grid_scale: 4 / 5, strokes: 2 / 9
iteration step 104, G_loss: 0.06765, step_acc: 19.51772, grid_scale: 4 / 5, strokes: 2 / 9
iteration step 105, G_loss: 0.06765, step_acc: 19.51677, grid_scale: 4 / 5, strokes: 2 / 9
iteration step 106, G_loss: 0.06765, step_acc: 19.52177, grid_scale: 4 / 5, strokes: 2 / 9
iteration step 107, G_loss: 0.06762, step_acc: 19.52291, grid_scale: 4 / 5, strokes: 2 / 9
iteration step 108, G_loss: 0.06760, step_acc: 19.52576, grid_scale: 4 / 5, strokes: 2 / 9
iteration step 109, G_loss: 0.06760, step_acc: 19.52544, grid_scale: 4 / 5, strokes: 2 / 9
iteration step 110, G_loss: 0.06758, step_acc: 19.60625, grid_scale: 4 / 5, strokes: 3 / 9
iteration step 111, G_loss: 0.06751, step_acc: 19.65511, grid_scale: 4 / 5, strokes: 3 / 9
iteration step 112, G_loss: 0.06711, step_acc: 19.71894, grid_scale: 4 / 5, strokes: 3 / 9
iteration step 113, G_loss: 0.06676, step_acc: 19.74452, grid_scale: 4 / 5, strokes: 3 / 9
iteration step 114, G_loss: 0.06658, step_acc: 19.76493, grid_scale: 4 / 5, strokes: 3 / 9
iteration step 115, G_loss: 0.06647, step_acc: 19.78204, grid_scale: 4 / 5, strokes: 3 / 9
iteration step 116, G_loss: 0.06634, step_acc: 19.79872, grid_scale: 4 / 5, strokes: 3 / 9
iteration step 117, G_loss: 0.06621, step_acc: 19.80374, grid_scale: 4 / 5, strokes: 3 / 9
iteration step 118, G_loss: 0.06616, step_acc: 19.81419, grid_scale: 4 / 5, strokes: 3 / 9
iteration step 119, G_loss: 0.06608, step_acc: 19.82124, grid_scale: 4 / 5, strokes: 3 / 9
iteration step 120, G_loss: 0.06603, step_acc: 19.83245, grid_scale: 4 / 5, strokes: 3 / 9
iteration step 121, G_loss: 0.06597, step_acc: 19.84380, grid_scale: 4 / 5, strokes: 3 / 9
iteration step 122, G_loss: 0.06588, step_acc: 19.84819, grid_scale: 4 / 5, strokes: 3 / 9
iteration step 123, G_loss: 0.06584, step_acc: 19.85337, grid_scale: 4 / 5, strokes: 3 / 9
iteration step 124, G_loss: 0.06577, step_acc: 19.86479, grid_scale: 4 / 5, strokes: 3 / 9
iteration step 125, G_loss: 0.06572, step_acc: 19.86352, grid_scale: 4 / 5, strokes: 3 / 9
iteration step 126, G_loss: 0.06568, step_acc: 19.87593, grid_scale: 4 / 5, strokes: 3 / 9
iteration step 127, G_loss: 0.06564, step_acc: 19.87406, grid_scale: 4 / 5, strokes: 3 / 9
iteration step 128, G_loss: 0.06559, step_acc: 19.87894, grid_scale: 4 / 5, strokes: 3 / 9
iteration step 129, G_loss: 0.06556, step_acc: 19.88402, grid_scale: 4 / 5, strokes: 3 / 9
iteration step 130, G_loss: 0.06551, step_acc: 19.88790, grid_scale: 4 / 5, strokes: 3 / 9
iteration step 131, G_loss: 0.06550, step_acc: 19.88479, grid_scale: 4 / 5, strokes: 3 / 9
iteration step 132, G_loss: 0.06548, step_acc: 19.89114, grid_scale: 4 / 5, strokes: 3 / 9
iteration step 133, G_loss: 0.06546, step_acc: 19.89259, grid_scale: 4 / 5, strokes: 3 / 9
iteration step 134, G_loss: 0.06543, step_acc: 19.89513, grid_scale: 4 / 5, strokes: 3 / 9
iteration step 135, G_loss: 0.06538, step_acc: 19.89988, grid_scale: 4 / 5, strokes: 3 / 9
iteration step 136, G_loss: 0.06535, step_acc: 19.90523, grid_scale: 4 / 5, strokes: 3 / 9
iteration step 137, G_loss: 0.06533, step_acc: 19.91006, grid_scale: 4 / 5, strokes: 3 / 9
iteration step 138, G_loss: 0.06530, step_acc: 19.91810, grid_scale: 4 / 5, strokes: 3 / 9
iteration step 139, G_loss: 0.06526, step_acc: 19.92603, grid_scale: 4 / 5, strokes: 3 / 9
iteration step 140, G_loss: 0.06523, step_acc: 19.92592, grid_scale: 4 / 5, strokes: 3 / 9
iteration step 141, G_loss: 0.06521, step_acc: 19.93038, grid_scale: 4 / 5, strokes: 3 / 9
iteration step 142, G_loss: 0.06519, step_acc: 19.92735, grid_scale: 4 / 5, strokes: 3 / 9
iteration step 143, G_loss: 0.06518, step_acc: 19.93759, grid_scale: 4 / 5, strokes: 3 / 9
iteration step 144, G_loss: 0.06515, step_acc: 19.94751, grid_scale: 4 / 5, strokes: 3 / 9
iteration step 145, G_loss: 0.06511, step_acc: 19.95065, grid_scale: 4 / 5, strokes: 3 / 9
iteration step 146, G_loss: 0.06508, step_acc: 19.95749, grid_scale: 4 / 5, strokes: 3 / 9
iteration step 147, G_loss: 0.06506, step_acc: 19.95865, grid_scale: 4 / 5, strokes: 3 / 9
iteration step 148, G_loss: 0.06503, step_acc: 19.96309, grid_scale: 4 / 5, strokes: 3 / 9
iteration step 149, G_loss: 0.06501, step_acc: 19.96786, grid_scale: 4 / 5, strokes: 3 / 9
iteration step 150, G_loss: 0.06501, step_acc: 19.96250, grid_scale: 4 / 5, strokes: 3 / 9
iteration step 151, G_loss: 0.06500, step_acc: 19.96758, grid_scale: 4 / 5, strokes: 3 / 9
iteration step 152, G_loss: 0.06499, step_acc: 19.97335, grid_scale: 4 / 5, strokes: 3 / 9
iteration step 153, G_loss: 0.06497, step_acc: 19.96619, grid_scale: 4 / 5, strokes: 3 / 9
iteration step 154, G_loss: 0.06497, step_acc: 19.97736, grid_scale: 4 / 5, strokes: 3 / 9
iteration step 155, G_loss: 0.06495, step_acc: 19.97654, grid_scale: 4 / 5, strokes: 3 / 9
iteration step 156, G_loss: 0.06493, step_acc: 19.97682, grid_scale: 4 / 5, strokes: 3 / 9
iteration step 157, G_loss: 0.06494, step_acc: 19.98178, grid_scale: 4 / 5, strokes: 3 / 9
iteration step 158, G_loss: 0.06493, step_acc: 19.97872, grid_scale: 4 / 5, strokes: 3 / 9
iteration step 159, G_loss: 0.06491, step_acc: 19.98141, grid_scale: 4 / 5, strokes: 3 / 9
iteration step 160, G_loss: 0.06488, step_acc: 19.99079, grid_scale: 4 / 5, strokes: 3 / 9
iteration step 161, G_loss: 0.06486, step_acc: 19.98915, grid_scale: 4 / 5, strokes: 3 / 9
iteration step 162, G_loss: 0.06484, step_acc: 19.99179, grid_scale: 4 / 5, strokes: 3 / 9
iteration step 163, G_loss: 0.06482, step_acc: 19.99488, grid_scale: 4 / 5, strokes: 3 / 9
iteration step 164, G_loss: 0.06481, step_acc: 19.99307, grid_scale: 4 / 5, strokes: 3 / 9
iteration step 165, G_loss: 0.06480, step_acc: 19.99782, grid_scale: 4 / 5, strokes: 4 / 9
iteration step 166, G_loss: 0.06488, step_acc: 20.03956, grid_scale: 4 / 5, strokes: 4 / 9
iteration step 167, G_loss: 0.06457, step_acc: 20.05656, grid_scale: 4 / 5, strokes: 4 / 9
iteration step 168, G_loss: 0.06442, step_acc: 20.06775, grid_scale: 4 / 5, strokes: 4 / 9
iteration step 169, G_loss: 0.06430, step_acc: 20.07553, grid_scale: 4 / 5, strokes: 4 / 9
iteration step 170, G_loss: 0.06425, step_acc: 20.08144, grid_scale: 4 / 5, strokes: 4 / 9
iteration step 171, G_loss: 0.06418, step_acc: 20.08981, grid_scale: 4 / 5, strokes: 4 / 9
iteration step 172, G_loss: 0.06413, step_acc: 20.09614, grid_scale: 4 / 5, strokes: 4 / 9
iteration step 173, G_loss: 0.06409, step_acc: 20.10192, grid_scale: 4 / 5, strokes: 4 / 9
iteration step 174, G_loss: 0.06405, step_acc: 20.10327, grid_scale: 4 / 5, strokes: 4 / 9
iteration step 175, G_loss: 0.06399, step_acc: 20.10922, grid_scale: 4 / 5, strokes: 4 / 9
iteration step 176, G_loss: 0.06395, step_acc: 20.11134, grid_scale: 4 / 5, strokes: 4 / 9
iteration step 177, G_loss: 0.06392, step_acc: 20.11983, grid_scale: 4 / 5, strokes: 4 / 9
iteration step 178, G_loss: 0.06386, step_acc: 20.11824, grid_scale: 4 / 5, strokes: 4 / 9
iteration step 179, G_loss: 0.06384, step_acc: 20.12610, grid_scale: 4 / 5, strokes: 4 / 9
iteration step 180, G_loss: 0.06380, step_acc: 20.12180, grid_scale: 4 / 5, strokes: 4 / 9
iteration step 181, G_loss: 0.06380, step_acc: 20.13426, grid_scale: 4 / 5, strokes: 4 / 9
iteration step 182, G_loss: 0.06373, step_acc: 20.13300, grid_scale: 4 / 5, strokes: 4 / 9
iteration step 183, G_loss: 0.06369, step_acc: 20.14299, grid_scale: 4 / 5, strokes: 4 / 9
iteration step 184, G_loss: 0.06366, step_acc: 20.14345, grid_scale: 4 / 5, strokes: 4 / 9
iteration step 185, G_loss: 0.06364, step_acc: 20.14623, grid_scale: 4 / 5, strokes: 4 / 9
iteration step 186, G_loss: 0.06364, step_acc: 20.14921, grid_scale: 4 / 5, strokes: 4 / 9
iteration step 187, G_loss: 0.06361, step_acc: 20.16008, grid_scale: 4 / 5, strokes: 4 / 9
iteration step 188, G_loss: 0.06354, step_acc: 20.16483, grid_scale: 4 / 5, strokes: 4 / 9
iteration step 189, G_loss: 0.06350, step_acc: 20.17122, grid_scale: 4 / 5, strokes: 4 / 9
iteration step 190, G_loss: 0.06345, step_acc: 20.17710, grid_scale: 4 / 5, strokes: 4 / 9
iteration step 191, G_loss: 0.06342, step_acc: 20.18060, grid_scale: 4 / 5, strokes: 4 / 9
iteration step 192, G_loss: 0.06339, step_acc: 20.18159, grid_scale: 4 / 5, strokes: 4 / 9
iteration step 193, G_loss: 0.06336, step_acc: 20.18665, grid_scale: 4 / 5, strokes: 4 / 9
iteration step 194, G_loss: 0.06334, step_acc: 20.18773, grid_scale: 4 / 5, strokes: 4 / 9
iteration step 195, G_loss: 0.06332, step_acc: 20.19289, grid_scale: 4 / 5, strokes: 4 / 9
iteration step 196, G_loss: 0.06330, step_acc: 20.19563, grid_scale: 4 / 5, strokes: 4 / 9
iteration step 197, G_loss: 0.06325, step_acc: 20.20160, grid_scale: 4 / 5, strokes: 4 / 9
iteration step 198, G_loss: 0.06322, step_acc: 20.20995, grid_scale: 4 / 5, strokes: 4 / 9
iteration step 199, G_loss: 0.06317, step_acc: 20.20771, grid_scale: 4 / 5, strokes: 4 / 9
iteration step 200, G_loss: 0.06316, step_acc: 20.21197, grid_scale: 4 / 5, strokes: 4 / 9
iteration step 201, G_loss: 0.06315, step_acc: 20.21413, grid_scale: 4 / 5, strokes: 4 / 9
iteration step 202, G_loss: 0.06312, step_acc: 20.21642, grid_scale: 4 / 5, strokes: 4 / 9
iteration step 203, G_loss: 0.06311, step_acc: 20.21553, grid_scale: 4 / 5, strokes: 4 / 9
iteration step 204, G_loss: 0.06310, step_acc: 20.22120, grid_scale: 4 / 5, strokes: 4 / 9
iteration step 205, G_loss: 0.06308, step_acc: 20.21766, grid_scale: 4 / 5, strokes: 4 / 9
iteration step 206, G_loss: 0.06306, step_acc: 20.22321, grid_scale: 4 / 5, strokes: 4 / 9
iteration step 207, G_loss: 0.06306, step_acc: 20.22678, grid_scale: 4 / 5, strokes: 4 / 9
iteration step 208, G_loss: 0.06303, step_acc: 20.22461, grid_scale: 4 / 5, strokes: 4 / 9
iteration step 209, G_loss: 0.06304, step_acc: 20.23006, grid_scale: 4 / 5, strokes: 4 / 9
iteration step 210, G_loss: 0.06298, step_acc: 20.23229, grid_scale: 4 / 5, strokes: 4 / 9
iteration step 211, G_loss: 0.06297, step_acc: 20.22966, grid_scale: 4 / 5, strokes: 4 / 9
iteration step 212, G_loss: 0.06297, step_acc: 20.23778, grid_scale: 4 / 5, strokes: 4 / 9
iteration step 213, G_loss: 0.06294, step_acc: 20.23503, grid_scale: 4 / 5, strokes: 4 / 9
iteration step 214, G_loss: 0.06294, step_acc: 20.23724, grid_scale: 4 / 5, strokes: 4 / 9
iteration step 215, G_loss: 0.06292, step_acc: 20.23857, grid_scale: 4 / 5, strokes: 4 / 9
iteration step 216, G_loss: 0.06291, step_acc: 20.24155, grid_scale: 4 / 5, strokes: 4 / 9
iteration step 217, G_loss: 0.06289, step_acc: 20.24071, grid_scale: 4 / 5, strokes: 4 / 9
iteration step 218, G_loss: 0.06288, step_acc: 20.24521, grid_scale: 4 / 5, strokes: 4 / 9
iteration step 219, G_loss: 0.06285, step_acc: 20.24648, grid_scale: 4 / 5, strokes: 4 / 9
iteration step 220, G_loss: 0.06281, step_acc: 20.26592, grid_scale: 4 / 5, strokes: 5 / 9
iteration step 221, G_loss: 0.06281, step_acc: 20.32213, grid_scale: 4 / 5, strokes: 5 / 9
iteration step 222, G_loss: 0.06242, step_acc: 20.34715, grid_scale: 4 / 5, strokes: 5 / 9
iteration step 223, G_loss: 0.06227, step_acc: 20.37445, grid_scale: 4 / 5, strokes: 5 / 9
iteration step 224, G_loss: 0.06204, step_acc: 20.38714, grid_scale: 4 / 5, strokes: 5 / 9
iteration step 225, G_loss: 0.06192, step_acc: 20.39953, grid_scale: 4 / 5, strokes: 5 / 9
iteration step 226, G_loss: 0.06180, step_acc: 20.41219, grid_scale: 4 / 5, strokes: 5 / 9
iteration step 227, G_loss: 0.06168, step_acc: 20.42027, grid_scale: 4 / 5, strokes: 5 / 9
iteration step 228, G_loss: 0.06164, step_acc: 20.42729, grid_scale: 4 / 5, strokes: 5 / 9
iteration step 229, G_loss: 0.06158, step_acc: 20.43752, grid_scale: 4 / 5, strokes: 5 / 9
iteration step 230, G_loss: 0.06153, step_acc: 20.44665, grid_scale: 4 / 5, strokes: 5 / 9
iteration step 231, G_loss: 0.06145, step_acc: 20.45237, grid_scale: 4 / 5, strokes: 5 / 9
iteration step 232, G_loss: 0.06138, step_acc: 20.46193, grid_scale: 4 / 5, strokes: 5 / 9
iteration step 233, G_loss: 0.06133, step_acc: 20.46541, grid_scale: 4 / 5, strokes: 5 / 9
iteration step 234, G_loss: 0.06129, step_acc: 20.46837, grid_scale: 4 / 5, strokes: 5 / 9
iteration step 235, G_loss: 0.06127, step_acc: 20.47744, grid_scale: 4 / 5, strokes: 5 / 9
iteration step 236, G_loss: 0.06125, step_acc: 20.47977, grid_scale: 4 / 5, strokes: 5 / 9
iteration step 237, G_loss: 0.06122, step_acc: 20.48332, grid_scale: 4 / 5, strokes: 5 / 9
iteration step 238, G_loss: 0.06117, step_acc: 20.49063, grid_scale: 4 / 5, strokes: 5 / 9
iteration step 239, G_loss: 0.06115, step_acc: 20.48942, grid_scale: 4 / 5, strokes: 5 / 9
iteration step 240, G_loss: 0.06114, step_acc: 20.50001, grid_scale: 4 / 5, strokes: 5 / 9
iteration step 241, G_loss: 0.06109, step_acc: 20.50154, grid_scale: 4 / 5, strokes: 5 / 9
iteration step 242, G_loss: 0.06106, step_acc: 20.50579, grid_scale: 4 / 5, strokes: 5 / 9
iteration step 243, G_loss: 0.06104, step_acc: 20.50697, grid_scale: 4 / 5, strokes: 5 / 9
iteration step 244, G_loss: 0.06103, step_acc: 20.51432, grid_scale: 4 / 5, strokes: 5 / 9
iteration step 245, G_loss: 0.06101, step_acc: 20.51541, grid_scale: 4 / 5, strokes: 5 / 9
iteration step 246, G_loss: 0.06097, step_acc: 20.52057, grid_scale: 4 / 5, strokes: 5 / 9
iteration step 247, G_loss: 0.06093, step_acc: 20.52178, grid_scale: 4 / 5, strokes: 5 / 9
iteration step 248, G_loss: 0.06093, step_acc: 20.52805, grid_scale: 4 / 5, strokes: 5 / 9
iteration step 249, G_loss: 0.06089, step_acc: 20.52533, grid_scale: 4 / 5, strokes: 5 / 9
iteration step 250, G_loss: 0.06089, step_acc: 20.53053, grid_scale: 4 / 5, strokes: 5 / 9
iteration step 251, G_loss: 0.06089, step_acc: 20.52853, grid_scale: 4 / 5, strokes: 5 / 9
iteration step 252, G_loss: 0.06086, step_acc: 20.53468, grid_scale: 4 / 5, strokes: 5 / 9
iteration step 253, G_loss: 0.06083, step_acc: 20.53713, grid_scale: 4 / 5, strokes: 5 / 9
iteration step 254, G_loss: 0.06080, step_acc: 20.54025, grid_scale: 4 / 5, strokes: 5 / 9
iteration step 255, G_loss: 0.06078, step_acc: 20.54239, grid_scale: 4 / 5, strokes: 5 / 9
iteration step 256, G_loss: 0.06077, step_acc: 20.54732, grid_scale: 4 / 5, strokes: 5 / 9
iteration step 257, G_loss: 0.06074, step_acc: 20.54756, grid_scale: 4 / 5, strokes: 5 / 9
iteration step 258, G_loss: 0.06073, step_acc: 20.54969, grid_scale: 4 / 5, strokes: 5 / 9
iteration step 259, G_loss: 0.06071, step_acc: 20.55490, grid_scale: 4 / 5, strokes: 5 / 9
iteration step 260, G_loss: 0.06068, step_acc: 20.55652, grid_scale: 4 / 5, strokes: 5 / 9
iteration step 261, G_loss: 0.06066, step_acc: 20.55952, grid_scale: 4 / 5, strokes: 5 / 9
iteration step 262, G_loss: 0.06064, step_acc: 20.56567, grid_scale: 4 / 5, strokes: 5 / 9
iteration step 263, G_loss: 0.06061, step_acc: 20.56741, grid_scale: 4 / 5, strokes: 5 / 9
iteration step 264, G_loss: 0.06060, step_acc: 20.57006, grid_scale: 4 / 5, strokes: 5 / 9
iteration step 265, G_loss: 0.06058, step_acc: 20.57226, grid_scale: 4 / 5, strokes: 5 / 9
iteration step 266, G_loss: 0.06054, step_acc: 20.57572, grid_scale: 4 / 5, strokes: 5 / 9
iteration step 267, G_loss: 0.06052, step_acc: 20.57531, grid_scale: 4 / 5, strokes: 5 / 9
iteration step 268, G_loss: 0.06052, step_acc: 20.58015, grid_scale: 4 / 5, strokes: 5 / 9
iteration step 269, G_loss: 0.06051, step_acc: 20.58183, grid_scale: 4 / 5, strokes: 5 / 9
iteration step 270, G_loss: 0.06050, step_acc: 20.58309, grid_scale: 4 / 5, strokes: 5 / 9
iteration step 271, G_loss: 0.06049, step_acc: 20.58338, grid_scale: 4 / 5, strokes: 5 / 9
iteration step 272, G_loss: 0.06049, step_acc: 20.58621, grid_scale: 4 / 5, strokes: 5 / 9
iteration step 273, G_loss: 0.06045, step_acc: 20.59076, grid_scale: 4 / 5, strokes: 5 / 9
iteration step 274, G_loss: 0.06044, step_acc: 20.58932, grid_scale: 4 / 5, strokes: 5 / 9
iteration step 275, G_loss: 0.06045, step_acc: 20.56836, grid_scale: 4 / 5, strokes: 6 / 9
iteration step 276, G_loss: 0.06063, step_acc: 20.61423, grid_scale: 4 / 5, strokes: 6 / 9
iteration step 277, G_loss: 0.06035, step_acc: 20.63572, grid_scale: 4 / 5, strokes: 6 / 9
iteration step 278, G_loss: 0.06020, step_acc: 20.65317, grid_scale: 4 / 5, strokes: 6 / 9
iteration step 279, G_loss: 0.06008, step_acc: 20.65945, grid_scale: 4 / 5, strokes: 6 / 9
iteration step 280, G_loss: 0.06002, step_acc: 20.66737, grid_scale: 4 / 5, strokes: 6 / 9
iteration step 281, G_loss: 0.05997, step_acc: 20.67749, grid_scale: 4 / 5, strokes: 6 / 9
iteration step 282, G_loss: 0.05990, step_acc: 20.68044, grid_scale: 4 / 5, strokes: 6 / 9
iteration step 283, G_loss: 0.05987, step_acc: 20.68783, grid_scale: 4 / 5, strokes: 6 / 9
iteration step 284, G_loss: 0.05984, step_acc: 20.69527, grid_scale: 4 / 5, strokes: 6 / 9
iteration step 285, G_loss: 0.05978, step_acc: 20.70321, grid_scale: 4 / 5, strokes: 6 / 9
iteration step 286, G_loss: 0.05972, step_acc: 20.70380, grid_scale: 4 / 5, strokes: 6 / 9
iteration step 287, G_loss: 0.05969, step_acc: 20.70966, grid_scale: 4 / 5, strokes: 6 / 9
iteration step 288, G_loss: 0.05967, step_acc: 20.71038, grid_scale: 4 / 5, strokes: 6 / 9
iteration step 289, G_loss: 0.05963, step_acc: 20.72037, grid_scale: 4 / 5, strokes: 6 / 9
iteration step 290, G_loss: 0.05960, step_acc: 20.71955, grid_scale: 4 / 5, strokes: 6 / 9
iteration step 291, G_loss: 0.05958, step_acc: 20.73356, grid_scale: 4 / 5, strokes: 6 / 9
iteration step 292, G_loss: 0.05952, step_acc: 20.73401, grid_scale: 4 / 5, strokes: 6 / 9
iteration step 293, G_loss: 0.05947, step_acc: 20.74818, grid_scale: 4 / 5, strokes: 6 / 9
iteration step 294, G_loss: 0.05942, step_acc: 20.75037, grid_scale: 4 / 5, strokes: 6 / 9
iteration step 295, G_loss: 0.05938, step_acc: 20.75730, grid_scale: 4 / 5, strokes: 6 / 9
iteration step 296, G_loss: 0.05934, step_acc: 20.75598, grid_scale: 4 / 5, strokes: 6 / 9
iteration step 297, G_loss: 0.05933, step_acc: 20.76569, grid_scale: 4 / 5, strokes: 6 / 9
iteration step 298, G_loss: 0.05930, step_acc: 20.76661, grid_scale: 4 / 5, strokes: 6 / 9
iteration step 299, G_loss: 0.05925, step_acc: 20.77359, grid_scale: 4 / 5, strokes: 6 / 9
iteration step 300, G_loss: 0.05924, step_acc: 20.77526, grid_scale: 4 / 5, strokes: 6 / 9
iteration step 301, G_loss: 0.05920, step_acc: 20.78008, grid_scale: 4 / 5, strokes: 6 / 9
iteration step 302, G_loss: 0.05918, step_acc: 20.78537, grid_scale: 4 / 5, strokes: 6 / 9
iteration step 303, G_loss: 0.05915, step_acc: 20.78970, grid_scale: 4 / 5, strokes: 6 / 9
iteration step 304, G_loss: 0.05910, step_acc: 20.79364, grid_scale: 4 / 5, strokes: 6 / 9
iteration step 305, G_loss: 0.05908, step_acc: 20.79399, grid_scale: 4 / 5, strokes: 6 / 9
iteration step 306, G_loss: 0.05909, step_acc: 20.79892, grid_scale: 4 / 5, strokes: 6 / 9
iteration step 307, G_loss: 0.05905, step_acc: 20.80375, grid_scale: 4 / 5, strokes: 6 / 9
iteration step 308, G_loss: 0.05901, step_acc: 20.80709, grid_scale: 4 / 5, strokes: 6 / 9
iteration step 309, G_loss: 0.05898, step_acc: 20.81305, grid_scale: 4 / 5, strokes: 6 / 9
iteration step 310, G_loss: 0.05892, step_acc: 20.81498, grid_scale: 4 / 5, strokes: 6 / 9
iteration step 311, G_loss: 0.05890, step_acc: 20.82125, grid_scale: 4 / 5, strokes: 6 / 9
iteration step 312, G_loss: 0.05888, step_acc: 20.81956, grid_scale: 4 / 5, strokes: 6 / 9
iteration step 313, G_loss: 0.05887, step_acc: 20.82463, grid_scale: 4 / 5, strokes: 6 / 9
iteration step 314, G_loss: 0.05886, step_acc: 20.82250, grid_scale: 4 / 5, strokes: 6 / 9
iteration step 315, G_loss: 0.05884, step_acc: 20.82848, grid_scale: 4 / 5, strokes: 6 / 9
iteration step 316, G_loss: 0.05882, step_acc: 20.82808, grid_scale: 4 / 5, strokes: 6 / 9
iteration step 317, G_loss: 0.05879, step_acc: 20.83336, grid_scale: 4 / 5, strokes: 6 / 9
iteration step 318, G_loss: 0.05878, step_acc: 20.83123, grid_scale: 4 / 5, strokes: 6 / 9
iteration step 319, G_loss: 0.05877, step_acc: 20.83488, grid_scale: 4 / 5, strokes: 6 / 9
iteration step 320, G_loss: 0.05877, step_acc: 20.83732, grid_scale: 4 / 5, strokes: 6 / 9
iteration step 321, G_loss: 0.05874, step_acc: 20.83786, grid_scale: 4 / 5, strokes: 6 / 9
iteration step 322, G_loss: 0.05873, step_acc: 20.83740, grid_scale: 4 / 5, strokes: 6 / 9
iteration step 323, G_loss: 0.05874, step_acc: 20.84130, grid_scale: 4 / 5, strokes: 6 / 9
iteration step 324, G_loss: 0.05870, step_acc: 20.83862, grid_scale: 4 / 5, strokes: 6 / 9
iteration step 325, G_loss: 0.05870, step_acc: 20.84386, grid_scale: 4 / 5, strokes: 6 / 9
iteration step 326, G_loss: 0.05870, step_acc: 20.84529, grid_scale: 4 / 5, strokes: 6 / 9
iteration step 327, G_loss: 0.05866, step_acc: 20.84659, grid_scale: 4 / 5, strokes: 6 / 9
iteration step 328, G_loss: 0.05865, step_acc: 20.85015, grid_scale: 4 / 5, strokes: 6 / 9
iteration step 329, G_loss: 0.05865, step_acc: 20.85025, grid_scale: 4 / 5, strokes: 6 / 9
iteration step 330, G_loss: 0.05865, step_acc: 20.80329, grid_scale: 4 / 5, strokes: 7 / 9
iteration step 331, G_loss: 0.05898, step_acc: 20.89167, grid_scale: 4 / 5, strokes: 7 / 9
iteration step 332, G_loss: 0.05844, step_acc: 20.91311, grid_scale: 4 / 5, strokes: 7 / 9
iteration step 333, G_loss: 0.05831, step_acc: 20.92690, grid_scale: 4 / 5, strokes: 7 / 9
iteration step 334, G_loss: 0.05819, step_acc: 20.94705, grid_scale: 4 / 5, strokes: 7 / 9
iteration step 335, G_loss: 0.05807, step_acc: 20.95504, grid_scale: 4 / 5, strokes: 7 / 9
iteration step 336, G_loss: 0.05802, step_acc: 20.96721, grid_scale: 4 / 5, strokes: 7 / 9
iteration step 337, G_loss: 0.05794, step_acc: 20.97303, grid_scale: 4 / 5, strokes: 7 / 9
iteration step 338, G_loss: 0.05787, step_acc: 20.98612, grid_scale: 4 / 5, strokes: 7 / 9
iteration step 339, G_loss: 0.05781, step_acc: 20.99167, grid_scale: 4 / 5, strokes: 7 / 9
iteration step 340, G_loss: 0.05776, step_acc: 20.99437, grid_scale: 4 / 5, strokes: 7 / 9
iteration step 341, G_loss: 0.05774, step_acc: 21.00352, grid_scale: 4 / 5, strokes: 7 / 9
iteration step 342, G_loss: 0.05770, step_acc: 21.00796, grid_scale: 4 / 5, strokes: 7 / 9
iteration step 343, G_loss: 0.05765, step_acc: 21.01595, grid_scale: 4 / 5, strokes: 7 / 9
iteration step 344, G_loss: 0.05762, step_acc: 21.01955, grid_scale: 4 / 5, strokes: 7 / 9
iteration step 345, G_loss: 0.05756, step_acc: 21.02699, grid_scale: 4 / 5, strokes: 7 / 9
iteration step 346, G_loss: 0.05752, step_acc: 21.02586, grid_scale: 4 / 5, strokes: 7 / 9
iteration step 347, G_loss: 0.05750, step_acc: 21.02734, grid_scale: 4 / 5, strokes: 7 / 9
iteration step 348, G_loss: 0.05749, step_acc: 21.03210, grid_scale: 4 / 5, strokes: 7 / 9
iteration step 349, G_loss: 0.05747, step_acc: 21.03231, grid_scale: 4 / 5, strokes: 7 / 9
iteration step 350, G_loss: 0.05745, step_acc: 21.03409, grid_scale: 4 / 5, strokes: 7 / 9
iteration step 351, G_loss: 0.05742, step_acc: 21.04110, grid_scale: 4 / 5, strokes: 7 / 9
iteration step 352, G_loss: 0.05738, step_acc: 21.04443, grid_scale: 4 / 5, strokes: 7 / 9
iteration step 353, G_loss: 0.05736, step_acc: 21.05128, grid_scale: 4 / 5, strokes: 7 / 9
iteration step 354, G_loss: 0.05731, step_acc: 21.05533, grid_scale: 4 / 5, strokes: 7 / 9
iteration step 355, G_loss: 0.05730, step_acc: 21.05770, grid_scale: 4 / 5, strokes: 7 / 9
iteration step 356, G_loss: 0.05730, step_acc: 21.06162, grid_scale: 4 / 5, strokes: 7 / 9
iteration step 357, G_loss: 0.05727, step_acc: 21.06547, grid_scale: 4 / 5, strokes: 7 / 9
iteration step 358, G_loss: 0.05725, step_acc: 21.06935, grid_scale: 4 / 5, strokes: 7 / 9
iteration step 359, G_loss: 0.05721, step_acc: 21.07024, grid_scale: 4 / 5, strokes: 7 / 9
iteration step 360, G_loss: 0.05720, step_acc: 21.07509, grid_scale: 4 / 5, strokes: 7 / 9
iteration step 361, G_loss: 0.05719, step_acc: 21.07549, grid_scale: 4 / 5, strokes: 7 / 9
iteration step 362, G_loss: 0.05716, step_acc: 21.07840, grid_scale: 4 / 5, strokes: 7 / 9
iteration step 363, G_loss: 0.05716, step_acc: 21.07927, grid_scale: 4 / 5, strokes: 7 / 9
iteration step 364, G_loss: 0.05715, step_acc: 21.07972, grid_scale: 4 / 5, strokes: 7 / 9
iteration step 365, G_loss: 0.05713, step_acc: 21.08340, grid_scale: 4 / 5, strokes: 7 / 9
iteration step 366, G_loss: 0.05709, step_acc: 21.09041, grid_scale: 4 / 5, strokes: 7 / 9
iteration step 367, G_loss: 0.05705, step_acc: 21.08931, grid_scale: 4 / 5, strokes: 7 / 9
iteration step 368, G_loss: 0.05704, step_acc: 21.08967, grid_scale: 4 / 5, strokes: 7 / 9
iteration step 369, G_loss: 0.05704, step_acc: 21.09242, grid_scale: 4 / 5, strokes: 7 / 9
iteration step 370, G_loss: 0.05703, step_acc: 21.09093, grid_scale: 4 / 5, strokes: 7 / 9
iteration step 371, G_loss: 0.05703, step_acc: 21.09559, grid_scale: 4 / 5, strokes: 7 / 9
iteration step 372, G_loss: 0.05702, step_acc: 21.09566, grid_scale: 4 / 5, strokes: 7 / 9
iteration step 373, G_loss: 0.05701, step_acc: 21.09970, grid_scale: 4 / 5, strokes: 7 / 9
iteration step 374, G_loss: 0.05699, step_acc: 21.10243, grid_scale: 4 / 5, strokes: 7 / 9
iteration step 375, G_loss: 0.05696, step_acc: 21.10117, grid_scale: 4 / 5, strokes: 7 / 9
iteration step 376, G_loss: 0.05697, step_acc: 21.10561, grid_scale: 4 / 5, strokes: 7 / 9
iteration step 377, G_loss: 0.05696, step_acc: 21.10443, grid_scale: 4 / 5, strokes: 7 / 9
iteration step 378, G_loss: 0.05695, step_acc: 21.11081, grid_scale: 4 / 5, strokes: 7 / 9
iteration step 379, G_loss: 0.05693, step_acc: 21.10927, grid_scale: 4 / 5, strokes: 7 / 9
iteration step 380, G_loss: 0.05692, step_acc: 21.11291, grid_scale: 4 / 5, strokes: 7 / 9
iteration step 381, G_loss: 0.05693, step_acc: 21.11219, grid_scale: 4 / 5, strokes: 7 / 9
iteration step 382, G_loss: 0.05690, step_acc: 21.11362, grid_scale: 4 / 5, strokes: 7 / 9
iteration step 383, G_loss: 0.05691, step_acc: 21.11533, grid_scale: 4 / 5, strokes: 7 / 9
iteration step 384, G_loss: 0.05690, step_acc: 21.11580, grid_scale: 4 / 5, strokes: 7 / 9
iteration step 385, G_loss: 0.05689, step_acc: 21.06920, grid_scale: 4 / 5, strokes: 8 / 9
iteration step 386, G_loss: 0.05715, step_acc: 21.14300, grid_scale: 4 / 5, strokes: 8 / 9
iteration step 387, G_loss: 0.05677, step_acc: 21.20359, grid_scale: 4 / 5, strokes: 8 / 9
iteration step 388, G_loss: 0.05645, step_acc: 21.21941, grid_scale: 4 / 5, strokes: 8 / 9
iteration step 389, G_loss: 0.05629, step_acc: 21.23218, grid_scale: 4 / 5, strokes: 8 / 9
iteration step 390, G_loss: 0.05618, step_acc: 21.24653, grid_scale: 4 / 5, strokes: 8 / 9
iteration step 391, G_loss: 0.05608, step_acc: 21.25046, grid_scale: 4 / 5, strokes: 8 / 9
iteration step 392, G_loss: 0.05599, step_acc: 21.26143, grid_scale: 4 / 5, strokes: 8 / 9
iteration step 393, G_loss: 0.05592, step_acc: 21.26635, grid_scale: 4 / 5, strokes: 8 / 9
iteration step 394, G_loss: 0.05585, step_acc: 21.27338, grid_scale: 4 / 5, strokes: 8 / 9
iteration step 395, G_loss: 0.05581, step_acc: 21.27901, grid_scale: 4 / 5, strokes: 8 / 9
iteration step 396, G_loss: 0.05573, step_acc: 21.28426, grid_scale: 4 / 5, strokes: 8 / 9
iteration step 397, G_loss: 0.05570, step_acc: 21.29266, grid_scale: 4 / 5, strokes: 8 / 9
iteration step 398, G_loss: 0.05566, step_acc: 21.29646, grid_scale: 4 / 5, strokes: 8 / 9
iteration step 399, G_loss: 0.05560, step_acc: 21.30054, grid_scale: 4 / 5, strokes: 8 / 9
iteration step 400, G_loss: 0.05554, step_acc: 21.30895, grid_scale: 4 / 5, strokes: 8 / 9
iteration step 401, G_loss: 0.05550, step_acc: 21.31626, grid_scale: 4 / 5, strokes: 8 / 9
iteration step 402, G_loss: 0.05545, step_acc: 21.31853, grid_scale: 4 / 5, strokes: 8 / 9
iteration step 403, G_loss: 0.05541, step_acc: 21.32718, grid_scale: 4 / 5, strokes: 8 / 9
iteration step 404, G_loss: 0.05536, step_acc: 21.32752, grid_scale: 4 / 5, strokes: 8 / 9
iteration step 405, G_loss: 0.05533, step_acc: 21.33765, grid_scale: 4 / 5, strokes: 8 / 9
iteration step 406, G_loss: 0.05528, step_acc: 21.33722, grid_scale: 4 / 5, strokes: 8 / 9
iteration step 407, G_loss: 0.05523, step_acc: 21.34725, grid_scale: 4 / 5, strokes: 8 / 9
iteration step 408, G_loss: 0.05522, step_acc: 21.35179, grid_scale: 4 / 5, strokes: 8 / 9
iteration step 409, G_loss: 0.05516, step_acc: 21.35910, grid_scale: 4 / 5, strokes: 8 / 9
iteration step 410, G_loss: 0.05513, step_acc: 21.36607, grid_scale: 4 / 5, strokes: 8 / 9
iteration step 411, G_loss: 0.05508, step_acc: 21.37094, grid_scale: 4 / 5, strokes: 8 / 9
iteration step 412, G_loss: 0.05505, step_acc: 21.37468, grid_scale: 4 / 5, strokes: 8 / 9
iteration step 413, G_loss: 0.05501, step_acc: 21.37835, grid_scale: 4 / 5, strokes: 8 / 9
iteration step 414, G_loss: 0.05496, step_acc: 21.38055, grid_scale: 4 / 5, strokes: 8 / 9
iteration step 415, G_loss: 0.05495, step_acc: 21.38399, grid_scale: 4 / 5, strokes: 8 / 9
iteration step 416, G_loss: 0.05493, step_acc: 21.38762, grid_scale: 4 / 5, strokes: 8 / 9
iteration step 417, G_loss: 0.05488, step_acc: 21.39208, grid_scale: 4 / 5, strokes: 8 / 9
iteration step 418, G_loss: 0.05486, step_acc: 21.39946, grid_scale: 4 / 5, strokes: 8 / 9
iteration step 419, G_loss: 0.05481, step_acc: 21.40199, grid_scale: 4 / 5, strokes: 8 / 9
iteration step 420, G_loss: 0.05480, step_acc: 21.40141, grid_scale: 4 / 5, strokes: 8 / 9
iteration step 421, G_loss: 0.05480, step_acc: 21.40359, grid_scale: 4 / 5, strokes: 8 / 9
iteration step 422, G_loss: 0.05476, step_acc: 21.40917, grid_scale: 4 / 5, strokes: 8 / 9
iteration step 423, G_loss: 0.05474, step_acc: 21.41527, grid_scale: 4 / 5, strokes: 8 / 9
iteration step 424, G_loss: 0.05472, step_acc: 21.40977, grid_scale: 4 / 5, strokes: 8 / 9
iteration step 425, G_loss: 0.05472, step_acc: 21.41791, grid_scale: 4 / 5, strokes: 8 / 9
iteration step 426, G_loss: 0.05469, step_acc: 21.41538, grid_scale: 4 / 5, strokes: 8 / 9
iteration step 427, G_loss: 0.05468, step_acc: 21.42385, grid_scale: 4 / 5, strokes: 8 / 9
iteration step 428, G_loss: 0.05465, step_acc: 21.41861, grid_scale: 4 / 5, strokes: 8 / 9
iteration step 429, G_loss: 0.05464, step_acc: 21.42529, grid_scale: 4 / 5, strokes: 8 / 9
iteration step 430, G_loss: 0.05462, step_acc: 21.42325, grid_scale: 4 / 5, strokes: 8 / 9
iteration step 431, G_loss: 0.05462, step_acc: 21.43003, grid_scale: 4 / 5, strokes: 8 / 9
iteration step 432, G_loss: 0.05459, step_acc: 21.42712, grid_scale: 4 / 5, strokes: 8 / 9
iteration step 433, G_loss: 0.05459, step_acc: 21.43122, grid_scale: 4 / 5, strokes: 8 / 9
iteration step 434, G_loss: 0.05458, step_acc: 21.42992, grid_scale: 4 / 5, strokes: 8 / 9
iteration step 435, G_loss: 0.05457, step_acc: 21.43505, grid_scale: 4 / 5, strokes: 8 / 9
iteration step 436, G_loss: 0.05453, step_acc: 21.43375, grid_scale: 4 / 5, strokes: 8 / 9
iteration step 437, G_loss: 0.05453, step_acc: 21.43273, grid_scale: 4 / 5, strokes: 8 / 9
iteration step 438, G_loss: 0.05453, step_acc: 21.43294, grid_scale: 4 / 5, strokes: 8 / 9
iteration step 439, G_loss: 0.05454, step_acc: 21.43725, grid_scale: 4 / 5, strokes: 8 / 9
iteration step 440, G_loss: 0.05451, step_acc: 21.41484, grid_scale: 4 / 5, strokes: 9 / 9
iteration step 441, G_loss: 0.05472, step_acc: 21.49931, grid_scale: 4 / 5, strokes: 9 / 9
iteration step 442, G_loss: 0.05444, step_acc: 21.51622, grid_scale: 4 / 5, strokes: 9 / 9
iteration step 443, G_loss: 0.05426, step_acc: 21.53451, grid_scale: 4 / 5, strokes: 9 / 9
iteration step 444, G_loss: 0.05413, step_acc: 21.56197, grid_scale: 4 / 5, strokes: 9 / 9
iteration step 445, G_loss: 0.05406, step_acc: 21.56723, grid_scale: 4 / 5, strokes: 9 / 9
iteration step 446, G_loss: 0.05401, step_acc: 21.57563, grid_scale: 4 / 5, strokes: 9 / 9
iteration step 447, G_loss: 0.05399, step_acc: 21.58193, grid_scale: 4 / 5, strokes: 9 / 9
iteration step 448, G_loss: 0.05391, step_acc: 21.58773, grid_scale: 4 / 5, strokes: 9 / 9
iteration step 449, G_loss: 0.05389, step_acc: 21.58907, grid_scale: 4 / 5, strokes: 9 / 9
iteration step 450, G_loss: 0.05386, step_acc: 21.59064, grid_scale: 4 / 5, strokes: 9 / 9
iteration step 451, G_loss: 0.05384, step_acc: 21.58884, grid_scale: 4 / 5, strokes: 9 / 9
iteration step 452, G_loss: 0.05383, step_acc: 21.60009, grid_scale: 4 / 5, strokes: 9 / 9
iteration step 453, G_loss: 0.05381, step_acc: 21.59729, grid_scale: 4 / 5, strokes: 9 / 9
iteration step 454, G_loss: 0.05379, step_acc: 21.60752, grid_scale: 4 / 5, strokes: 9 / 9
iteration step 455, G_loss: 0.05374, step_acc: 21.60796, grid_scale: 4 / 5, strokes: 9 / 9
iteration step 456, G_loss: 0.05370, step_acc: 21.60928, grid_scale: 4 / 5, strokes: 9 / 9
iteration step 457, G_loss: 0.05371, step_acc: 21.61072, grid_scale: 4 / 5, strokes: 9 / 9
iteration step 458, G_loss: 0.05368, step_acc: 21.61842, grid_scale: 4 / 5, strokes: 9 / 9
iteration step 459, G_loss: 0.05367, step_acc: 21.62207, grid_scale: 4 / 5, strokes: 9 / 9
iteration step 460, G_loss: 0.05363, step_acc: 21.62779, grid_scale: 4 / 5, strokes: 9 / 9
iteration step 461, G_loss: 0.05359, step_acc: 21.62467, grid_scale: 4 / 5, strokes: 9 / 9
iteration step 462, G_loss: 0.05360, step_acc: 21.63534, grid_scale: 4 / 5, strokes: 9 / 9
iteration step 463, G_loss: 0.05356, step_acc: 21.63144, grid_scale: 4 / 5, strokes: 9 / 9
iteration step 464, G_loss: 0.05358, step_acc: 21.63914, grid_scale: 4 / 5, strokes: 9 / 9
iteration step 465, G_loss: 0.05352, step_acc: 21.64006, grid_scale: 4 / 5, strokes: 9 / 9
iteration step 466, G_loss: 0.05349, step_acc: 21.64375, grid_scale: 4 / 5, strokes: 9 / 9
iteration step 467, G_loss: 0.05350, step_acc: 21.64415, grid_scale: 4 / 5, strokes: 9 / 9
iteration step 468, G_loss: 0.05348, step_acc: 21.64982, grid_scale: 4 / 5, strokes: 9 / 9
iteration step 469, G_loss: 0.05344, step_acc: 21.65013, grid_scale: 4 / 5, strokes: 9 / 9
iteration step 470, G_loss: 0.05344, step_acc: 21.65612, grid_scale: 4 / 5, strokes: 9 / 9
iteration step 471, G_loss: 0.05340, step_acc: 21.65401, grid_scale: 4 / 5, strokes: 9 / 9
iteration step 472, G_loss: 0.05339, step_acc: 21.65656, grid_scale: 4 / 5, strokes: 9 / 9
iteration step 473, G_loss: 0.05337, step_acc: 21.65998, grid_scale: 4 / 5, strokes: 9 / 9
iteration step 474, G_loss: 0.05336, step_acc: 21.65851, grid_scale: 4 / 5, strokes: 9 / 9
iteration step 475, G_loss: 0.05338, step_acc: 21.66175, grid_scale: 4 / 5, strokes: 9 / 9
iteration step 476, G_loss: 0.05334, step_acc: 21.66212, grid_scale: 4 / 5, strokes: 9 / 9
iteration step 477, G_loss: 0.05333, step_acc: 21.66853, grid_scale: 4 / 5, strokes: 9 / 9
iteration step 478, G_loss: 0.05332, step_acc: 21.66956, grid_scale: 4 / 5, strokes: 9 / 9
iteration step 479, G_loss: 0.05331, step_acc: 21.67275, grid_scale: 4 / 5, strokes: 9 / 9
iteration step 480, G_loss: 0.05328, step_acc: 21.67286, grid_scale: 4 / 5, strokes: 9 / 9
iteration step 481, G_loss: 0.05324, step_acc: 21.67105, grid_scale: 4 / 5, strokes: 9 / 9
iteration step 482, G_loss: 0.05326, step_acc: 21.67412, grid_scale: 4 / 5, strokes: 9 / 9
iteration step 483, G_loss: 0.05326, step_acc: 21.67479, grid_scale: 4 / 5, strokes: 9 / 9
iteration step 484, G_loss: 0.05324, step_acc: 21.67526, grid_scale: 4 / 5, strokes: 9 / 9
iteration step 485, G_loss: 0.05322, step_acc: 21.67718, grid_scale: 4 / 5, strokes: 9 / 9
iteration step 486, G_loss: 0.05322, step_acc: 21.67744, grid_scale: 4 / 5, strokes: 9 / 9
iteration step 487, G_loss: 0.05321, step_acc: 21.67539, grid_scale: 4 / 5, strokes: 9 / 9
iteration step 488, G_loss: 0.05322, step_acc: 21.67853, grid_scale: 4 / 5, strokes: 9 / 9
iteration step 489, G_loss: 0.05322, step_acc: 21.67328, grid_scale: 4 / 5, strokes: 9 / 9
iteration step 490, G_loss: 0.05319, step_acc: 21.68596, grid_scale: 4 / 5, strokes: 9 / 9
iteration step 491, G_loss: 0.05318, step_acc: 21.67616, grid_scale: 4 / 5, strokes: 9 / 9
iteration step 492, G_loss: 0.05320, step_acc: 21.68162, grid_scale: 4 / 5, strokes: 9 / 9
iteration step 493, G_loss: 0.05320, step_acc: 21.68185, grid_scale: 4 / 5, strokes: 9 / 9
iteration step 494, G_loss: 0.05317, step_acc: 21.68759, grid_scale: 4 / 5, strokes: 9 / 9
rendering canvas...
iteration step 0, G_loss: 0.05317, step_acc: 19.40228, grid_scale: 5 / 5, strokes: 1 / 9
iteration step 1, G_loss: 0.06770, step_acc: 19.44937, grid_scale: 5 / 5, strokes: 1 / 9
iteration step 2, G_loss: 0.06739, step_acc: 19.48960, grid_scale: 5 / 5, strokes: 1 / 9
iteration step 3, G_loss: 0.06717, step_acc: 19.50959, grid_scale: 5 / 5, strokes: 1 / 9
iteration step 4, G_loss: 0.06700, step_acc: 19.52717, grid_scale: 5 / 5, strokes: 1 / 9
iteration step 5, G_loss: 0.06687, step_acc: 19.53854, grid_scale: 5 / 5, strokes: 1 / 9
iteration step 6, G_loss: 0.06679, step_acc: 19.55013, grid_scale: 5 / 5, strokes: 1 / 9
iteration step 7, G_loss: 0.06668, step_acc: 19.56194, grid_scale: 5 / 5, strokes: 1 / 9
iteration step 8, G_loss: 0.06661, step_acc: 19.57339, grid_scale: 5 / 5, strokes: 1 / 9
iteration step 9, G_loss: 0.06654, step_acc: 19.58223, grid_scale: 5 / 5, strokes: 1 / 9
iteration step 10, G_loss: 0.06647, step_acc: 19.59054, grid_scale: 5 / 5, strokes: 1 / 9
iteration step 11, G_loss: 0.06640, step_acc: 19.59752, grid_scale: 5 / 5, strokes: 1 / 9
iteration step 12, G_loss: 0.06634, step_acc: 19.60620, grid_scale: 5 / 5, strokes: 1 / 9
iteration step 13, G_loss: 0.06628, step_acc: 19.60872, grid_scale: 5 / 5, strokes: 1 / 9
iteration step 14, G_loss: 0.06624, step_acc: 19.61374, grid_scale: 5 / 5, strokes: 1 / 9
iteration step 15, G_loss: 0.06620, step_acc: 19.61749, grid_scale: 5 / 5, strokes: 1 / 9
iteration step 16, G_loss: 0.06617, step_acc: 19.61911, grid_scale: 5 / 5, strokes: 1 / 9
iteration step 17, G_loss: 0.06615, step_acc: 19.62221, grid_scale: 5 / 5, strokes: 1 / 9
iteration step 18, G_loss: 0.06611, step_acc: 19.62509, grid_scale: 5 / 5, strokes: 1 / 9
iteration step 19, G_loss: 0.06610, step_acc: 19.62783, grid_scale: 5 / 5, strokes: 1 / 9
iteration step 20, G_loss: 0.06606, step_acc: 19.62877, grid_scale: 5 / 5, strokes: 1 / 9
iteration step 21, G_loss: 0.06606, step_acc: 19.63379, grid_scale: 5 / 5, strokes: 1 / 9
iteration step 22, G_loss: 0.06601, step_acc: 19.63875, grid_scale: 5 / 5, strokes: 1 / 9
iteration step 23, G_loss: 0.06597, step_acc: 19.64033, grid_scale: 5 / 5, strokes: 1 / 9
iteration step 24, G_loss: 0.06594, step_acc: 19.64523, grid_scale: 5 / 5, strokes: 1 / 9
iteration step 25, G_loss: 0.06591, step_acc: 19.64728, grid_scale: 5 / 5, strokes: 1 / 9
iteration step 26, G_loss: 0.06589, step_acc: 19.65072, grid_scale: 5 / 5, strokes: 1 / 9
iteration step 27, G_loss: 0.06588, step_acc: 19.65074, grid_scale: 5 / 5, strokes: 1 / 9
iteration step 28, G_loss: 0.06585, step_acc: 19.65613, grid_scale: 5 / 5, strokes: 1 / 9
iteration step 29, G_loss: 0.06584, step_acc: 19.65603, grid_scale: 5 / 5, strokes: 1 / 9
iteration step 30, G_loss: 0.06583, step_acc: 19.65868, grid_scale: 5 / 5, strokes: 1 / 9
iteration step 31, G_loss: 0.06580, step_acc: 19.66058, grid_scale: 5 / 5, strokes: 1 / 9
iteration step 32, G_loss: 0.06578, step_acc: 19.66068, grid_scale: 5 / 5, strokes: 1 / 9
iteration step 33, G_loss: 0.06578, step_acc: 19.66272, grid_scale: 5 / 5, strokes: 1 / 9
iteration step 34, G_loss: 0.06576, step_acc: 19.66544, grid_scale: 5 / 5, strokes: 1 / 9
iteration step 35, G_loss: 0.06574, step_acc: 19.66717, grid_scale: 5 / 5, strokes: 1 / 9
iteration step 36, G_loss: 0.06572, step_acc: 19.66862, grid_scale: 5 / 5, strokes: 1 / 9
iteration step 37, G_loss: 0.06570, step_acc: 19.67021, grid_scale: 5 / 5, strokes: 1 / 9
iteration step 38, G_loss: 0.06569, step_acc: 19.66926, grid_scale: 5 / 5, strokes: 1 / 9
iteration step 39, G_loss: 0.06570, step_acc: 19.67223, grid_scale: 5 / 5, strokes: 1 / 9
iteration step 40, G_loss: 0.06568, step_acc: 19.67228, grid_scale: 5 / 5, strokes: 1 / 9
iteration step 41, G_loss: 0.06566, step_acc: 19.67494, grid_scale: 5 / 5, strokes: 1 / 9
iteration step 42, G_loss: 0.06564, step_acc: 19.67592, grid_scale: 5 / 5, strokes: 1 / 9
iteration step 43, G_loss: 0.06564, step_acc: 19.67569, grid_scale: 5 / 5, strokes: 1 / 9
iteration step 44, G_loss: 0.06563, step_acc: 19.67811, grid_scale: 5 / 5, strokes: 1 / 9
iteration step 45, G_loss: 0.06561, step_acc: 19.67963, grid_scale: 5 / 5, strokes: 1 / 9
iteration step 46, G_loss: 0.06560, step_acc: 19.67930, grid_scale: 5 / 5, strokes: 1 / 9
iteration step 47, G_loss: 0.06559, step_acc: 19.68023, grid_scale: 5 / 5, strokes: 1 / 9
iteration step 48, G_loss: 0.06559, step_acc: 19.68180, grid_scale: 5 / 5, strokes: 1 / 9
iteration step 49, G_loss: 0.06557, step_acc: 19.68294, grid_scale: 5 / 5, strokes: 1 / 9
iteration step 50, G_loss: 0.06556, step_acc: 19.68313, grid_scale: 5 / 5, strokes: 1 / 9
iteration step 51, G_loss: 0.06555, step_acc: 19.68417, grid_scale: 5 / 5, strokes: 1 / 9
iteration step 52, G_loss: 0.06554, step_acc: 19.68619, grid_scale: 5 / 5, strokes: 1 / 9
iteration step 53, G_loss: 0.06554, step_acc: 19.68560, grid_scale: 5 / 5, strokes: 1 / 9
iteration step 54, G_loss: 0.06552, step_acc: 19.68831, grid_scale: 5 / 5, strokes: 1 / 9
iteration step 55, G_loss: 0.06551, step_acc: 19.75024, grid_scale: 5 / 5, strokes: 2 / 9
iteration step 56, G_loss: 0.06525, step_acc: 19.77240, grid_scale: 5 / 5, strokes: 2 / 9
iteration step 57, G_loss: 0.06502, step_acc: 19.80625, grid_scale: 5 / 5, strokes: 2 / 9
iteration step 58, G_loss: 0.06483, step_acc: 19.83371, grid_scale: 5 / 5, strokes: 2 / 9
iteration step 59, G_loss: 0.06464, step_acc: 19.85260, grid_scale: 5 / 5, strokes: 2 / 9
iteration step 60, G_loss: 0.06450, step_acc: 19.86348, grid_scale: 5 / 5, strokes: 2 / 9
iteration step 61, G_loss: 0.06440, step_acc: 19.87441, grid_scale: 5 / 5, strokes: 2 / 9
iteration step 62, G_loss: 0.06433, step_acc: 19.89117, grid_scale: 5 / 5, strokes: 2 / 9
iteration step 63, G_loss: 0.06421, step_acc: 19.90362, grid_scale: 5 / 5, strokes: 2 / 9
iteration step 64, G_loss: 0.06412, step_acc: 19.91075, grid_scale: 5 / 5, strokes: 2 / 9
iteration step 65, G_loss: 0.06407, step_acc: 19.92182, grid_scale: 5 / 5, strokes: 2 / 9
iteration step 66, G_loss: 0.06399, step_acc: 19.92622, grid_scale: 5 / 5, strokes: 2 / 9
iteration step 67, G_loss: 0.06396, step_acc: 19.93283, grid_scale: 5 / 5, strokes: 2 / 9
iteration step 68, G_loss: 0.06390, step_acc: 19.93661, grid_scale: 5 / 5, strokes: 2 / 9
iteration step 69, G_loss: 0.06387, step_acc: 19.94233, grid_scale: 5 / 5, strokes: 2 / 9
iteration step 70, G_loss: 0.06380, step_acc: 19.95033, grid_scale: 5 / 5, strokes: 2 / 9
iteration step 71, G_loss: 0.06378, step_acc: 19.95815, grid_scale: 5 / 5, strokes: 2 / 9
iteration step 72, G_loss: 0.06373, step_acc: 19.96343, grid_scale: 5 / 5, strokes: 2 / 9
iteration step 73, G_loss: 0.06369, step_acc: 19.97208, grid_scale: 5 / 5, strokes: 2 / 9
iteration step 74, G_loss: 0.06365, step_acc: 19.97769, grid_scale: 5 / 5, strokes: 2 / 9
iteration step 75, G_loss: 0.06362, step_acc: 19.98413, grid_scale: 5 / 5, strokes: 2 / 9
iteration step 76, G_loss: 0.06357, step_acc: 19.98624, grid_scale: 5 / 5, strokes: 2 / 9
iteration step 77, G_loss: 0.06356, step_acc: 19.99464, grid_scale: 5 / 5, strokes: 2 / 9
iteration step 78, G_loss: 0.06349, step_acc: 20.00067, grid_scale: 5 / 5, strokes: 2 / 9
iteration step 79, G_loss: 0.06345, step_acc: 20.00625, grid_scale: 5 / 5, strokes: 2 / 9
iteration step 80, G_loss: 0.06341, step_acc: 20.01089, grid_scale: 5 / 5, strokes: 2 / 9
iteration step 81, G_loss: 0.06338, step_acc: 20.01328, grid_scale: 5 / 5, strokes: 2 / 9
iteration step 82, G_loss: 0.06335, step_acc: 20.01770, grid_scale: 5 / 5, strokes: 2 / 9
iteration step 83, G_loss: 0.06331, step_acc: 20.02158, grid_scale: 5 / 5, strokes: 2 / 9
iteration step 84, G_loss: 0.06328, step_acc: 20.02231, grid_scale: 5 / 5, strokes: 2 / 9
iteration step 85, G_loss: 0.06327, step_acc: 20.02628, grid_scale: 5 / 5, strokes: 2 / 9
iteration step 86, G_loss: 0.06326, step_acc: 20.02250, grid_scale: 5 / 5, strokes: 2 / 9
iteration step 87, G_loss: 0.06327, step_acc: 20.02872, grid_scale: 5 / 5, strokes: 2 / 9
iteration step 88, G_loss: 0.06323, step_acc: 20.03294, grid_scale: 5 / 5, strokes: 2 / 9
iteration step 89, G_loss: 0.06320, step_acc: 20.03754, grid_scale: 5 / 5, strokes: 2 / 9
iteration step 90, G_loss: 0.06316, step_acc: 20.04160, grid_scale: 5 / 5, strokes: 2 / 9
iteration step 91, G_loss: 0.06314, step_acc: 20.04344, grid_scale: 5 / 5, strokes: 2 / 9
iteration step 92, G_loss: 0.06312, step_acc: 20.04666, grid_scale: 5 / 5, strokes: 2 / 9
iteration step 93, G_loss: 0.06309, step_acc: 20.05084, grid_scale: 5 / 5, strokes: 2 / 9
iteration step 94, G_loss: 0.06307, step_acc: 20.05499, grid_scale: 5 / 5, strokes: 2 / 9
iteration step 95, G_loss: 0.06304, step_acc: 20.05423, grid_scale: 5 / 5, strokes: 2 / 9
iteration step 96, G_loss: 0.06302, step_acc: 20.06025, grid_scale: 5 / 5, strokes: 2 / 9
iteration step 97, G_loss: 0.06299, step_acc: 20.06170, grid_scale: 5 / 5, strokes: 2 / 9
iteration step 98, G_loss: 0.06297, step_acc: 20.06510, grid_scale: 5 / 5, strokes: 2 / 9
iteration step 99, G_loss: 0.06295, step_acc: 20.06674, grid_scale: 5 / 5, strokes: 2 / 9
iteration step 100, G_loss: 0.06293, step_acc: 20.06890, grid_scale: 5 / 5, strokes: 2 / 9
iteration step 101, G_loss: 0.06291, step_acc: 20.07001, grid_scale: 5 / 5, strokes: 2 / 9
iteration step 102, G_loss: 0.06288, step_acc: 20.07366, grid_scale: 5 / 5, strokes: 2 / 9
iteration step 103, G_loss: 0.06285, step_acc: 20.07166, grid_scale: 5 / 5, strokes: 2 / 9
iteration step 104, G_loss: 0.06284, step_acc: 20.07477, grid_scale: 5 / 5, strokes: 2 / 9
iteration step 105, G_loss: 0.06284, step_acc: 20.07546, grid_scale: 5 / 5, strokes: 2 / 9
iteration step 106, G_loss: 0.06281, step_acc: 20.07866, grid_scale: 5 / 5, strokes: 2 / 9
iteration step 107, G_loss: 0.06281, step_acc: 20.07920, grid_scale: 5 / 5, strokes: 2 / 9
iteration step 108, G_loss: 0.06279, step_acc: 20.08051, grid_scale: 5 / 5, strokes: 2 / 9
iteration step 109, G_loss: 0.06278, step_acc: 20.08237, grid_scale: 5 / 5, strokes: 2 / 9
iteration step 110, G_loss: 0.06277, step_acc: 20.08719, grid_scale: 5 / 5, strokes: 3 / 9
iteration step 111, G_loss: 0.06272, step_acc: 20.13607, grid_scale: 5 / 5, strokes: 3 / 9
iteration step 112, G_loss: 0.06244, step_acc: 20.16728, grid_scale: 5 / 5, strokes: 3 / 9
iteration step 113, G_loss: 0.06223, step_acc: 20.18237, grid_scale: 5 / 5, strokes: 3 / 9
iteration step 114, G_loss: 0.06209, step_acc: 20.20052, grid_scale: 5 / 5, strokes: 3 / 9
iteration step 115, G_loss: 0.06199, step_acc: 20.21432, grid_scale: 5 / 5, strokes: 3 / 9
iteration step 116, G_loss: 0.06191, step_acc: 20.22446, grid_scale: 5 / 5, strokes: 3 / 9
iteration step 117, G_loss: 0.06182, step_acc: 20.23170, grid_scale: 5 / 5, strokes: 3 / 9
iteration step 118, G_loss: 0.06176, step_acc: 20.23920, grid_scale: 5 / 5, strokes: 3 / 9
iteration step 119, G_loss: 0.06172, step_acc: 20.24480, grid_scale: 5 / 5, strokes: 3 / 9
iteration step 120, G_loss: 0.06165, step_acc: 20.25404, grid_scale: 5 / 5, strokes: 3 / 9
iteration step 121, G_loss: 0.06159, step_acc: 20.26175, grid_scale: 5 / 5, strokes: 3 / 9
iteration step 122, G_loss: 0.06156, step_acc: 20.26438, grid_scale: 5 / 5, strokes: 3 / 9
iteration step 123, G_loss: 0.06152, step_acc: 20.27308, grid_scale: 5 / 5, strokes: 3 / 9
iteration step 124, G_loss: 0.06148, step_acc: 20.27415, grid_scale: 5 / 5, strokes: 3 / 9
iteration step 125, G_loss: 0.06145, step_acc: 20.27999, grid_scale: 5 / 5, strokes: 3 / 9
iteration step 126, G_loss: 0.06142, step_acc: 20.28275, grid_scale: 5 / 5, strokes: 3 / 9
iteration step 127, G_loss: 0.06137, step_acc: 20.28562, grid_scale: 5 / 5, strokes: 3 / 9
iteration step 128, G_loss: 0.06135, step_acc: 20.29149, grid_scale: 5 / 5, strokes: 3 / 9
iteration step 129, G_loss: 0.06132, step_acc: 20.29381, grid_scale: 5 / 5, strokes: 3 / 9
iteration step 130, G_loss: 0.06128, step_acc: 20.29803, grid_scale: 5 / 5, strokes: 3 / 9
iteration step 131, G_loss: 0.06124, step_acc: 20.30173, grid_scale: 5 / 5, strokes: 3 / 9
iteration step 132, G_loss: 0.06124, step_acc: 20.30196, grid_scale: 5 / 5, strokes: 3 / 9
iteration step 133, G_loss: 0.06121, step_acc: 20.30798, grid_scale: 5 / 5, strokes: 3 / 9
iteration step 134, G_loss: 0.06119, step_acc: 20.30695, grid_scale: 5 / 5, strokes: 3 / 9
iteration step 135, G_loss: 0.06117, step_acc: 20.31055, grid_scale: 5 / 5, strokes: 3 / 9
iteration step 136, G_loss: 0.06115, step_acc: 20.31041, grid_scale: 5 / 5, strokes: 3 / 9
iteration step 137, G_loss: 0.06112, step_acc: 20.31268, grid_scale: 5 / 5, strokes: 3 / 9
iteration step 138, G_loss: 0.06111, step_acc: 20.31369, grid_scale: 5 / 5, strokes: 3 / 9
iteration step 139, G_loss: 0.06108, step_acc: 20.31695, grid_scale: 5 / 5, strokes: 3 / 9
iteration step 140, G_loss: 0.06107, step_acc: 20.31714, grid_scale: 5 / 5, strokes: 3 / 9
iteration step 141, G_loss: 0.06105, step_acc: 20.32143, grid_scale: 5 / 5, strokes: 3 / 9
iteration step 142, G_loss: 0.06104, step_acc: 20.32337, grid_scale: 5 / 5, strokes: 3 / 9
iteration step 143, G_loss: 0.06102, step_acc: 20.32303, grid_scale: 5 / 5, strokes: 3 / 9
iteration step 144, G_loss: 0.06100, step_acc: 20.32790, grid_scale: 5 / 5, strokes: 3 / 9
iteration step 145, G_loss: 0.06098, step_acc: 20.32903, grid_scale: 5 / 5, strokes: 3 / 9
iteration step 146, G_loss: 0.06095, step_acc: 20.33052, grid_scale: 5 / 5, strokes: 3 / 9
iteration step 147, G_loss: 0.06094, step_acc: 20.33182, grid_scale: 5 / 5, strokes: 3 / 9
iteration step 148, G_loss: 0.06093, step_acc: 20.33704, grid_scale: 5 / 5, strokes: 3 / 9
iteration step 149, G_loss: 0.06091, step_acc: 20.33644, grid_scale: 5 / 5, strokes: 3 / 9
iteration step 150, G_loss: 0.06090, step_acc: 20.33903, grid_scale: 5 / 5, strokes: 3 / 9
iteration step 151, G_loss: 0.06089, step_acc: 20.33989, grid_scale: 5 / 5, strokes: 3 / 9
iteration step 152, G_loss: 0.06088, step_acc: 20.34342, grid_scale: 5 / 5, strokes: 3 / 9
iteration step 153, G_loss: 0.06086, step_acc: 20.34262, grid_scale: 5 / 5, strokes: 3 / 9
iteration step 154, G_loss: 0.06085, step_acc: 20.34584, grid_scale: 5 / 5, strokes: 3 / 9
iteration step 155, G_loss: 0.06083, step_acc: 20.34821, grid_scale: 5 / 5, strokes: 3 / 9
iteration step 156, G_loss: 0.06082, step_acc: 20.34844, grid_scale: 5 / 5, strokes: 3 / 9
iteration step 157, G_loss: 0.06081, step_acc: 20.35157, grid_scale: 5 / 5, strokes: 3 / 9
iteration step 158, G_loss: 0.06079, step_acc: 20.34979, grid_scale: 5 / 5, strokes: 3 / 9
iteration step 159, G_loss: 0.06078, step_acc: 20.35249, grid_scale: 5 / 5, strokes: 3 / 9
iteration step 160, G_loss: 0.06078, step_acc: 20.35214, grid_scale: 5 / 5, strokes: 3 / 9
iteration step 161, G_loss: 0.06076, step_acc: 20.35605, grid_scale: 5 / 5, strokes: 3 / 9
iteration step 162, G_loss: 0.06074, step_acc: 20.35554, grid_scale: 5 / 5, strokes: 3 / 9
iteration step 163, G_loss: 0.06073, step_acc: 20.35553, grid_scale: 5 / 5, strokes: 3 / 9
iteration step 164, G_loss: 0.06072, step_acc: 20.35874, grid_scale: 5 / 5, strokes: 3 / 9
iteration step 165, G_loss: 0.06072, step_acc: 20.37184, grid_scale: 5 / 5, strokes: 4 / 9
iteration step 166, G_loss: 0.06068, step_acc: 20.41780, grid_scale: 5 / 5, strokes: 4 / 9
iteration step 167, G_loss: 0.06042, step_acc: 20.43751, grid_scale: 5 / 5, strokes: 4 / 9
iteration step 168, G_loss: 0.06027, step_acc: 20.45721, grid_scale: 5 / 5, strokes: 4 / 9
iteration step 169, G_loss: 0.06013, step_acc: 20.46469, grid_scale: 5 / 5, strokes: 4 / 9
iteration step 170, G_loss: 0.06008, step_acc: 20.48075, grid_scale: 5 / 5, strokes: 4 / 9
iteration step 171, G_loss: 0.05998, step_acc: 20.49300, grid_scale: 5 / 5, strokes: 4 / 9
iteration step 172, G_loss: 0.05993, step_acc: 20.49982, grid_scale: 5 / 5, strokes: 4 / 9
iteration step 173, G_loss: 0.05985, step_acc: 20.50792, grid_scale: 5 / 5, strokes: 4 / 9
iteration step 174, G_loss: 0.05980, step_acc: 20.51415, grid_scale: 5 / 5, strokes: 4 / 9
iteration step 175, G_loss: 0.05977, step_acc: 20.52479, grid_scale: 5 / 5, strokes: 4 / 9
iteration step 176, G_loss: 0.05972, step_acc: 20.52534, grid_scale: 5 / 5, strokes: 4 / 9
iteration step 177, G_loss: 0.05969, step_acc: 20.53402, grid_scale: 5 / 5, strokes: 4 / 9
iteration step 178, G_loss: 0.05966, step_acc: 20.54482, grid_scale: 5 / 5, strokes: 4 / 9
iteration step 179, G_loss: 0.05959, step_acc: 20.55033, grid_scale: 5 / 5, strokes: 4 / 9
iteration step 180, G_loss: 0.05954, step_acc: 20.55466, grid_scale: 5 / 5, strokes: 4 / 9
iteration step 181, G_loss: 0.05952, step_acc: 20.56017, grid_scale: 5 / 5, strokes: 4 / 9
iteration step 182, G_loss: 0.05949, step_acc: 20.56492, grid_scale: 5 / 5, strokes: 4 / 9
iteration step 183, G_loss: 0.05945, step_acc: 20.56949, grid_scale: 5 / 5, strokes: 4 / 9
iteration step 184, G_loss: 0.05944, step_acc: 20.57096, grid_scale: 5 / 5, strokes: 4 / 9
iteration step 185, G_loss: 0.05941, step_acc: 20.57277, grid_scale: 5 / 5, strokes: 4 / 9
iteration step 186, G_loss: 0.05939, step_acc: 20.57689, grid_scale: 5 / 5, strokes: 4 / 9
iteration step 187, G_loss: 0.05938, step_acc: 20.57667, grid_scale: 5 / 5, strokes: 4 / 9
iteration step 188, G_loss: 0.05936, step_acc: 20.57932, grid_scale: 5 / 5, strokes: 4 / 9
iteration step 189, G_loss: 0.05934, step_acc: 20.58464, grid_scale: 5 / 5, strokes: 4 / 9
iteration step 190, G_loss: 0.05932, step_acc: 20.58469, grid_scale: 5 / 5, strokes: 4 / 9
iteration step 191, G_loss: 0.05930, step_acc: 20.58639, grid_scale: 5 / 5, strokes: 4 / 9
iteration step 192, G_loss: 0.05927, step_acc: 20.58498, grid_scale: 5 / 5, strokes: 4 / 9
iteration step 193, G_loss: 0.05928, step_acc: 20.59095, grid_scale: 5 / 5, strokes: 4 / 9
iteration step 194, G_loss: 0.05927, step_acc: 20.59229, grid_scale: 5 / 5, strokes: 4 / 9
iteration step 195, G_loss: 0.05924, step_acc: 20.59438, grid_scale: 5 / 5, strokes: 4 / 9
iteration step 196, G_loss: 0.05923, step_acc: 20.59706, grid_scale: 5 / 5, strokes: 4 / 9
iteration step 197, G_loss: 0.05920, step_acc: 20.60089, grid_scale: 5 / 5, strokes: 4 / 9
iteration step 198, G_loss: 0.05918, step_acc: 20.59986, grid_scale: 5 / 5, strokes: 4 / 9
iteration step 199, G_loss: 0.05917, step_acc: 20.60095, grid_scale: 5 / 5, strokes: 4 / 9
iteration step 200, G_loss: 0.05916, step_acc: 20.60492, grid_scale: 5 / 5, strokes: 4 / 9
iteration step 201, G_loss: 0.05914, step_acc: 20.60714, grid_scale: 5 / 5, strokes: 4 / 9
iteration step 202, G_loss: 0.05913, step_acc: 20.60856, grid_scale: 5 / 5, strokes: 4 / 9
iteration step 203, G_loss: 0.05910, step_acc: 20.60954, grid_scale: 5 / 5, strokes: 4 / 9
iteration step 204, G_loss: 0.05910, step_acc: 20.61121, grid_scale: 5 / 5, strokes: 4 / 9
iteration step 205, G_loss: 0.05909, step_acc: 20.61433, grid_scale: 5 / 5, strokes: 4 / 9
iteration step 206, G_loss: 0.05908, step_acc: 20.61152, grid_scale: 5 / 5, strokes: 4 / 9
iteration step 207, G_loss: 0.05908, step_acc: 20.61746, grid_scale: 5 / 5, strokes: 4 / 9
iteration step 208, G_loss: 0.05907, step_acc: 20.61600, grid_scale: 5 / 5, strokes: 4 / 9
iteration step 209, G_loss: 0.05906, step_acc: 20.61758, grid_scale: 5 / 5, strokes: 4 / 9
iteration step 210, G_loss: 0.05906, step_acc: 20.61681, grid_scale: 5 / 5, strokes: 4 / 9
iteration step 211, G_loss: 0.05905, step_acc: 20.62168, grid_scale: 5 / 5, strokes: 4 / 9
iteration step 212, G_loss: 0.05902, step_acc: 20.62095, grid_scale: 5 / 5, strokes: 4 / 9
iteration step 213, G_loss: 0.05901, step_acc: 20.62107, grid_scale: 5 / 5, strokes: 4 / 9
iteration step 214, G_loss: 0.05902, step_acc: 20.62014, grid_scale: 5 / 5, strokes: 4 / 9
iteration step 215, G_loss: 0.05901, step_acc: 20.62269, grid_scale: 5 / 5, strokes: 4 / 9
iteration step 216, G_loss: 0.05900, step_acc: 20.62126, grid_scale: 5 / 5, strokes: 4 / 9
iteration step 217, G_loss: 0.05899, step_acc: 20.62816, grid_scale: 5 / 5, strokes: 4 / 9
iteration step 218, G_loss: 0.05898, step_acc: 20.62683, grid_scale: 5 / 5, strokes: 4 / 9
iteration step 219, G_loss: 0.05896, step_acc: 20.63040, grid_scale: 5 / 5, strokes: 4 / 9
iteration step 220, G_loss: 0.05893, step_acc: 20.63638, grid_scale: 5 / 5, strokes: 5 / 9
iteration step 221, G_loss: 0.05904, step_acc: 20.69444, grid_scale: 5 / 5, strokes: 5 / 9
iteration step 222, G_loss: 0.05877, step_acc: 20.71935, grid_scale: 5 / 5, strokes: 5 / 9
iteration step 223, G_loss: 0.05859, step_acc: 20.74628, grid_scale: 5 / 5, strokes: 5 / 9
iteration step 224, G_loss: 0.05845, step_acc: 20.76335, grid_scale: 5 / 5, strokes: 5 / 9
iteration step 225, G_loss: 0.05834, step_acc: 20.77390, grid_scale: 5 / 5, strokes: 5 / 9
iteration step 226, G_loss: 0.05827, step_acc: 20.78709, grid_scale: 5 / 5, strokes: 5 / 9
iteration step 227, G_loss: 0.05820, step_acc: 20.79840, grid_scale: 5 / 5, strokes: 5 / 9
iteration step 228, G_loss: 0.05813, step_acc: 20.80808, grid_scale: 5 / 5, strokes: 5 / 9
iteration step 229, G_loss: 0.05805, step_acc: 20.81329, grid_scale: 5 / 5, strokes: 5 / 9
iteration step 230, G_loss: 0.05803, step_acc: 20.82154, grid_scale: 5 / 5, strokes: 5 / 9
iteration step 231, G_loss: 0.05800, step_acc: 20.82600, grid_scale: 5 / 5, strokes: 5 / 9
iteration step 232, G_loss: 0.05794, step_acc: 20.83203, grid_scale: 5 / 5, strokes: 5 / 9
iteration step 233, G_loss: 0.05791, step_acc: 20.83673, grid_scale: 5 / 5, strokes: 5 / 9
iteration step 234, G_loss: 0.05787, step_acc: 20.84153, grid_scale: 5 / 5, strokes: 5 / 9
iteration step 235, G_loss: 0.05785, step_acc: 20.84493, grid_scale: 5 / 5, strokes: 5 / 9
iteration step 236, G_loss: 0.05783, step_acc: 20.84678, grid_scale: 5 / 5, strokes: 5 / 9
iteration step 237, G_loss: 0.05781, step_acc: 20.84977, grid_scale: 5 / 5, strokes: 5 / 9
iteration step 238, G_loss: 0.05779, step_acc: 20.85674, grid_scale: 5 / 5, strokes: 5 / 9
iteration step 239, G_loss: 0.05777, step_acc: 20.85579, grid_scale: 5 / 5, strokes: 5 / 9
iteration step 240, G_loss: 0.05774, step_acc: 20.85997, grid_scale: 5 / 5, strokes: 5 / 9
iteration step 241, G_loss: 0.05772, step_acc: 20.85931, grid_scale: 5 / 5, strokes: 5 / 9
iteration step 242, G_loss: 0.05771, step_acc: 20.86269, grid_scale: 5 / 5, strokes: 5 / 9
iteration step 243, G_loss: 0.05769, step_acc: 20.86298, grid_scale: 5 / 5, strokes: 5 / 9
iteration step 244, G_loss: 0.05768, step_acc: 20.86480, grid_scale: 5 / 5, strokes: 5 / 9
iteration step 245, G_loss: 0.05767, step_acc: 20.86792, grid_scale: 5 / 5, strokes: 5 / 9
iteration step 246, G_loss: 0.05765, step_acc: 20.86823, grid_scale: 5 / 5, strokes: 5 / 9
iteration step 247, G_loss: 0.05764, step_acc: 20.86831, grid_scale: 5 / 5, strokes: 5 / 9
iteration step 248, G_loss: 0.05763, step_acc: 20.87254, grid_scale: 5 / 5, strokes: 5 / 9
iteration step 249, G_loss: 0.05760, step_acc: 20.87160, grid_scale: 5 / 5, strokes: 5 / 9
iteration step 250, G_loss: 0.05759, step_acc: 20.87447, grid_scale: 5 / 5, strokes: 5 / 9
iteration step 251, G_loss: 0.05758, step_acc: 20.87584, grid_scale: 5 / 5, strokes: 5 / 9
iteration step 252, G_loss: 0.05756, step_acc: 20.87781, grid_scale: 5 / 5, strokes: 5 / 9
iteration step 253, G_loss: 0.05754, step_acc: 20.87593, grid_scale: 5 / 5, strokes: 5 / 9
iteration step 254, G_loss: 0.05754, step_acc: 20.87699, grid_scale: 5 / 5, strokes: 5 / 9
iteration step 255, G_loss: 0.05753, step_acc: 20.87830, grid_scale: 5 / 5, strokes: 5 / 9
iteration step 256, G_loss: 0.05751, step_acc: 20.88264, grid_scale: 5 / 5, strokes: 5 / 9
iteration step 257, G_loss: 0.05751, step_acc: 20.87934, grid_scale: 5 / 5, strokes: 5 / 9
iteration step 258, G_loss: 0.05751, step_acc: 20.88296, grid_scale: 5 / 5, strokes: 5 / 9
iteration step 259, G_loss: 0.05749, step_acc: 20.88274, grid_scale: 5 / 5, strokes: 5 / 9
iteration step 260, G_loss: 0.05749, step_acc: 20.88169, grid_scale: 5 / 5, strokes: 5 / 9
iteration step 261, G_loss: 0.05750, step_acc: 20.88466, grid_scale: 5 / 5, strokes: 5 / 9
iteration step 262, G_loss: 0.05748, step_acc: 20.88708, grid_scale: 5 / 5, strokes: 5 / 9
iteration step 263, G_loss: 0.05745, step_acc: 20.88453, grid_scale: 5 / 5, strokes: 5 / 9
iteration step 264, G_loss: 0.05746, step_acc: 20.88740, grid_scale: 5 / 5, strokes: 5 / 9
iteration step 265, G_loss: 0.05745, step_acc: 20.88484, grid_scale: 5 / 5, strokes: 5 / 9
iteration step 266, G_loss: 0.05745, step_acc: 20.88902, grid_scale: 5 / 5, strokes: 5 / 9
iteration step 267, G_loss: 0.05744, step_acc: 20.88822, grid_scale: 5 / 5, strokes: 5 / 9
iteration step 268, G_loss: 0.05745, step_acc: 20.88853, grid_scale: 5 / 5, strokes: 5 / 9
iteration step 269, G_loss: 0.05743, step_acc: 20.88955, grid_scale: 5 / 5, strokes: 5 / 9
iteration step 270, G_loss: 0.05743, step_acc: 20.88766, grid_scale: 5 / 5, strokes: 5 / 9
iteration step 271, G_loss: 0.05743, step_acc: 20.88867, grid_scale: 5 / 5, strokes: 5 / 9
iteration step 272, G_loss: 0.05742, step_acc: 20.89364, grid_scale: 5 / 5, strokes: 5 / 9
iteration step 273, G_loss: 0.05740, step_acc: 20.89329, grid_scale: 5 / 5, strokes: 5 / 9
iteration step 274, G_loss: 0.05739, step_acc: 20.89268, grid_scale: 5 / 5, strokes: 5 / 9
iteration step 275, G_loss: 0.05739, step_acc: 20.92282, grid_scale: 5 / 5, strokes: 6 / 9
iteration step 276, G_loss: 0.05749, step_acc: 20.97484, grid_scale: 5 / 5, strokes: 6 / 9
iteration step 277, G_loss: 0.05718, step_acc: 21.00380, grid_scale: 5 / 5, strokes: 6 / 9
iteration step 278, G_loss: 0.05698, step_acc: 21.01899, grid_scale: 5 / 5, strokes: 6 / 9
iteration step 279, G_loss: 0.05689, step_acc: 21.04514, grid_scale: 5 / 5, strokes: 6 / 9
iteration step 280, G_loss: 0.05677, step_acc: 21.05437, grid_scale: 5 / 5, strokes: 6 / 9
iteration step 281, G_loss: 0.05671, step_acc: 21.06097, grid_scale: 5 / 5, strokes: 6 / 9
iteration step 282, G_loss: 0.05662, step_acc: 21.07371, grid_scale: 5 / 5, strokes: 6 / 9
iteration step 283, G_loss: 0.05655, step_acc: 21.08613, grid_scale: 5 / 5, strokes: 6 / 9
iteration step 284, G_loss: 0.05648, step_acc: 21.09189, grid_scale: 5 / 5, strokes: 6 / 9
iteration step 285, G_loss: 0.05643, step_acc: 21.09686, grid_scale: 5 / 5, strokes: 6 / 9
iteration step 286, G_loss: 0.05638, step_acc: 21.10154, grid_scale: 5 / 5, strokes: 6 / 9
iteration step 287, G_loss: 0.05634, step_acc: 21.11212, grid_scale: 5 / 5, strokes: 6 / 9
iteration step 288, G_loss: 0.05629, step_acc: 21.11494, grid_scale: 5 / 5, strokes: 6 / 9
iteration step 289, G_loss: 0.05626, step_acc: 21.12045, grid_scale: 5 / 5, strokes: 6 / 9
iteration step 290, G_loss: 0.05624, step_acc: 21.12109, grid_scale: 5 / 5, strokes: 6 / 9
iteration step 291, G_loss: 0.05622, step_acc: 21.12725, grid_scale: 5 / 5, strokes: 6 / 9
iteration step 292, G_loss: 0.05619, step_acc: 21.12609, grid_scale: 5 / 5, strokes: 6 / 9
iteration step 293, G_loss: 0.05616, step_acc: 21.13505, grid_scale: 5 / 5, strokes: 6 / 9
iteration step 294, G_loss: 0.05612, step_acc: 21.13823, grid_scale: 5 / 5, strokes: 6 / 9
iteration step 295, G_loss: 0.05609, step_acc: 21.14008, grid_scale: 5 / 5, strokes: 6 / 9
iteration step 296, G_loss: 0.05608, step_acc: 21.14036, grid_scale: 5 / 5, strokes: 6 / 9
iteration step 297, G_loss: 0.05605, step_acc: 21.14468, grid_scale: 5 / 5, strokes: 6 / 9
iteration step 298, G_loss: 0.05604, step_acc: 21.14541, grid_scale: 5 / 5, strokes: 6 / 9
iteration step 299, G_loss: 0.05603, step_acc: 21.14772, grid_scale: 5 / 5, strokes: 6 / 9
iteration step 300, G_loss: 0.05602, step_acc: 21.15121, grid_scale: 5 / 5, strokes: 6 / 9
iteration step 301, G_loss: 0.05599, step_acc: 21.15118, grid_scale: 5 / 5, strokes: 6 / 9
iteration step 302, G_loss: 0.05596, step_acc: 21.15417, grid_scale: 5 / 5, strokes: 6 / 9
iteration step 303, G_loss: 0.05595, step_acc: 21.15249, grid_scale: 5 / 5, strokes: 6 / 9
iteration step 304, G_loss: 0.05594, step_acc: 21.15655, grid_scale: 5 / 5, strokes: 6 / 9
iteration step 305, G_loss: 0.05594, step_acc: 21.15744, grid_scale: 5 / 5, strokes: 6 / 9
iteration step 306, G_loss: 0.05592, step_acc: 21.16014, grid_scale: 5 / 5, strokes: 6 / 9
iteration step 307, G_loss: 0.05589, step_acc: 21.16407, grid_scale: 5 / 5, strokes: 6 / 9
iteration step 308, G_loss: 0.05587, step_acc: 21.16358, grid_scale: 5 / 5, strokes: 6 / 9
iteration step 309, G_loss: 0.05588, step_acc: 21.16859, grid_scale: 5 / 5, strokes: 6 / 9
iteration step 310, G_loss: 0.05584, step_acc: 21.16656, grid_scale: 5 / 5, strokes: 6 / 9
iteration step 311, G_loss: 0.05584, step_acc: 21.17012, grid_scale: 5 / 5, strokes: 6 / 9
iteration step 312, G_loss: 0.05582, step_acc: 21.17085, grid_scale: 5 / 5, strokes: 6 / 9
iteration step 313, G_loss: 0.05580, step_acc: 21.17468, grid_scale: 5 / 5, strokes: 6 / 9
iteration step 314, G_loss: 0.05578, step_acc: 21.17340, grid_scale: 5 / 5, strokes: 6 / 9
iteration step 315, G_loss: 0.05578, step_acc: 21.17670, grid_scale: 5 / 5, strokes: 6 / 9
iteration step 316, G_loss: 0.05576, step_acc: 21.17475, grid_scale: 5 / 5, strokes: 6 / 9
iteration step 317, G_loss: 0.05576, step_acc: 21.17703, grid_scale: 5 / 5, strokes: 6 / 9
iteration step 318, G_loss: 0.05575, step_acc: 21.17752, grid_scale: 5 / 5, strokes: 6 / 9
iteration step 319, G_loss: 0.05575, step_acc: 21.18016, grid_scale: 5 / 5, strokes: 6 / 9
iteration step 320, G_loss: 0.05573, step_acc: 21.18319, grid_scale: 5 / 5, strokes: 6 / 9
iteration step 321, G_loss: 0.05572, step_acc: 21.18411, grid_scale: 5 / 5, strokes: 6 / 9
iteration step 322, G_loss: 0.05571, step_acc: 21.18746, grid_scale: 5 / 5, strokes: 6 / 9
iteration step 323, G_loss: 0.05569, step_acc: 21.18411, grid_scale: 5 / 5, strokes: 6 / 9
iteration step 324, G_loss: 0.05570, step_acc: 21.18570, grid_scale: 5 / 5, strokes: 6 / 9
iteration step 325, G_loss: 0.05568, step_acc: 21.19097, grid_scale: 5 / 5, strokes: 6 / 9
iteration step 326, G_loss: 0.05566, step_acc: 21.18948, grid_scale: 5 / 5, strokes: 6 / 9
iteration step 327, G_loss: 0.05567, step_acc: 21.19124, grid_scale: 5 / 5, strokes: 6 / 9
iteration step 328, G_loss: 0.05567, step_acc: 21.19185, grid_scale: 5 / 5, strokes: 6 / 9
iteration step 329, G_loss: 0.05566, step_acc: 21.19610, grid_scale: 5 / 5, strokes: 6 / 9
iteration step 330, G_loss: 0.05564, step_acc: 21.19712, grid_scale: 5 / 5, strokes: 7 / 9
iteration step 331, G_loss: 0.05576, step_acc: 21.24337, grid_scale: 5 / 5, strokes: 7 / 9
iteration step 332, G_loss: 0.05552, step_acc: 21.27153, grid_scale: 5 / 5, strokes: 7 / 9
iteration step 333, G_loss: 0.05534, step_acc: 21.29738, grid_scale: 5 / 5, strokes: 7 / 9
iteration step 334, G_loss: 0.05517, step_acc: 21.31638, grid_scale: 5 / 5, strokes: 7 / 9
iteration step 335, G_loss: 0.05508, step_acc: 21.33449, grid_scale: 5 / 5, strokes: 7 / 9
iteration step 336, G_loss: 0.05499, step_acc: 21.34705, grid_scale: 5 / 5, strokes: 7 / 9
iteration step 337, G_loss: 0.05494, step_acc: 21.36130, grid_scale: 5 / 5, strokes: 7 / 9
iteration step 338, G_loss: 0.05486, step_acc: 21.37078, grid_scale: 5 / 5, strokes: 7 / 9
iteration step 339, G_loss: 0.05481, step_acc: 21.37731, grid_scale: 5 / 5, strokes: 7 / 9
iteration step 340, G_loss: 0.05477, step_acc: 21.38235, grid_scale: 5 / 5, strokes: 7 / 9
iteration step 341, G_loss: 0.05474, step_acc: 21.38890, grid_scale: 5 / 5, strokes: 7 / 9
iteration step 342, G_loss: 0.05469, step_acc: 21.39808, grid_scale: 5 / 5, strokes: 7 / 9
iteration step 343, G_loss: 0.05466, step_acc: 21.39818, grid_scale: 5 / 5, strokes: 7 / 9
iteration step 344, G_loss: 0.05463, step_acc: 21.40878, grid_scale: 5 / 5, strokes: 7 / 9
iteration step 345, G_loss: 0.05460, step_acc: 21.41101, grid_scale: 5 / 5, strokes: 7 / 9
iteration step 346, G_loss: 0.05458, step_acc: 21.41719, grid_scale: 5 / 5, strokes: 7 / 9
iteration step 347, G_loss: 0.05455, step_acc: 21.42171, grid_scale: 5 / 5, strokes: 7 / 9
iteration step 348, G_loss: 0.05452, step_acc: 21.42520, grid_scale: 5 / 5, strokes: 7 / 9
iteration step 349, G_loss: 0.05450, step_acc: 21.42889, grid_scale: 5 / 5, strokes: 7 / 9
iteration step 350, G_loss: 0.05449, step_acc: 21.42734, grid_scale: 5 / 5, strokes: 7 / 9
iteration step 351, G_loss: 0.05450, step_acc: 21.43330, grid_scale: 5 / 5, strokes: 7 / 9
iteration step 352, G_loss: 0.05448, step_acc: 21.44093, grid_scale: 5 / 5, strokes: 7 / 9
iteration step 353, G_loss: 0.05444, step_acc: 21.44892, grid_scale: 5 / 5, strokes: 7 / 9
iteration step 354, G_loss: 0.05441, step_acc: 21.45280, grid_scale: 5 / 5, strokes: 7 / 9
iteration step 355, G_loss: 0.05439, step_acc: 21.45462, grid_scale: 5 / 5, strokes: 7 / 9
iteration step 356, G_loss: 0.05438, step_acc: 21.45775, grid_scale: 5 / 5, strokes: 7 / 9
iteration step 357, G_loss: 0.05435, step_acc: 21.46249, grid_scale: 5 / 5, strokes: 7 / 9
iteration step 358, G_loss: 0.05433, step_acc: 21.46422, grid_scale: 5 / 5, strokes: 7 / 9
iteration step 359, G_loss: 0.05432, step_acc: 21.47245, grid_scale: 5 / 5, strokes: 7 / 9
iteration step 360, G_loss: 0.05431, step_acc: 21.47314, grid_scale: 5 / 5, strokes: 7 / 9
iteration step 361, G_loss: 0.05429, step_acc: 21.48183, grid_scale: 5 / 5, strokes: 7 / 9
iteration step 362, G_loss: 0.05427, step_acc: 21.47984, grid_scale: 5 / 5, strokes: 7 / 9
iteration step 363, G_loss: 0.05424, step_acc: 21.48177, grid_scale: 5 / 5, strokes: 7 / 9
iteration step 364, G_loss: 0.05425, step_acc: 21.48414, grid_scale: 5 / 5, strokes: 7 / 9
iteration step 365, G_loss: 0.05424, step_acc: 21.48655, grid_scale: 5 / 5, strokes: 7 / 9
iteration step 366, G_loss: 0.05423, step_acc: 21.48949, grid_scale: 5 / 5, strokes: 7 / 9
iteration step 367, G_loss: 0.05421, step_acc: 21.49151, grid_scale: 5 / 5, strokes: 7 / 9
iteration step 368, G_loss: 0.05419, step_acc: 21.49498, grid_scale: 5 / 5, strokes: 7 / 9
iteration step 369, G_loss: 0.05418, step_acc: 21.49327, grid_scale: 5 / 5, strokes: 7 / 9
iteration step 370, G_loss: 0.05418, step_acc: 21.49852, grid_scale: 5 / 5, strokes: 7 / 9
iteration step 371, G_loss: 0.05416, step_acc: 21.49921, grid_scale: 5 / 5, strokes: 7 / 9
iteration step 372, G_loss: 0.05415, step_acc: 21.50130, grid_scale: 5 / 5, strokes: 7 / 9
iteration step 373, G_loss: 0.05413, step_acc: 21.50288, grid_scale: 5 / 5, strokes: 7 / 9
iteration step 374, G_loss: 0.05412, step_acc: 21.51008, grid_scale: 5 / 5, strokes: 7 / 9
iteration step 375, G_loss: 0.05409, step_acc: 21.51055, grid_scale: 5 / 5, strokes: 7 / 9
iteration step 376, G_loss: 0.05409, step_acc: 21.51636, grid_scale: 5 / 5, strokes: 7 / 9
iteration step 377, G_loss: 0.05407, step_acc: 21.52178, grid_scale: 5 / 5, strokes: 7 / 9
iteration step 378, G_loss: 0.05405, step_acc: 21.52405, grid_scale: 5 / 5, strokes: 7 / 9
iteration step 379, G_loss: 0.05403, step_acc: 21.52857, grid_scale: 5 / 5, strokes: 7 / 9
iteration step 380, G_loss: 0.05402, step_acc: 21.53028, grid_scale: 5 / 5, strokes: 7 / 9
iteration step 381, G_loss: 0.05400, step_acc: 21.53830, grid_scale: 5 / 5, strokes: 7 / 9
iteration step 382, G_loss: 0.05399, step_acc: 21.53602, grid_scale: 5 / 5, strokes: 7 / 9
iteration step 383, G_loss: 0.05398, step_acc: 21.53755, grid_scale: 5 / 5, strokes: 7 / 9
iteration step 384, G_loss: 0.05397, step_acc: 21.53765, grid_scale: 5 / 5, strokes: 7 / 9
iteration step 385, G_loss: 0.05399, step_acc: 21.52982, grid_scale: 5 / 5, strokes: 8 / 9
iteration step 386, G_loss: 0.05412, step_acc: 21.55389, grid_scale: 5 / 5, strokes: 8 / 9
iteration step 387, G_loss: 0.05397, step_acc: 21.57564, grid_scale: 5 / 5, strokes: 8 / 9
iteration step 388, G_loss: 0.05381, step_acc: 21.58730, grid_scale: 5 / 5, strokes: 8 / 9
iteration step 389, G_loss: 0.05372, step_acc: 21.59817, grid_scale: 5 / 5, strokes: 8 / 9
iteration step 390, G_loss: 0.05365, step_acc: 21.60548, grid_scale: 5 / 5, strokes: 8 / 9
iteration step 391, G_loss: 0.05357, step_acc: 21.60558, grid_scale: 5 / 5, strokes: 8 / 9
iteration step 392, G_loss: 0.05356, step_acc: 21.61629, grid_scale: 5 / 5, strokes: 8 / 9
iteration step 393, G_loss: 0.05350, step_acc: 21.61544, grid_scale: 5 / 5, strokes: 8 / 9
iteration step 394, G_loss: 0.05349, step_acc: 21.62303, grid_scale: 5 / 5, strokes: 8 / 9
iteration step 395, G_loss: 0.05344, step_acc: 21.62504, grid_scale: 5 / 5, strokes: 8 / 9
iteration step 396, G_loss: 0.05339, step_acc: 21.63239, grid_scale: 5 / 5, strokes: 8 / 9
iteration step 397, G_loss: 0.05336, step_acc: 21.63058, grid_scale: 5 / 5, strokes: 8 / 9
iteration step 398, G_loss: 0.05334, step_acc: 21.64093, grid_scale: 5 / 5, strokes: 8 / 9
iteration step 399, G_loss: 0.05331, step_acc: 21.64429, grid_scale: 5 / 5, strokes: 8 / 9
iteration step 400, G_loss: 0.05326, step_acc: 21.64713, grid_scale: 5 / 5, strokes: 8 / 9
iteration step 401, G_loss: 0.05324, step_acc: 21.64776, grid_scale: 5 / 5, strokes: 8 / 9
iteration step 402, G_loss: 0.05323, step_acc: 21.65444, grid_scale: 5 / 5, strokes: 8 / 9
iteration step 403, G_loss: 0.05320, step_acc: 21.65627, grid_scale: 5 / 5, strokes: 8 / 9
iteration step 404, G_loss: 0.05317, step_acc: 21.65336, grid_scale: 5 / 5, strokes: 8 / 9
iteration step 405, G_loss: 0.05318, step_acc: 21.66349, grid_scale: 5 / 5, strokes: 8 / 9
iteration step 406, G_loss: 0.05314, step_acc: 21.66386, grid_scale: 5 / 5, strokes: 8 / 9
iteration step 407, G_loss: 0.05312, step_acc: 21.66957, grid_scale: 5 / 5, strokes: 8 / 9
iteration step 408, G_loss: 0.05308, step_acc: 21.66989, grid_scale: 5 / 5, strokes: 8 / 9
iteration step 409, G_loss: 0.05307, step_acc: 21.67779, grid_scale: 5 / 5, strokes: 8 / 9
iteration step 410, G_loss: 0.05303, step_acc: 21.67933, grid_scale: 5 / 5, strokes: 8 / 9
iteration step 411, G_loss: 0.05301, step_acc: 21.68201, grid_scale: 5 / 5, strokes: 8 / 9
iteration step 412, G_loss: 0.05299, step_acc: 21.68455, grid_scale: 5 / 5, strokes: 8 / 9
iteration step 413, G_loss: 0.05297, step_acc: 21.69015, grid_scale: 5 / 5, strokes: 8 / 9
iteration step 414, G_loss: 0.05292, step_acc: 21.69097, grid_scale: 5 / 5, strokes: 8 / 9
iteration step 415, G_loss: 0.05290, step_acc: 21.69886, grid_scale: 5 / 5, strokes: 8 / 9
iteration step 416, G_loss: 0.05287, step_acc: 21.69727, grid_scale: 5 / 5, strokes: 8 / 9
iteration step 417, G_loss: 0.05287, step_acc: 21.70152, grid_scale: 5 / 5, strokes: 8 / 9
iteration step 418, G_loss: 0.05286, step_acc: 21.70334, grid_scale: 5 / 5, strokes: 8 / 9
iteration step 419, G_loss: 0.05284, step_acc: 21.70965, grid_scale: 5 / 5, strokes: 8 / 9
iteration step 420, G_loss: 0.05282, step_acc: 21.71216, grid_scale: 5 / 5, strokes: 8 / 9
iteration step 421, G_loss: 0.05281, step_acc: 21.71457, grid_scale: 5 / 5, strokes: 8 / 9
iteration step 422, G_loss: 0.05280, step_acc: 21.71427, grid_scale: 5 / 5, strokes: 8 / 9
iteration step 423, G_loss: 0.05279, step_acc: 21.71665, grid_scale: 5 / 5, strokes: 8 / 9
iteration step 424, G_loss: 0.05280, step_acc: 21.72349, grid_scale: 5 / 5, strokes: 8 / 9
iteration step 425, G_loss: 0.05275, step_acc: 21.71979, grid_scale: 5 / 5, strokes: 8 / 9
iteration step 426, G_loss: 0.05277, step_acc: 21.72762, grid_scale: 5 / 5, strokes: 8 / 9
iteration step 427, G_loss: 0.05270, step_acc: 21.72849, grid_scale: 5 / 5, strokes: 8 / 9
iteration step 428, G_loss: 0.05272, step_acc: 21.72787, grid_scale: 5 / 5, strokes: 8 / 9
iteration step 429, G_loss: 0.05271, step_acc: 21.72961, grid_scale: 5 / 5, strokes: 8 / 9
iteration step 430, G_loss: 0.05271, step_acc: 21.73123, grid_scale: 5 / 5, strokes: 8 / 9
iteration step 431, G_loss: 0.05268, step_acc: 21.73566, grid_scale: 5 / 5, strokes: 8 / 9
iteration step 432, G_loss: 0.05267, step_acc: 21.73584, grid_scale: 5 / 5, strokes: 8 / 9
iteration step 433, G_loss: 0.05263, step_acc: 21.73848, grid_scale: 5 / 5, strokes: 8 / 9
iteration step 434, G_loss: 0.05264, step_acc: 21.73752, grid_scale: 5 / 5, strokes: 8 / 9
iteration step 435, G_loss: 0.05262, step_acc: 21.74291, grid_scale: 5 / 5, strokes: 8 / 9
iteration step 436, G_loss: 0.05261, step_acc: 21.73672, grid_scale: 5 / 5, strokes: 8 / 9
iteration step 437, G_loss: 0.05261, step_acc: 21.74191, grid_scale: 5 / 5, strokes: 8 / 9
iteration step 438, G_loss: 0.05263, step_acc: 21.73672, grid_scale: 5 / 5, strokes: 8 / 9
iteration step 439, G_loss: 0.05262, step_acc: 21.74620, grid_scale: 5 / 5, strokes: 8 / 9
iteration step 440, G_loss: 0.05260, step_acc: 21.80228, grid_scale: 5 / 5, strokes: 9 / 9
iteration step 441, G_loss: 0.05243, step_acc: 21.83082, grid_scale: 5 / 5, strokes: 9 / 9
iteration step 442, G_loss: 0.05228, step_acc: 21.84153, grid_scale: 5 / 5, strokes: 9 / 9
iteration step 443, G_loss: 0.05217, step_acc: 21.86451, grid_scale: 5 / 5, strokes: 9 / 9
iteration step 444, G_loss: 0.05203, step_acc: 21.87555, grid_scale: 5 / 5, strokes: 9 / 9
iteration step 445, G_loss: 0.05193, step_acc: 21.88568, grid_scale: 5 / 5, strokes: 9 / 9
iteration step 446, G_loss: 0.05190, step_acc: 21.88975, grid_scale: 5 / 5, strokes: 9 / 9
iteration step 447, G_loss: 0.05185, step_acc: 21.89873, grid_scale: 5 / 5, strokes: 9 / 9
iteration step 448, G_loss: 0.05181, step_acc: 21.90020, grid_scale: 5 / 5, strokes: 9 / 9
iteration step 449, G_loss: 0.05178, step_acc: 21.90406, grid_scale: 5 / 5, strokes: 9 / 9
iteration step 450, G_loss: 0.05176, step_acc: 21.91039, grid_scale: 5 / 5, strokes: 9 / 9
iteration step 451, G_loss: 0.05173, step_acc: 21.91179, grid_scale: 5 / 5, strokes: 9 / 9
iteration step 452, G_loss: 0.05172, step_acc: 21.91458, grid_scale: 5 / 5, strokes: 9 / 9
iteration step 453, G_loss: 0.05166, step_acc: 21.92181, grid_scale: 5 / 5, strokes: 9 / 9
iteration step 454, G_loss: 0.05165, step_acc: 21.91925, grid_scale: 5 / 5, strokes: 9 / 9
iteration step 455, G_loss: 0.05163, step_acc: 21.92547, grid_scale: 5 / 5, strokes: 9 / 9
iteration step 456, G_loss: 0.05161, step_acc: 21.92690, grid_scale: 5 / 5, strokes: 9 / 9
iteration step 457, G_loss: 0.05159, step_acc: 21.93056, grid_scale: 5 / 5, strokes: 9 / 9
iteration step 458, G_loss: 0.05157, step_acc: 21.93154, grid_scale: 5 / 5, strokes: 9 / 9
iteration step 459, G_loss: 0.05156, step_acc: 21.93522, grid_scale: 5 / 5, strokes: 9 / 9
iteration step 460, G_loss: 0.05155, step_acc: 21.93584, grid_scale: 5 / 5, strokes: 9 / 9
iteration step 461, G_loss: 0.05155, step_acc: 21.94043, grid_scale: 5 / 5, strokes: 9 / 9
iteration step 462, G_loss: 0.05153, step_acc: 21.93711, grid_scale: 5 / 5, strokes: 9 / 9
iteration step 463, G_loss: 0.05153, step_acc: 21.94186, grid_scale: 5 / 5, strokes: 9 / 9
iteration step 464, G_loss: 0.05150, step_acc: 21.94242, grid_scale: 5 / 5, strokes: 9 / 9
iteration step 465, G_loss: 0.05150, step_acc: 21.94897, grid_scale: 5 / 5, strokes: 9 / 9
iteration step 466, G_loss: 0.05147, step_acc: 21.94570, grid_scale: 5 / 5, strokes: 9 / 9
iteration step 467, G_loss: 0.05147, step_acc: 21.94794, grid_scale: 5 / 5, strokes: 9 / 9
iteration step 468, G_loss: 0.05147, step_acc: 21.95190, grid_scale: 5 / 5, strokes: 9 / 9
iteration step 469, G_loss: 0.05146, step_acc: 21.95504, grid_scale: 5 / 5, strokes: 9 / 9
iteration step 470, G_loss: 0.05143, step_acc: 21.95454, grid_scale: 5 / 5, strokes: 9 / 9
iteration step 471, G_loss: 0.05144, step_acc: 21.95620, grid_scale: 5 / 5, strokes: 9 / 9
iteration step 472, G_loss: 0.05143, step_acc: 21.96249, grid_scale: 5 / 5, strokes: 9 / 9
iteration step 473, G_loss: 0.05140, step_acc: 21.96118, grid_scale: 5 / 5, strokes: 9 / 9
iteration step 474, G_loss: 0.05138, step_acc: 21.96692, grid_scale: 5 / 5, strokes: 9 / 9
iteration step 475, G_loss: 0.05137, step_acc: 21.96652, grid_scale: 5 / 5, strokes: 9 / 9
iteration step 476, G_loss: 0.05136, step_acc: 21.96660, grid_scale: 5 / 5, strokes: 9 / 9
iteration step 477, G_loss: 0.05136, step_acc: 21.96825, grid_scale: 5 / 5, strokes: 9 / 9
iteration step 478, G_loss: 0.05136, step_acc: 21.96953, grid_scale: 5 / 5, strokes: 9 / 9
iteration step 479, G_loss: 0.05135, step_acc: 21.97717, grid_scale: 5 / 5, strokes: 9 / 9
iteration step 480, G_loss: 0.05131, step_acc: 21.97499, grid_scale: 5 / 5, strokes: 9 / 9
iteration step 481, G_loss: 0.05131, step_acc: 21.97956, grid_scale: 5 / 5, strokes: 9 / 9
iteration step 482, G_loss: 0.05131, step_acc: 21.98006, grid_scale: 5 / 5, strokes: 9 / 9
iteration step 483, G_loss: 0.05130, step_acc: 21.98285, grid_scale: 5 / 5, strokes: 9 / 9
iteration step 484, G_loss: 0.05129, step_acc: 21.98384, grid_scale: 5 / 5, strokes: 9 / 9
iteration step 485, G_loss: 0.05128, step_acc: 21.98325, grid_scale: 5 / 5, strokes: 9 / 9
iteration step 486, G_loss: 0.05126, step_acc: 21.98768, grid_scale: 5 / 5, strokes: 9 / 9
iteration step 487, G_loss: 0.05124, step_acc: 21.98969, grid_scale: 5 / 5, strokes: 9 / 9
iteration step 488, G_loss: 0.05123, step_acc: 21.99123, grid_scale: 5 / 5, strokes: 9 / 9
iteration step 489, G_loss: 0.05122, step_acc: 21.99000, grid_scale: 5 / 5, strokes: 9 / 9
iteration step 490, G_loss: 0.05125, step_acc: 21.98980, grid_scale: 5 / 5, strokes: 9 / 9
iteration step 491, G_loss: 0.05124, step_acc: 21.99407, grid_scale: 5 / 5, strokes: 9 / 9
iteration step 492, G_loss: 0.05122, step_acc: 21.99316, grid_scale: 5 / 5, strokes: 9 / 9
iteration step 493, G_loss: 0.05122, step_acc: 21.99710, grid_scale: 5 / 5, strokes: 9 / 9
iteration step 494, G_loss: 0.05118, step_acc: 21.99678, grid_scale: 5 / 5, strokes: 9 / 9
rendering canvas...
saving stroke parameters...
rendering canvas...
saving input photo...
saving final rendered result...
OpenCV: FFMPEG: tag 0x5634504d/'MP4V' is not supported with codec id 12 and format 'mp4 / MP4 (MPEG-4 Part 14)'
OpenCV: FFMPEG: fallback to use tag 0x7634706d/'mp4v'
