initialize network with normal
loading renderer from pre-trained checkpoint...
begin drawing...
iteration step 0, G_loss: 0.00000, step_acc: 3.30045, grid_scale: 1 / 5, strokes: 1 / 9
iteration step 1, G_loss: 0.63191, step_acc: 3.31064, grid_scale: 1 / 5, strokes: 1 / 9
iteration step 2, G_loss: 0.62995, step_acc: 3.34713, grid_scale: 1 / 5, strokes: 1 / 9
iteration step 3, G_loss: 0.62701, step_acc: 3.36250, grid_scale: 1 / 5, strokes: 1 / 9
iteration step 4, G_loss: 0.62480, step_acc: 3.37135, grid_scale: 1 / 5, strokes: 1 / 9
iteration step 5, G_loss: 0.62255, step_acc: 3.38728, grid_scale: 1 / 5, strokes: 1 / 9
iteration step 6, G_loss: 0.62003, step_acc: 3.42284, grid_scale: 1 / 5, strokes: 1 / 9
iteration step 7, G_loss: 0.61635, step_acc: 3.45184, grid_scale: 1 / 5, strokes: 1 / 9
iteration step 8, G_loss: 0.61304, step_acc: 3.46103, grid_scale: 1 / 5, strokes: 1 / 9
iteration step 9, G_loss: 0.61137, step_acc: 3.49334, grid_scale: 1 / 5, strokes: 1 / 9
iteration step 10, G_loss: 0.60797, step_acc: 3.50883, grid_scale: 1 / 5, strokes: 1 / 9
iteration step 11, G_loss: 0.60560, step_acc: 3.52006, grid_scale: 1 / 5, strokes: 1 / 9
iteration step 12, G_loss: 0.60471, step_acc: 3.52622, grid_scale: 1 / 5, strokes: 1 / 9
iteration step 13, G_loss: 0.60371, step_acc: 3.54827, grid_scale: 1 / 5, strokes: 1 / 9
iteration step 14, G_loss: 0.60182, step_acc: 3.56473, grid_scale: 1 / 5, strokes: 1 / 9
iteration step 15, G_loss: 0.60013, step_acc: 3.58373, grid_scale: 1 / 5, strokes: 1 / 9
iteration step 16, G_loss: 0.59821, step_acc: 3.59391, grid_scale: 1 / 5, strokes: 1 / 9
iteration step 17, G_loss: 0.59719, step_acc: 3.59965, grid_scale: 1 / 5, strokes: 1 / 9
iteration step 18, G_loss: 0.59664, step_acc: 3.60661, grid_scale: 1 / 5, strokes: 1 / 9
iteration step 19, G_loss: 0.59583, step_acc: 3.60922, grid_scale: 1 / 5, strokes: 1 / 9
iteration step 20, G_loss: 0.59537, step_acc: 3.61540, grid_scale: 1 / 5, strokes: 1 / 9
iteration step 21, G_loss: 0.59455, step_acc: 3.62866, grid_scale: 1 / 5, strokes: 1 / 9
iteration step 22, G_loss: 0.59327, step_acc: 3.64364, grid_scale: 1 / 5, strokes: 1 / 9
iteration step 23, G_loss: 0.59171, step_acc: 3.66311, grid_scale: 1 / 5, strokes: 1 / 9
iteration step 24, G_loss: 0.58962, step_acc: 3.67995, grid_scale: 1 / 5, strokes: 1 / 9
iteration step 25, G_loss: 0.58760, step_acc: 3.71575, grid_scale: 1 / 5, strokes: 1 / 9
iteration step 26, G_loss: 0.58398, step_acc: 3.74420, grid_scale: 1 / 5, strokes: 1 / 9
iteration step 27, G_loss: 0.58083, step_acc: 3.76799, grid_scale: 1 / 5, strokes: 1 / 9
iteration step 28, G_loss: 0.57866, step_acc: 3.79296, grid_scale: 1 / 5, strokes: 1 / 9
iteration step 29, G_loss: 0.57558, step_acc: 3.83790, grid_scale: 1 / 5, strokes: 1 / 9
iteration step 30, G_loss: 0.57157, step_acc: 3.84543, grid_scale: 1 / 5, strokes: 1 / 9
iteration step 31, G_loss: 0.57028, step_acc: 3.86055, grid_scale: 1 / 5, strokes: 1 / 9
iteration step 32, G_loss: 0.56887, step_acc: 3.85640, grid_scale: 1 / 5, strokes: 1 / 9
iteration step 33, G_loss: 0.56843, step_acc: 3.87729, grid_scale: 1 / 5, strokes: 1 / 9
iteration step 34, G_loss: 0.56664, step_acc: 3.87886, grid_scale: 1 / 5, strokes: 1 / 9
iteration step 35, G_loss: 0.56595, step_acc: 3.89697, grid_scale: 1 / 5, strokes: 1 / 9
iteration step 36, G_loss: 0.56406, step_acc: 3.91243, grid_scale: 1 / 5, strokes: 1 / 9
iteration step 37, G_loss: 0.56237, step_acc: 3.93179, grid_scale: 1 / 5, strokes: 1 / 9
iteration step 38, G_loss: 0.56024, step_acc: 3.94272, grid_scale: 1 / 5, strokes: 1 / 9
iteration step 39, G_loss: 0.55887, step_acc: 3.96073, grid_scale: 1 / 5, strokes: 1 / 9
iteration step 40, G_loss: 0.55696, step_acc: 3.98095, grid_scale: 1 / 5, strokes: 1 / 9
iteration step 41, G_loss: 0.55465, step_acc: 4.00102, grid_scale: 1 / 5, strokes: 1 / 9
iteration step 42, G_loss: 0.55276, step_acc: 4.02669, grid_scale: 1 / 5, strokes: 1 / 9
iteration step 43, G_loss: 0.55049, step_acc: 4.03508, grid_scale: 1 / 5, strokes: 1 / 9
iteration step 44, G_loss: 0.54933, step_acc: 4.04520, grid_scale: 1 / 5, strokes: 1 / 9
iteration step 45, G_loss: 0.54788, step_acc: 4.05596, grid_scale: 1 / 5, strokes: 1 / 9
iteration step 46, G_loss: 0.54642, step_acc: 4.06548, grid_scale: 1 / 5, strokes: 1 / 9
iteration step 47, G_loss: 0.54521, step_acc: 4.07336, grid_scale: 1 / 5, strokes: 1 / 9
iteration step 48, G_loss: 0.54407, step_acc: 4.09493, grid_scale: 1 / 5, strokes: 1 / 9
iteration step 49, G_loss: 0.54230, step_acc: 4.11362, grid_scale: 1 / 5, strokes: 1 / 9
iteration step 50, G_loss: 0.54038, step_acc: 4.12889, grid_scale: 1 / 5, strokes: 1 / 9
iteration step 51, G_loss: 0.53893, step_acc: 4.13548, grid_scale: 1 / 5, strokes: 1 / 9
iteration step 52, G_loss: 0.53799, step_acc: 4.14322, grid_scale: 1 / 5, strokes: 1 / 9
iteration step 53, G_loss: 0.53717, step_acc: 4.14522, grid_scale: 1 / 5, strokes: 1 / 9
iteration step 54, G_loss: 0.53675, step_acc: 4.15391, grid_scale: 1 / 5, strokes: 1 / 9
iteration step 55, G_loss: 0.53573, step_acc: 4.12743, grid_scale: 1 / 5, strokes: 2 / 9
iteration step 56, G_loss: 0.53679, step_acc: 4.16392, grid_scale: 1 / 5, strokes: 2 / 9
iteration step 57, G_loss: 0.53384, step_acc: 4.22518, grid_scale: 1 / 5, strokes: 2 / 9
iteration step 58, G_loss: 0.52912, step_acc: 4.27437, grid_scale: 1 / 5, strokes: 2 / 9
iteration step 59, G_loss: 0.52506, step_acc: 4.30381, grid_scale: 1 / 5, strokes: 2 / 9
iteration step 60, G_loss: 0.52215, step_acc: 4.35461, grid_scale: 1 / 5, strokes: 2 / 9
iteration step 61, G_loss: 0.51759, step_acc: 4.38032, grid_scale: 1 / 5, strokes: 2 / 9
iteration step 62, G_loss: 0.51480, step_acc: 4.42901, grid_scale: 1 / 5, strokes: 2 / 9
iteration step 63, G_loss: 0.51058, step_acc: 4.46718, grid_scale: 1 / 5, strokes: 2 / 9
iteration step 64, G_loss: 0.50738, step_acc: 4.48208, grid_scale: 1 / 5, strokes: 2 / 9
iteration step 65, G_loss: 0.50610, step_acc: 4.49178, grid_scale: 1 / 5, strokes: 2 / 9
iteration step 66, G_loss: 0.50480, step_acc: 4.51566, grid_scale: 1 / 5, strokes: 2 / 9
iteration step 67, G_loss: 0.50269, step_acc: 4.52223, grid_scale: 1 / 5, strokes: 2 / 9
iteration step 68, G_loss: 0.50163, step_acc: 4.53799, grid_scale: 1 / 5, strokes: 2 / 9
iteration step 69, G_loss: 0.50000, step_acc: 4.55425, grid_scale: 1 / 5, strokes: 2 / 9
iteration step 70, G_loss: 0.49843, step_acc: 4.57056, grid_scale: 1 / 5, strokes: 2 / 9
iteration step 71, G_loss: 0.49683, step_acc: 4.58976, grid_scale: 1 / 5, strokes: 2 / 9
iteration step 72, G_loss: 0.49511, step_acc: 4.60065, grid_scale: 1 / 5, strokes: 2 / 9
iteration step 73, G_loss: 0.49385, step_acc: 4.62032, grid_scale: 1 / 5, strokes: 2 / 9
iteration step 74, G_loss: 0.49223, step_acc: 4.65306, grid_scale: 1 / 5, strokes: 2 / 9
iteration step 75, G_loss: 0.48992, step_acc: 4.67934, grid_scale: 1 / 5, strokes: 2 / 9
iteration step 76, G_loss: 0.48801, step_acc: 4.68919, grid_scale: 1 / 5, strokes: 2 / 9
iteration step 77, G_loss: 0.48689, step_acc: 4.69840, grid_scale: 1 / 5, strokes: 2 / 9
iteration step 78, G_loss: 0.48592, step_acc: 4.70691, grid_scale: 1 / 5, strokes: 2 / 9
iteration step 79, G_loss: 0.48494, step_acc: 4.71933, grid_scale: 1 / 5, strokes: 2 / 9
iteration step 80, G_loss: 0.48369, step_acc: 4.73974, grid_scale: 1 / 5, strokes: 2 / 9
iteration step 81, G_loss: 0.48206, step_acc: 4.77000, grid_scale: 1 / 5, strokes: 2 / 9
iteration step 82, G_loss: 0.47986, step_acc: 4.79443, grid_scale: 1 / 5, strokes: 2 / 9
iteration step 83, G_loss: 0.47812, step_acc: 4.81199, grid_scale: 1 / 5, strokes: 2 / 9
iteration step 84, G_loss: 0.47639, step_acc: 4.83568, grid_scale: 1 / 5, strokes: 2 / 9
iteration step 85, G_loss: 0.47477, step_acc: 4.85117, grid_scale: 1 / 5, strokes: 2 / 9
iteration step 86, G_loss: 0.47358, step_acc: 4.86234, grid_scale: 1 / 5, strokes: 2 / 9
iteration step 87, G_loss: 0.47257, step_acc: 4.88087, grid_scale: 1 / 5, strokes: 2 / 9
iteration step 88, G_loss: 0.47130, step_acc: 4.89989, grid_scale: 1 / 5, strokes: 2 / 9
iteration step 89, G_loss: 0.47000, step_acc: 4.91460, grid_scale: 1 / 5, strokes: 2 / 9
iteration step 90, G_loss: 0.46857, step_acc: 4.93377, grid_scale: 1 / 5, strokes: 2 / 9
iteration step 91, G_loss: 0.46680, step_acc: 4.97127, grid_scale: 1 / 5, strokes: 2 / 9
iteration step 92, G_loss: 0.46413, step_acc: 4.98929, grid_scale: 1 / 5, strokes: 2 / 9
iteration step 93, G_loss: 0.46257, step_acc: 4.99945, grid_scale: 1 / 5, strokes: 2 / 9
iteration step 94, G_loss: 0.46162, step_acc: 5.00939, grid_scale: 1 / 5, strokes: 2 / 9
iteration step 95, G_loss: 0.46080, step_acc: 5.01618, grid_scale: 1 / 5, strokes: 2 / 9
iteration step 96, G_loss: 0.46005, step_acc: 5.03439, grid_scale: 1 / 5, strokes: 2 / 9
iteration step 97, G_loss: 0.45869, step_acc: 5.06744, grid_scale: 1 / 5, strokes: 2 / 9
iteration step 98, G_loss: 0.45632, step_acc: 5.09099, grid_scale: 1 / 5, strokes: 2 / 9
iteration step 99, G_loss: 0.45509, step_acc: 5.11033, grid_scale: 1 / 5, strokes: 2 / 9
iteration step 100, G_loss: 0.45398, step_acc: 5.14009, grid_scale: 1 / 5, strokes: 2 / 9
iteration step 101, G_loss: 0.45236, step_acc: 5.15874, grid_scale: 1 / 5, strokes: 2 / 9
iteration step 102, G_loss: 0.45100, step_acc: 5.17340, grid_scale: 1 / 5, strokes: 2 / 9
iteration step 103, G_loss: 0.44994, step_acc: 5.17688, grid_scale: 1 / 5, strokes: 2 / 9
iteration step 104, G_loss: 0.44931, step_acc: 5.18499, grid_scale: 1 / 5, strokes: 2 / 9
iteration step 105, G_loss: 0.44883, step_acc: 5.18458, grid_scale: 1 / 5, strokes: 2 / 9
iteration step 106, G_loss: 0.44803, step_acc: 5.20971, grid_scale: 1 / 5, strokes: 2 / 9
iteration step 107, G_loss: 0.44636, step_acc: 5.22968, grid_scale: 1 / 5, strokes: 2 / 9
iteration step 108, G_loss: 0.44449, step_acc: 5.24683, grid_scale: 1 / 5, strokes: 2 / 9
iteration step 109, G_loss: 0.44342, step_acc: 5.25909, grid_scale: 1 / 5, strokes: 2 / 9
iteration step 110, G_loss: 0.44237, step_acc: 5.38157, grid_scale: 1 / 5, strokes: 3 / 9
iteration step 111, G_loss: 0.43565, step_acc: 5.48721, grid_scale: 1 / 5, strokes: 3 / 9
iteration step 112, G_loss: 0.43006, step_acc: 5.53670, grid_scale: 1 / 5, strokes: 3 / 9
iteration step 113, G_loss: 0.42674, step_acc: 5.62817, grid_scale: 1 / 5, strokes: 3 / 9
iteration step 114, G_loss: 0.42121, step_acc: 5.72239, grid_scale: 1 / 5, strokes: 3 / 9
iteration step 115, G_loss: 0.41508, step_acc: 5.83483, grid_scale: 1 / 5, strokes: 3 / 9
iteration step 116, G_loss: 0.40812, step_acc: 5.87579, grid_scale: 1 / 5, strokes: 3 / 9
iteration step 117, G_loss: 0.40486, step_acc: 5.93229, grid_scale: 1 / 5, strokes: 3 / 9
iteration step 118, G_loss: 0.40128, step_acc: 6.03721, grid_scale: 1 / 5, strokes: 3 / 9
iteration step 119, G_loss: 0.39575, step_acc: 6.14056, grid_scale: 1 / 5, strokes: 3 / 9
iteration step 120, G_loss: 0.39052, step_acc: 6.23717, grid_scale: 1 / 5, strokes: 3 / 9
iteration step 121, G_loss: 0.38538, step_acc: 6.34693, grid_scale: 1 / 5, strokes: 3 / 9
iteration step 122, G_loss: 0.37950, step_acc: 6.49634, grid_scale: 1 / 5, strokes: 3 / 9
iteration step 123, G_loss: 0.37233, step_acc: 6.60342, grid_scale: 1 / 5, strokes: 3 / 9
iteration step 124, G_loss: 0.36651, step_acc: 6.67147, grid_scale: 1 / 5, strokes: 3 / 9
iteration step 125, G_loss: 0.36301, step_acc: 6.72336, grid_scale: 1 / 5, strokes: 3 / 9
iteration step 126, G_loss: 0.36066, step_acc: 6.74996, grid_scale: 1 / 5, strokes: 3 / 9
iteration step 127, G_loss: 0.35907, step_acc: 6.76970, grid_scale: 1 / 5, strokes: 3 / 9
iteration step 128, G_loss: 0.35780, step_acc: 6.78567, grid_scale: 1 / 5, strokes: 3 / 9
iteration step 129, G_loss: 0.35687, step_acc: 6.80136, grid_scale: 1 / 5, strokes: 3 / 9
iteration step 130, G_loss: 0.35558, step_acc: 6.82144, grid_scale: 1 / 5, strokes: 3 / 9
iteration step 131, G_loss: 0.35440, step_acc: 6.83277, grid_scale: 1 / 5, strokes: 3 / 9
iteration step 132, G_loss: 0.35353, step_acc: 6.84568, grid_scale: 1 / 5, strokes: 3 / 9
iteration step 133, G_loss: 0.35278, step_acc: 6.85476, grid_scale: 1 / 5, strokes: 3 / 9
iteration step 134, G_loss: 0.35205, step_acc: 6.85981, grid_scale: 1 / 5, strokes: 3 / 9
iteration step 135, G_loss: 0.35157, step_acc: 6.86920, grid_scale: 1 / 5, strokes: 3 / 9
iteration step 136, G_loss: 0.35100, step_acc: 6.87753, grid_scale: 1 / 5, strokes: 3 / 9
iteration step 137, G_loss: 0.35051, step_acc: 6.88543, grid_scale: 1 / 5, strokes: 3 / 9
iteration step 138, G_loss: 0.34989, step_acc: 6.90099, grid_scale: 1 / 5, strokes: 3 / 9
iteration step 139, G_loss: 0.34911, step_acc: 6.92064, grid_scale: 1 / 5, strokes: 3 / 9
iteration step 140, G_loss: 0.34818, step_acc: 6.94051, grid_scale: 1 / 5, strokes: 3 / 9
iteration step 141, G_loss: 0.34719, step_acc: 6.96012, grid_scale: 1 / 5, strokes: 3 / 9
iteration step 142, G_loss: 0.34625, step_acc: 6.98511, grid_scale: 1 / 5, strokes: 3 / 9
iteration step 143, G_loss: 0.34527, step_acc: 6.99126, grid_scale: 1 / 5, strokes: 3 / 9
iteration step 144, G_loss: 0.34474, step_acc: 7.00393, grid_scale: 1 / 5, strokes: 3 / 9
iteration step 145, G_loss: 0.34419, step_acc: 7.01503, grid_scale: 1 / 5, strokes: 3 / 9
iteration step 146, G_loss: 0.34351, step_acc: 7.02610, grid_scale: 1 / 5, strokes: 3 / 9
iteration step 147, G_loss: 0.34296, step_acc: 7.02759, grid_scale: 1 / 5, strokes: 3 / 9
iteration step 148, G_loss: 0.34244, step_acc: 7.04093, grid_scale: 1 / 5, strokes: 3 / 9
iteration step 149, G_loss: 0.34183, step_acc: 7.03914, grid_scale: 1 / 5, strokes: 3 / 9
iteration step 150, G_loss: 0.34146, step_acc: 7.05157, grid_scale: 1 / 5, strokes: 3 / 9
iteration step 151, G_loss: 0.34097, step_acc: 7.04515, grid_scale: 1 / 5, strokes: 3 / 9
iteration step 152, G_loss: 0.34075, step_acc: 7.05878, grid_scale: 1 / 5, strokes: 3 / 9
iteration step 153, G_loss: 0.34030, step_acc: 7.06006, grid_scale: 1 / 5, strokes: 3 / 9
iteration step 154, G_loss: 0.33996, step_acc: 7.06776, grid_scale: 1 / 5, strokes: 3 / 9
iteration step 155, G_loss: 0.33961, step_acc: 7.06942, grid_scale: 1 / 5, strokes: 3 / 9
iteration step 156, G_loss: 0.33930, step_acc: 7.07473, grid_scale: 1 / 5, strokes: 3 / 9
iteration step 157, G_loss: 0.33904, step_acc: 7.07554, grid_scale: 1 / 5, strokes: 3 / 9
iteration step 158, G_loss: 0.33877, step_acc: 7.08119, grid_scale: 1 / 5, strokes: 3 / 9
iteration step 159, G_loss: 0.33859, step_acc: 7.08219, grid_scale: 1 / 5, strokes: 3 / 9
iteration step 160, G_loss: 0.33829, step_acc: 7.08739, grid_scale: 1 / 5, strokes: 3 / 9
iteration step 161, G_loss: 0.33810, step_acc: 7.08763, grid_scale: 1 / 5, strokes: 3 / 9
iteration step 162, G_loss: 0.33786, step_acc: 7.09181, grid_scale: 1 / 5, strokes: 3 / 9
iteration step 163, G_loss: 0.33773, step_acc: 7.09393, grid_scale: 1 / 5, strokes: 3 / 9
iteration step 164, G_loss: 0.33735, step_acc: 7.10038, grid_scale: 1 / 5, strokes: 3 / 9
iteration step 165, G_loss: 0.33713, step_acc: 7.04933, grid_scale: 1 / 5, strokes: 4 / 9
iteration step 166, G_loss: 0.33866, step_acc: 7.04629, grid_scale: 1 / 5, strokes: 4 / 9
iteration step 167, G_loss: 0.33869, step_acc: 7.06197, grid_scale: 1 / 5, strokes: 4 / 9
iteration step 168, G_loss: 0.33773, step_acc: 7.07663, grid_scale: 1 / 5, strokes: 4 / 9
iteration step 169, G_loss: 0.33719, step_acc: 7.07327, grid_scale: 1 / 5, strokes: 4 / 9
iteration step 170, G_loss: 0.33688, step_acc: 7.08729, grid_scale: 1 / 5, strokes: 4 / 9
iteration step 171, G_loss: 0.33648, step_acc: 7.09529, grid_scale: 1 / 5, strokes: 4 / 9
iteration step 172, G_loss: 0.33569, step_acc: 7.10383, grid_scale: 1 / 5, strokes: 4 / 9
iteration step 173, G_loss: 0.33538, step_acc: 7.10273, grid_scale: 1 / 5, strokes: 4 / 9
iteration step 174, G_loss: 0.33503, step_acc: 7.13801, grid_scale: 1 / 5, strokes: 4 / 9
iteration step 175, G_loss: 0.33336, step_acc: 7.15697, grid_scale: 1 / 5, strokes: 4 / 9
iteration step 176, G_loss: 0.33185, step_acc: 7.16596, grid_scale: 1 / 5, strokes: 4 / 9
iteration step 177, G_loss: 0.33125, step_acc: 7.17023, grid_scale: 1 / 5, strokes: 4 / 9
iteration step 178, G_loss: 0.33085, step_acc: 7.17465, grid_scale: 1 / 5, strokes: 4 / 9
iteration step 179, G_loss: 0.33053, step_acc: 7.17881, grid_scale: 1 / 5, strokes: 4 / 9
iteration step 180, G_loss: 0.33020, step_acc: 7.18397, grid_scale: 1 / 5, strokes: 4 / 9
iteration step 181, G_loss: 0.32988, step_acc: 7.18792, grid_scale: 1 / 5, strokes: 4 / 9
iteration step 182, G_loss: 0.32958, step_acc: 7.19094, grid_scale: 1 / 5, strokes: 4 / 9
iteration step 183, G_loss: 0.32932, step_acc: 7.19658, grid_scale: 1 / 5, strokes: 4 / 9
iteration step 184, G_loss: 0.32889, step_acc: 7.21295, grid_scale: 1 / 5, strokes: 4 / 9
iteration step 185, G_loss: 0.32813, step_acc: 7.22939, grid_scale: 1 / 5, strokes: 4 / 9
iteration step 186, G_loss: 0.32713, step_acc: 7.23857, grid_scale: 1 / 5, strokes: 4 / 9
iteration step 187, G_loss: 0.32660, step_acc: 7.24081, grid_scale: 1 / 5, strokes: 4 / 9
iteration step 188, G_loss: 0.32637, step_acc: 7.24776, grid_scale: 1 / 5, strokes: 4 / 9
iteration step 189, G_loss: 0.32622, step_acc: 7.24972, grid_scale: 1 / 5, strokes: 4 / 9
iteration step 190, G_loss: 0.32581, step_acc: 7.26222, grid_scale: 1 / 5, strokes: 4 / 9
iteration step 191, G_loss: 0.32521, step_acc: 7.27552, grid_scale: 1 / 5, strokes: 4 / 9
iteration step 192, G_loss: 0.32457, step_acc: 7.28399, grid_scale: 1 / 5, strokes: 4 / 9
iteration step 193, G_loss: 0.32414, step_acc: 7.28705, grid_scale: 1 / 5, strokes: 4 / 9
iteration step 194, G_loss: 0.32380, step_acc: 7.29445, grid_scale: 1 / 5, strokes: 4 / 9
iteration step 195, G_loss: 0.32353, step_acc: 7.29587, grid_scale: 1 / 5, strokes: 4 / 9
iteration step 196, G_loss: 0.32326, step_acc: 7.30172, grid_scale: 1 / 5, strokes: 4 / 9
iteration step 197, G_loss: 0.32302, step_acc: 7.30342, grid_scale: 1 / 5, strokes: 4 / 9
iteration step 198, G_loss: 0.32277, step_acc: 7.31138, grid_scale: 1 / 5, strokes: 4 / 9
iteration step 199, G_loss: 0.32248, step_acc: 7.31010, grid_scale: 1 / 5, strokes: 4 / 9
iteration step 200, G_loss: 0.32225, step_acc: 7.31867, grid_scale: 1 / 5, strokes: 4 / 9
iteration step 201, G_loss: 0.32207, step_acc: 7.31716, grid_scale: 1 / 5, strokes: 4 / 9
iteration step 202, G_loss: 0.32177, step_acc: 7.32746, grid_scale: 1 / 5, strokes: 4 / 9
iteration step 203, G_loss: 0.32149, step_acc: 7.32857, grid_scale: 1 / 5, strokes: 4 / 9
iteration step 204, G_loss: 0.32136, step_acc: 7.33232, grid_scale: 1 / 5, strokes: 4 / 9
iteration step 205, G_loss: 0.32100, step_acc: 7.34621, grid_scale: 1 / 5, strokes: 4 / 9
iteration step 206, G_loss: 0.32047, step_acc: 7.35374, grid_scale: 1 / 5, strokes: 4 / 9
iteration step 207, G_loss: 0.32008, step_acc: 7.36164, grid_scale: 1 / 5, strokes: 4 / 9
iteration step 208, G_loss: 0.31977, step_acc: 7.36311, grid_scale: 1 / 5, strokes: 4 / 9
iteration step 209, G_loss: 0.31955, step_acc: 7.37031, grid_scale: 1 / 5, strokes: 4 / 9
iteration step 210, G_loss: 0.31931, step_acc: 7.37294, grid_scale: 1 / 5, strokes: 4 / 9
iteration step 211, G_loss: 0.31901, step_acc: 7.38110, grid_scale: 1 / 5, strokes: 4 / 9
iteration step 212, G_loss: 0.31869, step_acc: 7.38611, grid_scale: 1 / 5, strokes: 4 / 9
iteration step 213, G_loss: 0.31830, step_acc: 7.39309, grid_scale: 1 / 5, strokes: 4 / 9
iteration step 214, G_loss: 0.31799, step_acc: 7.39715, grid_scale: 1 / 5, strokes: 4 / 9
iteration step 215, G_loss: 0.31774, step_acc: 7.40694, grid_scale: 1 / 5, strokes: 4 / 9
iteration step 216, G_loss: 0.31738, step_acc: 7.40898, grid_scale: 1 / 5, strokes: 4 / 9
iteration step 217, G_loss: 0.31716, step_acc: 7.41615, grid_scale: 1 / 5, strokes: 4 / 9
iteration step 218, G_loss: 0.31699, step_acc: 7.41296, grid_scale: 1 / 5, strokes: 4 / 9
iteration step 219, G_loss: 0.31679, step_acc: 7.42044, grid_scale: 1 / 5, strokes: 4 / 9
iteration step 220, G_loss: 0.31680, step_acc: 7.36700, grid_scale: 1 / 5, strokes: 5 / 9
iteration step 221, G_loss: 0.31777, step_acc: 7.41706, grid_scale: 1 / 5, strokes: 5 / 9
iteration step 222, G_loss: 0.31522, step_acc: 7.46502, grid_scale: 1 / 5, strokes: 5 / 9
iteration step 223, G_loss: 0.31341, step_acc: 7.53629, grid_scale: 1 / 5, strokes: 5 / 9
iteration step 224, G_loss: 0.31084, step_acc: 7.65221, grid_scale: 1 / 5, strokes: 5 / 9
iteration step 225, G_loss: 0.30696, step_acc: 7.70440, grid_scale: 1 / 5, strokes: 5 / 9
iteration step 226, G_loss: 0.30487, step_acc: 7.73452, grid_scale: 1 / 5, strokes: 5 / 9
iteration step 227, G_loss: 0.30328, step_acc: 7.75453, grid_scale: 1 / 5, strokes: 5 / 9
iteration step 228, G_loss: 0.30227, step_acc: 7.79194, grid_scale: 1 / 5, strokes: 5 / 9
iteration step 229, G_loss: 0.30110, step_acc: 7.80588, grid_scale: 1 / 5, strokes: 5 / 9
iteration step 230, G_loss: 0.30034, step_acc: 7.82372, grid_scale: 1 / 5, strokes: 5 / 9
iteration step 231, G_loss: 0.29953, step_acc: 7.83482, grid_scale: 1 / 5, strokes: 5 / 9
iteration step 232, G_loss: 0.29886, step_acc: 7.84999, grid_scale: 1 / 5, strokes: 5 / 9
iteration step 233, G_loss: 0.29839, step_acc: 7.85611, grid_scale: 1 / 5, strokes: 5 / 9
iteration step 234, G_loss: 0.29779, step_acc: 7.91455, grid_scale: 1 / 5, strokes: 5 / 9
iteration step 235, G_loss: 0.29546, step_acc: 7.98779, grid_scale: 1 / 5, strokes: 5 / 9
iteration step 236, G_loss: 0.29260, step_acc: 8.04217, grid_scale: 1 / 5, strokes: 5 / 9
iteration step 237, G_loss: 0.29022, step_acc: 8.14963, grid_scale: 1 / 5, strokes: 5 / 9
iteration step 238, G_loss: 0.28645, step_acc: 8.21804, grid_scale: 1 / 5, strokes: 5 / 9
iteration step 239, G_loss: 0.28353, step_acc: 8.30319, grid_scale: 1 / 5, strokes: 5 / 9
iteration step 240, G_loss: 0.28038, step_acc: 8.42808, grid_scale: 1 / 5, strokes: 5 / 9
iteration step 241, G_loss: 0.27610, step_acc: 8.50542, grid_scale: 1 / 5, strokes: 5 / 9
iteration step 242, G_loss: 0.27314, step_acc: 8.55187, grid_scale: 1 / 5, strokes: 5 / 9
iteration step 243, G_loss: 0.27121, step_acc: 8.61215, grid_scale: 1 / 5, strokes: 5 / 9
iteration step 244, G_loss: 0.26892, step_acc: 8.70841, grid_scale: 1 / 5, strokes: 5 / 9
iteration step 245, G_loss: 0.26572, step_acc: 8.79448, grid_scale: 1 / 5, strokes: 5 / 9
iteration step 246, G_loss: 0.26246, step_acc: 8.83815, grid_scale: 1 / 5, strokes: 5 / 9
iteration step 247, G_loss: 0.26083, step_acc: 8.86722, grid_scale: 1 / 5, strokes: 5 / 9
iteration step 248, G_loss: 0.25943, step_acc: 8.90692, grid_scale: 1 / 5, strokes: 5 / 9
iteration step 249, G_loss: 0.25809, step_acc: 8.93627, grid_scale: 1 / 5, strokes: 5 / 9
iteration step 250, G_loss: 0.25702, step_acc: 8.96989, grid_scale: 1 / 5, strokes: 5 / 9
iteration step 251, G_loss: 0.25579, step_acc: 9.00549, grid_scale: 1 / 5, strokes: 5 / 9
iteration step 252, G_loss: 0.25449, step_acc: 9.09264, grid_scale: 1 / 5, strokes: 5 / 9
iteration step 253, G_loss: 0.25216, step_acc: 9.13476, grid_scale: 1 / 5, strokes: 5 / 9
iteration step 254, G_loss: 0.25064, step_acc: 9.17551, grid_scale: 1 / 5, strokes: 5 / 9
iteration step 255, G_loss: 0.24926, step_acc: 9.20513, grid_scale: 1 / 5, strokes: 5 / 9
iteration step 256, G_loss: 0.24811, step_acc: 9.26052, grid_scale: 1 / 5, strokes: 5 / 9
iteration step 257, G_loss: 0.24630, step_acc: 9.30760, grid_scale: 1 / 5, strokes: 5 / 9
iteration step 258, G_loss: 0.24467, step_acc: 9.35747, grid_scale: 1 / 5, strokes: 5 / 9
iteration step 259, G_loss: 0.24327, step_acc: 9.44613, grid_scale: 1 / 5, strokes: 5 / 9
iteration step 260, G_loss: 0.24059, step_acc: 9.61370, grid_scale: 1 / 5, strokes: 5 / 9
iteration step 261, G_loss: 0.23687, step_acc: 9.73297, grid_scale: 1 / 5, strokes: 5 / 9
iteration step 262, G_loss: 0.23404, step_acc: 9.79668, grid_scale: 1 / 5, strokes: 5 / 9
iteration step 263, G_loss: 0.23217, step_acc: 9.81915, grid_scale: 1 / 5, strokes: 5 / 9
iteration step 264, G_loss: 0.23129, step_acc: 9.84163, grid_scale: 1 / 5, strokes: 5 / 9
iteration step 265, G_loss: 0.23036, step_acc: 9.85725, grid_scale: 1 / 5, strokes: 5 / 9
iteration step 266, G_loss: 0.22947, step_acc: 9.87226, grid_scale: 1 / 5, strokes: 5 / 9
iteration step 267, G_loss: 0.22861, step_acc: 9.89603, grid_scale: 1 / 5, strokes: 5 / 9
iteration step 268, G_loss: 0.22806, step_acc: 9.92436, grid_scale: 1 / 5, strokes: 5 / 9
iteration step 269, G_loss: 0.22707, step_acc: 9.94447, grid_scale: 1 / 5, strokes: 5 / 9
iteration step 270, G_loss: 0.22626, step_acc: 10.00940, grid_scale: 1 / 5, strokes: 5 / 9
iteration step 271, G_loss: 0.22466, step_acc: 10.03324, grid_scale: 1 / 5, strokes: 5 / 9
iteration step 272, G_loss: 0.22352, step_acc: 10.08361, grid_scale: 1 / 5, strokes: 5 / 9
iteration step 273, G_loss: 0.22249, step_acc: 10.12122, grid_scale: 1 / 5, strokes: 5 / 9
iteration step 274, G_loss: 0.22167, step_acc: 10.15217, grid_scale: 1 / 5, strokes: 5 / 9
iteration step 275, G_loss: 0.22096, step_acc: 10.16739, grid_scale: 1 / 5, strokes: 6 / 9
iteration step 276, G_loss: 0.22011, step_acc: 10.24298, grid_scale: 1 / 5, strokes: 6 / 9
iteration step 277, G_loss: 0.21849, step_acc: 10.27734, grid_scale: 1 / 5, strokes: 6 / 9
iteration step 278, G_loss: 0.21730, step_acc: 10.32731, grid_scale: 1 / 5, strokes: 6 / 9
iteration step 279, G_loss: 0.21619, step_acc: 10.34236, grid_scale: 1 / 5, strokes: 6 / 9
iteration step 280, G_loss: 0.21533, step_acc: 10.39003, grid_scale: 1 / 5, strokes: 6 / 9
iteration step 281, G_loss: 0.21428, step_acc: 10.40939, grid_scale: 1 / 5, strokes: 6 / 9
iteration step 282, G_loss: 0.21364, step_acc: 10.42672, grid_scale: 1 / 5, strokes: 6 / 9
iteration step 283, G_loss: 0.21282, step_acc: 10.45615, grid_scale: 1 / 5, strokes: 6 / 9
iteration step 284, G_loss: 0.21222, step_acc: 10.57689, grid_scale: 1 / 5, strokes: 6 / 9
iteration step 285, G_loss: 0.20968, step_acc: 10.72873, grid_scale: 1 / 5, strokes: 6 / 9
iteration step 286, G_loss: 0.20630, step_acc: 10.85938, grid_scale: 1 / 5, strokes: 6 / 9
iteration step 287, G_loss: 0.20318, step_acc: 10.93287, grid_scale: 1 / 5, strokes: 6 / 9
iteration step 288, G_loss: 0.20152, step_acc: 10.98640, grid_scale: 1 / 5, strokes: 6 / 9
iteration step 289, G_loss: 0.19964, step_acc: 11.05671, grid_scale: 1 / 5, strokes: 6 / 9
iteration step 290, G_loss: 0.19835, step_acc: 11.10592, grid_scale: 1 / 5, strokes: 6 / 9
iteration step 291, G_loss: 0.19702, step_acc: 11.12460, grid_scale: 1 / 5, strokes: 6 / 9
iteration step 292, G_loss: 0.19620, step_acc: 11.16743, grid_scale: 1 / 5, strokes: 6 / 9
iteration step 293, G_loss: 0.19562, step_acc: 11.18181, grid_scale: 1 / 5, strokes: 6 / 9
iteration step 294, G_loss: 0.19506, step_acc: 11.21155, grid_scale: 1 / 5, strokes: 6 / 9
iteration step 295, G_loss: 0.19454, step_acc: 11.22869, grid_scale: 1 / 5, strokes: 6 / 9
iteration step 296, G_loss: 0.19410, step_acc: 11.25278, grid_scale: 1 / 5, strokes: 6 / 9
iteration step 297, G_loss: 0.19355, step_acc: 11.28160, grid_scale: 1 / 5, strokes: 6 / 9
iteration step 298, G_loss: 0.19309, step_acc: 11.29376, grid_scale: 1 / 5, strokes: 6 / 9
iteration step 299, G_loss: 0.19262, step_acc: 11.31891, grid_scale: 1 / 5, strokes: 6 / 9
iteration step 300, G_loss: 0.19236, step_acc: 11.31091, grid_scale: 1 / 5, strokes: 6 / 9
iteration step 301, G_loss: 0.19189, step_acc: 11.33539, grid_scale: 1 / 5, strokes: 6 / 9
iteration step 302, G_loss: 0.19146, step_acc: 11.35493, grid_scale: 1 / 5, strokes: 6 / 9
iteration step 303, G_loss: 0.19110, step_acc: 11.36651, grid_scale: 1 / 5, strokes: 6 / 9
iteration step 304, G_loss: 0.19064, step_acc: 11.38618, grid_scale: 1 / 5, strokes: 6 / 9
iteration step 305, G_loss: 0.19017, step_acc: 11.42743, grid_scale: 1 / 5, strokes: 6 / 9
iteration step 306, G_loss: 0.18902, step_acc: 11.45383, grid_scale: 1 / 5, strokes: 6 / 9
iteration step 307, G_loss: 0.18850, step_acc: 11.47067, grid_scale: 1 / 5, strokes: 6 / 9
iteration step 308, G_loss: 0.18793, step_acc: 11.50357, grid_scale: 1 / 5, strokes: 6 / 9
iteration step 309, G_loss: 0.18750, step_acc: 11.49744, grid_scale: 1 / 5, strokes: 6 / 9
iteration step 310, G_loss: 0.18714, step_acc: 11.50908, grid_scale: 1 / 5, strokes: 6 / 9
iteration step 311, G_loss: 0.18689, step_acc: 11.50068, grid_scale: 1 / 5, strokes: 6 / 9
iteration step 312, G_loss: 0.18656, step_acc: 11.51328, grid_scale: 1 / 5, strokes: 6 / 9
iteration step 313, G_loss: 0.18632, step_acc: 11.52101, grid_scale: 1 / 5, strokes: 6 / 9
iteration step 314, G_loss: 0.18586, step_acc: 11.59669, grid_scale: 1 / 5, strokes: 6 / 9
iteration step 315, G_loss: 0.18456, step_acc: 11.66500, grid_scale: 1 / 5, strokes: 6 / 9
iteration step 316, G_loss: 0.18314, step_acc: 11.72062, grid_scale: 1 / 5, strokes: 6 / 9
iteration step 317, G_loss: 0.18233, step_acc: 11.73388, grid_scale: 1 / 5, strokes: 6 / 9
iteration step 318, G_loss: 0.18168, step_acc: 11.77100, grid_scale: 1 / 5, strokes: 6 / 9
iteration step 319, G_loss: 0.18116, step_acc: 11.77218, grid_scale: 1 / 5, strokes: 6 / 9
iteration step 320, G_loss: 0.18085, step_acc: 11.80068, grid_scale: 1 / 5, strokes: 6 / 9
iteration step 321, G_loss: 0.18055, step_acc: 11.79581, grid_scale: 1 / 5, strokes: 6 / 9
iteration step 322, G_loss: 0.18028, step_acc: 11.82570, grid_scale: 1 / 5, strokes: 6 / 9
iteration step 323, G_loss: 0.17990, step_acc: 11.83419, grid_scale: 1 / 5, strokes: 6 / 9
iteration step 324, G_loss: 0.17961, step_acc: 11.85213, grid_scale: 1 / 5, strokes: 6 / 9
iteration step 325, G_loss: 0.17937, step_acc: 11.84045, grid_scale: 1 / 5, strokes: 6 / 9
iteration step 326, G_loss: 0.17922, step_acc: 11.91058, grid_scale: 1 / 5, strokes: 6 / 9
iteration step 327, G_loss: 0.17842, step_acc: 11.92421, grid_scale: 1 / 5, strokes: 6 / 9
iteration step 328, G_loss: 0.17770, step_acc: 11.94025, grid_scale: 1 / 5, strokes: 6 / 9
iteration step 329, G_loss: 0.17722, step_acc: 12.02788, grid_scale: 1 / 5, strokes: 6 / 9
iteration step 330, G_loss: 0.17593, step_acc: 13.12050, grid_scale: 1 / 5, strokes: 7 / 9
iteration step 331, G_loss: 0.16051, step_acc: 13.26115, grid_scale: 1 / 5, strokes: 7 / 9
iteration step 332, G_loss: 0.15827, step_acc: 13.42180, grid_scale: 1 / 5, strokes: 7 / 9
iteration step 333, G_loss: 0.15578, step_acc: 13.61224, grid_scale: 1 / 5, strokes: 7 / 9
iteration step 334, G_loss: 0.15326, step_acc: 13.84448, grid_scale: 1 / 5, strokes: 7 / 9
iteration step 335, G_loss: 0.15016, step_acc: 14.02783, grid_scale: 1 / 5, strokes: 7 / 9
iteration step 336, G_loss: 0.14742, step_acc: 14.13928, grid_scale: 1 / 5, strokes: 7 / 9
iteration step 337, G_loss: 0.14566, step_acc: 14.19626, grid_scale: 1 / 5, strokes: 7 / 9
iteration step 338, G_loss: 0.14454, step_acc: 14.26989, grid_scale: 1 / 5, strokes: 7 / 9
iteration step 339, G_loss: 0.14339, step_acc: 14.29907, grid_scale: 1 / 5, strokes: 7 / 9
iteration step 340, G_loss: 0.14269, step_acc: 14.32819, grid_scale: 1 / 5, strokes: 7 / 9
iteration step 341, G_loss: 0.14227, step_acc: 14.33444, grid_scale: 1 / 5, strokes: 7 / 9
iteration step 342, G_loss: 0.14195, step_acc: 14.35803, grid_scale: 1 / 5, strokes: 7 / 9
iteration step 343, G_loss: 0.14163, step_acc: 14.37015, grid_scale: 1 / 5, strokes: 7 / 9
iteration step 344, G_loss: 0.14125, step_acc: 14.39893, grid_scale: 1 / 5, strokes: 7 / 9
iteration step 345, G_loss: 0.14083, step_acc: 14.41148, grid_scale: 1 / 5, strokes: 7 / 9
iteration step 346, G_loss: 0.14040, step_acc: 14.43333, grid_scale: 1 / 5, strokes: 7 / 9
iteration step 347, G_loss: 0.14005, step_acc: 14.43140, grid_scale: 1 / 5, strokes: 7 / 9
iteration step 348, G_loss: 0.13982, step_acc: 14.45325, grid_scale: 1 / 5, strokes: 7 / 9
iteration step 349, G_loss: 0.13954, step_acc: 14.45379, grid_scale: 1 / 5, strokes: 7 / 9
iteration step 350, G_loss: 0.13933, step_acc: 14.46969, grid_scale: 1 / 5, strokes: 7 / 9
iteration step 351, G_loss: 0.13915, step_acc: 14.47460, grid_scale: 1 / 5, strokes: 7 / 9
iteration step 352, G_loss: 0.13894, step_acc: 14.48416, grid_scale: 1 / 5, strokes: 7 / 9
iteration step 353, G_loss: 0.13879, step_acc: 14.48613, grid_scale: 1 / 5, strokes: 7 / 9
iteration step 354, G_loss: 0.13868, step_acc: 14.49431, grid_scale: 1 / 5, strokes: 7 / 9
iteration step 355, G_loss: 0.13855, step_acc: 14.49651, grid_scale: 1 / 5, strokes: 7 / 9
iteration step 356, G_loss: 0.13847, step_acc: 14.50457, grid_scale: 1 / 5, strokes: 7 / 9
iteration step 357, G_loss: 0.13831, step_acc: 14.50316, grid_scale: 1 / 5, strokes: 7 / 9
iteration step 358, G_loss: 0.13830, step_acc: 14.51425, grid_scale: 1 / 5, strokes: 7 / 9
iteration step 359, G_loss: 0.13812, step_acc: 14.51004, grid_scale: 1 / 5, strokes: 7 / 9
iteration step 360, G_loss: 0.13815, step_acc: 14.52166, grid_scale: 1 / 5, strokes: 7 / 9
iteration step 361, G_loss: 0.13796, step_acc: 14.53063, grid_scale: 1 / 5, strokes: 7 / 9
iteration step 362, G_loss: 0.13789, step_acc: 14.51674, grid_scale: 1 / 5, strokes: 7 / 9
iteration step 363, G_loss: 0.13787, step_acc: 14.53743, grid_scale: 1 / 5, strokes: 7 / 9
iteration step 364, G_loss: 0.13771, step_acc: 14.53537, grid_scale: 1 / 5, strokes: 7 / 9
iteration step 365, G_loss: 0.13763, step_acc: 14.53935, grid_scale: 1 / 5, strokes: 7 / 9
iteration step 366, G_loss: 0.13755, step_acc: 14.54264, grid_scale: 1 / 5, strokes: 7 / 9
iteration step 367, G_loss: 0.13749, step_acc: 14.54195, grid_scale: 1 / 5, strokes: 7 / 9
iteration step 368, G_loss: 0.13744, step_acc: 14.53911, grid_scale: 1 / 5, strokes: 7 / 9
iteration step 369, G_loss: 0.13743, step_acc: 14.55319, grid_scale: 1 / 5, strokes: 7 / 9
iteration step 370, G_loss: 0.13733, step_acc: 14.54008, grid_scale: 1 / 5, strokes: 7 / 9
iteration step 371, G_loss: 0.13735, step_acc: 14.55671, grid_scale: 1 / 5, strokes: 7 / 9
iteration step 372, G_loss: 0.13724, step_acc: 14.55317, grid_scale: 1 / 5, strokes: 7 / 9
iteration step 373, G_loss: 0.13718, step_acc: 14.55681, grid_scale: 1 / 5, strokes: 7 / 9
iteration step 374, G_loss: 0.13710, step_acc: 14.55909, grid_scale: 1 / 5, strokes: 7 / 9
iteration step 375, G_loss: 0.13702, step_acc: 14.55227, grid_scale: 1 / 5, strokes: 7 / 9
iteration step 376, G_loss: 0.13703, step_acc: 14.56559, grid_scale: 1 / 5, strokes: 7 / 9
iteration step 377, G_loss: 0.13697, step_acc: 14.56036, grid_scale: 1 / 5, strokes: 7 / 9
iteration step 378, G_loss: 0.13696, step_acc: 14.56908, grid_scale: 1 / 5, strokes: 7 / 9
iteration step 379, G_loss: 0.13686, step_acc: 14.56355, grid_scale: 1 / 5, strokes: 7 / 9
iteration step 380, G_loss: 0.13687, step_acc: 14.57331, grid_scale: 1 / 5, strokes: 7 / 9
iteration step 381, G_loss: 0.13679, step_acc: 14.57764, grid_scale: 1 / 5, strokes: 7 / 9
iteration step 382, G_loss: 0.13668, step_acc: 14.58177, grid_scale: 1 / 5, strokes: 7 / 9
iteration step 383, G_loss: 0.13660, step_acc: 14.58058, grid_scale: 1 / 5, strokes: 7 / 9
iteration step 384, G_loss: 0.13653, step_acc: 14.58794, grid_scale: 1 / 5, strokes: 7 / 9
iteration step 385, G_loss: 0.13652, step_acc: 14.62127, grid_scale: 1 / 5, strokes: 8 / 9
iteration step 386, G_loss: 0.13541, step_acc: 14.79859, grid_scale: 1 / 5, strokes: 8 / 9
iteration step 387, G_loss: 0.13350, step_acc: 14.92450, grid_scale: 1 / 5, strokes: 8 / 9
iteration step 388, G_loss: 0.13167, step_acc: 14.98759, grid_scale: 1 / 5, strokes: 8 / 9
iteration step 389, G_loss: 0.13084, step_acc: 15.02123, grid_scale: 1 / 5, strokes: 8 / 9
iteration step 390, G_loss: 0.13013, step_acc: 15.06775, grid_scale: 1 / 5, strokes: 8 / 9
iteration step 391, G_loss: 0.12940, step_acc: 15.07659, grid_scale: 1 / 5, strokes: 8 / 9
iteration step 392, G_loss: 0.12887, step_acc: 15.10553, grid_scale: 1 / 5, strokes: 8 / 9
iteration step 393, G_loss: 0.12847, step_acc: 15.08819, grid_scale: 1 / 5, strokes: 8 / 9
iteration step 394, G_loss: 0.12842, step_acc: 15.11136, grid_scale: 1 / 5, strokes: 8 / 9
iteration step 395, G_loss: 0.12825, step_acc: 15.09607, grid_scale: 1 / 5, strokes: 8 / 9
iteration step 396, G_loss: 0.12819, step_acc: 15.11941, grid_scale: 1 / 5, strokes: 8 / 9
iteration step 397, G_loss: 0.12805, step_acc: 15.10118, grid_scale: 1 / 5, strokes: 8 / 9
iteration step 398, G_loss: 0.12798, step_acc: 15.12144, grid_scale: 1 / 5, strokes: 8 / 9
iteration step 399, G_loss: 0.12783, step_acc: 15.10081, grid_scale: 1 / 5, strokes: 8 / 9
iteration step 400, G_loss: 0.12786, step_acc: 15.12432, grid_scale: 1 / 5, strokes: 8 / 9
iteration step 401, G_loss: 0.12775, step_acc: 15.10899, grid_scale: 1 / 5, strokes: 8 / 9
iteration step 402, G_loss: 0.12768, step_acc: 15.12013, grid_scale: 1 / 5, strokes: 8 / 9
iteration step 403, G_loss: 0.12758, step_acc: 15.10648, grid_scale: 1 / 5, strokes: 8 / 9
iteration step 404, G_loss: 0.12758, step_acc: 15.12612, grid_scale: 1 / 5, strokes: 8 / 9
iteration step 405, G_loss: 0.12754, step_acc: 15.10737, grid_scale: 1 / 5, strokes: 8 / 9
iteration step 406, G_loss: 0.12752, step_acc: 15.12279, grid_scale: 1 / 5, strokes: 8 / 9
iteration step 407, G_loss: 0.12743, step_acc: 15.10876, grid_scale: 1 / 5, strokes: 8 / 9
iteration step 408, G_loss: 0.12744, step_acc: 15.11925, grid_scale: 1 / 5, strokes: 8 / 9
iteration step 409, G_loss: 0.12739, step_acc: 15.10691, grid_scale: 1 / 5, strokes: 8 / 9
iteration step 410, G_loss: 0.12737, step_acc: 15.12962, grid_scale: 1 / 5, strokes: 8 / 9
iteration step 411, G_loss: 0.12729, step_acc: 15.11332, grid_scale: 1 / 5, strokes: 8 / 9
iteration step 412, G_loss: 0.12729, step_acc: 15.12736, grid_scale: 1 / 5, strokes: 8 / 9
iteration step 413, G_loss: 0.12719, step_acc: 15.11614, grid_scale: 1 / 5, strokes: 8 / 9
iteration step 414, G_loss: 0.12719, step_acc: 15.13536, grid_scale: 1 / 5, strokes: 8 / 9
iteration step 415, G_loss: 0.12713, step_acc: 15.12981, grid_scale: 1 / 5, strokes: 8 / 9
iteration step 416, G_loss: 0.12703, step_acc: 15.13674, grid_scale: 1 / 5, strokes: 8 / 9
iteration step 417, G_loss: 0.12697, step_acc: 15.11958, grid_scale: 1 / 5, strokes: 8 / 9
iteration step 418, G_loss: 0.12698, step_acc: 15.14729, grid_scale: 1 / 5, strokes: 8 / 9
iteration step 419, G_loss: 0.12694, step_acc: 15.12344, grid_scale: 1 / 5, strokes: 8 / 9
iteration step 420, G_loss: 0.12691, step_acc: 15.14739, grid_scale: 1 / 5, strokes: 8 / 9
iteration step 421, G_loss: 0.12679, step_acc: 15.13393, grid_scale: 1 / 5, strokes: 8 / 9
iteration step 422, G_loss: 0.12673, step_acc: 15.14891, grid_scale: 1 / 5, strokes: 8 / 9
iteration step 423, G_loss: 0.12665, step_acc: 15.14272, grid_scale: 1 / 5, strokes: 8 / 9
iteration step 424, G_loss: 0.12661, step_acc: 15.15007, grid_scale: 1 / 5, strokes: 8 / 9
iteration step 425, G_loss: 0.12664, step_acc: 15.13481, grid_scale: 1 / 5, strokes: 8 / 9
iteration step 426, G_loss: 0.12663, step_acc: 15.14729, grid_scale: 1 / 5, strokes: 8 / 9
iteration step 427, G_loss: 0.12652, step_acc: 15.13773, grid_scale: 1 / 5, strokes: 8 / 9
iteration step 428, G_loss: 0.12651, step_acc: 15.15705, grid_scale: 1 / 5, strokes: 8 / 9
iteration step 429, G_loss: 0.12643, step_acc: 15.14593, grid_scale: 1 / 5, strokes: 8 / 9
iteration step 430, G_loss: 0.12634, step_acc: 15.15286, grid_scale: 1 / 5, strokes: 8 / 9
iteration step 431, G_loss: 0.12622, step_acc: 15.14429, grid_scale: 1 / 5, strokes: 8 / 9
iteration step 432, G_loss: 0.12619, step_acc: 15.14995, grid_scale: 1 / 5, strokes: 8 / 9
iteration step 433, G_loss: 0.12612, step_acc: 15.14848, grid_scale: 1 / 5, strokes: 8 / 9
iteration step 434, G_loss: 0.12610, step_acc: 15.15372, grid_scale: 1 / 5, strokes: 8 / 9
iteration step 435, G_loss: 0.12604, step_acc: 15.14360, grid_scale: 1 / 5, strokes: 8 / 9
iteration step 436, G_loss: 0.12602, step_acc: 15.15470, grid_scale: 1 / 5, strokes: 8 / 9
iteration step 437, G_loss: 0.12594, step_acc: 15.14631, grid_scale: 1 / 5, strokes: 8 / 9
iteration step 438, G_loss: 0.12590, step_acc: 15.15542, grid_scale: 1 / 5, strokes: 8 / 9
iteration step 439, G_loss: 0.12583, step_acc: 15.14674, grid_scale: 1 / 5, strokes: 8 / 9
iteration step 440, G_loss: 0.12584, step_acc: 15.20146, grid_scale: 1 / 5, strokes: 9 / 9
iteration step 441, G_loss: 0.12537, step_acc: 15.28317, grid_scale: 1 / 5, strokes: 9 / 9
iteration step 442, G_loss: 0.12400, step_acc: 15.34464, grid_scale: 1 / 5, strokes: 9 / 9
iteration step 443, G_loss: 0.12304, step_acc: 15.39734, grid_scale: 1 / 5, strokes: 9 / 9
iteration step 444, G_loss: 0.12206, step_acc: 15.44177, grid_scale: 1 / 5, strokes: 9 / 9
iteration step 445, G_loss: 0.12154, step_acc: 15.43894, grid_scale: 1 / 5, strokes: 9 / 9
iteration step 446, G_loss: 0.12118, step_acc: 15.46530, grid_scale: 1 / 5, strokes: 9 / 9
iteration step 447, G_loss: 0.12088, step_acc: 15.45378, grid_scale: 1 / 5, strokes: 9 / 9
iteration step 448, G_loss: 0.12057, step_acc: 15.48931, grid_scale: 1 / 5, strokes: 9 / 9
iteration step 449, G_loss: 0.12028, step_acc: 15.48449, grid_scale: 1 / 5, strokes: 9 / 9
iteration step 450, G_loss: 0.12028, step_acc: 15.45570, grid_scale: 1 / 5, strokes: 9 / 9
iteration step 451, G_loss: 0.12040, step_acc: 15.50072, grid_scale: 1 / 5, strokes: 9 / 9
iteration step 452, G_loss: 0.11981, step_acc: 15.47952, grid_scale: 1 / 5, strokes: 9 / 9
iteration step 453, G_loss: 0.11987, step_acc: 15.49612, grid_scale: 1 / 5, strokes: 9 / 9
iteration step 454, G_loss: 0.11996, step_acc: 15.49804, grid_scale: 1 / 5, strokes: 9 / 9
iteration step 455, G_loss: 0.11971, step_acc: 15.50235, grid_scale: 1 / 5, strokes: 9 / 9
iteration step 456, G_loss: 0.11965, step_acc: 15.51560, grid_scale: 1 / 5, strokes: 9 / 9
iteration step 457, G_loss: 0.11954, step_acc: 15.49179, grid_scale: 1 / 5, strokes: 9 / 9
iteration step 458, G_loss: 0.11948, step_acc: 15.52467, grid_scale: 1 / 5, strokes: 9 / 9
iteration step 459, G_loss: 0.11946, step_acc: 15.48789, grid_scale: 1 / 5, strokes: 9 / 9
iteration step 460, G_loss: 0.11937, step_acc: 15.53047, grid_scale: 1 / 5, strokes: 9 / 9
iteration step 461, G_loss: 0.11934, step_acc: 15.49435, grid_scale: 1 / 5, strokes: 9 / 9
iteration step 462, G_loss: 0.11932, step_acc: 15.53457, grid_scale: 1 / 5, strokes: 9 / 9
iteration step 463, G_loss: 0.11932, step_acc: 15.49363, grid_scale: 1 / 5, strokes: 9 / 9
iteration step 464, G_loss: 0.11925, step_acc: 15.54444, grid_scale: 1 / 5, strokes: 9 / 9
iteration step 465, G_loss: 0.11913, step_acc: 15.52712, grid_scale: 1 / 5, strokes: 9 / 9
iteration step 466, G_loss: 0.11890, step_acc: 15.54461, grid_scale: 1 / 5, strokes: 9 / 9
iteration step 467, G_loss: 0.11886, step_acc: 15.53352, grid_scale: 1 / 5, strokes: 9 / 9
iteration step 468, G_loss: 0.11872, step_acc: 15.56652, grid_scale: 1 / 5, strokes: 9 / 9
iteration step 469, G_loss: 0.11869, step_acc: 15.55233, grid_scale: 1 / 5, strokes: 9 / 9
iteration step 470, G_loss: 0.11848, step_acc: 15.58712, grid_scale: 1 / 5, strokes: 9 / 9
iteration step 471, G_loss: 0.11840, step_acc: 15.57393, grid_scale: 1 / 5, strokes: 9 / 9
iteration step 472, G_loss: 0.11821, step_acc: 15.60285, grid_scale: 1 / 5, strokes: 9 / 9
iteration step 473, G_loss: 0.11813, step_acc: 15.58770, grid_scale: 1 / 5, strokes: 9 / 9
iteration step 474, G_loss: 0.11795, step_acc: 15.60022, grid_scale: 1 / 5, strokes: 9 / 9
iteration step 475, G_loss: 0.11785, step_acc: 15.59604, grid_scale: 1 / 5, strokes: 9 / 9
iteration step 476, G_loss: 0.11779, step_acc: 15.62180, grid_scale: 1 / 5, strokes: 9 / 9
iteration step 477, G_loss: 0.11776, step_acc: 15.60636, grid_scale: 1 / 5, strokes: 9 / 9
iteration step 478, G_loss: 0.11764, step_acc: 15.62873, grid_scale: 1 / 5, strokes: 9 / 9
iteration step 479, G_loss: 0.11757, step_acc: 15.61556, grid_scale: 1 / 5, strokes: 9 / 9
iteration step 480, G_loss: 0.11748, step_acc: 15.63843, grid_scale: 1 / 5, strokes: 9 / 9
iteration step 481, G_loss: 0.11740, step_acc: 15.62603, grid_scale: 1 / 5, strokes: 9 / 9
iteration step 482, G_loss: 0.11734, step_acc: 15.64264, grid_scale: 1 / 5, strokes: 9 / 9
iteration step 483, G_loss: 0.11729, step_acc: 15.64249, grid_scale: 1 / 5, strokes: 9 / 9
iteration step 484, G_loss: 0.11717, step_acc: 15.65450, grid_scale: 1 / 5, strokes: 9 / 9
iteration step 485, G_loss: 0.11709, step_acc: 15.65232, grid_scale: 1 / 5, strokes: 9 / 9
iteration step 486, G_loss: 0.11699, step_acc: 15.67645, grid_scale: 1 / 5, strokes: 9 / 9
iteration step 487, G_loss: 0.11687, step_acc: 15.66985, grid_scale: 1 / 5, strokes: 9 / 9
iteration step 488, G_loss: 0.11670, step_acc: 15.69339, grid_scale: 1 / 5, strokes: 9 / 9
iteration step 489, G_loss: 0.11652, step_acc: 15.70097, grid_scale: 1 / 5, strokes: 9 / 9
iteration step 490, G_loss: 0.11635, step_acc: 15.72009, grid_scale: 1 / 5, strokes: 9 / 9
iteration step 491, G_loss: 0.11616, step_acc: 15.74337, grid_scale: 1 / 5, strokes: 9 / 9
iteration step 492, G_loss: 0.11592, step_acc: 15.77152, grid_scale: 1 / 5, strokes: 9 / 9
iteration step 493, G_loss: 0.11558, step_acc: 15.79490, grid_scale: 1 / 5, strokes: 9 / 9
iteration step 494, G_loss: 0.11525, step_acc: 15.82446, grid_scale: 1 / 5, strokes: 9 / 9
rendering canvas...
iteration step 0, G_loss: 0.11493, step_acc: 13.98858, grid_scale: 2 / 5, strokes: 1 / 9
iteration step 1, G_loss: 0.13418, step_acc: 14.08613, grid_scale: 2 / 5, strokes: 1 / 9
iteration step 2, G_loss: 0.13317, step_acc: 14.13379, grid_scale: 2 / 5, strokes: 1 / 9
iteration step 3, G_loss: 0.13245, step_acc: 14.17143, grid_scale: 2 / 5, strokes: 1 / 9
iteration step 4, G_loss: 0.13175, step_acc: 14.21385, grid_scale: 2 / 5, strokes: 1 / 9
iteration step 5, G_loss: 0.13118, step_acc: 14.24234, grid_scale: 2 / 5, strokes: 1 / 9
iteration step 6, G_loss: 0.13090, step_acc: 14.26933, grid_scale: 2 / 5, strokes: 1 / 9
iteration step 7, G_loss: 0.13049, step_acc: 14.29484, grid_scale: 2 / 5, strokes: 1 / 9
iteration step 8, G_loss: 0.13014, step_acc: 14.29394, grid_scale: 2 / 5, strokes: 1 / 9
iteration step 9, G_loss: 0.13006, step_acc: 14.31200, grid_scale: 2 / 5, strokes: 1 / 9
iteration step 10, G_loss: 0.12987, step_acc: 14.33667, grid_scale: 2 / 5, strokes: 1 / 9
iteration step 11, G_loss: 0.12943, step_acc: 14.34724, grid_scale: 2 / 5, strokes: 1 / 9
iteration step 12, G_loss: 0.12923, step_acc: 14.35999, grid_scale: 2 / 5, strokes: 1 / 9
iteration step 13, G_loss: 0.12903, step_acc: 14.36703, grid_scale: 2 / 5, strokes: 1 / 9
iteration step 14, G_loss: 0.12891, step_acc: 14.37686, grid_scale: 2 / 5, strokes: 1 / 9
iteration step 15, G_loss: 0.12878, step_acc: 14.38479, grid_scale: 2 / 5, strokes: 1 / 9
iteration step 16, G_loss: 0.12864, step_acc: 14.39161, grid_scale: 2 / 5, strokes: 1 / 9
iteration step 17, G_loss: 0.12857, step_acc: 14.39635, grid_scale: 2 / 5, strokes: 1 / 9
iteration step 18, G_loss: 0.12843, step_acc: 14.41340, grid_scale: 2 / 5, strokes: 1 / 9
iteration step 19, G_loss: 0.12820, step_acc: 14.42385, grid_scale: 2 / 5, strokes: 1 / 9
iteration step 20, G_loss: 0.12803, step_acc: 14.43283, grid_scale: 2 / 5, strokes: 1 / 9
iteration step 21, G_loss: 0.12788, step_acc: 14.43944, grid_scale: 2 / 5, strokes: 1 / 9
iteration step 22, G_loss: 0.12770, step_acc: 14.44738, grid_scale: 2 / 5, strokes: 1 / 9
iteration step 23, G_loss: 0.12761, step_acc: 14.45176, grid_scale: 2 / 5, strokes: 1 / 9
iteration step 24, G_loss: 0.12748, step_acc: 14.46544, grid_scale: 2 / 5, strokes: 1 / 9
iteration step 25, G_loss: 0.12732, step_acc: 14.47120, grid_scale: 2 / 5, strokes: 1 / 9
iteration step 26, G_loss: 0.12721, step_acc: 14.47700, grid_scale: 2 / 5, strokes: 1 / 9
iteration step 27, G_loss: 0.12713, step_acc: 14.47905, grid_scale: 2 / 5, strokes: 1 / 9
iteration step 28, G_loss: 0.12707, step_acc: 14.48576, grid_scale: 2 / 5, strokes: 1 / 9
iteration step 29, G_loss: 0.12700, step_acc: 14.49122, grid_scale: 2 / 5, strokes: 1 / 9
iteration step 30, G_loss: 0.12691, step_acc: 14.49510, grid_scale: 2 / 5, strokes: 1 / 9
iteration step 31, G_loss: 0.12685, step_acc: 14.49097, grid_scale: 2 / 5, strokes: 1 / 9
iteration step 32, G_loss: 0.12690, step_acc: 14.50247, grid_scale: 2 / 5, strokes: 1 / 9
iteration step 33, G_loss: 0.12678, step_acc: 14.50482, grid_scale: 2 / 5, strokes: 1 / 9
iteration step 34, G_loss: 0.12670, step_acc: 14.50985, grid_scale: 2 / 5, strokes: 1 / 9
iteration step 35, G_loss: 0.12664, step_acc: 14.50741, grid_scale: 2 / 5, strokes: 1 / 9
iteration step 36, G_loss: 0.12661, step_acc: 14.51794, grid_scale: 2 / 5, strokes: 1 / 9
iteration step 37, G_loss: 0.12652, step_acc: 14.51318, grid_scale: 2 / 5, strokes: 1 / 9
iteration step 38, G_loss: 0.12652, step_acc: 14.52219, grid_scale: 2 / 5, strokes: 1 / 9
iteration step 39, G_loss: 0.12647, step_acc: 14.52261, grid_scale: 2 / 5, strokes: 1 / 9
iteration step 40, G_loss: 0.12640, step_acc: 14.53122, grid_scale: 2 / 5, strokes: 1 / 9
iteration step 41, G_loss: 0.12633, step_acc: 14.52595, grid_scale: 2 / 5, strokes: 1 / 9
iteration step 42, G_loss: 0.12636, step_acc: 14.53684, grid_scale: 2 / 5, strokes: 1 / 9
iteration step 43, G_loss: 0.12622, step_acc: 14.53604, grid_scale: 2 / 5, strokes: 1 / 9
iteration step 44, G_loss: 0.12620, step_acc: 14.54749, grid_scale: 2 / 5, strokes: 1 / 9
iteration step 45, G_loss: 0.12602, step_acc: 14.55137, grid_scale: 2 / 5, strokes: 1 / 9
iteration step 46, G_loss: 0.12594, step_acc: 14.55881, grid_scale: 2 / 5, strokes: 1 / 9
iteration step 47, G_loss: 0.12581, step_acc: 14.57020, grid_scale: 2 / 5, strokes: 1 / 9
iteration step 48, G_loss: 0.12570, step_acc: 14.57512, grid_scale: 2 / 5, strokes: 1 / 9
iteration step 49, G_loss: 0.12566, step_acc: 14.57545, grid_scale: 2 / 5, strokes: 1 / 9
iteration step 50, G_loss: 0.12559, step_acc: 14.58818, grid_scale: 2 / 5, strokes: 1 / 9
iteration step 51, G_loss: 0.12551, step_acc: 14.60470, grid_scale: 2 / 5, strokes: 1 / 9
iteration step 52, G_loss: 0.12533, step_acc: 14.61129, grid_scale: 2 / 5, strokes: 1 / 9
iteration step 53, G_loss: 0.12524, step_acc: 14.61232, grid_scale: 2 / 5, strokes: 1 / 9
iteration step 54, G_loss: 0.12522, step_acc: 14.61903, grid_scale: 2 / 5, strokes: 1 / 9
iteration step 55, G_loss: 0.12513, step_acc: 14.69541, grid_scale: 2 / 5, strokes: 2 / 9
iteration step 56, G_loss: 0.12438, step_acc: 14.73346, grid_scale: 2 / 5, strokes: 2 / 9
iteration step 57, G_loss: 0.12368, step_acc: 14.77538, grid_scale: 2 / 5, strokes: 2 / 9
iteration step 58, G_loss: 0.12335, step_acc: 14.82620, grid_scale: 2 / 5, strokes: 2 / 9
iteration step 59, G_loss: 0.12280, step_acc: 14.86676, grid_scale: 2 / 5, strokes: 2 / 9
iteration step 60, G_loss: 0.12229, step_acc: 14.88577, grid_scale: 2 / 5, strokes: 2 / 9
iteration step 61, G_loss: 0.12204, step_acc: 14.91499, grid_scale: 2 / 5, strokes: 2 / 9
iteration step 62, G_loss: 0.12172, step_acc: 14.93572, grid_scale: 2 / 5, strokes: 2 / 9
iteration step 63, G_loss: 0.12132, step_acc: 14.97749, grid_scale: 2 / 5, strokes: 2 / 9
iteration step 64, G_loss: 0.12078, step_acc: 15.01147, grid_scale: 2 / 5, strokes: 2 / 9
iteration step 65, G_loss: 0.12029, step_acc: 15.04073, grid_scale: 2 / 5, strokes: 2 / 9
iteration step 66, G_loss: 0.11986, step_acc: 15.06390, grid_scale: 2 / 5, strokes: 2 / 9
iteration step 67, G_loss: 0.11963, step_acc: 15.08373, grid_scale: 2 / 5, strokes: 2 / 9
iteration step 68, G_loss: 0.11931, step_acc: 15.09815, grid_scale: 2 / 5, strokes: 2 / 9
iteration step 69, G_loss: 0.11911, step_acc: 15.10952, grid_scale: 2 / 5, strokes: 2 / 9
iteration step 70, G_loss: 0.11888, step_acc: 15.12058, grid_scale: 2 / 5, strokes: 2 / 9
iteration step 71, G_loss: 0.11875, step_acc: 15.12313, grid_scale: 2 / 5, strokes: 2 / 9
iteration step 72, G_loss: 0.11864, step_acc: 15.13531, grid_scale: 2 / 5, strokes: 2 / 9
iteration step 73, G_loss: 0.11848, step_acc: 15.13933, grid_scale: 2 / 5, strokes: 2 / 9
iteration step 74, G_loss: 0.11837, step_acc: 15.14589, grid_scale: 2 / 5, strokes: 2 / 9
iteration step 75, G_loss: 0.11830, step_acc: 15.14316, grid_scale: 2 / 5, strokes: 2 / 9
iteration step 76, G_loss: 0.11824, step_acc: 15.14993, grid_scale: 2 / 5, strokes: 2 / 9
iteration step 77, G_loss: 0.11812, step_acc: 15.15009, grid_scale: 2 / 5, strokes: 2 / 9
iteration step 78, G_loss: 0.11812, step_acc: 15.15532, grid_scale: 2 / 5, strokes: 2 / 9
iteration step 79, G_loss: 0.11808, step_acc: 15.15439, grid_scale: 2 / 5, strokes: 2 / 9
iteration step 80, G_loss: 0.11798, step_acc: 15.15805, grid_scale: 2 / 5, strokes: 2 / 9
iteration step 81, G_loss: 0.11796, step_acc: 15.16442, grid_scale: 2 / 5, strokes: 2 / 9
iteration step 82, G_loss: 0.11786, step_acc: 15.16644, grid_scale: 2 / 5, strokes: 2 / 9
iteration step 83, G_loss: 0.11784, step_acc: 15.16957, grid_scale: 2 / 5, strokes: 2 / 9
iteration step 84, G_loss: 0.11778, step_acc: 15.16919, grid_scale: 2 / 5, strokes: 2 / 9
iteration step 85, G_loss: 0.11775, step_acc: 15.17270, grid_scale: 2 / 5, strokes: 2 / 9
iteration step 86, G_loss: 0.11766, step_acc: 15.17948, grid_scale: 2 / 5, strokes: 2 / 9
iteration step 87, G_loss: 0.11755, step_acc: 15.18479, grid_scale: 2 / 5, strokes: 2 / 9
iteration step 88, G_loss: 0.11744, step_acc: 15.19386, grid_scale: 2 / 5, strokes: 2 / 9
iteration step 89, G_loss: 0.11730, step_acc: 15.19901, grid_scale: 2 / 5, strokes: 2 / 9
iteration step 90, G_loss: 0.11716, step_acc: 15.20592, grid_scale: 2 / 5, strokes: 2 / 9
iteration step 91, G_loss: 0.11706, step_acc: 15.20592, grid_scale: 2 / 5, strokes: 2 / 9
iteration step 92, G_loss: 0.11699, step_acc: 15.21514, grid_scale: 2 / 5, strokes: 2 / 9
iteration step 93, G_loss: 0.11687, step_acc: 15.21292, grid_scale: 2 / 5, strokes: 2 / 9
iteration step 94, G_loss: 0.11684, step_acc: 15.22007, grid_scale: 2 / 5, strokes: 2 / 9
iteration step 95, G_loss: 0.11679, step_acc: 15.21797, grid_scale: 2 / 5, strokes: 2 / 9
iteration step 96, G_loss: 0.11677, step_acc: 15.21647, grid_scale: 2 / 5, strokes: 2 / 9
iteration step 97, G_loss: 0.11683, step_acc: 15.21877, grid_scale: 2 / 5, strokes: 2 / 9
iteration step 98, G_loss: 0.11675, step_acc: 15.22534, grid_scale: 2 / 5, strokes: 2 / 9
iteration step 99, G_loss: 0.11668, step_acc: 15.22195, grid_scale: 2 / 5, strokes: 2 / 9
iteration step 100, G_loss: 0.11667, step_acc: 15.22588, grid_scale: 2 / 5, strokes: 2 / 9
iteration step 101, G_loss: 0.11666, step_acc: 15.22688, grid_scale: 2 / 5, strokes: 2 / 9
iteration step 102, G_loss: 0.11664, step_acc: 15.22720, grid_scale: 2 / 5, strokes: 2 / 9
iteration step 103, G_loss: 0.11665, step_acc: 15.22682, grid_scale: 2 / 5, strokes: 2 / 9
iteration step 104, G_loss: 0.11662, step_acc: 15.22831, grid_scale: 2 / 5, strokes: 2 / 9
iteration step 105, G_loss: 0.11659, step_acc: 15.24531, grid_scale: 2 / 5, strokes: 2 / 9
iteration step 106, G_loss: 0.11644, step_acc: 15.25602, grid_scale: 2 / 5, strokes: 2 / 9
iteration step 107, G_loss: 0.11635, step_acc: 15.25636, grid_scale: 2 / 5, strokes: 2 / 9
iteration step 108, G_loss: 0.11637, step_acc: 15.26055, grid_scale: 2 / 5, strokes: 2 / 9
iteration step 109, G_loss: 0.11630, step_acc: 15.25805, grid_scale: 2 / 5, strokes: 2 / 9
iteration step 110, G_loss: 0.11629, step_acc: 15.49649, grid_scale: 2 / 5, strokes: 3 / 9
iteration step 111, G_loss: 0.11417, step_acc: 15.57141, grid_scale: 2 / 5, strokes: 3 / 9
iteration step 112, G_loss: 0.11318, step_acc: 15.63918, grid_scale: 2 / 5, strokes: 3 / 9
iteration step 113, G_loss: 0.11244, step_acc: 15.68408, grid_scale: 2 / 5, strokes: 3 / 9
iteration step 114, G_loss: 0.11190, step_acc: 15.72414, grid_scale: 2 / 5, strokes: 3 / 9
iteration step 115, G_loss: 0.11136, step_acc: 15.75242, grid_scale: 2 / 5, strokes: 3 / 9
iteration step 116, G_loss: 0.11096, step_acc: 15.77611, grid_scale: 2 / 5, strokes: 3 / 9
iteration step 117, G_loss: 0.11076, step_acc: 15.79323, grid_scale: 2 / 5, strokes: 3 / 9
iteration step 118, G_loss: 0.11055, step_acc: 15.80395, grid_scale: 2 / 5, strokes: 3 / 9
iteration step 119, G_loss: 0.11034, step_acc: 15.81256, grid_scale: 2 / 5, strokes: 3 / 9
iteration step 120, G_loss: 0.11023, step_acc: 15.82672, grid_scale: 2 / 5, strokes: 3 / 9
iteration step 121, G_loss: 0.11012, step_acc: 15.82944, grid_scale: 2 / 5, strokes: 3 / 9
iteration step 122, G_loss: 0.10994, step_acc: 15.82809, grid_scale: 2 / 5, strokes: 3 / 9
iteration step 123, G_loss: 0.10992, step_acc: 15.83050, grid_scale: 2 / 5, strokes: 3 / 9
iteration step 124, G_loss: 0.10993, step_acc: 15.83538, grid_scale: 2 / 5, strokes: 3 / 9
iteration step 125, G_loss: 0.10979, step_acc: 15.84334, grid_scale: 2 / 5, strokes: 3 / 9
iteration step 126, G_loss: 0.10970, step_acc: 15.85045, grid_scale: 2 / 5, strokes: 3 / 9
iteration step 127, G_loss: 0.10954, step_acc: 15.85308, grid_scale: 2 / 5, strokes: 3 / 9
iteration step 128, G_loss: 0.10949, step_acc: 15.85757, grid_scale: 2 / 5, strokes: 3 / 9
iteration step 129, G_loss: 0.10943, step_acc: 15.86052, grid_scale: 2 / 5, strokes: 3 / 9
iteration step 130, G_loss: 0.10935, step_acc: 15.86311, grid_scale: 2 / 5, strokes: 3 / 9
iteration step 131, G_loss: 0.10933, step_acc: 15.86909, grid_scale: 2 / 5, strokes: 3 / 9
iteration step 132, G_loss: 0.10923, step_acc: 15.87048, grid_scale: 2 / 5, strokes: 3 / 9
iteration step 133, G_loss: 0.10918, step_acc: 15.87484, grid_scale: 2 / 5, strokes: 3 / 9
iteration step 134, G_loss: 0.10916, step_acc: 15.88116, grid_scale: 2 / 5, strokes: 3 / 9
iteration step 135, G_loss: 0.10911, step_acc: 15.88160, grid_scale: 2 / 5, strokes: 3 / 9
iteration step 136, G_loss: 0.10899, step_acc: 15.89163, grid_scale: 2 / 5, strokes: 3 / 9
iteration step 137, G_loss: 0.10889, step_acc: 15.89677, grid_scale: 2 / 5, strokes: 3 / 9
iteration step 138, G_loss: 0.10879, step_acc: 15.90062, grid_scale: 2 / 5, strokes: 3 / 9
iteration step 139, G_loss: 0.10879, step_acc: 15.91150, grid_scale: 2 / 5, strokes: 3 / 9
iteration step 140, G_loss: 0.10858, step_acc: 15.91879, grid_scale: 2 / 5, strokes: 3 / 9
iteration step 141, G_loss: 0.10835, step_acc: 15.93510, grid_scale: 2 / 5, strokes: 3 / 9
iteration step 142, G_loss: 0.10824, step_acc: 15.93932, grid_scale: 2 / 5, strokes: 3 / 9
iteration step 143, G_loss: 0.10817, step_acc: 15.94092, grid_scale: 2 / 5, strokes: 3 / 9
iteration step 144, G_loss: 0.10814, step_acc: 15.95421, grid_scale: 2 / 5, strokes: 3 / 9
iteration step 145, G_loss: 0.10798, step_acc: 15.96819, grid_scale: 2 / 5, strokes: 3 / 9
iteration step 146, G_loss: 0.10791, step_acc: 15.98357, grid_scale: 2 / 5, strokes: 3 / 9
iteration step 147, G_loss: 0.10775, step_acc: 15.98875, grid_scale: 2 / 5, strokes: 3 / 9
iteration step 148, G_loss: 0.10764, step_acc: 16.01333, grid_scale: 2 / 5, strokes: 3 / 9
iteration step 149, G_loss: 0.10740, step_acc: 16.02007, grid_scale: 2 / 5, strokes: 3 / 9
iteration step 150, G_loss: 0.10721, step_acc: 16.03787, grid_scale: 2 / 5, strokes: 3 / 9
iteration step 151, G_loss: 0.10706, step_acc: 16.04555, grid_scale: 2 / 5, strokes: 3 / 9
iteration step 152, G_loss: 0.10697, step_acc: 16.05231, grid_scale: 2 / 5, strokes: 3 / 9
iteration step 153, G_loss: 0.10690, step_acc: 16.05938, grid_scale: 2 / 5, strokes: 3 / 9
iteration step 154, G_loss: 0.10681, step_acc: 16.06733, grid_scale: 2 / 5, strokes: 3 / 9
iteration step 155, G_loss: 0.10674, step_acc: 16.06730, grid_scale: 2 / 5, strokes: 3 / 9
iteration step 156, G_loss: 0.10668, step_acc: 16.07720, grid_scale: 2 / 5, strokes: 3 / 9
iteration step 157, G_loss: 0.10662, step_acc: 16.08427, grid_scale: 2 / 5, strokes: 3 / 9
iteration step 158, G_loss: 0.10651, step_acc: 16.08654, grid_scale: 2 / 5, strokes: 3 / 9
iteration step 159, G_loss: 0.10647, step_acc: 16.08985, grid_scale: 2 / 5, strokes: 3 / 9
iteration step 160, G_loss: 0.10642, step_acc: 16.10251, grid_scale: 2 / 5, strokes: 3 / 9
iteration step 161, G_loss: 0.10636, step_acc: 16.09894, grid_scale: 2 / 5, strokes: 3 / 9
iteration step 162, G_loss: 0.10626, step_acc: 16.10452, grid_scale: 2 / 5, strokes: 3 / 9
iteration step 163, G_loss: 0.10633, step_acc: 16.09605, grid_scale: 2 / 5, strokes: 3 / 9
iteration step 164, G_loss: 0.10632, step_acc: 16.11016, grid_scale: 2 / 5, strokes: 3 / 9
iteration step 165, G_loss: 0.10610, step_acc: 16.25332, grid_scale: 2 / 5, strokes: 4 / 9
iteration step 166, G_loss: 0.10448, step_acc: 16.33154, grid_scale: 2 / 5, strokes: 4 / 9
iteration step 167, G_loss: 0.10355, step_acc: 16.39078, grid_scale: 2 / 5, strokes: 4 / 9
iteration step 168, G_loss: 0.10272, step_acc: 16.45213, grid_scale: 2 / 5, strokes: 4 / 9
iteration step 169, G_loss: 0.10197, step_acc: 16.47611, grid_scale: 2 / 5, strokes: 4 / 9
iteration step 170, G_loss: 0.10133, step_acc: 16.50205, grid_scale: 2 / 5, strokes: 4 / 9
iteration step 171, G_loss: 0.10107, step_acc: 16.52049, grid_scale: 2 / 5, strokes: 4 / 9
iteration step 172, G_loss: 0.10079, step_acc: 16.52397, grid_scale: 2 / 5, strokes: 4 / 9
iteration step 173, G_loss: 0.10069, step_acc: 16.52588, grid_scale: 2 / 5, strokes: 4 / 9
iteration step 174, G_loss: 0.10066, step_acc: 16.57843, grid_scale: 2 / 5, strokes: 4 / 9
iteration step 175, G_loss: 0.10009, step_acc: 16.59714, grid_scale: 2 / 5, strokes: 4 / 9
iteration step 176, G_loss: 0.09989, step_acc: 16.65735, grid_scale: 2 / 5, strokes: 4 / 9
iteration step 177, G_loss: 0.09953, step_acc: 16.68047, grid_scale: 2 / 5, strokes: 4 / 9
iteration step 178, G_loss: 0.09923, step_acc: 16.71016, grid_scale: 2 / 5, strokes: 4 / 9
iteration step 179, G_loss: 0.09905, step_acc: 16.72149, grid_scale: 2 / 5, strokes: 4 / 9
iteration step 180, G_loss: 0.09894, step_acc: 16.72671, grid_scale: 2 / 5, strokes: 4 / 9
iteration step 181, G_loss: 0.09888, step_acc: 16.75064, grid_scale: 2 / 5, strokes: 4 / 9
iteration step 182, G_loss: 0.09862, step_acc: 16.75743, grid_scale: 2 / 5, strokes: 4 / 9
iteration step 183, G_loss: 0.09851, step_acc: 16.75815, grid_scale: 2 / 5, strokes: 4 / 9
iteration step 184, G_loss: 0.09842, step_acc: 16.76740, grid_scale: 2 / 5, strokes: 4 / 9
iteration step 185, G_loss: 0.09834, step_acc: 16.77119, grid_scale: 2 / 5, strokes: 4 / 9
iteration step 186, G_loss: 0.09826, step_acc: 16.77409, grid_scale: 2 / 5, strokes: 4 / 9
iteration step 187, G_loss: 0.09826, step_acc: 16.77733, grid_scale: 2 / 5, strokes: 4 / 9
iteration step 188, G_loss: 0.09815, step_acc: 16.77967, grid_scale: 2 / 5, strokes: 4 / 9
iteration step 189, G_loss: 0.09815, step_acc: 16.78736, grid_scale: 2 / 5, strokes: 4 / 9
iteration step 190, G_loss: 0.09807, step_acc: 16.78529, grid_scale: 2 / 5, strokes: 4 / 9
iteration step 191, G_loss: 0.09808, step_acc: 16.78829, grid_scale: 2 / 5, strokes: 4 / 9
iteration step 192, G_loss: 0.09805, step_acc: 16.79335, grid_scale: 2 / 5, strokes: 4 / 9
iteration step 193, G_loss: 0.09797, step_acc: 16.79665, grid_scale: 2 / 5, strokes: 4 / 9
iteration step 194, G_loss: 0.09793, step_acc: 16.79704, grid_scale: 2 / 5, strokes: 4 / 9
iteration step 195, G_loss: 0.09795, step_acc: 16.80200, grid_scale: 2 / 5, strokes: 4 / 9
iteration step 196, G_loss: 0.09786, step_acc: 16.79956, grid_scale: 2 / 5, strokes: 4 / 9
iteration step 197, G_loss: 0.09790, step_acc: 16.80342, grid_scale: 2 / 5, strokes: 4 / 9
iteration step 198, G_loss: 0.09784, step_acc: 16.80055, grid_scale: 2 / 5, strokes: 4 / 9
iteration step 199, G_loss: 0.09782, step_acc: 16.80644, grid_scale: 2 / 5, strokes: 4 / 9
iteration step 200, G_loss: 0.09779, step_acc: 16.80175, grid_scale: 2 / 5, strokes: 4 / 9
iteration step 201, G_loss: 0.09777, step_acc: 16.80399, grid_scale: 2 / 5, strokes: 4 / 9
iteration step 202, G_loss: 0.09773, step_acc: 16.80523, grid_scale: 2 / 5, strokes: 4 / 9
iteration step 203, G_loss: 0.09770, step_acc: 16.81275, grid_scale: 2 / 5, strokes: 4 / 9
iteration step 204, G_loss: 0.09763, step_acc: 16.81380, grid_scale: 2 / 5, strokes: 4 / 9
iteration step 205, G_loss: 0.09760, step_acc: 16.81310, grid_scale: 2 / 5, strokes: 4 / 9
iteration step 206, G_loss: 0.09757, step_acc: 16.81694, grid_scale: 2 / 5, strokes: 4 / 9
iteration step 207, G_loss: 0.09758, step_acc: 16.80744, grid_scale: 2 / 5, strokes: 4 / 9
iteration step 208, G_loss: 0.09754, step_acc: 16.82151, grid_scale: 2 / 5, strokes: 4 / 9
iteration step 209, G_loss: 0.09755, step_acc: 16.81884, grid_scale: 2 / 5, strokes: 4 / 9
iteration step 210, G_loss: 0.09745, step_acc: 16.82044, grid_scale: 2 / 5, strokes: 4 / 9
iteration step 211, G_loss: 0.09744, step_acc: 16.82827, grid_scale: 2 / 5, strokes: 4 / 9
iteration step 212, G_loss: 0.09742, step_acc: 16.82865, grid_scale: 2 / 5, strokes: 4 / 9
iteration step 213, G_loss: 0.09735, step_acc: 16.82654, grid_scale: 2 / 5, strokes: 4 / 9
iteration step 214, G_loss: 0.09732, step_acc: 16.82829, grid_scale: 2 / 5, strokes: 4 / 9
iteration step 215, G_loss: 0.09728, step_acc: 16.82150, grid_scale: 2 / 5, strokes: 4 / 9
iteration step 216, G_loss: 0.09732, step_acc: 16.83305, grid_scale: 2 / 5, strokes: 4 / 9
iteration step 217, G_loss: 0.09723, step_acc: 16.83105, grid_scale: 2 / 5, strokes: 4 / 9
iteration step 218, G_loss: 0.09717, step_acc: 16.83504, grid_scale: 2 / 5, strokes: 4 / 9
iteration step 219, G_loss: 0.09715, step_acc: 16.83344, grid_scale: 2 / 5, strokes: 4 / 9
iteration step 220, G_loss: 0.09711, step_acc: 16.80706, grid_scale: 2 / 5, strokes: 5 / 9
iteration step 221, G_loss: 0.09736, step_acc: 16.87246, grid_scale: 2 / 5, strokes: 5 / 9
iteration step 222, G_loss: 0.09667, step_acc: 16.92361, grid_scale: 2 / 5, strokes: 5 / 9
iteration step 223, G_loss: 0.09623, step_acc: 16.93562, grid_scale: 2 / 5, strokes: 5 / 9
iteration step 224, G_loss: 0.09605, step_acc: 16.95871, grid_scale: 2 / 5, strokes: 5 / 9
iteration step 225, G_loss: 0.09585, step_acc: 16.97568, grid_scale: 2 / 5, strokes: 5 / 9
iteration step 226, G_loss: 0.09557, step_acc: 17.00303, grid_scale: 2 / 5, strokes: 5 / 9
iteration step 227, G_loss: 0.09531, step_acc: 17.00422, grid_scale: 2 / 5, strokes: 5 / 9
iteration step 228, G_loss: 0.09518, step_acc: 17.00853, grid_scale: 2 / 5, strokes: 5 / 9
iteration step 229, G_loss: 0.09514, step_acc: 17.01923, grid_scale: 2 / 5, strokes: 5 / 9
iteration step 230, G_loss: 0.09498, step_acc: 17.02303, grid_scale: 2 / 5, strokes: 5 / 9
iteration step 231, G_loss: 0.09493, step_acc: 17.03168, grid_scale: 2 / 5, strokes: 5 / 9
iteration step 232, G_loss: 0.09483, step_acc: 17.04534, grid_scale: 2 / 5, strokes: 5 / 9
iteration step 233, G_loss: 0.09475, step_acc: 17.04905, grid_scale: 2 / 5, strokes: 5 / 9
iteration step 234, G_loss: 0.09468, step_acc: 17.06003, grid_scale: 2 / 5, strokes: 5 / 9
iteration step 235, G_loss: 0.09462, step_acc: 17.05987, grid_scale: 2 / 5, strokes: 5 / 9
iteration step 236, G_loss: 0.09456, step_acc: 17.06926, grid_scale: 2 / 5, strokes: 5 / 9
iteration step 237, G_loss: 0.09450, step_acc: 17.06253, grid_scale: 2 / 5, strokes: 5 / 9
iteration step 238, G_loss: 0.09448, step_acc: 17.07376, grid_scale: 2 / 5, strokes: 5 / 9
iteration step 239, G_loss: 0.09444, step_acc: 17.07737, grid_scale: 2 / 5, strokes: 5 / 9
iteration step 240, G_loss: 0.09437, step_acc: 17.08414, grid_scale: 2 / 5, strokes: 5 / 9
iteration step 241, G_loss: 0.09433, step_acc: 17.07887, grid_scale: 2 / 5, strokes: 5 / 9
iteration step 242, G_loss: 0.09429, step_acc: 17.08980, grid_scale: 2 / 5, strokes: 5 / 9
iteration step 243, G_loss: 0.09420, step_acc: 17.08164, grid_scale: 2 / 5, strokes: 5 / 9
iteration step 244, G_loss: 0.09427, step_acc: 17.09480, grid_scale: 2 / 5, strokes: 5 / 9
iteration step 245, G_loss: 0.09419, step_acc: 17.09844, grid_scale: 2 / 5, strokes: 5 / 9
iteration step 246, G_loss: 0.09411, step_acc: 17.10328, grid_scale: 2 / 5, strokes: 5 / 9
iteration step 247, G_loss: 0.09404, step_acc: 17.10439, grid_scale: 2 / 5, strokes: 5 / 9
iteration step 248, G_loss: 0.09403, step_acc: 17.09927, grid_scale: 2 / 5, strokes: 5 / 9
iteration step 249, G_loss: 0.09403, step_acc: 17.10665, grid_scale: 2 / 5, strokes: 5 / 9
iteration step 250, G_loss: 0.09398, step_acc: 17.11347, grid_scale: 2 / 5, strokes: 5 / 9
iteration step 251, G_loss: 0.09398, step_acc: 17.11295, grid_scale: 2 / 5, strokes: 5 / 9
iteration step 252, G_loss: 0.09395, step_acc: 17.11495, grid_scale: 2 / 5, strokes: 5 / 9
iteration step 253, G_loss: 0.09393, step_acc: 17.11734, grid_scale: 2 / 5, strokes: 5 / 9
iteration step 254, G_loss: 0.09391, step_acc: 17.12510, grid_scale: 2 / 5, strokes: 5 / 9
iteration step 255, G_loss: 0.09385, step_acc: 17.12215, grid_scale: 2 / 5, strokes: 5 / 9
iteration step 256, G_loss: 0.09386, step_acc: 17.13011, grid_scale: 2 / 5, strokes: 5 / 9
iteration step 257, G_loss: 0.09379, step_acc: 17.13166, grid_scale: 2 / 5, strokes: 5 / 9
iteration step 258, G_loss: 0.09376, step_acc: 17.13770, grid_scale: 2 / 5, strokes: 5 / 9
iteration step 259, G_loss: 0.09381, step_acc: 17.14271, grid_scale: 2 / 5, strokes: 5 / 9
iteration step 260, G_loss: 0.09367, step_acc: 17.15762, grid_scale: 2 / 5, strokes: 5 / 9
iteration step 261, G_loss: 0.09359, step_acc: 17.16095, grid_scale: 2 / 5, strokes: 5 / 9
iteration step 262, G_loss: 0.09352, step_acc: 17.16130, grid_scale: 2 / 5, strokes: 5 / 9
iteration step 263, G_loss: 0.09352, step_acc: 17.15955, grid_scale: 2 / 5, strokes: 5 / 9
iteration step 264, G_loss: 0.09355, step_acc: 17.15649, grid_scale: 2 / 5, strokes: 5 / 9
iteration step 265, G_loss: 0.09362, step_acc: 17.17143, grid_scale: 2 / 5, strokes: 5 / 9
iteration step 266, G_loss: 0.09341, step_acc: 17.18559, grid_scale: 2 / 5, strokes: 5 / 9
iteration step 267, G_loss: 0.09334, step_acc: 17.19012, grid_scale: 2 / 5, strokes: 5 / 9
iteration step 268, G_loss: 0.09326, step_acc: 17.19722, grid_scale: 2 / 5, strokes: 5 / 9
iteration step 269, G_loss: 0.09324, step_acc: 17.20154, grid_scale: 2 / 5, strokes: 5 / 9
iteration step 270, G_loss: 0.09318, step_acc: 17.20154, grid_scale: 2 / 5, strokes: 5 / 9
iteration step 271, G_loss: 0.09318, step_acc: 17.20643, grid_scale: 2 / 5, strokes: 5 / 9
iteration step 272, G_loss: 0.09315, step_acc: 17.20960, grid_scale: 2 / 5, strokes: 5 / 9
iteration step 273, G_loss: 0.09312, step_acc: 17.20596, grid_scale: 2 / 5, strokes: 5 / 9
iteration step 274, G_loss: 0.09312, step_acc: 17.21081, grid_scale: 2 / 5, strokes: 5 / 9
iteration step 275, G_loss: 0.09310, step_acc: 17.25806, grid_scale: 2 / 5, strokes: 6 / 9
iteration step 276, G_loss: 0.09254, step_acc: 17.32301, grid_scale: 2 / 5, strokes: 6 / 9
iteration step 277, G_loss: 0.09169, step_acc: 17.35198, grid_scale: 2 / 5, strokes: 6 / 9
iteration step 278, G_loss: 0.09131, step_acc: 17.37406, grid_scale: 2 / 5, strokes: 6 / 9
iteration step 279, G_loss: 0.09108, step_acc: 17.37994, grid_scale: 2 / 5, strokes: 6 / 9
iteration step 280, G_loss: 0.09094, step_acc: 17.38843, grid_scale: 2 / 5, strokes: 6 / 9
iteration step 281, G_loss: 0.09085, step_acc: 17.39791, grid_scale: 2 / 5, strokes: 6 / 9
iteration step 282, G_loss: 0.09079, step_acc: 17.39928, grid_scale: 2 / 5, strokes: 6 / 9
iteration step 283, G_loss: 0.09069, step_acc: 17.39805, grid_scale: 2 / 5, strokes: 6 / 9
iteration step 284, G_loss: 0.09067, step_acc: 17.40491, grid_scale: 2 / 5, strokes: 6 / 9
iteration step 285, G_loss: 0.09061, step_acc: 17.40467, grid_scale: 2 / 5, strokes: 6 / 9
iteration step 286, G_loss: 0.09057, step_acc: 17.41533, grid_scale: 2 / 5, strokes: 6 / 9
iteration step 287, G_loss: 0.09048, step_acc: 17.40836, grid_scale: 2 / 5, strokes: 6 / 9
iteration step 288, G_loss: 0.09046, step_acc: 17.41852, grid_scale: 2 / 5, strokes: 6 / 9
iteration step 289, G_loss: 0.09041, step_acc: 17.42272, grid_scale: 2 / 5, strokes: 6 / 9
iteration step 290, G_loss: 0.09037, step_acc: 17.42439, grid_scale: 2 / 5, strokes: 6 / 9
iteration step 291, G_loss: 0.09035, step_acc: 17.42833, grid_scale: 2 / 5, strokes: 6 / 9
iteration step 292, G_loss: 0.09027, step_acc: 17.43554, grid_scale: 2 / 5, strokes: 6 / 9
iteration step 293, G_loss: 0.09021, step_acc: 17.43964, grid_scale: 2 / 5, strokes: 6 / 9
iteration step 294, G_loss: 0.09012, step_acc: 17.44557, grid_scale: 2 / 5, strokes: 6 / 9
iteration step 295, G_loss: 0.09005, step_acc: 17.45186, grid_scale: 2 / 5, strokes: 6 / 9
iteration step 296, G_loss: 0.08996, step_acc: 17.45165, grid_scale: 2 / 5, strokes: 6 / 9
iteration step 297, G_loss: 0.08998, step_acc: 17.47466, grid_scale: 2 / 5, strokes: 6 / 9
iteration step 298, G_loss: 0.08977, step_acc: 17.48770, grid_scale: 2 / 5, strokes: 6 / 9
iteration step 299, G_loss: 0.08967, step_acc: 17.50226, grid_scale: 2 / 5, strokes: 6 / 9
iteration step 300, G_loss: 0.08953, step_acc: 17.52506, grid_scale: 2 / 5, strokes: 6 / 9
iteration step 301, G_loss: 0.08934, step_acc: 17.53874, grid_scale: 2 / 5, strokes: 6 / 9
iteration step 302, G_loss: 0.08923, step_acc: 17.55123, grid_scale: 2 / 5, strokes: 6 / 9
iteration step 303, G_loss: 0.08910, step_acc: 17.56007, grid_scale: 2 / 5, strokes: 6 / 9
iteration step 304, G_loss: 0.08900, step_acc: 17.58214, grid_scale: 2 / 5, strokes: 6 / 9
iteration step 305, G_loss: 0.08879, step_acc: 17.59999, grid_scale: 2 / 5, strokes: 6 / 9
iteration step 306, G_loss: 0.08866, step_acc: 17.61825, grid_scale: 2 / 5, strokes: 6 / 9
iteration step 307, G_loss: 0.08849, step_acc: 17.62733, grid_scale: 2 / 5, strokes: 6 / 9
iteration step 308, G_loss: 0.08837, step_acc: 17.63324, grid_scale: 2 / 5, strokes: 6 / 9
iteration step 309, G_loss: 0.08833, step_acc: 17.63696, grid_scale: 2 / 5, strokes: 6 / 9
iteration step 310, G_loss: 0.08826, step_acc: 17.64109, grid_scale: 2 / 5, strokes: 6 / 9
iteration step 311, G_loss: 0.08820, step_acc: 17.64407, grid_scale: 2 / 5, strokes: 6 / 9
iteration step 312, G_loss: 0.08816, step_acc: 17.64919, grid_scale: 2 / 5, strokes: 6 / 9
iteration step 313, G_loss: 0.08812, step_acc: 17.65023, grid_scale: 2 / 5, strokes: 6 / 9
iteration step 314, G_loss: 0.08810, step_acc: 17.65947, grid_scale: 2 / 5, strokes: 6 / 9
iteration step 315, G_loss: 0.08801, step_acc: 17.66390, grid_scale: 2 / 5, strokes: 6 / 9
iteration step 316, G_loss: 0.08798, step_acc: 17.66890, grid_scale: 2 / 5, strokes: 6 / 9
iteration step 317, G_loss: 0.08788, step_acc: 17.67462, grid_scale: 2 / 5, strokes: 6 / 9
iteration step 318, G_loss: 0.08784, step_acc: 17.67794, grid_scale: 2 / 5, strokes: 6 / 9
iteration step 319, G_loss: 0.08778, step_acc: 17.68214, grid_scale: 2 / 5, strokes: 6 / 9
iteration step 320, G_loss: 0.08778, step_acc: 17.69139, grid_scale: 2 / 5, strokes: 6 / 9
iteration step 321, G_loss: 0.08765, step_acc: 17.69413, grid_scale: 2 / 5, strokes: 6 / 9
iteration step 322, G_loss: 0.08758, step_acc: 17.68992, grid_scale: 2 / 5, strokes: 6 / 9
iteration step 323, G_loss: 0.08767, step_acc: 17.68750, grid_scale: 2 / 5, strokes: 6 / 9
iteration step 324, G_loss: 0.08771, step_acc: 17.69872, grid_scale: 2 / 5, strokes: 6 / 9
iteration step 325, G_loss: 0.08756, step_acc: 17.70477, grid_scale: 2 / 5, strokes: 6 / 9
iteration step 326, G_loss: 0.08748, step_acc: 17.70707, grid_scale: 2 / 5, strokes: 6 / 9
iteration step 327, G_loss: 0.08743, step_acc: 17.70841, grid_scale: 2 / 5, strokes: 6 / 9
iteration step 328, G_loss: 0.08740, step_acc: 17.71891, grid_scale: 2 / 5, strokes: 6 / 9
iteration step 329, G_loss: 0.08728, step_acc: 17.71995, grid_scale: 2 / 5, strokes: 6 / 9
iteration step 330, G_loss: 0.08721, step_acc: 17.73308, grid_scale: 2 / 5, strokes: 7 / 9
iteration step 331, G_loss: 0.08741, step_acc: 17.81741, grid_scale: 2 / 5, strokes: 7 / 9
iteration step 332, G_loss: 0.08668, step_acc: 17.89276, grid_scale: 2 / 5, strokes: 7 / 9
iteration step 333, G_loss: 0.08615, step_acc: 17.91823, grid_scale: 2 / 5, strokes: 7 / 9
iteration step 334, G_loss: 0.08589, step_acc: 17.93577, grid_scale: 2 / 5, strokes: 7 / 9
iteration step 335, G_loss: 0.08570, step_acc: 17.94456, grid_scale: 2 / 5, strokes: 7 / 9
iteration step 336, G_loss: 0.08559, step_acc: 17.96234, grid_scale: 2 / 5, strokes: 7 / 9
iteration step 337, G_loss: 0.08544, step_acc: 17.97495, grid_scale: 2 / 5, strokes: 7 / 9
iteration step 338, G_loss: 0.08531, step_acc: 17.98917, grid_scale: 2 / 5, strokes: 7 / 9
iteration step 339, G_loss: 0.08518, step_acc: 18.00762, grid_scale: 2 / 5, strokes: 7 / 9
iteration step 340, G_loss: 0.08496, step_acc: 18.01721, grid_scale: 2 / 5, strokes: 7 / 9
iteration step 341, G_loss: 0.08484, step_acc: 18.03076, grid_scale: 2 / 5, strokes: 7 / 9
iteration step 342, G_loss: 0.08471, step_acc: 18.03821, grid_scale: 2 / 5, strokes: 7 / 9
iteration step 343, G_loss: 0.08465, step_acc: 18.04916, grid_scale: 2 / 5, strokes: 7 / 9
iteration step 344, G_loss: 0.08458, step_acc: 18.05814, grid_scale: 2 / 5, strokes: 7 / 9
iteration step 345, G_loss: 0.08441, step_acc: 18.06376, grid_scale: 2 / 5, strokes: 7 / 9
iteration step 346, G_loss: 0.08438, step_acc: 18.07573, grid_scale: 2 / 5, strokes: 7 / 9
iteration step 347, G_loss: 0.08421, step_acc: 18.08143, grid_scale: 2 / 5, strokes: 7 / 9
iteration step 348, G_loss: 0.08414, step_acc: 18.09067, grid_scale: 2 / 5, strokes: 7 / 9
iteration step 349, G_loss: 0.08393, step_acc: 18.09925, grid_scale: 2 / 5, strokes: 7 / 9
iteration step 350, G_loss: 0.08386, step_acc: 18.10274, grid_scale: 2 / 5, strokes: 7 / 9
iteration step 351, G_loss: 0.08377, step_acc: 18.11160, grid_scale: 2 / 5, strokes: 7 / 9
iteration step 352, G_loss: 0.08372, step_acc: 18.11941, grid_scale: 2 / 5, strokes: 7 / 9
iteration step 353, G_loss: 0.08353, step_acc: 18.12775, grid_scale: 2 / 5, strokes: 7 / 9
iteration step 354, G_loss: 0.08347, step_acc: 18.12679, grid_scale: 2 / 5, strokes: 7 / 9
iteration step 355, G_loss: 0.08331, step_acc: 18.13168, grid_scale: 2 / 5, strokes: 7 / 9
iteration step 356, G_loss: 0.08327, step_acc: 18.13809, grid_scale: 2 / 5, strokes: 7 / 9
iteration step 357, G_loss: 0.08317, step_acc: 18.13910, grid_scale: 2 / 5, strokes: 7 / 9
iteration step 358, G_loss: 0.08314, step_acc: 18.13675, grid_scale: 2 / 5, strokes: 7 / 9
iteration step 359, G_loss: 0.08313, step_acc: 18.14952, grid_scale: 2 / 5, strokes: 7 / 9
iteration step 360, G_loss: 0.08305, step_acc: 18.15223, grid_scale: 2 / 5, strokes: 7 / 9
iteration step 361, G_loss: 0.08294, step_acc: 18.15765, grid_scale: 2 / 5, strokes: 7 / 9
iteration step 362, G_loss: 0.08292, step_acc: 18.15562, grid_scale: 2 / 5, strokes: 7 / 9
iteration step 363, G_loss: 0.08287, step_acc: 18.16526, grid_scale: 2 / 5, strokes: 7 / 9
iteration step 364, G_loss: 0.08287, step_acc: 18.16777, grid_scale: 2 / 5, strokes: 7 / 9
iteration step 365, G_loss: 0.08270, step_acc: 18.17299, grid_scale: 2 / 5, strokes: 7 / 9
iteration step 366, G_loss: 0.08266, step_acc: 18.18121, grid_scale: 2 / 5, strokes: 7 / 9
iteration step 367, G_loss: 0.08265, step_acc: 18.17522, grid_scale: 2 / 5, strokes: 7 / 9
iteration step 368, G_loss: 0.08262, step_acc: 18.18644, grid_scale: 2 / 5, strokes: 7 / 9
iteration step 369, G_loss: 0.08259, step_acc: 18.18773, grid_scale: 2 / 5, strokes: 7 / 9
iteration step 370, G_loss: 0.08250, step_acc: 18.19283, grid_scale: 2 / 5, strokes: 7 / 9
iteration step 371, G_loss: 0.08250, step_acc: 18.18964, grid_scale: 2 / 5, strokes: 7 / 9
iteration step 372, G_loss: 0.08246, step_acc: 18.19526, grid_scale: 2 / 5, strokes: 7 / 9
iteration step 373, G_loss: 0.08245, step_acc: 18.19656, grid_scale: 2 / 5, strokes: 7 / 9
iteration step 374, G_loss: 0.08243, step_acc: 18.19289, grid_scale: 2 / 5, strokes: 7 / 9
iteration step 375, G_loss: 0.08245, step_acc: 18.20089, grid_scale: 2 / 5, strokes: 7 / 9
iteration step 376, G_loss: 0.08242, step_acc: 18.20387, grid_scale: 2 / 5, strokes: 7 / 9
iteration step 377, G_loss: 0.08239, step_acc: 18.20576, grid_scale: 2 / 5, strokes: 7 / 9
iteration step 378, G_loss: 0.08235, step_acc: 18.20951, grid_scale: 2 / 5, strokes: 7 / 9
iteration step 379, G_loss: 0.08233, step_acc: 18.20472, grid_scale: 2 / 5, strokes: 7 / 9
iteration step 380, G_loss: 0.08227, step_acc: 18.21145, grid_scale: 2 / 5, strokes: 7 / 9
iteration step 381, G_loss: 0.08224, step_acc: 18.20964, grid_scale: 2 / 5, strokes: 7 / 9
iteration step 382, G_loss: 0.08226, step_acc: 18.21130, grid_scale: 2 / 5, strokes: 7 / 9
iteration step 383, G_loss: 0.08228, step_acc: 18.21266, grid_scale: 2 / 5, strokes: 7 / 9
iteration step 384, G_loss: 0.08227, step_acc: 18.21214, grid_scale: 2 / 5, strokes: 7 / 9
iteration step 385, G_loss: 0.08224, step_acc: 18.28910, grid_scale: 2 / 5, strokes: 8 / 9
iteration step 386, G_loss: 0.08233, step_acc: 18.38020, grid_scale: 2 / 5, strokes: 8 / 9
iteration step 387, G_loss: 0.08162, step_acc: 18.38258, grid_scale: 2 / 5, strokes: 8 / 9
iteration step 388, G_loss: 0.08136, step_acc: 18.39870, grid_scale: 2 / 5, strokes: 8 / 9
iteration step 389, G_loss: 0.08143, step_acc: 18.40962, grid_scale: 2 / 5, strokes: 8 / 9
iteration step 390, G_loss: 0.08126, step_acc: 18.41964, grid_scale: 2 / 5, strokes: 8 / 9
iteration step 391, G_loss: 0.08115, step_acc: 18.42827, grid_scale: 2 / 5, strokes: 8 / 9
iteration step 392, G_loss: 0.08108, step_acc: 18.44274, grid_scale: 2 / 5, strokes: 8 / 9
iteration step 393, G_loss: 0.08102, step_acc: 18.44980, grid_scale: 2 / 5, strokes: 8 / 9
iteration step 394, G_loss: 0.08101, step_acc: 18.45780, grid_scale: 2 / 5, strokes: 8 / 9
iteration step 395, G_loss: 0.08093, step_acc: 18.45599, grid_scale: 2 / 5, strokes: 8 / 9
iteration step 396, G_loss: 0.08094, step_acc: 18.46237, grid_scale: 2 / 5, strokes: 8 / 9
iteration step 397, G_loss: 0.08088, step_acc: 18.46700, grid_scale: 2 / 5, strokes: 8 / 9
iteration step 398, G_loss: 0.08082, step_acc: 18.47523, grid_scale: 2 / 5, strokes: 8 / 9
iteration step 399, G_loss: 0.08078, step_acc: 18.47513, grid_scale: 2 / 5, strokes: 8 / 9
iteration step 400, G_loss: 0.08075, step_acc: 18.47833, grid_scale: 2 / 5, strokes: 8 / 9
iteration step 401, G_loss: 0.08073, step_acc: 18.47908, grid_scale: 2 / 5, strokes: 8 / 9
iteration step 402, G_loss: 0.08071, step_acc: 18.48309, grid_scale: 2 / 5, strokes: 8 / 9
iteration step 403, G_loss: 0.08068, step_acc: 18.48444, grid_scale: 2 / 5, strokes: 8 / 9
iteration step 404, G_loss: 0.08068, step_acc: 18.48773, grid_scale: 2 / 5, strokes: 8 / 9
iteration step 405, G_loss: 0.08063, step_acc: 18.48812, grid_scale: 2 / 5, strokes: 8 / 9
iteration step 406, G_loss: 0.08062, step_acc: 18.49005, grid_scale: 2 / 5, strokes: 8 / 9
iteration step 407, G_loss: 0.08061, step_acc: 18.48822, grid_scale: 2 / 5, strokes: 8 / 9
iteration step 408, G_loss: 0.08061, step_acc: 18.49328, grid_scale: 2 / 5, strokes: 8 / 9
iteration step 409, G_loss: 0.08060, step_acc: 18.49612, grid_scale: 2 / 5, strokes: 8 / 9
iteration step 410, G_loss: 0.08059, step_acc: 18.49986, grid_scale: 2 / 5, strokes: 8 / 9
iteration step 411, G_loss: 0.08054, step_acc: 18.49512, grid_scale: 2 / 5, strokes: 8 / 9
iteration step 412, G_loss: 0.08053, step_acc: 18.49621, grid_scale: 2 / 5, strokes: 8 / 9
iteration step 413, G_loss: 0.08053, step_acc: 18.49271, grid_scale: 2 / 5, strokes: 8 / 9
iteration step 414, G_loss: 0.08055, step_acc: 18.49731, grid_scale: 2 / 5, strokes: 8 / 9
iteration step 415, G_loss: 0.08050, step_acc: 18.50263, grid_scale: 2 / 5, strokes: 8 / 9
iteration step 416, G_loss: 0.08049, step_acc: 18.51149, grid_scale: 2 / 5, strokes: 8 / 9
iteration step 417, G_loss: 0.08047, step_acc: 18.50889, grid_scale: 2 / 5, strokes: 8 / 9
iteration step 418, G_loss: 0.08046, step_acc: 18.50707, grid_scale: 2 / 5, strokes: 8 / 9
iteration step 419, G_loss: 0.08049, step_acc: 18.51711, grid_scale: 2 / 5, strokes: 8 / 9
iteration step 420, G_loss: 0.08039, step_acc: 18.51058, grid_scale: 2 / 5, strokes: 8 / 9
iteration step 421, G_loss: 0.08040, step_acc: 18.52107, grid_scale: 2 / 5, strokes: 8 / 9
iteration step 422, G_loss: 0.08036, step_acc: 18.51639, grid_scale: 2 / 5, strokes: 8 / 9
iteration step 423, G_loss: 0.08037, step_acc: 18.51795, grid_scale: 2 / 5, strokes: 8 / 9
iteration step 424, G_loss: 0.08036, step_acc: 18.52199, grid_scale: 2 / 5, strokes: 8 / 9
iteration step 425, G_loss: 0.08035, step_acc: 18.52316, grid_scale: 2 / 5, strokes: 8 / 9
iteration step 426, G_loss: 0.08028, step_acc: 18.52309, grid_scale: 2 / 5, strokes: 8 / 9
iteration step 427, G_loss: 0.08029, step_acc: 18.52561, grid_scale: 2 / 5, strokes: 8 / 9
iteration step 428, G_loss: 0.08032, step_acc: 18.52093, grid_scale: 2 / 5, strokes: 8 / 9
iteration step 429, G_loss: 0.08030, step_acc: 18.52920, grid_scale: 2 / 5, strokes: 8 / 9
iteration step 430, G_loss: 0.08027, step_acc: 18.52747, grid_scale: 2 / 5, strokes: 8 / 9
iteration step 431, G_loss: 0.08024, step_acc: 18.53262, grid_scale: 2 / 5, strokes: 8 / 9
iteration step 432, G_loss: 0.08026, step_acc: 18.53021, grid_scale: 2 / 5, strokes: 8 / 9
iteration step 433, G_loss: 0.08024, step_acc: 18.53387, grid_scale: 2 / 5, strokes: 8 / 9
iteration step 434, G_loss: 0.08020, step_acc: 18.54153, grid_scale: 2 / 5, strokes: 8 / 9
iteration step 435, G_loss: 0.08017, step_acc: 18.54335, grid_scale: 2 / 5, strokes: 8 / 9
iteration step 436, G_loss: 0.08018, step_acc: 18.54013, grid_scale: 2 / 5, strokes: 8 / 9
iteration step 437, G_loss: 0.08015, step_acc: 18.54906, grid_scale: 2 / 5, strokes: 8 / 9
iteration step 438, G_loss: 0.08014, step_acc: 18.55064, grid_scale: 2 / 5, strokes: 8 / 9
iteration step 439, G_loss: 0.08014, step_acc: 18.55757, grid_scale: 2 / 5, strokes: 8 / 9
iteration step 440, G_loss: 0.08005, step_acc: 18.55468, grid_scale: 2 / 5, strokes: 9 / 9
iteration step 441, G_loss: 0.08018, step_acc: 18.67371, grid_scale: 2 / 5, strokes: 9 / 9
iteration step 442, G_loss: 0.07938, step_acc: 18.70753, grid_scale: 2 / 5, strokes: 9 / 9
iteration step 443, G_loss: 0.07902, step_acc: 18.75747, grid_scale: 2 / 5, strokes: 9 / 9
iteration step 444, G_loss: 0.07860, step_acc: 18.77079, grid_scale: 2 / 5, strokes: 9 / 9
iteration step 445, G_loss: 0.07847, step_acc: 18.77693, grid_scale: 2 / 5, strokes: 9 / 9
iteration step 446, G_loss: 0.07834, step_acc: 18.78325, grid_scale: 2 / 5, strokes: 9 / 9
iteration step 447, G_loss: 0.07825, step_acc: 18.79166, grid_scale: 2 / 5, strokes: 9 / 9
iteration step 448, G_loss: 0.07822, step_acc: 18.79695, grid_scale: 2 / 5, strokes: 9 / 9
iteration step 449, G_loss: 0.07804, step_acc: 18.81584, grid_scale: 2 / 5, strokes: 9 / 9
iteration step 450, G_loss: 0.07798, step_acc: 18.81721, grid_scale: 2 / 5, strokes: 9 / 9
iteration step 451, G_loss: 0.07786, step_acc: 18.83237, grid_scale: 2 / 5, strokes: 9 / 9
iteration step 452, G_loss: 0.07777, step_acc: 18.82830, grid_scale: 2 / 5, strokes: 9 / 9
iteration step 453, G_loss: 0.07772, step_acc: 18.84470, grid_scale: 2 / 5, strokes: 9 / 9
iteration step 454, G_loss: 0.07770, step_acc: 18.84155, grid_scale: 2 / 5, strokes: 9 / 9
iteration step 455, G_loss: 0.07761, step_acc: 18.85218, grid_scale: 2 / 5, strokes: 9 / 9
iteration step 456, G_loss: 0.07758, step_acc: 18.85400, grid_scale: 2 / 5, strokes: 9 / 9
iteration step 457, G_loss: 0.07748, step_acc: 18.85603, grid_scale: 2 / 5, strokes: 9 / 9
iteration step 458, G_loss: 0.07747, step_acc: 18.85749, grid_scale: 2 / 5, strokes: 9 / 9
iteration step 459, G_loss: 0.07743, step_acc: 18.86182, grid_scale: 2 / 5, strokes: 9 / 9
iteration step 460, G_loss: 0.07743, step_acc: 18.86622, grid_scale: 2 / 5, strokes: 9 / 9
iteration step 461, G_loss: 0.07738, step_acc: 18.86638, grid_scale: 2 / 5, strokes: 9 / 9
iteration step 462, G_loss: 0.07737, step_acc: 18.87350, grid_scale: 2 / 5, strokes: 9 / 9
iteration step 463, G_loss: 0.07735, step_acc: 18.87518, grid_scale: 2 / 5, strokes: 9 / 9
iteration step 464, G_loss: 0.07732, step_acc: 18.88056, grid_scale: 2 / 5, strokes: 9 / 9
iteration step 465, G_loss: 0.07727, step_acc: 18.88041, grid_scale: 2 / 5, strokes: 9 / 9
iteration step 466, G_loss: 0.07728, step_acc: 18.88374, grid_scale: 2 / 5, strokes: 9 / 9
iteration step 467, G_loss: 0.07724, step_acc: 18.88801, grid_scale: 2 / 5, strokes: 9 / 9
iteration step 468, G_loss: 0.07719, step_acc: 18.89192, grid_scale: 2 / 5, strokes: 9 / 9
iteration step 469, G_loss: 0.07716, step_acc: 18.88394, grid_scale: 2 / 5, strokes: 9 / 9
iteration step 470, G_loss: 0.07717, step_acc: 18.89446, grid_scale: 2 / 5, strokes: 9 / 9
iteration step 471, G_loss: 0.07711, step_acc: 18.89021, grid_scale: 2 / 5, strokes: 9 / 9
iteration step 472, G_loss: 0.07716, step_acc: 18.90371, grid_scale: 2 / 5, strokes: 9 / 9
iteration step 473, G_loss: 0.07704, step_acc: 18.90072, grid_scale: 2 / 5, strokes: 9 / 9
iteration step 474, G_loss: 0.07706, step_acc: 18.91102, grid_scale: 2 / 5, strokes: 9 / 9
iteration step 475, G_loss: 0.07700, step_acc: 18.89786, grid_scale: 2 / 5, strokes: 9 / 9
iteration step 476, G_loss: 0.07699, step_acc: 18.91064, grid_scale: 2 / 5, strokes: 9 / 9
iteration step 477, G_loss: 0.07692, step_acc: 18.90027, grid_scale: 2 / 5, strokes: 9 / 9
iteration step 478, G_loss: 0.07699, step_acc: 18.90968, grid_scale: 2 / 5, strokes: 9 / 9
iteration step 479, G_loss: 0.07696, step_acc: 18.90888, grid_scale: 2 / 5, strokes: 9 / 9
iteration step 480, G_loss: 0.07694, step_acc: 18.91595, grid_scale: 2 / 5, strokes: 9 / 9
iteration step 481, G_loss: 0.07686, step_acc: 18.91546, grid_scale: 2 / 5, strokes: 9 / 9
iteration step 482, G_loss: 0.07683, step_acc: 18.92229, grid_scale: 2 / 5, strokes: 9 / 9
iteration step 483, G_loss: 0.07682, step_acc: 18.91615, grid_scale: 2 / 5, strokes: 9 / 9
iteration step 484, G_loss: 0.07680, step_acc: 18.92991, grid_scale: 2 / 5, strokes: 9 / 9
iteration step 485, G_loss: 0.07668, step_acc: 18.92561, grid_scale: 2 / 5, strokes: 9 / 9
iteration step 486, G_loss: 0.07667, step_acc: 18.92931, grid_scale: 2 / 5, strokes: 9 / 9
iteration step 487, G_loss: 0.07667, step_acc: 18.93040, grid_scale: 2 / 5, strokes: 9 / 9
iteration step 488, G_loss: 0.07664, step_acc: 18.93740, grid_scale: 2 / 5, strokes: 9 / 9
iteration step 489, G_loss: 0.07657, step_acc: 18.93940, grid_scale: 2 / 5, strokes: 9 / 9
iteration step 490, G_loss: 0.07651, step_acc: 18.94105, grid_scale: 2 / 5, strokes: 9 / 9
iteration step 491, G_loss: 0.07651, step_acc: 18.94134, grid_scale: 2 / 5, strokes: 9 / 9
iteration step 492, G_loss: 0.07656, step_acc: 18.92111, grid_scale: 2 / 5, strokes: 9 / 9
iteration step 493, G_loss: 0.07665, step_acc: 18.94477, grid_scale: 2 / 5, strokes: 9 / 9
iteration step 494, G_loss: 0.07645, step_acc: 18.94108, grid_scale: 2 / 5, strokes: 9 / 9
rendering canvas...
iteration step 0, G_loss: 0.07648, step_acc: 17.13055, grid_scale: 3 / 5, strokes: 1 / 9
iteration step 1, G_loss: 0.09401, step_acc: 17.14153, grid_scale: 3 / 5, strokes: 1 / 9
iteration step 2, G_loss: 0.09376, step_acc: 17.18166, grid_scale: 3 / 5, strokes: 1 / 9
iteration step 3, G_loss: 0.09326, step_acc: 17.19857, grid_scale: 3 / 5, strokes: 1 / 9
iteration step 4, G_loss: 0.09301, step_acc: 17.21347, grid_scale: 3 / 5, strokes: 1 / 9
iteration step 5, G_loss: 0.09274, step_acc: 17.22452, grid_scale: 3 / 5, strokes: 1 / 9
iteration step 6, G_loss: 0.09253, step_acc: 17.23631, grid_scale: 3 / 5, strokes: 1 / 9
iteration step 7, G_loss: 0.09232, step_acc: 17.25140, grid_scale: 3 / 5, strokes: 1 / 9
iteration step 8, G_loss: 0.09211, step_acc: 17.26518, grid_scale: 3 / 5, strokes: 1 / 9
iteration step 9, G_loss: 0.09191, step_acc: 17.27502, grid_scale: 3 / 5, strokes: 1 / 9
iteration step 10, G_loss: 0.09172, step_acc: 17.27773, grid_scale: 3 / 5, strokes: 1 / 9
iteration step 11, G_loss: 0.09162, step_acc: 17.28297, grid_scale: 3 / 5, strokes: 1 / 9
iteration step 12, G_loss: 0.09151, step_acc: 17.29005, grid_scale: 3 / 5, strokes: 1 / 9
iteration step 13, G_loss: 0.09135, step_acc: 17.29481, grid_scale: 3 / 5, strokes: 1 / 9
iteration step 14, G_loss: 0.09121, step_acc: 17.30013, grid_scale: 3 / 5, strokes: 1 / 9
iteration step 15, G_loss: 0.09110, step_acc: 17.30601, grid_scale: 3 / 5, strokes: 1 / 9
iteration step 16, G_loss: 0.09096, step_acc: 17.30919, grid_scale: 3 / 5, strokes: 1 / 9
iteration step 17, G_loss: 0.09088, step_acc: 17.31219, grid_scale: 3 / 5, strokes: 1 / 9
iteration step 18, G_loss: 0.09082, step_acc: 17.31373, grid_scale: 3 / 5, strokes: 1 / 9
iteration step 19, G_loss: 0.09078, step_acc: 17.31674, grid_scale: 3 / 5, strokes: 1 / 9
iteration step 20, G_loss: 0.09072, step_acc: 17.31952, grid_scale: 3 / 5, strokes: 1 / 9
iteration step 21, G_loss: 0.09067, step_acc: 17.32355, grid_scale: 3 / 5, strokes: 1 / 9
iteration step 22, G_loss: 0.09059, step_acc: 17.32721, grid_scale: 3 / 5, strokes: 1 / 9
iteration step 23, G_loss: 0.09050, step_acc: 17.33004, grid_scale: 3 / 5, strokes: 1 / 9
iteration step 24, G_loss: 0.09046, step_acc: 17.33364, grid_scale: 3 / 5, strokes: 1 / 9
iteration step 25, G_loss: 0.09041, step_acc: 17.33827, grid_scale: 3 / 5, strokes: 1 / 9
iteration step 26, G_loss: 0.09034, step_acc: 17.34302, grid_scale: 3 / 5, strokes: 1 / 9
iteration step 27, G_loss: 0.09026, step_acc: 17.34626, grid_scale: 3 / 5, strokes: 1 / 9
iteration step 28, G_loss: 0.09019, step_acc: 17.34947, grid_scale: 3 / 5, strokes: 1 / 9
iteration step 29, G_loss: 0.09013, step_acc: 17.35250, grid_scale: 3 / 5, strokes: 1 / 9
iteration step 30, G_loss: 0.09008, step_acc: 17.35451, grid_scale: 3 / 5, strokes: 1 / 9
iteration step 31, G_loss: 0.09005, step_acc: 17.35625, grid_scale: 3 / 5, strokes: 1 / 9
iteration step 32, G_loss: 0.09000, step_acc: 17.36030, grid_scale: 3 / 5, strokes: 1 / 9
iteration step 33, G_loss: 0.08994, step_acc: 17.36305, grid_scale: 3 / 5, strokes: 1 / 9
iteration step 34, G_loss: 0.08991, step_acc: 17.36400, grid_scale: 3 / 5, strokes: 1 / 9
iteration step 35, G_loss: 0.08987, step_acc: 17.36500, grid_scale: 3 / 5, strokes: 1 / 9
iteration step 36, G_loss: 0.08985, step_acc: 17.36816, grid_scale: 3 / 5, strokes: 1 / 9
iteration step 37, G_loss: 0.08979, step_acc: 17.37074, grid_scale: 3 / 5, strokes: 1 / 9
iteration step 38, G_loss: 0.08974, step_acc: 17.37306, grid_scale: 3 / 5, strokes: 1 / 9
iteration step 39, G_loss: 0.08971, step_acc: 17.37510, grid_scale: 3 / 5, strokes: 1 / 9
iteration step 40, G_loss: 0.08966, step_acc: 17.37583, grid_scale: 3 / 5, strokes: 1 / 9
iteration step 41, G_loss: 0.08964, step_acc: 17.37780, grid_scale: 3 / 5, strokes: 1 / 9
iteration step 42, G_loss: 0.08962, step_acc: 17.37751, grid_scale: 3 / 5, strokes: 1 / 9
iteration step 43, G_loss: 0.08960, step_acc: 17.37783, grid_scale: 3 / 5, strokes: 1 / 9
iteration step 44, G_loss: 0.08961, step_acc: 17.37777, grid_scale: 3 / 5, strokes: 1 / 9
iteration step 45, G_loss: 0.08960, step_acc: 17.38045, grid_scale: 3 / 5, strokes: 1 / 9
iteration step 46, G_loss: 0.08956, step_acc: 17.38141, grid_scale: 3 / 5, strokes: 1 / 9
iteration step 47, G_loss: 0.08954, step_acc: 17.38300, grid_scale: 3 / 5, strokes: 1 / 9
iteration step 48, G_loss: 0.08953, step_acc: 17.38138, grid_scale: 3 / 5, strokes: 1 / 9
iteration step 49, G_loss: 0.08953, step_acc: 17.38285, grid_scale: 3 / 5, strokes: 1 / 9
iteration step 50, G_loss: 0.08952, step_acc: 17.38303, grid_scale: 3 / 5, strokes: 1 / 9
iteration step 51, G_loss: 0.08950, step_acc: 17.38460, grid_scale: 3 / 5, strokes: 1 / 9
iteration step 52, G_loss: 0.08949, step_acc: 17.38511, grid_scale: 3 / 5, strokes: 1 / 9
iteration step 53, G_loss: 0.08947, step_acc: 17.38467, grid_scale: 3 / 5, strokes: 1 / 9
iteration step 54, G_loss: 0.08945, step_acc: 17.38655, grid_scale: 3 / 5, strokes: 1 / 9
iteration step 55, G_loss: 0.08943, step_acc: 17.41321, grid_scale: 3 / 5, strokes: 2 / 9
iteration step 56, G_loss: 0.08893, step_acc: 17.47606, grid_scale: 3 / 5, strokes: 2 / 9
iteration step 57, G_loss: 0.08834, step_acc: 17.51677, grid_scale: 3 / 5, strokes: 2 / 9
iteration step 58, G_loss: 0.08803, step_acc: 17.54189, grid_scale: 3 / 5, strokes: 2 / 9
iteration step 59, G_loss: 0.08779, step_acc: 17.56683, grid_scale: 3 / 5, strokes: 2 / 9
iteration step 60, G_loss: 0.08755, step_acc: 17.59400, grid_scale: 3 / 5, strokes: 2 / 9
iteration step 61, G_loss: 0.08733, step_acc: 17.61412, grid_scale: 3 / 5, strokes: 2 / 9
iteration step 62, G_loss: 0.08708, step_acc: 17.63390, grid_scale: 3 / 5, strokes: 2 / 9
iteration step 63, G_loss: 0.08687, step_acc: 17.64728, grid_scale: 3 / 5, strokes: 2 / 9
iteration step 64, G_loss: 0.08671, step_acc: 17.66288, grid_scale: 3 / 5, strokes: 2 / 9
iteration step 65, G_loss: 0.08654, step_acc: 17.67295, grid_scale: 3 / 5, strokes: 2 / 9
iteration step 66, G_loss: 0.08643, step_acc: 17.68307, grid_scale: 3 / 5, strokes: 2 / 9
iteration step 67, G_loss: 0.08631, step_acc: 17.69397, grid_scale: 3 / 5, strokes: 2 / 9
iteration step 68, G_loss: 0.08620, step_acc: 17.70289, grid_scale: 3 / 5, strokes: 2 / 9
iteration step 69, G_loss: 0.08606, step_acc: 17.71037, grid_scale: 3 / 5, strokes: 2 / 9
iteration step 70, G_loss: 0.08598, step_acc: 17.71306, grid_scale: 3 / 5, strokes: 2 / 9
iteration step 71, G_loss: 0.08591, step_acc: 17.72471, grid_scale: 3 / 5, strokes: 2 / 9
iteration step 72, G_loss: 0.08576, step_acc: 17.73022, grid_scale: 3 / 5, strokes: 2 / 9
iteration step 73, G_loss: 0.08565, step_acc: 17.74071, grid_scale: 3 / 5, strokes: 2 / 9
iteration step 74, G_loss: 0.08551, step_acc: 17.75325, grid_scale: 3 / 5, strokes: 2 / 9
iteration step 75, G_loss: 0.08534, step_acc: 17.75812, grid_scale: 3 / 5, strokes: 2 / 9
iteration step 76, G_loss: 0.08527, step_acc: 17.76405, grid_scale: 3 / 5, strokes: 2 / 9
iteration step 77, G_loss: 0.08519, step_acc: 17.76767, grid_scale: 3 / 5, strokes: 2 / 9
iteration step 78, G_loss: 0.08512, step_acc: 17.77263, grid_scale: 3 / 5, strokes: 2 / 9
iteration step 79, G_loss: 0.08506, step_acc: 17.77468, grid_scale: 3 / 5, strokes: 2 / 9
iteration step 80, G_loss: 0.08502, step_acc: 17.77948, grid_scale: 3 / 5, strokes: 2 / 9
iteration step 81, G_loss: 0.08493, step_acc: 17.78451, grid_scale: 3 / 5, strokes: 2 / 9
iteration step 82, G_loss: 0.08486, step_acc: 17.78779, grid_scale: 3 / 5, strokes: 2 / 9
iteration step 83, G_loss: 0.08479, step_acc: 17.79255, grid_scale: 3 / 5, strokes: 2 / 9
iteration step 84, G_loss: 0.08473, step_acc: 17.79376, grid_scale: 3 / 5, strokes: 2 / 9
iteration step 85, G_loss: 0.08469, step_acc: 17.79588, grid_scale: 3 / 5, strokes: 2 / 9
iteration step 86, G_loss: 0.08468, step_acc: 17.79811, grid_scale: 3 / 5, strokes: 2 / 9
iteration step 87, G_loss: 0.08463, step_acc: 17.79978, grid_scale: 3 / 5, strokes: 2 / 9
iteration step 88, G_loss: 0.08460, step_acc: 17.80292, grid_scale: 3 / 5, strokes: 2 / 9
iteration step 89, G_loss: 0.08455, step_acc: 17.80330, grid_scale: 3 / 5, strokes: 2 / 9
iteration step 90, G_loss: 0.08457, step_acc: 17.80603, grid_scale: 3 / 5, strokes: 2 / 9
iteration step 91, G_loss: 0.08451, step_acc: 17.81124, grid_scale: 3 / 5, strokes: 2 / 9
iteration step 92, G_loss: 0.08446, step_acc: 17.81347, grid_scale: 3 / 5, strokes: 2 / 9
iteration step 93, G_loss: 0.08443, step_acc: 17.81432, grid_scale: 3 / 5, strokes: 2 / 9
iteration step 94, G_loss: 0.08440, step_acc: 17.81698, grid_scale: 3 / 5, strokes: 2 / 9
iteration step 95, G_loss: 0.08436, step_acc: 17.81713, grid_scale: 3 / 5, strokes: 2 / 9
iteration step 96, G_loss: 0.08434, step_acc: 17.81855, grid_scale: 3 / 5, strokes: 2 / 9
iteration step 97, G_loss: 0.08433, step_acc: 17.82149, grid_scale: 3 / 5, strokes: 2 / 9
iteration step 98, G_loss: 0.08429, step_acc: 17.82386, grid_scale: 3 / 5, strokes: 2 / 9
iteration step 99, G_loss: 0.08425, step_acc: 17.82506, grid_scale: 3 / 5, strokes: 2 / 9
iteration step 100, G_loss: 0.08424, step_acc: 17.82593, grid_scale: 3 / 5, strokes: 2 / 9
iteration step 101, G_loss: 0.08423, step_acc: 17.82751, grid_scale: 3 / 5, strokes: 2 / 9
iteration step 102, G_loss: 0.08421, step_acc: 17.82783, grid_scale: 3 / 5, strokes: 2 / 9
iteration step 103, G_loss: 0.08419, step_acc: 17.83007, grid_scale: 3 / 5, strokes: 2 / 9
iteration step 104, G_loss: 0.08417, step_acc: 17.83028, grid_scale: 3 / 5, strokes: 2 / 9
iteration step 105, G_loss: 0.08416, step_acc: 17.83042, grid_scale: 3 / 5, strokes: 2 / 9
iteration step 106, G_loss: 0.08414, step_acc: 17.83236, grid_scale: 3 / 5, strokes: 2 / 9
iteration step 107, G_loss: 0.08413, step_acc: 17.83138, grid_scale: 3 / 5, strokes: 2 / 9
iteration step 108, G_loss: 0.08412, step_acc: 17.83326, grid_scale: 3 / 5, strokes: 2 / 9
iteration step 109, G_loss: 0.08411, step_acc: 17.83052, grid_scale: 3 / 5, strokes: 2 / 9
iteration step 110, G_loss: 0.08410, step_acc: 17.91565, grid_scale: 3 / 5, strokes: 3 / 9
iteration step 111, G_loss: 0.08367, step_acc: 17.97137, grid_scale: 3 / 5, strokes: 3 / 9
iteration step 112, G_loss: 0.08311, step_acc: 18.00027, grid_scale: 3 / 5, strokes: 3 / 9
iteration step 113, G_loss: 0.08283, step_acc: 18.02119, grid_scale: 3 / 5, strokes: 3 / 9
iteration step 114, G_loss: 0.08269, step_acc: 18.04804, grid_scale: 3 / 5, strokes: 3 / 9
iteration step 115, G_loss: 0.08251, step_acc: 18.06625, grid_scale: 3 / 5, strokes: 3 / 9
iteration step 116, G_loss: 0.08232, step_acc: 18.08214, grid_scale: 3 / 5, strokes: 3 / 9
iteration step 117, G_loss: 0.08220, step_acc: 18.09365, grid_scale: 3 / 5, strokes: 3 / 9
iteration step 118, G_loss: 0.08206, step_acc: 18.10844, grid_scale: 3 / 5, strokes: 3 / 9
iteration step 119, G_loss: 0.08197, step_acc: 18.11799, grid_scale: 3 / 5, strokes: 3 / 9
iteration step 120, G_loss: 0.08187, step_acc: 18.13526, grid_scale: 3 / 5, strokes: 3 / 9
iteration step 121, G_loss: 0.08177, step_acc: 18.14418, grid_scale: 3 / 5, strokes: 3 / 9
iteration step 122, G_loss: 0.08169, step_acc: 18.16055, grid_scale: 3 / 5, strokes: 3 / 9
iteration step 123, G_loss: 0.08156, step_acc: 18.16408, grid_scale: 3 / 5, strokes: 3 / 9
iteration step 124, G_loss: 0.08149, step_acc: 18.17105, grid_scale: 3 / 5, strokes: 3 / 9
iteration step 125, G_loss: 0.08144, step_acc: 18.17356, grid_scale: 3 / 5, strokes: 3 / 9
iteration step 126, G_loss: 0.08138, step_acc: 18.17982, grid_scale: 3 / 5, strokes: 3 / 9
iteration step 127, G_loss: 0.08134, step_acc: 18.18311, grid_scale: 3 / 5, strokes: 3 / 9
iteration step 128, G_loss: 0.08131, step_acc: 18.19150, grid_scale: 3 / 5, strokes: 3 / 9
iteration step 129, G_loss: 0.08123, step_acc: 18.20704, grid_scale: 3 / 5, strokes: 3 / 9
iteration step 130, G_loss: 0.08112, step_acc: 18.21240, grid_scale: 3 / 5, strokes: 3 / 9
iteration step 131, G_loss: 0.08107, step_acc: 18.21371, grid_scale: 3 / 5, strokes: 3 / 9
iteration step 132, G_loss: 0.08104, step_acc: 18.21872, grid_scale: 3 / 5, strokes: 3 / 9
iteration step 133, G_loss: 0.08101, step_acc: 18.21716, grid_scale: 3 / 5, strokes: 3 / 9
iteration step 134, G_loss: 0.08099, step_acc: 18.22210, grid_scale: 3 / 5, strokes: 3 / 9
iteration step 135, G_loss: 0.08097, step_acc: 18.22053, grid_scale: 3 / 5, strokes: 3 / 9
iteration step 136, G_loss: 0.08096, step_acc: 18.22451, grid_scale: 3 / 5, strokes: 3 / 9
iteration step 137, G_loss: 0.08092, step_acc: 18.22496, grid_scale: 3 / 5, strokes: 3 / 9
iteration step 138, G_loss: 0.08090, step_acc: 18.22675, grid_scale: 3 / 5, strokes: 3 / 9
iteration step 139, G_loss: 0.08090, step_acc: 18.22658, grid_scale: 3 / 5, strokes: 3 / 9
iteration step 140, G_loss: 0.08089, step_acc: 18.22909, grid_scale: 3 / 5, strokes: 3 / 9
iteration step 141, G_loss: 0.08087, step_acc: 18.22887, grid_scale: 3 / 5, strokes: 3 / 9
iteration step 142, G_loss: 0.08085, step_acc: 18.22956, grid_scale: 3 / 5, strokes: 3 / 9
iteration step 143, G_loss: 0.08088, step_acc: 18.22979, grid_scale: 3 / 5, strokes: 3 / 9
iteration step 144, G_loss: 0.08085, step_acc: 18.23191, grid_scale: 3 / 5, strokes: 3 / 9
iteration step 145, G_loss: 0.08083, step_acc: 18.23219, grid_scale: 3 / 5, strokes: 3 / 9
iteration step 146, G_loss: 0.08082, step_acc: 18.23753, grid_scale: 3 / 5, strokes: 3 / 9
iteration step 147, G_loss: 0.08079, step_acc: 18.23787, grid_scale: 3 / 5, strokes: 3 / 9
iteration step 148, G_loss: 0.08077, step_acc: 18.24173, grid_scale: 3 / 5, strokes: 3 / 9
iteration step 149, G_loss: 0.08075, step_acc: 18.24600, grid_scale: 3 / 5, strokes: 3 / 9
iteration step 150, G_loss: 0.08070, step_acc: 18.25146, grid_scale: 3 / 5, strokes: 3 / 9
iteration step 151, G_loss: 0.08066, step_acc: 18.25120, grid_scale: 3 / 5, strokes: 3 / 9
iteration step 152, G_loss: 0.08064, step_acc: 18.25430, grid_scale: 3 / 5, strokes: 3 / 9
iteration step 153, G_loss: 0.08061, step_acc: 18.25618, grid_scale: 3 / 5, strokes: 3 / 9
iteration step 154, G_loss: 0.08058, step_acc: 18.25897, grid_scale: 3 / 5, strokes: 3 / 9
iteration step 155, G_loss: 0.08056, step_acc: 18.26051, grid_scale: 3 / 5, strokes: 3 / 9
iteration step 156, G_loss: 0.08055, step_acc: 18.26059, grid_scale: 3 / 5, strokes: 3 / 9
iteration step 157, G_loss: 0.08053, step_acc: 18.26328, grid_scale: 3 / 5, strokes: 3 / 9
iteration step 158, G_loss: 0.08051, step_acc: 18.26431, grid_scale: 3 / 5, strokes: 3 / 9
iteration step 159, G_loss: 0.08051, step_acc: 18.26708, grid_scale: 3 / 5, strokes: 3 / 9
iteration step 160, G_loss: 0.08048, step_acc: 18.26646, grid_scale: 3 / 5, strokes: 3 / 9
iteration step 161, G_loss: 0.08048, step_acc: 18.26907, grid_scale: 3 / 5, strokes: 3 / 9
iteration step 162, G_loss: 0.08046, step_acc: 18.26786, grid_scale: 3 / 5, strokes: 3 / 9
iteration step 163, G_loss: 0.08045, step_acc: 18.27022, grid_scale: 3 / 5, strokes: 3 / 9
iteration step 164, G_loss: 0.08044, step_acc: 18.26929, grid_scale: 3 / 5, strokes: 3 / 9
iteration step 165, G_loss: 0.08044, step_acc: 18.37093, grid_scale: 3 / 5, strokes: 4 / 9
iteration step 166, G_loss: 0.07983, step_acc: 18.40135, grid_scale: 3 / 5, strokes: 4 / 9
iteration step 167, G_loss: 0.07955, step_acc: 18.44222, grid_scale: 3 / 5, strokes: 4 / 9
iteration step 168, G_loss: 0.07907, step_acc: 18.46148, grid_scale: 3 / 5, strokes: 4 / 9
iteration step 169, G_loss: 0.07892, step_acc: 18.47249, grid_scale: 3 / 5, strokes: 4 / 9
iteration step 170, G_loss: 0.07877, step_acc: 18.48820, grid_scale: 3 / 5, strokes: 4 / 9
iteration step 171, G_loss: 0.07860, step_acc: 18.49934, grid_scale: 3 / 5, strokes: 4 / 9
iteration step 172, G_loss: 0.07841, step_acc: 18.51825, grid_scale: 3 / 5, strokes: 4 / 9
iteration step 173, G_loss: 0.07832, step_acc: 18.52436, grid_scale: 3 / 5, strokes: 4 / 9
iteration step 174, G_loss: 0.07822, step_acc: 18.53401, grid_scale: 3 / 5, strokes: 4 / 9
iteration step 175, G_loss: 0.07817, step_acc: 18.53985, grid_scale: 3 / 5, strokes: 4 / 9
iteration step 176, G_loss: 0.07809, step_acc: 18.55425, grid_scale: 3 / 5, strokes: 4 / 9
iteration step 177, G_loss: 0.07796, step_acc: 18.56132, grid_scale: 3 / 5, strokes: 4 / 9
iteration step 178, G_loss: 0.07788, step_acc: 18.56582, grid_scale: 3 / 5, strokes: 4 / 9
iteration step 179, G_loss: 0.07786, step_acc: 18.57283, grid_scale: 3 / 5, strokes: 4 / 9
iteration step 180, G_loss: 0.07778, step_acc: 18.57947, grid_scale: 3 / 5, strokes: 4 / 9
iteration step 181, G_loss: 0.07771, step_acc: 18.58576, grid_scale: 3 / 5, strokes: 4 / 9
iteration step 182, G_loss: 0.07764, step_acc: 18.59058, grid_scale: 3 / 5, strokes: 4 / 9
iteration step 183, G_loss: 0.07762, step_acc: 18.59804, grid_scale: 3 / 5, strokes: 4 / 9
iteration step 184, G_loss: 0.07754, step_acc: 18.60083, grid_scale: 3 / 5, strokes: 4 / 9
iteration step 185, G_loss: 0.07747, step_acc: 18.60578, grid_scale: 3 / 5, strokes: 4 / 9
iteration step 186, G_loss: 0.07743, step_acc: 18.61070, grid_scale: 3 / 5, strokes: 4 / 9
iteration step 187, G_loss: 0.07739, step_acc: 18.61884, grid_scale: 3 / 5, strokes: 4 / 9
iteration step 188, G_loss: 0.07730, step_acc: 18.62033, grid_scale: 3 / 5, strokes: 4 / 9
iteration step 189, G_loss: 0.07725, step_acc: 18.62497, grid_scale: 3 / 5, strokes: 4 / 9
iteration step 190, G_loss: 0.07719, step_acc: 18.62608, grid_scale: 3 / 5, strokes: 4 / 9
iteration step 191, G_loss: 0.07714, step_acc: 18.62902, grid_scale: 3 / 5, strokes: 4 / 9
iteration step 192, G_loss: 0.07710, step_acc: 18.63410, grid_scale: 3 / 5, strokes: 4 / 9
iteration step 193, G_loss: 0.07703, step_acc: 18.63890, grid_scale: 3 / 5, strokes: 4 / 9
iteration step 194, G_loss: 0.07701, step_acc: 18.64044, grid_scale: 3 / 5, strokes: 4 / 9
iteration step 195, G_loss: 0.07695, step_acc: 18.64348, grid_scale: 3 / 5, strokes: 4 / 9
iteration step 196, G_loss: 0.07694, step_acc: 18.64564, grid_scale: 3 / 5, strokes: 4 / 9
iteration step 197, G_loss: 0.07689, step_acc: 18.65036, grid_scale: 3 / 5, strokes: 4 / 9
iteration step 198, G_loss: 0.07686, step_acc: 18.64921, grid_scale: 3 / 5, strokes: 4 / 9
iteration step 199, G_loss: 0.07685, step_acc: 18.65216, grid_scale: 3 / 5, strokes: 4 / 9
iteration step 200, G_loss: 0.07683, step_acc: 18.65065, grid_scale: 3 / 5, strokes: 4 / 9
iteration step 201, G_loss: 0.07681, step_acc: 18.65469, grid_scale: 3 / 5, strokes: 4 / 9
iteration step 202, G_loss: 0.07678, step_acc: 18.65484, grid_scale: 3 / 5, strokes: 4 / 9
iteration step 203, G_loss: 0.07677, step_acc: 18.65849, grid_scale: 3 / 5, strokes: 4 / 9
iteration step 204, G_loss: 0.07675, step_acc: 18.66181, grid_scale: 3 / 5, strokes: 4 / 9
iteration step 205, G_loss: 0.07670, step_acc: 18.66394, grid_scale: 3 / 5, strokes: 4 / 9
iteration step 206, G_loss: 0.07668, step_acc: 18.66589, grid_scale: 3 / 5, strokes: 4 / 9
iteration step 207, G_loss: 0.07665, step_acc: 18.66813, grid_scale: 3 / 5, strokes: 4 / 9
iteration step 208, G_loss: 0.07662, step_acc: 18.66861, grid_scale: 3 / 5, strokes: 4 / 9
iteration step 209, G_loss: 0.07661, step_acc: 18.67240, grid_scale: 3 / 5, strokes: 4 / 9
iteration step 210, G_loss: 0.07660, step_acc: 18.67276, grid_scale: 3 / 5, strokes: 4 / 9
iteration step 211, G_loss: 0.07658, step_acc: 18.67281, grid_scale: 3 / 5, strokes: 4 / 9
iteration step 212, G_loss: 0.07658, step_acc: 18.67333, grid_scale: 3 / 5, strokes: 4 / 9
iteration step 213, G_loss: 0.07654, step_acc: 18.67571, grid_scale: 3 / 5, strokes: 4 / 9
iteration step 214, G_loss: 0.07653, step_acc: 18.67809, grid_scale: 3 / 5, strokes: 4 / 9
iteration step 215, G_loss: 0.07651, step_acc: 18.68191, grid_scale: 3 / 5, strokes: 4 / 9
iteration step 216, G_loss: 0.07648, step_acc: 18.68038, grid_scale: 3 / 5, strokes: 4 / 9
iteration step 217, G_loss: 0.07647, step_acc: 18.68451, grid_scale: 3 / 5, strokes: 4 / 9
iteration step 218, G_loss: 0.07644, step_acc: 18.68298, grid_scale: 3 / 5, strokes: 4 / 9
iteration step 219, G_loss: 0.07643, step_acc: 18.68516, grid_scale: 3 / 5, strokes: 4 / 9
iteration step 220, G_loss: 0.07641, step_acc: 18.69989, grid_scale: 3 / 5, strokes: 5 / 9
iteration step 221, G_loss: 0.07605, step_acc: 18.71515, grid_scale: 3 / 5, strokes: 5 / 9
iteration step 222, G_loss: 0.07584, step_acc: 18.72300, grid_scale: 3 / 5, strokes: 5 / 9
iteration step 223, G_loss: 0.07568, step_acc: 18.73339, grid_scale: 3 / 5, strokes: 5 / 9
iteration step 224, G_loss: 0.07559, step_acc: 18.73408, grid_scale: 3 / 5, strokes: 5 / 9
iteration step 225, G_loss: 0.07547, step_acc: 18.75032, grid_scale: 3 / 5, strokes: 5 / 9
iteration step 226, G_loss: 0.07530, step_acc: 18.75402, grid_scale: 3 / 5, strokes: 5 / 9
iteration step 227, G_loss: 0.07520, step_acc: 18.76227, grid_scale: 3 / 5, strokes: 5 / 9
iteration step 228, G_loss: 0.07511, step_acc: 18.76170, grid_scale: 3 / 5, strokes: 5 / 9
iteration step 229, G_loss: 0.07506, step_acc: 18.77025, grid_scale: 3 / 5, strokes: 5 / 9
iteration step 230, G_loss: 0.07500, step_acc: 18.77179, grid_scale: 3 / 5, strokes: 5 / 9
iteration step 231, G_loss: 0.07487, step_acc: 18.77974, grid_scale: 3 / 5, strokes: 5 / 9
iteration step 232, G_loss: 0.07476, step_acc: 18.78053, grid_scale: 3 / 5, strokes: 5 / 9
iteration step 233, G_loss: 0.07473, step_acc: 18.78720, grid_scale: 3 / 5, strokes: 5 / 9
iteration step 234, G_loss: 0.07466, step_acc: 18.78759, grid_scale: 3 / 5, strokes: 5 / 9
iteration step 235, G_loss: 0.07459, step_acc: 18.79230, grid_scale: 3 / 5, strokes: 5 / 9
iteration step 236, G_loss: 0.07454, step_acc: 18.79235, grid_scale: 3 / 5, strokes: 5 / 9
iteration step 237, G_loss: 0.07448, step_acc: 18.80051, grid_scale: 3 / 5, strokes: 5 / 9
iteration step 238, G_loss: 0.07443, step_acc: 18.79972, grid_scale: 3 / 5, strokes: 5 / 9
iteration step 239, G_loss: 0.07439, step_acc: 18.80678, grid_scale: 3 / 5, strokes: 5 / 9
iteration step 240, G_loss: 0.07431, step_acc: 18.80895, grid_scale: 3 / 5, strokes: 5 / 9
iteration step 241, G_loss: 0.07424, step_acc: 18.81341, grid_scale: 3 / 5, strokes: 5 / 9
iteration step 242, G_loss: 0.07420, step_acc: 18.81888, grid_scale: 3 / 5, strokes: 5 / 9
iteration step 243, G_loss: 0.07410, step_acc: 18.82294, grid_scale: 3 / 5, strokes: 5 / 9
iteration step 244, G_loss: 0.07406, step_acc: 18.82859, grid_scale: 3 / 5, strokes: 5 / 9
iteration step 245, G_loss: 0.07397, step_acc: 18.83191, grid_scale: 3 / 5, strokes: 5 / 9
iteration step 246, G_loss: 0.07392, step_acc: 18.83456, grid_scale: 3 / 5, strokes: 5 / 9
iteration step 247, G_loss: 0.07388, step_acc: 18.83230, grid_scale: 3 / 5, strokes: 5 / 9
iteration step 248, G_loss: 0.07390, step_acc: 18.83878, grid_scale: 3 / 5, strokes: 5 / 9
iteration step 249, G_loss: 0.07383, step_acc: 18.84383, grid_scale: 3 / 5, strokes: 5 / 9
iteration step 250, G_loss: 0.07373, step_acc: 18.84447, grid_scale: 3 / 5, strokes: 5 / 9
iteration step 251, G_loss: 0.07373, step_acc: 18.84522, grid_scale: 3 / 5, strokes: 5 / 9
iteration step 252, G_loss: 0.07369, step_acc: 18.84889, grid_scale: 3 / 5, strokes: 5 / 9
iteration step 253, G_loss: 0.07369, step_acc: 18.84732, grid_scale: 3 / 5, strokes: 5 / 9
iteration step 254, G_loss: 0.07366, step_acc: 18.85107, grid_scale: 3 / 5, strokes: 5 / 9
iteration step 255, G_loss: 0.07365, step_acc: 18.85148, grid_scale: 3 / 5, strokes: 5 / 9
iteration step 256, G_loss: 0.07361, step_acc: 18.85372, grid_scale: 3 / 5, strokes: 5 / 9
iteration step 257, G_loss: 0.07359, step_acc: 18.85754, grid_scale: 3 / 5, strokes: 5 / 9
iteration step 258, G_loss: 0.07356, step_acc: 18.85826, grid_scale: 3 / 5, strokes: 5 / 9
iteration step 259, G_loss: 0.07354, step_acc: 18.85843, grid_scale: 3 / 5, strokes: 5 / 9
iteration step 260, G_loss: 0.07352, step_acc: 18.86020, grid_scale: 3 / 5, strokes: 5 / 9
iteration step 261, G_loss: 0.07347, step_acc: 18.86244, grid_scale: 3 / 5, strokes: 5 / 9
iteration step 262, G_loss: 0.07345, step_acc: 18.86565, grid_scale: 3 / 5, strokes: 5 / 9
iteration step 263, G_loss: 0.07341, step_acc: 18.86670, grid_scale: 3 / 5, strokes: 5 / 9
iteration step 264, G_loss: 0.07339, step_acc: 18.86503, grid_scale: 3 / 5, strokes: 5 / 9
iteration step 265, G_loss: 0.07338, step_acc: 18.86848, grid_scale: 3 / 5, strokes: 5 / 9
iteration step 266, G_loss: 0.07335, step_acc: 18.86910, grid_scale: 3 / 5, strokes: 5 / 9
iteration step 267, G_loss: 0.07334, step_acc: 18.86964, grid_scale: 3 / 5, strokes: 5 / 9
iteration step 268, G_loss: 0.07330, step_acc: 18.87025, grid_scale: 3 / 5, strokes: 5 / 9
iteration step 269, G_loss: 0.07330, step_acc: 18.87274, grid_scale: 3 / 5, strokes: 5 / 9
iteration step 270, G_loss: 0.07325, step_acc: 18.87300, grid_scale: 3 / 5, strokes: 5 / 9
iteration step 271, G_loss: 0.07324, step_acc: 18.87349, grid_scale: 3 / 5, strokes: 5 / 9
iteration step 272, G_loss: 0.07324, step_acc: 18.87404, grid_scale: 3 / 5, strokes: 5 / 9
iteration step 273, G_loss: 0.07323, step_acc: 18.87766, grid_scale: 3 / 5, strokes: 5 / 9
iteration step 274, G_loss: 0.07318, step_acc: 18.88028, grid_scale: 3 / 5, strokes: 5 / 9
iteration step 275, G_loss: 0.07314, step_acc: 19.01015, grid_scale: 3 / 5, strokes: 6 / 9
iteration step 276, G_loss: 0.07253, step_acc: 19.06834, grid_scale: 3 / 5, strokes: 6 / 9
iteration step 277, G_loss: 0.07211, step_acc: 19.07675, grid_scale: 3 / 5, strokes: 6 / 9
iteration step 278, G_loss: 0.07186, step_acc: 19.11802, grid_scale: 3 / 5, strokes: 6 / 9
iteration step 279, G_loss: 0.07161, step_acc: 19.12915, grid_scale: 3 / 5, strokes: 6 / 9
iteration step 280, G_loss: 0.07140, step_acc: 19.14099, grid_scale: 3 / 5, strokes: 6 / 9
iteration step 281, G_loss: 0.07130, step_acc: 19.13536, grid_scale: 3 / 5, strokes: 6 / 9
iteration step 282, G_loss: 0.07127, step_acc: 19.15171, grid_scale: 3 / 5, strokes: 6 / 9
iteration step 283, G_loss: 0.07115, step_acc: 19.15750, grid_scale: 3 / 5, strokes: 6 / 9
iteration step 284, G_loss: 0.07108, step_acc: 19.16338, grid_scale: 3 / 5, strokes: 6 / 9
iteration step 285, G_loss: 0.07099, step_acc: 19.17578, grid_scale: 3 / 5, strokes: 6 / 9
iteration step 286, G_loss: 0.07089, step_acc: 19.18477, grid_scale: 3 / 5, strokes: 6 / 9
iteration step 287, G_loss: 0.07082, step_acc: 19.18626, grid_scale: 3 / 5, strokes: 6 / 9
iteration step 288, G_loss: 0.07079, step_acc: 19.20053, grid_scale: 3 / 5, strokes: 6 / 9
iteration step 289, G_loss: 0.07067, step_acc: 19.20516, grid_scale: 3 / 5, strokes: 6 / 9
iteration step 290, G_loss: 0.07060, step_acc: 19.21484, grid_scale: 3 / 5, strokes: 6 / 9
iteration step 291, G_loss: 0.07057, step_acc: 19.20426, grid_scale: 3 / 5, strokes: 6 / 9
iteration step 292, G_loss: 0.07054, step_acc: 19.22137, grid_scale: 3 / 5, strokes: 6 / 9
iteration step 293, G_loss: 0.07050, step_acc: 19.22253, grid_scale: 3 / 5, strokes: 6 / 9
iteration step 294, G_loss: 0.07043, step_acc: 19.23309, grid_scale: 3 / 5, strokes: 6 / 9
iteration step 295, G_loss: 0.07036, step_acc: 19.23967, grid_scale: 3 / 5, strokes: 6 / 9
iteration step 296, G_loss: 0.07026, step_acc: 19.25422, grid_scale: 3 / 5, strokes: 6 / 9
iteration step 297, G_loss: 0.07020, step_acc: 19.25700, grid_scale: 3 / 5, strokes: 6 / 9
iteration step 298, G_loss: 0.07014, step_acc: 19.26658, grid_scale: 3 / 5, strokes: 6 / 9
iteration step 299, G_loss: 0.07011, step_acc: 19.27249, grid_scale: 3 / 5, strokes: 6 / 9
iteration step 300, G_loss: 0.07004, step_acc: 19.28794, grid_scale: 3 / 5, strokes: 6 / 9
iteration step 301, G_loss: 0.06993, step_acc: 19.29068, grid_scale: 3 / 5, strokes: 6 / 9
iteration step 302, G_loss: 0.06987, step_acc: 19.29739, grid_scale: 3 / 5, strokes: 6 / 9
iteration step 303, G_loss: 0.06985, step_acc: 19.30126, grid_scale: 3 / 5, strokes: 6 / 9
iteration step 304, G_loss: 0.06978, step_acc: 19.30531, grid_scale: 3 / 5, strokes: 6 / 9
iteration step 305, G_loss: 0.06975, step_acc: 19.30858, grid_scale: 3 / 5, strokes: 6 / 9
iteration step 306, G_loss: 0.06972, step_acc: 19.31236, grid_scale: 3 / 5, strokes: 6 / 9
iteration step 307, G_loss: 0.06973, step_acc: 19.31351, grid_scale: 3 / 5, strokes: 6 / 9
iteration step 308, G_loss: 0.06966, step_acc: 19.32130, grid_scale: 3 / 5, strokes: 6 / 9
iteration step 309, G_loss: 0.06962, step_acc: 19.32288, grid_scale: 3 / 5, strokes: 6 / 9
iteration step 310, G_loss: 0.06960, step_acc: 19.32399, grid_scale: 3 / 5, strokes: 6 / 9
iteration step 311, G_loss: 0.06959, step_acc: 19.33113, grid_scale: 3 / 5, strokes: 6 / 9
iteration step 312, G_loss: 0.06952, step_acc: 19.33162, grid_scale: 3 / 5, strokes: 6 / 9
iteration step 313, G_loss: 0.06950, step_acc: 19.33237, grid_scale: 3 / 5, strokes: 6 / 9
iteration step 314, G_loss: 0.06950, step_acc: 19.33601, grid_scale: 3 / 5, strokes: 6 / 9
iteration step 315, G_loss: 0.06948, step_acc: 19.33929, grid_scale: 3 / 5, strokes: 6 / 9
iteration step 316, G_loss: 0.06944, step_acc: 19.33857, grid_scale: 3 / 5, strokes: 6 / 9
iteration step 317, G_loss: 0.06941, step_acc: 19.34546, grid_scale: 3 / 5, strokes: 6 / 9
iteration step 318, G_loss: 0.06936, step_acc: 19.34308, grid_scale: 3 / 5, strokes: 6 / 9
iteration step 319, G_loss: 0.06938, step_acc: 19.34654, grid_scale: 3 / 5, strokes: 6 / 9
iteration step 320, G_loss: 0.06938, step_acc: 19.34632, grid_scale: 3 / 5, strokes: 6 / 9
iteration step 321, G_loss: 0.06934, step_acc: 19.35185, grid_scale: 3 / 5, strokes: 6 / 9
iteration step 322, G_loss: 0.06931, step_acc: 19.34941, grid_scale: 3 / 5, strokes: 6 / 9
iteration step 323, G_loss: 0.06932, step_acc: 19.35542, grid_scale: 3 / 5, strokes: 6 / 9
iteration step 324, G_loss: 0.06928, step_acc: 19.35497, grid_scale: 3 / 5, strokes: 6 / 9
iteration step 325, G_loss: 0.06927, step_acc: 19.35815, grid_scale: 3 / 5, strokes: 6 / 9
iteration step 326, G_loss: 0.06924, step_acc: 19.36112, grid_scale: 3 / 5, strokes: 6 / 9
iteration step 327, G_loss: 0.06922, step_acc: 19.36830, grid_scale: 3 / 5, strokes: 6 / 9
iteration step 328, G_loss: 0.06918, step_acc: 19.37708, grid_scale: 3 / 5, strokes: 6 / 9
iteration step 329, G_loss: 0.06911, step_acc: 19.38538, grid_scale: 3 / 5, strokes: 6 / 9
iteration step 330, G_loss: 0.06902, step_acc: 19.12712, grid_scale: 3 / 5, strokes: 7 / 9
iteration step 331, G_loss: 0.07056, step_acc: 19.23302, grid_scale: 3 / 5, strokes: 7 / 9
iteration step 332, G_loss: 0.06988, step_acc: 19.28546, grid_scale: 3 / 5, strokes: 7 / 9
iteration step 333, G_loss: 0.06962, step_acc: 19.31810, grid_scale: 3 / 5, strokes: 7 / 9
iteration step 334, G_loss: 0.06941, step_acc: 19.34026, grid_scale: 3 / 5, strokes: 7 / 9
iteration step 335, G_loss: 0.06922, step_acc: 19.35867, grid_scale: 3 / 5, strokes: 7 / 9
iteration step 336, G_loss: 0.06908, step_acc: 19.36903, grid_scale: 3 / 5, strokes: 7 / 9
iteration step 337, G_loss: 0.06898, step_acc: 19.38606, grid_scale: 3 / 5, strokes: 7 / 9
iteration step 338, G_loss: 0.06894, step_acc: 19.40155, grid_scale: 3 / 5, strokes: 7 / 9
iteration step 339, G_loss: 0.06883, step_acc: 19.42082, grid_scale: 3 / 5, strokes: 7 / 9
iteration step 340, G_loss: 0.06875, step_acc: 19.42739, grid_scale: 3 / 5, strokes: 7 / 9
iteration step 341, G_loss: 0.06869, step_acc: 19.43521, grid_scale: 3 / 5, strokes: 7 / 9
iteration step 342, G_loss: 0.06864, step_acc: 19.44716, grid_scale: 3 / 5, strokes: 7 / 9
iteration step 343, G_loss: 0.06859, step_acc: 19.45494, grid_scale: 3 / 5, strokes: 7 / 9
iteration step 344, G_loss: 0.06853, step_acc: 19.46102, grid_scale: 3 / 5, strokes: 7 / 9
iteration step 345, G_loss: 0.06849, step_acc: 19.47416, grid_scale: 3 / 5, strokes: 7 / 9
iteration step 346, G_loss: 0.06840, step_acc: 19.48271, grid_scale: 3 / 5, strokes: 7 / 9
iteration step 347, G_loss: 0.06833, step_acc: 19.48962, grid_scale: 3 / 5, strokes: 7 / 9
iteration step 348, G_loss: 0.06830, step_acc: 19.49879, grid_scale: 3 / 5, strokes: 7 / 9
iteration step 349, G_loss: 0.06825, step_acc: 19.49964, grid_scale: 3 / 5, strokes: 7 / 9
iteration step 350, G_loss: 0.06821, step_acc: 19.50419, grid_scale: 3 / 5, strokes: 7 / 9
iteration step 351, G_loss: 0.06817, step_acc: 19.50606, grid_scale: 3 / 5, strokes: 7 / 9
iteration step 352, G_loss: 0.06814, step_acc: 19.50851, grid_scale: 3 / 5, strokes: 7 / 9
iteration step 353, G_loss: 0.06814, step_acc: 19.51548, grid_scale: 3 / 5, strokes: 7 / 9
iteration step 354, G_loss: 0.06808, step_acc: 19.52124, grid_scale: 3 / 5, strokes: 7 / 9
iteration step 355, G_loss: 0.06805, step_acc: 19.51746, grid_scale: 3 / 5, strokes: 7 / 9
iteration step 356, G_loss: 0.06804, step_acc: 19.52537, grid_scale: 3 / 5, strokes: 7 / 9
iteration step 357, G_loss: 0.06802, step_acc: 19.53009, grid_scale: 3 / 5, strokes: 7 / 9
iteration step 358, G_loss: 0.06798, step_acc: 19.53203, grid_scale: 3 / 5, strokes: 7 / 9
iteration step 359, G_loss: 0.06793, step_acc: 19.53201, grid_scale: 3 / 5, strokes: 7 / 9
iteration step 360, G_loss: 0.06791, step_acc: 19.53985, grid_scale: 3 / 5, strokes: 7 / 9
iteration step 361, G_loss: 0.06792, step_acc: 19.54241, grid_scale: 3 / 5, strokes: 7 / 9
iteration step 362, G_loss: 0.06786, step_acc: 19.54876, grid_scale: 3 / 5, strokes: 7 / 9
iteration step 363, G_loss: 0.06784, step_acc: 19.54815, grid_scale: 3 / 5, strokes: 7 / 9
iteration step 364, G_loss: 0.06780, step_acc: 19.55266, grid_scale: 3 / 5, strokes: 7 / 9
iteration step 365, G_loss: 0.06777, step_acc: 19.55300, grid_scale: 3 / 5, strokes: 7 / 9
iteration step 366, G_loss: 0.06774, step_acc: 19.55825, grid_scale: 3 / 5, strokes: 7 / 9
iteration step 367, G_loss: 0.06775, step_acc: 19.56220, grid_scale: 3 / 5, strokes: 7 / 9
iteration step 368, G_loss: 0.06770, step_acc: 19.57007, grid_scale: 3 / 5, strokes: 7 / 9
iteration step 369, G_loss: 0.06766, step_acc: 19.57431, grid_scale: 3 / 5, strokes: 7 / 9
iteration step 370, G_loss: 0.06764, step_acc: 19.57989, grid_scale: 3 / 5, strokes: 7 / 9
iteration step 371, G_loss: 0.06762, step_acc: 19.58171, grid_scale: 3 / 5, strokes: 7 / 9
iteration step 372, G_loss: 0.06759, step_acc: 19.58597, grid_scale: 3 / 5, strokes: 7 / 9
iteration step 373, G_loss: 0.06754, step_acc: 19.58584, grid_scale: 3 / 5, strokes: 7 / 9
iteration step 374, G_loss: 0.06754, step_acc: 19.58807, grid_scale: 3 / 5, strokes: 7 / 9
iteration step 375, G_loss: 0.06754, step_acc: 19.58949, grid_scale: 3 / 5, strokes: 7 / 9
iteration step 376, G_loss: 0.06751, step_acc: 19.59339, grid_scale: 3 / 5, strokes: 7 / 9
iteration step 377, G_loss: 0.06745, step_acc: 19.59664, grid_scale: 3 / 5, strokes: 7 / 9
iteration step 378, G_loss: 0.06743, step_acc: 19.60270, grid_scale: 3 / 5, strokes: 7 / 9
iteration step 379, G_loss: 0.06739, step_acc: 19.60485, grid_scale: 3 / 5, strokes: 7 / 9
iteration step 380, G_loss: 0.06736, step_acc: 19.60766, grid_scale: 3 / 5, strokes: 7 / 9
iteration step 381, G_loss: 0.06731, step_acc: 19.61193, grid_scale: 3 / 5, strokes: 7 / 9
iteration step 382, G_loss: 0.06726, step_acc: 19.61693, grid_scale: 3 / 5, strokes: 7 / 9
iteration step 383, G_loss: 0.06722, step_acc: 19.62053, grid_scale: 3 / 5, strokes: 7 / 9
iteration step 384, G_loss: 0.06719, step_acc: 19.62239, grid_scale: 3 / 5, strokes: 7 / 9
iteration step 385, G_loss: 0.06716, step_acc: 19.59410, grid_scale: 3 / 5, strokes: 8 / 9
iteration step 386, G_loss: 0.06750, step_acc: 19.69801, grid_scale: 3 / 5, strokes: 8 / 9
iteration step 387, G_loss: 0.06682, step_acc: 19.71941, grid_scale: 3 / 5, strokes: 8 / 9
iteration step 388, G_loss: 0.06657, step_acc: 19.73339, grid_scale: 3 / 5, strokes: 8 / 9
iteration step 389, G_loss: 0.06643, step_acc: 19.74453, grid_scale: 3 / 5, strokes: 8 / 9
iteration step 390, G_loss: 0.06633, step_acc: 19.75248, grid_scale: 3 / 5, strokes: 8 / 9
iteration step 391, G_loss: 0.06626, step_acc: 19.74416, grid_scale: 3 / 5, strokes: 8 / 9
iteration step 392, G_loss: 0.06626, step_acc: 19.76117, grid_scale: 3 / 5, strokes: 8 / 9
iteration step 393, G_loss: 0.06619, step_acc: 19.75793, grid_scale: 3 / 5, strokes: 8 / 9
iteration step 394, G_loss: 0.06614, step_acc: 19.76601, grid_scale: 3 / 5, strokes: 8 / 9
iteration step 395, G_loss: 0.06609, step_acc: 19.77046, grid_scale: 3 / 5, strokes: 8 / 9
iteration step 396, G_loss: 0.06602, step_acc: 19.77566, grid_scale: 3 / 5, strokes: 8 / 9
iteration step 397, G_loss: 0.06599, step_acc: 19.77501, grid_scale: 3 / 5, strokes: 8 / 9
iteration step 398, G_loss: 0.06596, step_acc: 19.77867, grid_scale: 3 / 5, strokes: 8 / 9
iteration step 399, G_loss: 0.06594, step_acc: 19.78013, grid_scale: 3 / 5, strokes: 8 / 9
iteration step 400, G_loss: 0.06591, step_acc: 19.78269, grid_scale: 3 / 5, strokes: 8 / 9
iteration step 401, G_loss: 0.06589, step_acc: 19.78267, grid_scale: 3 / 5, strokes: 8 / 9
iteration step 402, G_loss: 0.06586, step_acc: 19.79475, grid_scale: 3 / 5, strokes: 8 / 9
iteration step 403, G_loss: 0.06582, step_acc: 19.79844, grid_scale: 3 / 5, strokes: 8 / 9
iteration step 404, G_loss: 0.06576, step_acc: 19.80538, grid_scale: 3 / 5, strokes: 8 / 9
iteration step 405, G_loss: 0.06571, step_acc: 19.79804, grid_scale: 3 / 5, strokes: 8 / 9
iteration step 406, G_loss: 0.06572, step_acc: 19.80758, grid_scale: 3 / 5, strokes: 8 / 9
iteration step 407, G_loss: 0.06568, step_acc: 19.81077, grid_scale: 3 / 5, strokes: 8 / 9
iteration step 408, G_loss: 0.06564, step_acc: 19.81132, grid_scale: 3 / 5, strokes: 8 / 9
iteration step 409, G_loss: 0.06565, step_acc: 19.81046, grid_scale: 3 / 5, strokes: 8 / 9
iteration step 410, G_loss: 0.06562, step_acc: 19.81652, grid_scale: 3 / 5, strokes: 8 / 9
iteration step 411, G_loss: 0.06562, step_acc: 19.81427, grid_scale: 3 / 5, strokes: 8 / 9
iteration step 412, G_loss: 0.06560, step_acc: 19.81777, grid_scale: 3 / 5, strokes: 8 / 9
iteration step 413, G_loss: 0.06559, step_acc: 19.81912, grid_scale: 3 / 5, strokes: 8 / 9
iteration step 414, G_loss: 0.06556, step_acc: 19.81891, grid_scale: 3 / 5, strokes: 8 / 9
iteration step 415, G_loss: 0.06554, step_acc: 19.81920, grid_scale: 3 / 5, strokes: 8 / 9
iteration step 416, G_loss: 0.06554, step_acc: 19.82406, grid_scale: 3 / 5, strokes: 8 / 9
iteration step 417, G_loss: 0.06551, step_acc: 19.82344, grid_scale: 3 / 5, strokes: 8 / 9
iteration step 418, G_loss: 0.06550, step_acc: 19.82640, grid_scale: 3 / 5, strokes: 8 / 9
iteration step 419, G_loss: 0.06549, step_acc: 19.82953, grid_scale: 3 / 5, strokes: 8 / 9
iteration step 420, G_loss: 0.06546, step_acc: 19.83671, grid_scale: 3 / 5, strokes: 8 / 9
iteration step 421, G_loss: 0.06543, step_acc: 19.83346, grid_scale: 3 / 5, strokes: 8 / 9
iteration step 422, G_loss: 0.06544, step_acc: 19.84430, grid_scale: 3 / 5, strokes: 8 / 9
iteration step 423, G_loss: 0.06539, step_acc: 19.84239, grid_scale: 3 / 5, strokes: 8 / 9
iteration step 424, G_loss: 0.06535, step_acc: 19.84810, grid_scale: 3 / 5, strokes: 8 / 9
iteration step 425, G_loss: 0.06532, step_acc: 19.85052, grid_scale: 3 / 5, strokes: 8 / 9
iteration step 426, G_loss: 0.06529, step_acc: 19.85655, grid_scale: 3 / 5, strokes: 8 / 9
iteration step 427, G_loss: 0.06525, step_acc: 19.85730, grid_scale: 3 / 5, strokes: 8 / 9
iteration step 428, G_loss: 0.06523, step_acc: 19.86321, grid_scale: 3 / 5, strokes: 8 / 9
iteration step 429, G_loss: 0.06520, step_acc: 19.86003, grid_scale: 3 / 5, strokes: 8 / 9
iteration step 430, G_loss: 0.06519, step_acc: 19.86559, grid_scale: 3 / 5, strokes: 8 / 9
iteration step 431, G_loss: 0.06516, step_acc: 19.86569, grid_scale: 3 / 5, strokes: 8 / 9
iteration step 432, G_loss: 0.06512, step_acc: 19.87193, grid_scale: 3 / 5, strokes: 8 / 9
iteration step 433, G_loss: 0.06509, step_acc: 19.87264, grid_scale: 3 / 5, strokes: 8 / 9
iteration step 434, G_loss: 0.06508, step_acc: 19.87739, grid_scale: 3 / 5, strokes: 8 / 9
iteration step 435, G_loss: 0.06506, step_acc: 19.88103, grid_scale: 3 / 5, strokes: 8 / 9
iteration step 436, G_loss: 0.06499, step_acc: 19.88491, grid_scale: 3 / 5, strokes: 8 / 9
iteration step 437, G_loss: 0.06497, step_acc: 19.88428, grid_scale: 3 / 5, strokes: 8 / 9
iteration step 438, G_loss: 0.06496, step_acc: 19.88286, grid_scale: 3 / 5, strokes: 8 / 9
iteration step 439, G_loss: 0.06496, step_acc: 19.88863, grid_scale: 3 / 5, strokes: 8 / 9
iteration step 440, G_loss: 0.06492, step_acc: 19.92385, grid_scale: 3 / 5, strokes: 9 / 9
iteration step 441, G_loss: 0.06475, step_acc: 19.93721, grid_scale: 3 / 5, strokes: 9 / 9
iteration step 442, G_loss: 0.06458, step_acc: 19.96887, grid_scale: 3 / 5, strokes: 9 / 9
iteration step 443, G_loss: 0.06430, step_acc: 19.97362, grid_scale: 3 / 5, strokes: 9 / 9
iteration step 444, G_loss: 0.06416, step_acc: 20.00044, grid_scale: 3 / 5, strokes: 9 / 9
iteration step 445, G_loss: 0.06401, step_acc: 19.99099, grid_scale: 3 / 5, strokes: 9 / 9
iteration step 446, G_loss: 0.06392, step_acc: 20.01027, grid_scale: 3 / 5, strokes: 9 / 9
iteration step 447, G_loss: 0.06384, step_acc: 20.00719, grid_scale: 3 / 5, strokes: 9 / 9
iteration step 448, G_loss: 0.06380, step_acc: 20.01772, grid_scale: 3 / 5, strokes: 9 / 9
iteration step 449, G_loss: 0.06373, step_acc: 20.01956, grid_scale: 3 / 5, strokes: 9 / 9
iteration step 450, G_loss: 0.06369, step_acc: 20.02630, grid_scale: 3 / 5, strokes: 9 / 9
iteration step 451, G_loss: 0.06364, step_acc: 20.02656, grid_scale: 3 / 5, strokes: 9 / 9
iteration step 452, G_loss: 0.06358, step_acc: 20.03280, grid_scale: 3 / 5, strokes: 9 / 9
iteration step 453, G_loss: 0.06356, step_acc: 20.04368, grid_scale: 3 / 5, strokes: 9 / 9
iteration step 454, G_loss: 0.06344, step_acc: 20.05500, grid_scale: 3 / 5, strokes: 9 / 9
iteration step 455, G_loss: 0.06335, step_acc: 20.05703, grid_scale: 3 / 5, strokes: 9 / 9
iteration step 456, G_loss: 0.06330, step_acc: 20.06878, grid_scale: 3 / 5, strokes: 9 / 9
iteration step 457, G_loss: 0.06325, step_acc: 20.06732, grid_scale: 3 / 5, strokes: 9 / 9
iteration step 458, G_loss: 0.06321, step_acc: 20.08084, grid_scale: 3 / 5, strokes: 9 / 9
iteration step 459, G_loss: 0.06314, step_acc: 20.08117, grid_scale: 3 / 5, strokes: 9 / 9
iteration step 460, G_loss: 0.06309, step_acc: 20.09360, grid_scale: 3 / 5, strokes: 9 / 9
iteration step 461, G_loss: 0.06304, step_acc: 20.09246, grid_scale: 3 / 5, strokes: 9 / 9
iteration step 462, G_loss: 0.06301, step_acc: 20.10221, grid_scale: 3 / 5, strokes: 9 / 9
iteration step 463, G_loss: 0.06299, step_acc: 20.09966, grid_scale: 3 / 5, strokes: 9 / 9
iteration step 464, G_loss: 0.06296, step_acc: 20.10359, grid_scale: 3 / 5, strokes: 9 / 9
iteration step 465, G_loss: 0.06293, step_acc: 20.10646, grid_scale: 3 / 5, strokes: 9 / 9
iteration step 466, G_loss: 0.06291, step_acc: 20.11292, grid_scale: 3 / 5, strokes: 9 / 9
iteration step 467, G_loss: 0.06288, step_acc: 20.11445, grid_scale: 3 / 5, strokes: 9 / 9
iteration step 468, G_loss: 0.06286, step_acc: 20.11707, grid_scale: 3 / 5, strokes: 9 / 9
iteration step 469, G_loss: 0.06281, step_acc: 20.12061, grid_scale: 3 / 5, strokes: 9 / 9
iteration step 470, G_loss: 0.06279, step_acc: 20.12179, grid_scale: 3 / 5, strokes: 9 / 9
iteration step 471, G_loss: 0.06277, step_acc: 20.12268, grid_scale: 3 / 5, strokes: 9 / 9
iteration step 472, G_loss: 0.06276, step_acc: 20.12744, grid_scale: 3 / 5, strokes: 9 / 9
iteration step 473, G_loss: 0.06272, step_acc: 20.12846, grid_scale: 3 / 5, strokes: 9 / 9
iteration step 474, G_loss: 0.06269, step_acc: 20.13078, grid_scale: 3 / 5, strokes: 9 / 9
iteration step 475, G_loss: 0.06269, step_acc: 20.13206, grid_scale: 3 / 5, strokes: 9 / 9
iteration step 476, G_loss: 0.06268, step_acc: 20.13238, grid_scale: 3 / 5, strokes: 9 / 9
iteration step 477, G_loss: 0.06269, step_acc: 20.13517, grid_scale: 3 / 5, strokes: 9 / 9
iteration step 478, G_loss: 0.06264, step_acc: 20.13712, grid_scale: 3 / 5, strokes: 9 / 9
iteration step 479, G_loss: 0.06262, step_acc: 20.14012, grid_scale: 3 / 5, strokes: 9 / 9
iteration step 480, G_loss: 0.06258, step_acc: 20.13876, grid_scale: 3 / 5, strokes: 9 / 9
iteration step 481, G_loss: 0.06258, step_acc: 20.13958, grid_scale: 3 / 5, strokes: 9 / 9
iteration step 482, G_loss: 0.06257, step_acc: 20.14238, grid_scale: 3 / 5, strokes: 9 / 9
iteration step 483, G_loss: 0.06256, step_acc: 20.14517, grid_scale: 3 / 5, strokes: 9 / 9
iteration step 484, G_loss: 0.06253, step_acc: 20.14560, grid_scale: 3 / 5, strokes: 9 / 9
iteration step 485, G_loss: 0.06252, step_acc: 20.14249, grid_scale: 3 / 5, strokes: 9 / 9
iteration step 486, G_loss: 0.06251, step_acc: 20.14414, grid_scale: 3 / 5, strokes: 9 / 9
iteration step 487, G_loss: 0.06251, step_acc: 20.14504, grid_scale: 3 / 5, strokes: 9 / 9
iteration step 488, G_loss: 0.06249, step_acc: 20.14989, grid_scale: 3 / 5, strokes: 9 / 9
iteration step 489, G_loss: 0.06246, step_acc: 20.14850, grid_scale: 3 / 5, strokes: 9 / 9
iteration step 490, G_loss: 0.06245, step_acc: 20.15189, grid_scale: 3 / 5, strokes: 9 / 9
iteration step 491, G_loss: 0.06244, step_acc: 20.14759, grid_scale: 3 / 5, strokes: 9 / 9
iteration step 492, G_loss: 0.06245, step_acc: 20.15501, grid_scale: 3 / 5, strokes: 9 / 9
iteration step 493, G_loss: 0.06240, step_acc: 20.15437, grid_scale: 3 / 5, strokes: 9 / 9
iteration step 494, G_loss: 0.06240, step_acc: 20.16249, grid_scale: 3 / 5, strokes: 9 / 9
rendering canvas...
iteration step 0, G_loss: 0.06236, step_acc: 19.17556, grid_scale: 4 / 5, strokes: 1 / 9
iteration step 1, G_loss: 0.07240, step_acc: 19.22342, grid_scale: 4 / 5, strokes: 1 / 9
iteration step 2, G_loss: 0.07203, step_acc: 19.25303, grid_scale: 4 / 5, strokes: 1 / 9
iteration step 3, G_loss: 0.07177, step_acc: 19.28615, grid_scale: 4 / 5, strokes: 1 / 9
iteration step 4, G_loss: 0.07153, step_acc: 19.30897, grid_scale: 4 / 5, strokes: 1 / 9
iteration step 5, G_loss: 0.07134, step_acc: 19.32407, grid_scale: 4 / 5, strokes: 1 / 9
iteration step 6, G_loss: 0.07123, step_acc: 19.33944, grid_scale: 4 / 5, strokes: 1 / 9
iteration step 7, G_loss: 0.07111, step_acc: 19.36390, grid_scale: 4 / 5, strokes: 1 / 9
iteration step 8, G_loss: 0.07097, step_acc: 19.37485, grid_scale: 4 / 5, strokes: 1 / 9
iteration step 9, G_loss: 0.07084, step_acc: 19.38877, grid_scale: 4 / 5, strokes: 1 / 9
iteration step 10, G_loss: 0.07078, step_acc: 19.39611, grid_scale: 4 / 5, strokes: 1 / 9
iteration step 11, G_loss: 0.07070, step_acc: 19.40866, grid_scale: 4 / 5, strokes: 1 / 9
iteration step 12, G_loss: 0.07061, step_acc: 19.41470, grid_scale: 4 / 5, strokes: 1 / 9
iteration step 13, G_loss: 0.07054, step_acc: 19.42527, grid_scale: 4 / 5, strokes: 1 / 9
iteration step 14, G_loss: 0.07047, step_acc: 19.42872, grid_scale: 4 / 5, strokes: 1 / 9
iteration step 15, G_loss: 0.07040, step_acc: 19.43250, grid_scale: 4 / 5, strokes: 1 / 9
iteration step 16, G_loss: 0.07036, step_acc: 19.43894, grid_scale: 4 / 5, strokes: 1 / 9
iteration step 17, G_loss: 0.07027, step_acc: 19.44693, grid_scale: 4 / 5, strokes: 1 / 9
iteration step 18, G_loss: 0.07022, step_acc: 19.45125, grid_scale: 4 / 5, strokes: 1 / 9
iteration step 19, G_loss: 0.07016, step_acc: 19.45696, grid_scale: 4 / 5, strokes: 1 / 9
iteration step 20, G_loss: 0.07012, step_acc: 19.45984, grid_scale: 4 / 5, strokes: 1 / 9
iteration step 21, G_loss: 0.07008, step_acc: 19.46068, grid_scale: 4 / 5, strokes: 1 / 9
iteration step 22, G_loss: 0.07006, step_acc: 19.46146, grid_scale: 4 / 5, strokes: 1 / 9
iteration step 23, G_loss: 0.07006, step_acc: 19.46420, grid_scale: 4 / 5, strokes: 1 / 9
iteration step 24, G_loss: 0.07004, step_acc: 19.46483, grid_scale: 4 / 5, strokes: 1 / 9
iteration step 25, G_loss: 0.07002, step_acc: 19.46722, grid_scale: 4 / 5, strokes: 1 / 9
iteration step 26, G_loss: 0.07000, step_acc: 19.46679, grid_scale: 4 / 5, strokes: 1 / 9
iteration step 27, G_loss: 0.07000, step_acc: 19.46892, grid_scale: 4 / 5, strokes: 1 / 9
iteration step 28, G_loss: 0.06997, step_acc: 19.47058, grid_scale: 4 / 5, strokes: 1 / 9
iteration step 29, G_loss: 0.06996, step_acc: 19.46996, grid_scale: 4 / 5, strokes: 1 / 9
iteration step 30, G_loss: 0.06995, step_acc: 19.47181, grid_scale: 4 / 5, strokes: 1 / 9
iteration step 31, G_loss: 0.06995, step_acc: 19.47179, grid_scale: 4 / 5, strokes: 1 / 9
iteration step 32, G_loss: 0.06995, step_acc: 19.47473, grid_scale: 4 / 5, strokes: 1 / 9
iteration step 33, G_loss: 0.06991, step_acc: 19.47849, grid_scale: 4 / 5, strokes: 1 / 9
iteration step 34, G_loss: 0.06989, step_acc: 19.47874, grid_scale: 4 / 5, strokes: 1 / 9
iteration step 35, G_loss: 0.06988, step_acc: 19.48052, grid_scale: 4 / 5, strokes: 1 / 9
iteration step 36, G_loss: 0.06986, step_acc: 19.48230, grid_scale: 4 / 5, strokes: 1 / 9
iteration step 37, G_loss: 0.06984, step_acc: 19.48336, grid_scale: 4 / 5, strokes: 1 / 9
iteration step 38, G_loss: 0.06982, step_acc: 19.48533, grid_scale: 4 / 5, strokes: 1 / 9
iteration step 39, G_loss: 0.06980, step_acc: 19.48540, grid_scale: 4 / 5, strokes: 1 / 9
iteration step 40, G_loss: 0.06980, step_acc: 19.48946, grid_scale: 4 / 5, strokes: 1 / 9
iteration step 41, G_loss: 0.06977, step_acc: 19.49116, grid_scale: 4 / 5, strokes: 1 / 9
iteration step 42, G_loss: 0.06975, step_acc: 19.49234, grid_scale: 4 / 5, strokes: 1 / 9
iteration step 43, G_loss: 0.06974, step_acc: 19.49436, grid_scale: 4 / 5, strokes: 1 / 9
iteration step 44, G_loss: 0.06971, step_acc: 19.49411, grid_scale: 4 / 5, strokes: 1 / 9
iteration step 45, G_loss: 0.06970, step_acc: 19.49614, grid_scale: 4 / 5, strokes: 1 / 9
iteration step 46, G_loss: 0.06970, step_acc: 19.49626, grid_scale: 4 / 5, strokes: 1 / 9
iteration step 47, G_loss: 0.06970, step_acc: 19.49955, grid_scale: 4 / 5, strokes: 1 / 9
iteration step 48, G_loss: 0.06966, step_acc: 19.49906, grid_scale: 4 / 5, strokes: 1 / 9
iteration step 49, G_loss: 0.06966, step_acc: 19.50077, grid_scale: 4 / 5, strokes: 1 / 9
iteration step 50, G_loss: 0.06964, step_acc: 19.50063, grid_scale: 4 / 5, strokes: 1 / 9
iteration step 51, G_loss: 0.06964, step_acc: 19.50216, grid_scale: 4 / 5, strokes: 1 / 9
iteration step 52, G_loss: 0.06963, step_acc: 19.50407, grid_scale: 4 / 5, strokes: 1 / 9
iteration step 53, G_loss: 0.06962, step_acc: 19.50463, grid_scale: 4 / 5, strokes: 1 / 9
iteration step 54, G_loss: 0.06961, step_acc: 19.50624, grid_scale: 4 / 5, strokes: 1 / 9
iteration step 55, G_loss: 0.06960, step_acc: 19.69454, grid_scale: 4 / 5, strokes: 2 / 9
iteration step 56, G_loss: 0.06866, step_acc: 19.73873, grid_scale: 4 / 5, strokes: 2 / 9
iteration step 57, G_loss: 0.06832, step_acc: 19.76741, grid_scale: 4 / 5, strokes: 2 / 9
iteration step 58, G_loss: 0.06802, step_acc: 19.79265, grid_scale: 4 / 5, strokes: 2 / 9
iteration step 59, G_loss: 0.06788, step_acc: 19.80362, grid_scale: 4 / 5, strokes: 2 / 9
iteration step 60, G_loss: 0.06780, step_acc: 19.81973, grid_scale: 4 / 5, strokes: 2 / 9
iteration step 61, G_loss: 0.06770, step_acc: 19.83104, grid_scale: 4 / 5, strokes: 2 / 9
iteration step 62, G_loss: 0.06764, step_acc: 19.84491, grid_scale: 4 / 5, strokes: 2 / 9
iteration step 63, G_loss: 0.06757, step_acc: 19.85457, grid_scale: 4 / 5, strokes: 2 / 9
iteration step 64, G_loss: 0.06748, step_acc: 19.86266, grid_scale: 4 / 5, strokes: 2 / 9
iteration step 65, G_loss: 0.06745, step_acc: 19.87144, grid_scale: 4 / 5, strokes: 2 / 9
iteration step 66, G_loss: 0.06736, step_acc: 19.87754, grid_scale: 4 / 5, strokes: 2 / 9
iteration step 67, G_loss: 0.06732, step_acc: 19.88506, grid_scale: 4 / 5, strokes: 2 / 9
iteration step 68, G_loss: 0.06724, step_acc: 19.89406, grid_scale: 4 / 5, strokes: 2 / 9
iteration step 69, G_loss: 0.06718, step_acc: 19.90340, grid_scale: 4 / 5, strokes: 2 / 9
iteration step 70, G_loss: 0.06711, step_acc: 19.91508, grid_scale: 4 / 5, strokes: 2 / 9
iteration step 71, G_loss: 0.06703, step_acc: 19.92103, grid_scale: 4 / 5, strokes: 2 / 9
iteration step 72, G_loss: 0.06698, step_acc: 19.92123, grid_scale: 4 / 5, strokes: 2 / 9
iteration step 73, G_loss: 0.06698, step_acc: 19.92750, grid_scale: 4 / 5, strokes: 2 / 9
iteration step 74, G_loss: 0.06695, step_acc: 19.93172, grid_scale: 4 / 5, strokes: 2 / 9
iteration step 75, G_loss: 0.06689, step_acc: 19.93423, grid_scale: 4 / 5, strokes: 2 / 9
iteration step 76, G_loss: 0.06686, step_acc: 19.93806, grid_scale: 4 / 5, strokes: 2 / 9
iteration step 77, G_loss: 0.06684, step_acc: 19.94214, grid_scale: 4 / 5, strokes: 2 / 9
iteration step 78, G_loss: 0.06684, step_acc: 19.94874, grid_scale: 4 / 5, strokes: 2 / 9
iteration step 79, G_loss: 0.06679, step_acc: 19.95252, grid_scale: 4 / 5, strokes: 2 / 9
iteration step 80, G_loss: 0.06678, step_acc: 19.95366, grid_scale: 4 / 5, strokes: 2 / 9
iteration step 81, G_loss: 0.06676, step_acc: 19.95652, grid_scale: 4 / 5, strokes: 2 / 9
iteration step 82, G_loss: 0.06671, step_acc: 19.96593, grid_scale: 4 / 5, strokes: 2 / 9
iteration step 83, G_loss: 0.06667, step_acc: 19.96820, grid_scale: 4 / 5, strokes: 2 / 9
iteration step 84, G_loss: 0.06663, step_acc: 19.97059, grid_scale: 4 / 5, strokes: 2 / 9
iteration step 85, G_loss: 0.06662, step_acc: 19.97294, grid_scale: 4 / 5, strokes: 2 / 9
iteration step 86, G_loss: 0.06660, step_acc: 19.97555, grid_scale: 4 / 5, strokes: 2 / 9
iteration step 87, G_loss: 0.06657, step_acc: 19.98112, grid_scale: 4 / 5, strokes: 2 / 9
iteration step 88, G_loss: 0.06653, step_acc: 19.98574, grid_scale: 4 / 5, strokes: 2 / 9
iteration step 89, G_loss: 0.06650, step_acc: 19.98659, grid_scale: 4 / 5, strokes: 2 / 9
iteration step 90, G_loss: 0.06649, step_acc: 19.99008, grid_scale: 4 / 5, strokes: 2 / 9
iteration step 91, G_loss: 0.06647, step_acc: 19.99107, grid_scale: 4 / 5, strokes: 2 / 9
iteration step 92, G_loss: 0.06644, step_acc: 19.99493, grid_scale: 4 / 5, strokes: 2 / 9
iteration step 93, G_loss: 0.06641, step_acc: 19.99695, grid_scale: 4 / 5, strokes: 2 / 9
iteration step 94, G_loss: 0.06640, step_acc: 20.00130, grid_scale: 4 / 5, strokes: 2 / 9
iteration step 95, G_loss: 0.06637, step_acc: 20.00362, grid_scale: 4 / 5, strokes: 2 / 9
iteration step 96, G_loss: 0.06637, step_acc: 20.00396, grid_scale: 4 / 5, strokes: 2 / 9
iteration step 97, G_loss: 0.06636, step_acc: 20.00539, grid_scale: 4 / 5, strokes: 2 / 9
iteration step 98, G_loss: 0.06636, step_acc: 20.00592, grid_scale: 4 / 5, strokes: 2 / 9
iteration step 99, G_loss: 0.06634, step_acc: 20.00792, grid_scale: 4 / 5, strokes: 2 / 9
iteration step 100, G_loss: 0.06633, step_acc: 20.00612, grid_scale: 4 / 5, strokes: 2 / 9
iteration step 101, G_loss: 0.06632, step_acc: 20.00727, grid_scale: 4 / 5, strokes: 2 / 9
iteration step 102, G_loss: 0.06632, step_acc: 20.00904, grid_scale: 4 / 5, strokes: 2 / 9
iteration step 103, G_loss: 0.06630, step_acc: 20.00856, grid_scale: 4 / 5, strokes: 2 / 9
iteration step 104, G_loss: 0.06629, step_acc: 20.00959, grid_scale: 4 / 5, strokes: 2 / 9
iteration step 105, G_loss: 0.06630, step_acc: 20.00875, grid_scale: 4 / 5, strokes: 2 / 9
iteration step 106, G_loss: 0.06630, step_acc: 20.00998, grid_scale: 4 / 5, strokes: 2 / 9
iteration step 107, G_loss: 0.06629, step_acc: 20.01014, grid_scale: 4 / 5, strokes: 2 / 9
iteration step 108, G_loss: 0.06629, step_acc: 20.01285, grid_scale: 4 / 5, strokes: 2 / 9
iteration step 109, G_loss: 0.06628, step_acc: 20.01119, grid_scale: 4 / 5, strokes: 2 / 9
iteration step 110, G_loss: 0.06628, step_acc: 20.05436, grid_scale: 4 / 5, strokes: 3 / 9
iteration step 111, G_loss: 0.06587, step_acc: 20.08011, grid_scale: 4 / 5, strokes: 3 / 9
iteration step 112, G_loss: 0.06555, step_acc: 20.10183, grid_scale: 4 / 5, strokes: 3 / 9
iteration step 113, G_loss: 0.06535, step_acc: 20.12420, grid_scale: 4 / 5, strokes: 3 / 9
iteration step 114, G_loss: 0.06516, step_acc: 20.14379, grid_scale: 4 / 5, strokes: 3 / 9
iteration step 115, G_loss: 0.06499, step_acc: 20.15319, grid_scale: 4 / 5, strokes: 3 / 9
iteration step 116, G_loss: 0.06488, step_acc: 20.16806, grid_scale: 4 / 5, strokes: 3 / 9
iteration step 117, G_loss: 0.06477, step_acc: 20.18068, grid_scale: 4 / 5, strokes: 3 / 9
iteration step 118, G_loss: 0.06470, step_acc: 20.19089, grid_scale: 4 / 5, strokes: 3 / 9
iteration step 119, G_loss: 0.06460, step_acc: 20.19798, grid_scale: 4 / 5, strokes: 3 / 9
iteration step 120, G_loss: 0.06451, step_acc: 20.20837, grid_scale: 4 / 5, strokes: 3 / 9
iteration step 121, G_loss: 0.06446, step_acc: 20.21607, grid_scale: 4 / 5, strokes: 3 / 9
iteration step 122, G_loss: 0.06439, step_acc: 20.22141, grid_scale: 4 / 5, strokes: 3 / 9
iteration step 123, G_loss: 0.06432, step_acc: 20.22670, grid_scale: 4 / 5, strokes: 3 / 9
iteration step 124, G_loss: 0.06428, step_acc: 20.22524, grid_scale: 4 / 5, strokes: 3 / 9
iteration step 125, G_loss: 0.06428, step_acc: 20.23157, grid_scale: 4 / 5, strokes: 3 / 9
iteration step 126, G_loss: 0.06421, step_acc: 20.23462, grid_scale: 4 / 5, strokes: 3 / 9
iteration step 127, G_loss: 0.06418, step_acc: 20.23924, grid_scale: 4 / 5, strokes: 3 / 9
iteration step 128, G_loss: 0.06416, step_acc: 20.24523, grid_scale: 4 / 5, strokes: 3 / 9
iteration step 129, G_loss: 0.06408, step_acc: 20.25175, grid_scale: 4 / 5, strokes: 3 / 9
iteration step 130, G_loss: 0.06403, step_acc: 20.26726, grid_scale: 4 / 5, strokes: 3 / 9
iteration step 131, G_loss: 0.06395, step_acc: 20.27586, grid_scale: 4 / 5, strokes: 3 / 9
iteration step 132, G_loss: 0.06388, step_acc: 20.28096, grid_scale: 4 / 5, strokes: 3 / 9
iteration step 133, G_loss: 0.06384, step_acc: 20.28920, grid_scale: 4 / 5, strokes: 3 / 9
iteration step 134, G_loss: 0.06379, step_acc: 20.30480, grid_scale: 4 / 5, strokes: 3 / 9
iteration step 135, G_loss: 0.06369, step_acc: 20.31162, grid_scale: 4 / 5, strokes: 3 / 9
iteration step 136, G_loss: 0.06363, step_acc: 20.32229, grid_scale: 4 / 5, strokes: 3 / 9
iteration step 137, G_loss: 0.06357, step_acc: 20.32795, grid_scale: 4 / 5, strokes: 3 / 9
iteration step 138, G_loss: 0.06352, step_acc: 20.34200, grid_scale: 4 / 5, strokes: 3 / 9
iteration step 139, G_loss: 0.06343, step_acc: 20.34784, grid_scale: 4 / 5, strokes: 3 / 9
iteration step 140, G_loss: 0.06339, step_acc: 20.34983, grid_scale: 4 / 5, strokes: 3 / 9
iteration step 141, G_loss: 0.06336, step_acc: 20.35475, grid_scale: 4 / 5, strokes: 3 / 9
iteration step 142, G_loss: 0.06334, step_acc: 20.35939, grid_scale: 4 / 5, strokes: 3 / 9
iteration step 143, G_loss: 0.06330, step_acc: 20.36160, grid_scale: 4 / 5, strokes: 3 / 9
iteration step 144, G_loss: 0.06327, step_acc: 20.36699, grid_scale: 4 / 5, strokes: 3 / 9
iteration step 145, G_loss: 0.06324, step_acc: 20.36863, grid_scale: 4 / 5, strokes: 3 / 9
iteration step 146, G_loss: 0.06322, step_acc: 20.37319, grid_scale: 4 / 5, strokes: 3 / 9
iteration step 147, G_loss: 0.06321, step_acc: 20.37298, grid_scale: 4 / 5, strokes: 3 / 9
iteration step 148, G_loss: 0.06320, step_acc: 20.37782, grid_scale: 4 / 5, strokes: 3 / 9
iteration step 149, G_loss: 0.06317, step_acc: 20.38029, grid_scale: 4 / 5, strokes: 3 / 9
iteration step 150, G_loss: 0.06313, step_acc: 20.38441, grid_scale: 4 / 5, strokes: 3 / 9
iteration step 151, G_loss: 0.06312, step_acc: 20.38152, grid_scale: 4 / 5, strokes: 3 / 9
iteration step 152, G_loss: 0.06311, step_acc: 20.38449, grid_scale: 4 / 5, strokes: 3 / 9
iteration step 153, G_loss: 0.06310, step_acc: 20.38350, grid_scale: 4 / 5, strokes: 3 / 9
iteration step 154, G_loss: 0.06310, step_acc: 20.38991, grid_scale: 4 / 5, strokes: 3 / 9
iteration step 155, G_loss: 0.06306, step_acc: 20.38957, grid_scale: 4 / 5, strokes: 3 / 9
iteration step 156, G_loss: 0.06305, step_acc: 20.39029, grid_scale: 4 / 5, strokes: 3 / 9
iteration step 157, G_loss: 0.06305, step_acc: 20.39122, grid_scale: 4 / 5, strokes: 3 / 9
iteration step 158, G_loss: 0.06304, step_acc: 20.39096, grid_scale: 4 / 5, strokes: 3 / 9
iteration step 159, G_loss: 0.06303, step_acc: 20.39381, grid_scale: 4 / 5, strokes: 3 / 9
iteration step 160, G_loss: 0.06303, step_acc: 20.39490, grid_scale: 4 / 5, strokes: 3 / 9
iteration step 161, G_loss: 0.06300, step_acc: 20.39606, grid_scale: 4 / 5, strokes: 3 / 9
iteration step 162, G_loss: 0.06299, step_acc: 20.39543, grid_scale: 4 / 5, strokes: 3 / 9
iteration step 163, G_loss: 0.06300, step_acc: 20.39567, grid_scale: 4 / 5, strokes: 3 / 9
iteration step 164, G_loss: 0.06300, step_acc: 20.39719, grid_scale: 4 / 5, strokes: 3 / 9
iteration step 165, G_loss: 0.06297, step_acc: 20.46200, grid_scale: 4 / 5, strokes: 4 / 9
iteration step 166, G_loss: 0.06267, step_acc: 20.48917, grid_scale: 4 / 5, strokes: 4 / 9
iteration step 167, G_loss: 0.06238, step_acc: 20.52458, grid_scale: 4 / 5, strokes: 4 / 9
iteration step 168, G_loss: 0.06209, step_acc: 20.54073, grid_scale: 4 / 5, strokes: 4 / 9
iteration step 169, G_loss: 0.06196, step_acc: 20.54998, grid_scale: 4 / 5, strokes: 4 / 9
iteration step 170, G_loss: 0.06186, step_acc: 20.56541, grid_scale: 4 / 5, strokes: 4 / 9
iteration step 171, G_loss: 0.06176, step_acc: 20.57060, grid_scale: 4 / 5, strokes: 4 / 9
iteration step 172, G_loss: 0.06170, step_acc: 20.58791, grid_scale: 4 / 5, strokes: 4 / 9
iteration step 173, G_loss: 0.06157, step_acc: 20.59618, grid_scale: 4 / 5, strokes: 4 / 9
iteration step 174, G_loss: 0.06147, step_acc: 20.60625, grid_scale: 4 / 5, strokes: 4 / 9
iteration step 175, G_loss: 0.06139, step_acc: 20.60577, grid_scale: 4 / 5, strokes: 4 / 9
iteration step 176, G_loss: 0.06135, step_acc: 20.61246, grid_scale: 4 / 5, strokes: 4 / 9
iteration step 177, G_loss: 0.06131, step_acc: 20.62103, grid_scale: 4 / 5, strokes: 4 / 9
iteration step 178, G_loss: 0.06125, step_acc: 20.63529, grid_scale: 4 / 5, strokes: 4 / 9
iteration step 179, G_loss: 0.06115, step_acc: 20.63650, grid_scale: 4 / 5, strokes: 4 / 9
iteration step 180, G_loss: 0.06113, step_acc: 20.64765, grid_scale: 4 / 5, strokes: 4 / 9
iteration step 181, G_loss: 0.06105, step_acc: 20.64930, grid_scale: 4 / 5, strokes: 4 / 9
iteration step 182, G_loss: 0.06101, step_acc: 20.65331, grid_scale: 4 / 5, strokes: 4 / 9
iteration step 183, G_loss: 0.06098, step_acc: 20.65573, grid_scale: 4 / 5, strokes: 4 / 9
iteration step 184, G_loss: 0.06096, step_acc: 20.65810, grid_scale: 4 / 5, strokes: 4 / 9
iteration step 185, G_loss: 0.06094, step_acc: 20.65734, grid_scale: 4 / 5, strokes: 4 / 9
iteration step 186, G_loss: 0.06094, step_acc: 20.66105, grid_scale: 4 / 5, strokes: 4 / 9
iteration step 187, G_loss: 0.06092, step_acc: 20.66354, grid_scale: 4 / 5, strokes: 4 / 9
iteration step 188, G_loss: 0.06089, step_acc: 20.66830, grid_scale: 4 / 5, strokes: 4 / 9
iteration step 189, G_loss: 0.06086, step_acc: 20.67184, grid_scale: 4 / 5, strokes: 4 / 9
iteration step 190, G_loss: 0.06083, step_acc: 20.67351, grid_scale: 4 / 5, strokes: 4 / 9
iteration step 191, G_loss: 0.06080, step_acc: 20.67561, grid_scale: 4 / 5, strokes: 4 / 9
iteration step 192, G_loss: 0.06078, step_acc: 20.67869, grid_scale: 4 / 5, strokes: 4 / 9
iteration step 193, G_loss: 0.06075, step_acc: 20.67702, grid_scale: 4 / 5, strokes: 4 / 9
iteration step 194, G_loss: 0.06075, step_acc: 20.68198, grid_scale: 4 / 5, strokes: 4 / 9
iteration step 195, G_loss: 0.06072, step_acc: 20.68086, grid_scale: 4 / 5, strokes: 4 / 9
iteration step 196, G_loss: 0.06072, step_acc: 20.68740, grid_scale: 4 / 5, strokes: 4 / 9
iteration step 197, G_loss: 0.06068, step_acc: 20.68802, grid_scale: 4 / 5, strokes: 4 / 9
iteration step 198, G_loss: 0.06065, step_acc: 20.69426, grid_scale: 4 / 5, strokes: 4 / 9
iteration step 199, G_loss: 0.06062, step_acc: 20.69526, grid_scale: 4 / 5, strokes: 4 / 9
iteration step 200, G_loss: 0.06060, step_acc: 20.69950, grid_scale: 4 / 5, strokes: 4 / 9
iteration step 201, G_loss: 0.06058, step_acc: 20.70166, grid_scale: 4 / 5, strokes: 4 / 9
iteration step 202, G_loss: 0.06056, step_acc: 20.70132, grid_scale: 4 / 5, strokes: 4 / 9
iteration step 203, G_loss: 0.06053, step_acc: 20.70696, grid_scale: 4 / 5, strokes: 4 / 9
iteration step 204, G_loss: 0.06051, step_acc: 20.70739, grid_scale: 4 / 5, strokes: 4 / 9
iteration step 205, G_loss: 0.06050, step_acc: 20.71243, grid_scale: 4 / 5, strokes: 4 / 9
iteration step 206, G_loss: 0.06047, step_acc: 20.71239, grid_scale: 4 / 5, strokes: 4 / 9
iteration step 207, G_loss: 0.06045, step_acc: 20.71550, grid_scale: 4 / 5, strokes: 4 / 9
iteration step 208, G_loss: 0.06044, step_acc: 20.71664, grid_scale: 4 / 5, strokes: 4 / 9
iteration step 209, G_loss: 0.06042, step_acc: 20.71831, grid_scale: 4 / 5, strokes: 4 / 9
iteration step 210, G_loss: 0.06039, step_acc: 20.72029, grid_scale: 4 / 5, strokes: 4 / 9
iteration step 211, G_loss: 0.06039, step_acc: 20.72116, grid_scale: 4 / 5, strokes: 4 / 9
iteration step 212, G_loss: 0.06036, step_acc: 20.72313, grid_scale: 4 / 5, strokes: 4 / 9
iteration step 213, G_loss: 0.06035, step_acc: 20.72473, grid_scale: 4 / 5, strokes: 4 / 9
iteration step 214, G_loss: 0.06034, step_acc: 20.72689, grid_scale: 4 / 5, strokes: 4 / 9
iteration step 215, G_loss: 0.06031, step_acc: 20.72632, grid_scale: 4 / 5, strokes: 4 / 9
iteration step 216, G_loss: 0.06032, step_acc: 20.72917, grid_scale: 4 / 5, strokes: 4 / 9
iteration step 217, G_loss: 0.06028, step_acc: 20.72920, grid_scale: 4 / 5, strokes: 4 / 9
iteration step 218, G_loss: 0.06029, step_acc: 20.73112, grid_scale: 4 / 5, strokes: 4 / 9
iteration step 219, G_loss: 0.06027, step_acc: 20.73206, grid_scale: 4 / 5, strokes: 4 / 9
iteration step 220, G_loss: 0.06027, step_acc: 20.67813, grid_scale: 4 / 5, strokes: 5 / 9
iteration step 221, G_loss: 0.06040, step_acc: 20.73806, grid_scale: 4 / 5, strokes: 5 / 9
iteration step 222, G_loss: 0.06008, step_acc: 20.76427, grid_scale: 4 / 5, strokes: 5 / 9
iteration step 223, G_loss: 0.05985, step_acc: 20.78570, grid_scale: 4 / 5, strokes: 5 / 9
iteration step 224, G_loss: 0.05974, step_acc: 20.79921, grid_scale: 4 / 5, strokes: 5 / 9
iteration step 225, G_loss: 0.05961, step_acc: 20.81255, grid_scale: 4 / 5, strokes: 5 / 9
iteration step 226, G_loss: 0.05955, step_acc: 20.81876, grid_scale: 4 / 5, strokes: 5 / 9
iteration step 227, G_loss: 0.05947, step_acc: 20.82822, grid_scale: 4 / 5, strokes: 5 / 9
iteration step 228, G_loss: 0.05943, step_acc: 20.83095, grid_scale: 4 / 5, strokes: 5 / 9
iteration step 229, G_loss: 0.05937, step_acc: 20.84299, grid_scale: 4 / 5, strokes: 5 / 9
iteration step 230, G_loss: 0.05930, step_acc: 20.84298, grid_scale: 4 / 5, strokes: 5 / 9
iteration step 231, G_loss: 0.05927, step_acc: 20.85181, grid_scale: 4 / 5, strokes: 5 / 9
iteration step 232, G_loss: 0.05925, step_acc: 20.85567, grid_scale: 4 / 5, strokes: 5 / 9
iteration step 233, G_loss: 0.05919, step_acc: 20.86008, grid_scale: 4 / 5, strokes: 5 / 9
iteration step 234, G_loss: 0.05917, step_acc: 20.86544, grid_scale: 4 / 5, strokes: 5 / 9
iteration step 235, G_loss: 0.05912, step_acc: 20.86846, grid_scale: 4 / 5, strokes: 5 / 9
iteration step 236, G_loss: 0.05909, step_acc: 20.87398, grid_scale: 4 / 5, strokes: 5 / 9
iteration step 237, G_loss: 0.05905, step_acc: 20.87741, grid_scale: 4 / 5, strokes: 5 / 9
iteration step 238, G_loss: 0.05900, step_acc: 20.87951, grid_scale: 4 / 5, strokes: 5 / 9
iteration step 239, G_loss: 0.05897, step_acc: 20.88176, grid_scale: 4 / 5, strokes: 5 / 9
iteration step 240, G_loss: 0.05895, step_acc: 20.88295, grid_scale: 4 / 5, strokes: 5 / 9
iteration step 241, G_loss: 0.05892, step_acc: 20.88737, grid_scale: 4 / 5, strokes: 5 / 9
iteration step 242, G_loss: 0.05892, step_acc: 20.88692, grid_scale: 4 / 5, strokes: 5 / 9
iteration step 243, G_loss: 0.05890, step_acc: 20.89193, grid_scale: 4 / 5, strokes: 5 / 9
iteration step 244, G_loss: 0.05888, step_acc: 20.89337, grid_scale: 4 / 5, strokes: 5 / 9
iteration step 245, G_loss: 0.05886, step_acc: 20.89686, grid_scale: 4 / 5, strokes: 5 / 9
iteration step 246, G_loss: 0.05884, step_acc: 20.89772, grid_scale: 4 / 5, strokes: 5 / 9
iteration step 247, G_loss: 0.05883, step_acc: 20.89626, grid_scale: 4 / 5, strokes: 5 / 9
iteration step 248, G_loss: 0.05884, step_acc: 20.89982, grid_scale: 4 / 5, strokes: 5 / 9
iteration step 249, G_loss: 0.05880, step_acc: 20.90292, grid_scale: 4 / 5, strokes: 5 / 9
iteration step 250, G_loss: 0.05878, step_acc: 20.90435, grid_scale: 4 / 5, strokes: 5 / 9
iteration step 251, G_loss: 0.05878, step_acc: 20.90665, grid_scale: 4 / 5, strokes: 5 / 9
iteration step 252, G_loss: 0.05875, step_acc: 20.90841, grid_scale: 4 / 5, strokes: 5 / 9
iteration step 253, G_loss: 0.05876, step_acc: 20.90568, grid_scale: 4 / 5, strokes: 5 / 9
iteration step 254, G_loss: 0.05876, step_acc: 20.91386, grid_scale: 4 / 5, strokes: 5 / 9
iteration step 255, G_loss: 0.05871, step_acc: 20.91488, grid_scale: 4 / 5, strokes: 5 / 9
iteration step 256, G_loss: 0.05869, step_acc: 20.92008, grid_scale: 4 / 5, strokes: 5 / 9
iteration step 257, G_loss: 0.05866, step_acc: 20.92074, grid_scale: 4 / 5, strokes: 5 / 9
iteration step 258, G_loss: 0.05864, step_acc: 20.92571, grid_scale: 4 / 5, strokes: 5 / 9
iteration step 259, G_loss: 0.05863, step_acc: 20.92500, grid_scale: 4 / 5, strokes: 5 / 9
iteration step 260, G_loss: 0.05862, step_acc: 20.92987, grid_scale: 4 / 5, strokes: 5 / 9
iteration step 261, G_loss: 0.05860, step_acc: 20.92691, grid_scale: 4 / 5, strokes: 5 / 9
iteration step 262, G_loss: 0.05860, step_acc: 20.92949, grid_scale: 4 / 5, strokes: 5 / 9
iteration step 263, G_loss: 0.05860, step_acc: 20.92965, grid_scale: 4 / 5, strokes: 5 / 9
iteration step 264, G_loss: 0.05858, step_acc: 20.93156, grid_scale: 4 / 5, strokes: 5 / 9
iteration step 265, G_loss: 0.05857, step_acc: 20.93063, grid_scale: 4 / 5, strokes: 5 / 9
iteration step 266, G_loss: 0.05856, step_acc: 20.93607, grid_scale: 4 / 5, strokes: 5 / 9
iteration step 267, G_loss: 0.05854, step_acc: 20.93587, grid_scale: 4 / 5, strokes: 5 / 9
iteration step 268, G_loss: 0.05854, step_acc: 20.94176, grid_scale: 4 / 5, strokes: 5 / 9
iteration step 269, G_loss: 0.05851, step_acc: 20.94075, grid_scale: 4 / 5, strokes: 5 / 9
iteration step 270, G_loss: 0.05851, step_acc: 20.94741, grid_scale: 4 / 5, strokes: 5 / 9
iteration step 271, G_loss: 0.05846, step_acc: 20.94791, grid_scale: 4 / 5, strokes: 5 / 9
iteration step 272, G_loss: 0.05845, step_acc: 20.94897, grid_scale: 4 / 5, strokes: 5 / 9
iteration step 273, G_loss: 0.05845, step_acc: 20.94893, grid_scale: 4 / 5, strokes: 5 / 9
iteration step 274, G_loss: 0.05846, step_acc: 20.95273, grid_scale: 4 / 5, strokes: 5 / 9
iteration step 275, G_loss: 0.05843, step_acc: 21.01513, grid_scale: 4 / 5, strokes: 6 / 9
iteration step 276, G_loss: 0.05815, step_acc: 21.07081, grid_scale: 4 / 5, strokes: 6 / 9
iteration step 277, G_loss: 0.05782, step_acc: 21.10227, grid_scale: 4 / 5, strokes: 6 / 9
iteration step 278, G_loss: 0.05762, step_acc: 21.11267, grid_scale: 4 / 5, strokes: 6 / 9
iteration step 279, G_loss: 0.05751, step_acc: 21.12499, grid_scale: 4 / 5, strokes: 6 / 9
iteration step 280, G_loss: 0.05741, step_acc: 21.13995, grid_scale: 4 / 5, strokes: 6 / 9
iteration step 281, G_loss: 0.05731, step_acc: 21.14854, grid_scale: 4 / 5, strokes: 6 / 9
iteration step 282, G_loss: 0.05723, step_acc: 21.16001, grid_scale: 4 / 5, strokes: 6 / 9
iteration step 283, G_loss: 0.05715, step_acc: 21.16909, grid_scale: 4 / 5, strokes: 6 / 9
iteration step 284, G_loss: 0.05709, step_acc: 21.17547, grid_scale: 4 / 5, strokes: 6 / 9
iteration step 285, G_loss: 0.05701, step_acc: 21.18631, grid_scale: 4 / 5, strokes: 6 / 9
iteration step 286, G_loss: 0.05694, step_acc: 21.19176, grid_scale: 4 / 5, strokes: 6 / 9
iteration step 287, G_loss: 0.05688, step_acc: 21.19922, grid_scale: 4 / 5, strokes: 6 / 9
iteration step 288, G_loss: 0.05682, step_acc: 21.20477, grid_scale: 4 / 5, strokes: 6 / 9
iteration step 289, G_loss: 0.05677, step_acc: 21.21290, grid_scale: 4 / 5, strokes: 6 / 9
iteration step 290, G_loss: 0.05671, step_acc: 21.21703, grid_scale: 4 / 5, strokes: 6 / 9
iteration step 291, G_loss: 0.05669, step_acc: 21.21950, grid_scale: 4 / 5, strokes: 6 / 9
iteration step 292, G_loss: 0.05667, step_acc: 21.22989, grid_scale: 4 / 5, strokes: 6 / 9
iteration step 293, G_loss: 0.05658, step_acc: 21.23577, grid_scale: 4 / 5, strokes: 6 / 9
iteration step 294, G_loss: 0.05652, step_acc: 21.24319, grid_scale: 4 / 5, strokes: 6 / 9
iteration step 295, G_loss: 0.05649, step_acc: 21.24257, grid_scale: 4 / 5, strokes: 6 / 9
iteration step 296, G_loss: 0.05649, step_acc: 21.24966, grid_scale: 4 / 5, strokes: 6 / 9
iteration step 297, G_loss: 0.05644, step_acc: 21.25155, grid_scale: 4 / 5, strokes: 6 / 9
iteration step 298, G_loss: 0.05639, step_acc: 21.25896, grid_scale: 4 / 5, strokes: 6 / 9
iteration step 299, G_loss: 0.05634, step_acc: 21.26227, grid_scale: 4 / 5, strokes: 6 / 9
iteration step 300, G_loss: 0.05632, step_acc: 21.26719, grid_scale: 4 / 5, strokes: 6 / 9
iteration step 301, G_loss: 0.05628, step_acc: 21.26858, grid_scale: 4 / 5, strokes: 6 / 9
iteration step 302, G_loss: 0.05626, step_acc: 21.27323, grid_scale: 4 / 5, strokes: 6 / 9
iteration step 303, G_loss: 0.05624, step_acc: 21.27396, grid_scale: 4 / 5, strokes: 6 / 9
iteration step 304, G_loss: 0.05622, step_acc: 21.28107, grid_scale: 4 / 5, strokes: 6 / 9
iteration step 305, G_loss: 0.05619, step_acc: 21.28210, grid_scale: 4 / 5, strokes: 6 / 9
iteration step 306, G_loss: 0.05617, step_acc: 21.28937, grid_scale: 4 / 5, strokes: 6 / 9
iteration step 307, G_loss: 0.05612, step_acc: 21.29209, grid_scale: 4 / 5, strokes: 6 / 9
iteration step 308, G_loss: 0.05612, step_acc: 21.29340, grid_scale: 4 / 5, strokes: 6 / 9
iteration step 309, G_loss: 0.05610, step_acc: 21.29379, grid_scale: 4 / 5, strokes: 6 / 9
iteration step 310, G_loss: 0.05609, step_acc: 21.29787, grid_scale: 4 / 5, strokes: 6 / 9
iteration step 311, G_loss: 0.05606, step_acc: 21.30264, grid_scale: 4 / 5, strokes: 6 / 9
iteration step 312, G_loss: 0.05603, step_acc: 21.30350, grid_scale: 4 / 5, strokes: 6 / 9
iteration step 313, G_loss: 0.05601, step_acc: 21.30643, grid_scale: 4 / 5, strokes: 6 / 9
iteration step 314, G_loss: 0.05599, step_acc: 21.31420, grid_scale: 4 / 5, strokes: 6 / 9
iteration step 315, G_loss: 0.05595, step_acc: 21.31600, grid_scale: 4 / 5, strokes: 6 / 9
iteration step 316, G_loss: 0.05593, step_acc: 21.32224, grid_scale: 4 / 5, strokes: 6 / 9
iteration step 317, G_loss: 0.05590, step_acc: 21.32585, grid_scale: 4 / 5, strokes: 6 / 9
iteration step 318, G_loss: 0.05588, step_acc: 21.33171, grid_scale: 4 / 5, strokes: 6 / 9
iteration step 319, G_loss: 0.05586, step_acc: 21.33310, grid_scale: 4 / 5, strokes: 6 / 9
iteration step 320, G_loss: 0.05585, step_acc: 21.33455, grid_scale: 4 / 5, strokes: 6 / 9
iteration step 321, G_loss: 0.05583, step_acc: 21.33908, grid_scale: 4 / 5, strokes: 6 / 9
iteration step 322, G_loss: 0.05583, step_acc: 21.34261, grid_scale: 4 / 5, strokes: 6 / 9
iteration step 323, G_loss: 0.05579, step_acc: 21.34487, grid_scale: 4 / 5, strokes: 6 / 9
iteration step 324, G_loss: 0.05577, step_acc: 21.34676, grid_scale: 4 / 5, strokes: 6 / 9
iteration step 325, G_loss: 0.05576, step_acc: 21.35362, grid_scale: 4 / 5, strokes: 6 / 9
iteration step 326, G_loss: 0.05573, step_acc: 21.34991, grid_scale: 4 / 5, strokes: 6 / 9
iteration step 327, G_loss: 0.05574, step_acc: 21.35653, grid_scale: 4 / 5, strokes: 6 / 9
iteration step 328, G_loss: 0.05571, step_acc: 21.35775, grid_scale: 4 / 5, strokes: 6 / 9
iteration step 329, G_loss: 0.05567, step_acc: 21.36353, grid_scale: 4 / 5, strokes: 6 / 9
iteration step 330, G_loss: 0.05564, step_acc: 21.31687, grid_scale: 4 / 5, strokes: 7 / 9
iteration step 331, G_loss: 0.05592, step_acc: 21.37003, grid_scale: 4 / 5, strokes: 7 / 9
iteration step 332, G_loss: 0.05554, step_acc: 21.39285, grid_scale: 4 / 5, strokes: 7 / 9
iteration step 333, G_loss: 0.05538, step_acc: 21.41713, grid_scale: 4 / 5, strokes: 7 / 9
iteration step 334, G_loss: 0.05518, step_acc: 21.43261, grid_scale: 4 / 5, strokes: 7 / 9
iteration step 335, G_loss: 0.05505, step_acc: 21.44605, grid_scale: 4 / 5, strokes: 7 / 9
iteration step 336, G_loss: 0.05496, step_acc: 21.45077, grid_scale: 4 / 5, strokes: 7 / 9
iteration step 337, G_loss: 0.05491, step_acc: 21.45831, grid_scale: 4 / 5, strokes: 7 / 9
iteration step 338, G_loss: 0.05486, step_acc: 21.46503, grid_scale: 4 / 5, strokes: 7 / 9
iteration step 339, G_loss: 0.05479, step_acc: 21.46678, grid_scale: 4 / 5, strokes: 7 / 9
iteration step 340, G_loss: 0.05476, step_acc: 21.47559, grid_scale: 4 / 5, strokes: 7 / 9
iteration step 341, G_loss: 0.05470, step_acc: 21.47692, grid_scale: 4 / 5, strokes: 7 / 9
iteration step 342, G_loss: 0.05465, step_acc: 21.48262, grid_scale: 4 / 5, strokes: 7 / 9
iteration step 343, G_loss: 0.05462, step_acc: 21.48391, grid_scale: 4 / 5, strokes: 7 / 9
iteration step 344, G_loss: 0.05460, step_acc: 21.48357, grid_scale: 4 / 5, strokes: 7 / 9
iteration step 345, G_loss: 0.05456, step_acc: 21.48818, grid_scale: 4 / 5, strokes: 7 / 9
iteration step 346, G_loss: 0.05452, step_acc: 21.49242, grid_scale: 4 / 5, strokes: 7 / 9
iteration step 347, G_loss: 0.05451, step_acc: 21.49440, grid_scale: 4 / 5, strokes: 7 / 9
iteration step 348, G_loss: 0.05445, step_acc: 21.49936, grid_scale: 4 / 5, strokes: 7 / 9
iteration step 349, G_loss: 0.05444, step_acc: 21.50127, grid_scale: 4 / 5, strokes: 7 / 9
iteration step 350, G_loss: 0.05442, step_acc: 21.50273, grid_scale: 4 / 5, strokes: 7 / 9
iteration step 351, G_loss: 0.05439, step_acc: 21.50939, grid_scale: 4 / 5, strokes: 7 / 9
iteration step 352, G_loss: 0.05437, step_acc: 21.51195, grid_scale: 4 / 5, strokes: 7 / 9
iteration step 353, G_loss: 0.05432, step_acc: 21.51696, grid_scale: 4 / 5, strokes: 7 / 9
iteration step 354, G_loss: 0.05432, step_acc: 21.51667, grid_scale: 4 / 5, strokes: 7 / 9
iteration step 355, G_loss: 0.05431, step_acc: 21.51932, grid_scale: 4 / 5, strokes: 7 / 9
iteration step 356, G_loss: 0.05427, step_acc: 21.52350, grid_scale: 4 / 5, strokes: 7 / 9
iteration step 357, G_loss: 0.05426, step_acc: 21.52413, grid_scale: 4 / 5, strokes: 7 / 9
iteration step 358, G_loss: 0.05424, step_acc: 21.52496, grid_scale: 4 / 5, strokes: 7 / 9
iteration step 359, G_loss: 0.05423, step_acc: 21.52607, grid_scale: 4 / 5, strokes: 7 / 9
iteration step 360, G_loss: 0.05422, step_acc: 21.52564, grid_scale: 4 / 5, strokes: 7 / 9
iteration step 361, G_loss: 0.05422, step_acc: 21.52996, grid_scale: 4 / 5, strokes: 7 / 9
iteration step 362, G_loss: 0.05424, step_acc: 21.52927, grid_scale: 4 / 5, strokes: 7 / 9
iteration step 363, G_loss: 0.05420, step_acc: 21.53046, grid_scale: 4 / 5, strokes: 7 / 9
iteration step 364, G_loss: 0.05419, step_acc: 21.53473, grid_scale: 4 / 5, strokes: 7 / 9
iteration step 365, G_loss: 0.05418, step_acc: 21.53668, grid_scale: 4 / 5, strokes: 7 / 9
iteration step 366, G_loss: 0.05415, step_acc: 21.53513, grid_scale: 4 / 5, strokes: 7 / 9
iteration step 367, G_loss: 0.05416, step_acc: 21.53578, grid_scale: 4 / 5, strokes: 7 / 9
iteration step 368, G_loss: 0.05415, step_acc: 21.53996, grid_scale: 4 / 5, strokes: 7 / 9
iteration step 369, G_loss: 0.05414, step_acc: 21.53872, grid_scale: 4 / 5, strokes: 7 / 9
iteration step 370, G_loss: 0.05414, step_acc: 21.54228, grid_scale: 4 / 5, strokes: 7 / 9
iteration step 371, G_loss: 0.05413, step_acc: 21.53706, grid_scale: 4 / 5, strokes: 7 / 9
iteration step 372, G_loss: 0.05413, step_acc: 21.54505, grid_scale: 4 / 5, strokes: 7 / 9
iteration step 373, G_loss: 0.05410, step_acc: 21.54336, grid_scale: 4 / 5, strokes: 7 / 9
iteration step 374, G_loss: 0.05410, step_acc: 21.54609, grid_scale: 4 / 5, strokes: 7 / 9
iteration step 375, G_loss: 0.05408, step_acc: 21.54441, grid_scale: 4 / 5, strokes: 7 / 9
iteration step 376, G_loss: 0.05408, step_acc: 21.54802, grid_scale: 4 / 5, strokes: 7 / 9
iteration step 377, G_loss: 0.05407, step_acc: 21.54849, grid_scale: 4 / 5, strokes: 7 / 9
iteration step 378, G_loss: 0.05406, step_acc: 21.55168, grid_scale: 4 / 5, strokes: 7 / 9
iteration step 379, G_loss: 0.05405, step_acc: 21.54917, grid_scale: 4 / 5, strokes: 7 / 9
iteration step 380, G_loss: 0.05404, step_acc: 21.55264, grid_scale: 4 / 5, strokes: 7 / 9
iteration step 381, G_loss: 0.05404, step_acc: 21.54754, grid_scale: 4 / 5, strokes: 7 / 9
iteration step 382, G_loss: 0.05404, step_acc: 21.55596, grid_scale: 4 / 5, strokes: 7 / 9
iteration step 383, G_loss: 0.05402, step_acc: 21.54967, grid_scale: 4 / 5, strokes: 7 / 9
iteration step 384, G_loss: 0.05402, step_acc: 21.55766, grid_scale: 4 / 5, strokes: 7 / 9
iteration step 385, G_loss: 0.05399, step_acc: 21.44297, grid_scale: 4 / 5, strokes: 8 / 9
iteration step 386, G_loss: 0.05475, step_acc: 21.52895, grid_scale: 4 / 5, strokes: 8 / 9
iteration step 387, G_loss: 0.05433, step_acc: 21.57303, grid_scale: 4 / 5, strokes: 8 / 9
iteration step 388, G_loss: 0.05405, step_acc: 21.60076, grid_scale: 4 / 5, strokes: 8 / 9
iteration step 389, G_loss: 0.05389, step_acc: 21.61633, grid_scale: 4 / 5, strokes: 8 / 9
iteration step 390, G_loss: 0.05374, step_acc: 21.63255, grid_scale: 4 / 5, strokes: 8 / 9
iteration step 391, G_loss: 0.05367, step_acc: 21.63911, grid_scale: 4 / 5, strokes: 8 / 9
iteration step 392, G_loss: 0.05357, step_acc: 21.64699, grid_scale: 4 / 5, strokes: 8 / 9
iteration step 393, G_loss: 0.05353, step_acc: 21.64989, grid_scale: 4 / 5, strokes: 8 / 9
iteration step 394, G_loss: 0.05347, step_acc: 21.65520, grid_scale: 4 / 5, strokes: 8 / 9
iteration step 395, G_loss: 0.05344, step_acc: 21.65866, grid_scale: 4 / 5, strokes: 8 / 9
iteration step 396, G_loss: 0.05340, step_acc: 21.66123, grid_scale: 4 / 5, strokes: 8 / 9
iteration step 397, G_loss: 0.05339, step_acc: 21.66862, grid_scale: 4 / 5, strokes: 8 / 9
iteration step 398, G_loss: 0.05332, step_acc: 21.66922, grid_scale: 4 / 5, strokes: 8 / 9
iteration step 399, G_loss: 0.05332, step_acc: 21.67259, grid_scale: 4 / 5, strokes: 8 / 9
iteration step 400, G_loss: 0.05328, step_acc: 21.67329, grid_scale: 4 / 5, strokes: 8 / 9
iteration step 401, G_loss: 0.05327, step_acc: 21.68003, grid_scale: 4 / 5, strokes: 8 / 9
iteration step 402, G_loss: 0.05323, step_acc: 21.67877, grid_scale: 4 / 5, strokes: 8 / 9
iteration step 403, G_loss: 0.05323, step_acc: 21.68456, grid_scale: 4 / 5, strokes: 8 / 9
iteration step 404, G_loss: 0.05320, step_acc: 21.68056, grid_scale: 4 / 5, strokes: 8 / 9
iteration step 405, G_loss: 0.05318, step_acc: 21.68836, grid_scale: 4 / 5, strokes: 8 / 9
iteration step 406, G_loss: 0.05315, step_acc: 21.68492, grid_scale: 4 / 5, strokes: 8 / 9
iteration step 407, G_loss: 0.05314, step_acc: 21.69049, grid_scale: 4 / 5, strokes: 8 / 9
iteration step 408, G_loss: 0.05313, step_acc: 21.68675, grid_scale: 4 / 5, strokes: 8 / 9
iteration step 409, G_loss: 0.05312, step_acc: 21.69358, grid_scale: 4 / 5, strokes: 8 / 9
iteration step 410, G_loss: 0.05310, step_acc: 21.69479, grid_scale: 4 / 5, strokes: 8 / 9
iteration step 411, G_loss: 0.05309, step_acc: 21.69748, grid_scale: 4 / 5, strokes: 8 / 9
iteration step 412, G_loss: 0.05308, step_acc: 21.69665, grid_scale: 4 / 5, strokes: 8 / 9
iteration step 413, G_loss: 0.05304, step_acc: 21.70468, grid_scale: 4 / 5, strokes: 8 / 9
iteration step 414, G_loss: 0.05301, step_acc: 21.70217, grid_scale: 4 / 5, strokes: 8 / 9
iteration step 415, G_loss: 0.05298, step_acc: 21.70692, grid_scale: 4 / 5, strokes: 8 / 9
iteration step 416, G_loss: 0.05298, step_acc: 21.70769, grid_scale: 4 / 5, strokes: 8 / 9
iteration step 417, G_loss: 0.05297, step_acc: 21.71132, grid_scale: 4 / 5, strokes: 8 / 9
iteration step 418, G_loss: 0.05295, step_acc: 21.70581, grid_scale: 4 / 5, strokes: 8 / 9
iteration step 419, G_loss: 0.05296, step_acc: 21.71086, grid_scale: 4 / 5, strokes: 8 / 9
iteration step 420, G_loss: 0.05296, step_acc: 21.71048, grid_scale: 4 / 5, strokes: 8 / 9
iteration step 421, G_loss: 0.05293, step_acc: 21.71324, grid_scale: 4 / 5, strokes: 8 / 9
iteration step 422, G_loss: 0.05292, step_acc: 21.71426, grid_scale: 4 / 5, strokes: 8 / 9
iteration step 423, G_loss: 0.05291, step_acc: 21.71589, grid_scale: 4 / 5, strokes: 8 / 9
iteration step 424, G_loss: 0.05291, step_acc: 21.71624, grid_scale: 4 / 5, strokes: 8 / 9
iteration step 425, G_loss: 0.05289, step_acc: 21.71400, grid_scale: 4 / 5, strokes: 8 / 9
iteration step 426, G_loss: 0.05292, step_acc: 21.71762, grid_scale: 4 / 5, strokes: 8 / 9
iteration step 427, G_loss: 0.05289, step_acc: 21.71876, grid_scale: 4 / 5, strokes: 8 / 9
iteration step 428, G_loss: 0.05287, step_acc: 21.71827, grid_scale: 4 / 5, strokes: 8 / 9
iteration step 429, G_loss: 0.05286, step_acc: 21.71959, grid_scale: 4 / 5, strokes: 8 / 9
iteration step 430, G_loss: 0.05286, step_acc: 21.71893, grid_scale: 4 / 5, strokes: 8 / 9
iteration step 431, G_loss: 0.05286, step_acc: 21.71933, grid_scale: 4 / 5, strokes: 8 / 9
iteration step 432, G_loss: 0.05285, step_acc: 21.72314, grid_scale: 4 / 5, strokes: 8 / 9
iteration step 433, G_loss: 0.05284, step_acc: 21.72528, grid_scale: 4 / 5, strokes: 8 / 9
iteration step 434, G_loss: 0.05282, step_acc: 21.72306, grid_scale: 4 / 5, strokes: 8 / 9
iteration step 435, G_loss: 0.05280, step_acc: 21.72531, grid_scale: 4 / 5, strokes: 8 / 9
iteration step 436, G_loss: 0.05279, step_acc: 21.72408, grid_scale: 4 / 5, strokes: 8 / 9
iteration step 437, G_loss: 0.05281, step_acc: 21.72619, grid_scale: 4 / 5, strokes: 8 / 9
iteration step 438, G_loss: 0.05279, step_acc: 21.72842, grid_scale: 4 / 5, strokes: 8 / 9
iteration step 439, G_loss: 0.05278, step_acc: 21.72603, grid_scale: 4 / 5, strokes: 8 / 9
iteration step 440, G_loss: 0.05278, step_acc: 21.63028, grid_scale: 4 / 5, strokes: 9 / 9
iteration step 441, G_loss: 0.05354, step_acc: 21.71004, grid_scale: 4 / 5, strokes: 9 / 9
iteration step 442, G_loss: 0.05305, step_acc: 21.76119, grid_scale: 4 / 5, strokes: 9 / 9
iteration step 443, G_loss: 0.05280, step_acc: 21.76480, grid_scale: 4 / 5, strokes: 9 / 9
iteration step 444, G_loss: 0.05273, step_acc: 21.78241, grid_scale: 4 / 5, strokes: 9 / 9
iteration step 445, G_loss: 0.05266, step_acc: 21.78803, grid_scale: 4 / 5, strokes: 9 / 9
iteration step 446, G_loss: 0.05260, step_acc: 21.80183, grid_scale: 4 / 5, strokes: 9 / 9
iteration step 447, G_loss: 0.05258, step_acc: 21.80500, grid_scale: 4 / 5, strokes: 9 / 9
iteration step 448, G_loss: 0.05251, step_acc: 21.81437, grid_scale: 4 / 5, strokes: 9 / 9
iteration step 449, G_loss: 0.05249, step_acc: 21.81840, grid_scale: 4 / 5, strokes: 9 / 9
iteration step 450, G_loss: 0.05243, step_acc: 21.82353, grid_scale: 4 / 5, strokes: 9 / 9
iteration step 451, G_loss: 0.05243, step_acc: 21.82621, grid_scale: 4 / 5, strokes: 9 / 9
iteration step 452, G_loss: 0.05241, step_acc: 21.83193, grid_scale: 4 / 5, strokes: 9 / 9
iteration step 453, G_loss: 0.05238, step_acc: 21.83359, grid_scale: 4 / 5, strokes: 9 / 9
iteration step 454, G_loss: 0.05234, step_acc: 21.83541, grid_scale: 4 / 5, strokes: 9 / 9
iteration step 455, G_loss: 0.05232, step_acc: 21.83797, grid_scale: 4 / 5, strokes: 9 / 9
iteration step 456, G_loss: 0.05229, step_acc: 21.84495, grid_scale: 4 / 5, strokes: 9 / 9
iteration step 457, G_loss: 0.05228, step_acc: 21.84603, grid_scale: 4 / 5, strokes: 9 / 9
iteration step 458, G_loss: 0.05224, step_acc: 21.84738, grid_scale: 4 / 5, strokes: 9 / 9
iteration step 459, G_loss: 0.05224, step_acc: 21.85351, grid_scale: 4 / 5, strokes: 9 / 9
iteration step 460, G_loss: 0.05221, step_acc: 21.85560, grid_scale: 4 / 5, strokes: 9 / 9
iteration step 461, G_loss: 0.05220, step_acc: 21.85791, grid_scale: 4 / 5, strokes: 9 / 9
iteration step 462, G_loss: 0.05218, step_acc: 21.86019, grid_scale: 4 / 5, strokes: 9 / 9
iteration step 463, G_loss: 0.05219, step_acc: 21.86321, grid_scale: 4 / 5, strokes: 9 / 9
iteration step 464, G_loss: 0.05215, step_acc: 21.86951, grid_scale: 4 / 5, strokes: 9 / 9
iteration step 465, G_loss: 0.05213, step_acc: 21.87080, grid_scale: 4 / 5, strokes: 9 / 9
iteration step 466, G_loss: 0.05213, step_acc: 21.87127, grid_scale: 4 / 5, strokes: 9 / 9
iteration step 467, G_loss: 0.05213, step_acc: 21.87706, grid_scale: 4 / 5, strokes: 9 / 9
iteration step 468, G_loss: 0.05210, step_acc: 21.88140, grid_scale: 4 / 5, strokes: 9 / 9
iteration step 469, G_loss: 0.05209, step_acc: 21.87926, grid_scale: 4 / 5, strokes: 9 / 9
iteration step 470, G_loss: 0.05208, step_acc: 21.88596, grid_scale: 4 / 5, strokes: 9 / 9
iteration step 471, G_loss: 0.05206, step_acc: 21.89113, grid_scale: 4 / 5, strokes: 9 / 9
iteration step 472, G_loss: 0.05204, step_acc: 21.89563, grid_scale: 4 / 5, strokes: 9 / 9
iteration step 473, G_loss: 0.05203, step_acc: 21.89736, grid_scale: 4 / 5, strokes: 9 / 9
iteration step 474, G_loss: 0.05202, step_acc: 21.89741, grid_scale: 4 / 5, strokes: 9 / 9
iteration step 475, G_loss: 0.05202, step_acc: 21.90571, grid_scale: 4 / 5, strokes: 9 / 9
iteration step 476, G_loss: 0.05199, step_acc: 21.90245, grid_scale: 4 / 5, strokes: 9 / 9
iteration step 477, G_loss: 0.05199, step_acc: 21.90828, grid_scale: 4 / 5, strokes: 9 / 9
iteration step 478, G_loss: 0.05198, step_acc: 21.90909, grid_scale: 4 / 5, strokes: 9 / 9
iteration step 479, G_loss: 0.05197, step_acc: 21.91219, grid_scale: 4 / 5, strokes: 9 / 9
iteration step 480, G_loss: 0.05196, step_acc: 21.91399, grid_scale: 4 / 5, strokes: 9 / 9
iteration step 481, G_loss: 0.05194, step_acc: 21.91773, grid_scale: 4 / 5, strokes: 9 / 9
iteration step 482, G_loss: 0.05192, step_acc: 21.92400, grid_scale: 4 / 5, strokes: 9 / 9
iteration step 483, G_loss: 0.05191, step_acc: 21.92634, grid_scale: 4 / 5, strokes: 9 / 9
iteration step 484, G_loss: 0.05189, step_acc: 21.92792, grid_scale: 4 / 5, strokes: 9 / 9
iteration step 485, G_loss: 0.05189, step_acc: 21.93210, grid_scale: 4 / 5, strokes: 9 / 9
iteration step 486, G_loss: 0.05186, step_acc: 21.93624, grid_scale: 4 / 5, strokes: 9 / 9
iteration step 487, G_loss: 0.05185, step_acc: 21.93742, grid_scale: 4 / 5, strokes: 9 / 9
iteration step 488, G_loss: 0.05184, step_acc: 21.94384, grid_scale: 4 / 5, strokes: 9 / 9
iteration step 489, G_loss: 0.05182, step_acc: 21.94675, grid_scale: 4 / 5, strokes: 9 / 9
iteration step 490, G_loss: 0.05179, step_acc: 21.95056, grid_scale: 4 / 5, strokes: 9 / 9
iteration step 491, G_loss: 0.05179, step_acc: 21.95202, grid_scale: 4 / 5, strokes: 9 / 9
iteration step 492, G_loss: 0.05176, step_acc: 21.95637, grid_scale: 4 / 5, strokes: 9 / 9
iteration step 493, G_loss: 0.05174, step_acc: 21.95720, grid_scale: 4 / 5, strokes: 9 / 9
iteration step 494, G_loss: 0.05176, step_acc: 21.95911, grid_scale: 4 / 5, strokes: 9 / 9
rendering canvas...
iteration step 0, G_loss: 0.05174, step_acc: 20.07000, grid_scale: 5 / 5, strokes: 1 / 9
iteration step 1, G_loss: 0.06609, step_acc: 20.09687, grid_scale: 5 / 5, strokes: 1 / 9
iteration step 2, G_loss: 0.06586, step_acc: 20.13598, grid_scale: 5 / 5, strokes: 1 / 9
iteration step 3, G_loss: 0.06560, step_acc: 20.15528, grid_scale: 5 / 5, strokes: 1 / 9
iteration step 4, G_loss: 0.06547, step_acc: 20.16917, grid_scale: 5 / 5, strokes: 1 / 9
iteration step 5, G_loss: 0.06539, step_acc: 20.17727, grid_scale: 5 / 5, strokes: 1 / 9
iteration step 6, G_loss: 0.06530, step_acc: 20.18356, grid_scale: 5 / 5, strokes: 1 / 9
iteration step 7, G_loss: 0.06525, step_acc: 20.18961, grid_scale: 5 / 5, strokes: 1 / 9
iteration step 8, G_loss: 0.06520, step_acc: 20.19396, grid_scale: 5 / 5, strokes: 1 / 9
iteration step 9, G_loss: 0.06516, step_acc: 20.20540, grid_scale: 5 / 5, strokes: 1 / 9
iteration step 10, G_loss: 0.06509, step_acc: 20.21414, grid_scale: 5 / 5, strokes: 1 / 9
iteration step 11, G_loss: 0.06500, step_acc: 20.22382, grid_scale: 5 / 5, strokes: 1 / 9
iteration step 12, G_loss: 0.06491, step_acc: 20.22757, grid_scale: 5 / 5, strokes: 1 / 9
iteration step 13, G_loss: 0.06487, step_acc: 20.23908, grid_scale: 5 / 5, strokes: 1 / 9
iteration step 14, G_loss: 0.06480, step_acc: 20.24416, grid_scale: 5 / 5, strokes: 1 / 9
iteration step 15, G_loss: 0.06475, step_acc: 20.25615, grid_scale: 5 / 5, strokes: 1 / 9
iteration step 16, G_loss: 0.06467, step_acc: 20.26247, grid_scale: 5 / 5, strokes: 1 / 9
iteration step 17, G_loss: 0.06461, step_acc: 20.26729, grid_scale: 5 / 5, strokes: 1 / 9
iteration step 18, G_loss: 0.06457, step_acc: 20.27244, grid_scale: 5 / 5, strokes: 1 / 9
iteration step 19, G_loss: 0.06451, step_acc: 20.27713, grid_scale: 5 / 5, strokes: 1 / 9
iteration step 20, G_loss: 0.06447, step_acc: 20.28126, grid_scale: 5 / 5, strokes: 1 / 9
iteration step 21, G_loss: 0.06443, step_acc: 20.28653, grid_scale: 5 / 5, strokes: 1 / 9
iteration step 22, G_loss: 0.06438, step_acc: 20.29204, grid_scale: 5 / 5, strokes: 1 / 9
iteration step 23, G_loss: 0.06433, step_acc: 20.29601, grid_scale: 5 / 5, strokes: 1 / 9
iteration step 24, G_loss: 0.06430, step_acc: 20.30002, grid_scale: 5 / 5, strokes: 1 / 9
iteration step 25, G_loss: 0.06425, step_acc: 20.30087, grid_scale: 5 / 5, strokes: 1 / 9
iteration step 26, G_loss: 0.06424, step_acc: 20.30369, grid_scale: 5 / 5, strokes: 1 / 9
iteration step 27, G_loss: 0.06422, step_acc: 20.30936, grid_scale: 5 / 5, strokes: 1 / 9
iteration step 28, G_loss: 0.06419, step_acc: 20.31426, grid_scale: 5 / 5, strokes: 1 / 9
iteration step 29, G_loss: 0.06416, step_acc: 20.31609, grid_scale: 5 / 5, strokes: 1 / 9
iteration step 30, G_loss: 0.06414, step_acc: 20.31839, grid_scale: 5 / 5, strokes: 1 / 9
iteration step 31, G_loss: 0.06412, step_acc: 20.32049, grid_scale: 5 / 5, strokes: 1 / 9
iteration step 32, G_loss: 0.06410, step_acc: 20.32528, grid_scale: 5 / 5, strokes: 1 / 9
iteration step 33, G_loss: 0.06408, step_acc: 20.32890, grid_scale: 5 / 5, strokes: 1 / 9
iteration step 34, G_loss: 0.06405, step_acc: 20.33529, grid_scale: 5 / 5, strokes: 1 / 9
iteration step 35, G_loss: 0.06401, step_acc: 20.33979, grid_scale: 5 / 5, strokes: 1 / 9
iteration step 36, G_loss: 0.06398, step_acc: 20.34389, grid_scale: 5 / 5, strokes: 1 / 9
iteration step 37, G_loss: 0.06395, step_acc: 20.34655, grid_scale: 5 / 5, strokes: 1 / 9
iteration step 38, G_loss: 0.06391, step_acc: 20.34972, grid_scale: 5 / 5, strokes: 1 / 9
iteration step 39, G_loss: 0.06388, step_acc: 20.35135, grid_scale: 5 / 5, strokes: 1 / 9
iteration step 40, G_loss: 0.06386, step_acc: 20.35390, grid_scale: 5 / 5, strokes: 1 / 9
iteration step 41, G_loss: 0.06385, step_acc: 20.35598, grid_scale: 5 / 5, strokes: 1 / 9
iteration step 42, G_loss: 0.06383, step_acc: 20.35734, grid_scale: 5 / 5, strokes: 1 / 9
iteration step 43, G_loss: 0.06382, step_acc: 20.36034, grid_scale: 5 / 5, strokes: 1 / 9
iteration step 44, G_loss: 0.06380, step_acc: 20.36338, grid_scale: 5 / 5, strokes: 1 / 9
iteration step 45, G_loss: 0.06378, step_acc: 20.36518, grid_scale: 5 / 5, strokes: 1 / 9
iteration step 46, G_loss: 0.06377, step_acc: 20.36709, grid_scale: 5 / 5, strokes: 1 / 9
iteration step 47, G_loss: 0.06376, step_acc: 20.37112, grid_scale: 5 / 5, strokes: 1 / 9
iteration step 48, G_loss: 0.06373, step_acc: 20.37211, grid_scale: 5 / 5, strokes: 1 / 9
iteration step 49, G_loss: 0.06372, step_acc: 20.37340, grid_scale: 5 / 5, strokes: 1 / 9
iteration step 50, G_loss: 0.06370, step_acc: 20.37770, grid_scale: 5 / 5, strokes: 1 / 9
iteration step 51, G_loss: 0.06369, step_acc: 20.38084, grid_scale: 5 / 5, strokes: 1 / 9
iteration step 52, G_loss: 0.06365, step_acc: 20.38415, grid_scale: 5 / 5, strokes: 1 / 9
iteration step 53, G_loss: 0.06363, step_acc: 20.38482, grid_scale: 5 / 5, strokes: 1 / 9
iteration step 54, G_loss: 0.06362, step_acc: 20.38769, grid_scale: 5 / 5, strokes: 1 / 9
iteration step 55, G_loss: 0.06360, step_acc: 20.44515, grid_scale: 5 / 5, strokes: 2 / 9
iteration step 56, G_loss: 0.06307, step_acc: 20.48044, grid_scale: 5 / 5, strokes: 2 / 9
iteration step 57, G_loss: 0.06283, step_acc: 20.50495, grid_scale: 5 / 5, strokes: 2 / 9
iteration step 58, G_loss: 0.06265, step_acc: 20.52197, grid_scale: 5 / 5, strokes: 2 / 9
iteration step 59, G_loss: 0.06251, step_acc: 20.54610, grid_scale: 5 / 5, strokes: 2 / 9
iteration step 60, G_loss: 0.06236, step_acc: 20.56855, grid_scale: 5 / 5, strokes: 2 / 9
iteration step 61, G_loss: 0.06221, step_acc: 20.59315, grid_scale: 5 / 5, strokes: 2 / 9
iteration step 62, G_loss: 0.06207, step_acc: 20.60632, grid_scale: 5 / 5, strokes: 2 / 9
iteration step 63, G_loss: 0.06195, step_acc: 20.62083, grid_scale: 5 / 5, strokes: 2 / 9
iteration step 64, G_loss: 0.06186, step_acc: 20.63070, grid_scale: 5 / 5, strokes: 2 / 9
iteration step 65, G_loss: 0.06177, step_acc: 20.64053, grid_scale: 5 / 5, strokes: 2 / 9
iteration step 66, G_loss: 0.06171, step_acc: 20.64697, grid_scale: 5 / 5, strokes: 2 / 9
iteration step 67, G_loss: 0.06165, step_acc: 20.65167, grid_scale: 5 / 5, strokes: 2 / 9
iteration step 68, G_loss: 0.06160, step_acc: 20.66126, grid_scale: 5 / 5, strokes: 2 / 9
iteration step 69, G_loss: 0.06154, step_acc: 20.66793, grid_scale: 5 / 5, strokes: 2 / 9
iteration step 70, G_loss: 0.06151, step_acc: 20.66970, grid_scale: 5 / 5, strokes: 2 / 9
iteration step 71, G_loss: 0.06145, step_acc: 20.67880, grid_scale: 5 / 5, strokes: 2 / 9
iteration step 72, G_loss: 0.06142, step_acc: 20.68224, grid_scale: 5 / 5, strokes: 2 / 9
iteration step 73, G_loss: 0.06138, step_acc: 20.68661, grid_scale: 5 / 5, strokes: 2 / 9
iteration step 74, G_loss: 0.06136, step_acc: 20.68316, grid_scale: 5 / 5, strokes: 2 / 9
iteration step 75, G_loss: 0.06136, step_acc: 20.69038, grid_scale: 5 / 5, strokes: 2 / 9
iteration step 76, G_loss: 0.06132, step_acc: 20.68866, grid_scale: 5 / 5, strokes: 2 / 9
iteration step 77, G_loss: 0.06132, step_acc: 20.69536, grid_scale: 5 / 5, strokes: 2 / 9
iteration step 78, G_loss: 0.06128, step_acc: 20.69596, grid_scale: 5 / 5, strokes: 2 / 9
iteration step 79, G_loss: 0.06127, step_acc: 20.70026, grid_scale: 5 / 5, strokes: 2 / 9
iteration step 80, G_loss: 0.06125, step_acc: 20.70227, grid_scale: 5 / 5, strokes: 2 / 9
iteration step 81, G_loss: 0.06122, step_acc: 20.70605, grid_scale: 5 / 5, strokes: 2 / 9
iteration step 82, G_loss: 0.06121, step_acc: 20.70721, grid_scale: 5 / 5, strokes: 2 / 9
iteration step 83, G_loss: 0.06119, step_acc: 20.71151, grid_scale: 5 / 5, strokes: 2 / 9
iteration step 84, G_loss: 0.06116, step_acc: 20.71091, grid_scale: 5 / 5, strokes: 2 / 9
iteration step 85, G_loss: 0.06115, step_acc: 20.71342, grid_scale: 5 / 5, strokes: 2 / 9
iteration step 86, G_loss: 0.06113, step_acc: 20.71816, grid_scale: 5 / 5, strokes: 2 / 9
iteration step 87, G_loss: 0.06110, step_acc: 20.72394, grid_scale: 5 / 5, strokes: 2 / 9
iteration step 88, G_loss: 0.06107, step_acc: 20.72669, grid_scale: 5 / 5, strokes: 2 / 9
iteration step 89, G_loss: 0.06104, step_acc: 20.72968, grid_scale: 5 / 5, strokes: 2 / 9
iteration step 90, G_loss: 0.06102, step_acc: 20.73118, grid_scale: 5 / 5, strokes: 2 / 9
iteration step 91, G_loss: 0.06099, step_acc: 20.73233, grid_scale: 5 / 5, strokes: 2 / 9
iteration step 92, G_loss: 0.06098, step_acc: 20.73610, grid_scale: 5 / 5, strokes: 2 / 9
iteration step 93, G_loss: 0.06096, step_acc: 20.73605, grid_scale: 5 / 5, strokes: 2 / 9
iteration step 94, G_loss: 0.06095, step_acc: 20.73832, grid_scale: 5 / 5, strokes: 2 / 9
iteration step 95, G_loss: 0.06093, step_acc: 20.74105, grid_scale: 5 / 5, strokes: 2 / 9
iteration step 96, G_loss: 0.06092, step_acc: 20.74145, grid_scale: 5 / 5, strokes: 2 / 9
iteration step 97, G_loss: 0.06090, step_acc: 20.74167, grid_scale: 5 / 5, strokes: 2 / 9
iteration step 98, G_loss: 0.06089, step_acc: 20.74464, grid_scale: 5 / 5, strokes: 2 / 9
iteration step 99, G_loss: 0.06087, step_acc: 20.74499, grid_scale: 5 / 5, strokes: 2 / 9
iteration step 100, G_loss: 0.06086, step_acc: 20.74532, grid_scale: 5 / 5, strokes: 2 / 9
iteration step 101, G_loss: 0.06085, step_acc: 20.74780, grid_scale: 5 / 5, strokes: 2 / 9
iteration step 102, G_loss: 0.06085, step_acc: 20.74882, grid_scale: 5 / 5, strokes: 2 / 9
iteration step 103, G_loss: 0.06083, step_acc: 20.75184, grid_scale: 5 / 5, strokes: 2 / 9
iteration step 104, G_loss: 0.06080, step_acc: 20.75465, grid_scale: 5 / 5, strokes: 2 / 9
iteration step 105, G_loss: 0.06079, step_acc: 20.75695, grid_scale: 5 / 5, strokes: 2 / 9
iteration step 106, G_loss: 0.06077, step_acc: 20.75836, grid_scale: 5 / 5, strokes: 2 / 9
iteration step 107, G_loss: 0.06076, step_acc: 20.76082, grid_scale: 5 / 5, strokes: 2 / 9
iteration step 108, G_loss: 0.06074, step_acc: 20.76351, grid_scale: 5 / 5, strokes: 2 / 9
iteration step 109, G_loss: 0.06071, step_acc: 20.76496, grid_scale: 5 / 5, strokes: 2 / 9
iteration step 110, G_loss: 0.06070, step_acc: 20.72993, grid_scale: 5 / 5, strokes: 3 / 9
iteration step 111, G_loss: 0.06059, step_acc: 20.79809, grid_scale: 5 / 5, strokes: 3 / 9
iteration step 112, G_loss: 0.06026, step_acc: 20.83162, grid_scale: 5 / 5, strokes: 3 / 9
iteration step 113, G_loss: 0.06009, step_acc: 20.84803, grid_scale: 5 / 5, strokes: 3 / 9
iteration step 114, G_loss: 0.05996, step_acc: 20.85909, grid_scale: 5 / 5, strokes: 3 / 9
iteration step 115, G_loss: 0.05989, step_acc: 20.86862, grid_scale: 5 / 5, strokes: 3 / 9
iteration step 116, G_loss: 0.05980, step_acc: 20.87508, grid_scale: 5 / 5, strokes: 3 / 9
iteration step 117, G_loss: 0.05974, step_acc: 20.88256, grid_scale: 5 / 5, strokes: 3 / 9
iteration step 118, G_loss: 0.05967, step_acc: 20.88923, grid_scale: 5 / 5, strokes: 3 / 9
iteration step 119, G_loss: 0.05962, step_acc: 20.89170, grid_scale: 5 / 5, strokes: 3 / 9
iteration step 120, G_loss: 0.05956, step_acc: 20.89602, grid_scale: 5 / 5, strokes: 3 / 9
iteration step 121, G_loss: 0.05952, step_acc: 20.89775, grid_scale: 5 / 5, strokes: 3 / 9
iteration step 122, G_loss: 0.05951, step_acc: 20.90321, grid_scale: 5 / 5, strokes: 3 / 9
iteration step 123, G_loss: 0.05946, step_acc: 20.90546, grid_scale: 5 / 5, strokes: 3 / 9
iteration step 124, G_loss: 0.05941, step_acc: 20.90680, grid_scale: 5 / 5, strokes: 3 / 9
iteration step 125, G_loss: 0.05939, step_acc: 20.90871, grid_scale: 5 / 5, strokes: 3 / 9
iteration step 126, G_loss: 0.05937, step_acc: 20.91520, grid_scale: 5 / 5, strokes: 3 / 9
iteration step 127, G_loss: 0.05932, step_acc: 20.91872, grid_scale: 5 / 5, strokes: 3 / 9
iteration step 128, G_loss: 0.05928, step_acc: 20.91894, grid_scale: 5 / 5, strokes: 3 / 9
iteration step 129, G_loss: 0.05926, step_acc: 20.92240, grid_scale: 5 / 5, strokes: 3 / 9
iteration step 130, G_loss: 0.05923, step_acc: 20.92380, grid_scale: 5 / 5, strokes: 3 / 9
iteration step 131, G_loss: 0.05922, step_acc: 20.92571, grid_scale: 5 / 5, strokes: 3 / 9
iteration step 132, G_loss: 0.05920, step_acc: 20.92663, grid_scale: 5 / 5, strokes: 3 / 9
iteration step 133, G_loss: 0.05919, step_acc: 20.92823, grid_scale: 5 / 5, strokes: 3 / 9
iteration step 134, G_loss: 0.05917, step_acc: 20.93046, grid_scale: 5 / 5, strokes: 3 / 9
iteration step 135, G_loss: 0.05915, step_acc: 20.93355, grid_scale: 5 / 5, strokes: 3 / 9
iteration step 136, G_loss: 0.05913, step_acc: 20.93626, grid_scale: 5 / 5, strokes: 3 / 9
iteration step 137, G_loss: 0.05910, step_acc: 20.93901, grid_scale: 5 / 5, strokes: 3 / 9
iteration step 138, G_loss: 0.05908, step_acc: 20.94174, grid_scale: 5 / 5, strokes: 3 / 9
iteration step 139, G_loss: 0.05906, step_acc: 20.94208, grid_scale: 5 / 5, strokes: 3 / 9
iteration step 140, G_loss: 0.05905, step_acc: 20.94304, grid_scale: 5 / 5, strokes: 3 / 9
iteration step 141, G_loss: 0.05904, step_acc: 20.94466, grid_scale: 5 / 5, strokes: 3 / 9
iteration step 142, G_loss: 0.05903, step_acc: 20.94540, grid_scale: 5 / 5, strokes: 3 / 9
iteration step 143, G_loss: 0.05901, step_acc: 20.94674, grid_scale: 5 / 5, strokes: 3 / 9
iteration step 144, G_loss: 0.05900, step_acc: 20.94793, grid_scale: 5 / 5, strokes: 3 / 9
iteration step 145, G_loss: 0.05899, step_acc: 20.94814, grid_scale: 5 / 5, strokes: 3 / 9
iteration step 146, G_loss: 0.05897, step_acc: 20.95163, grid_scale: 5 / 5, strokes: 3 / 9
iteration step 147, G_loss: 0.05895, step_acc: 20.95337, grid_scale: 5 / 5, strokes: 3 / 9
iteration step 148, G_loss: 0.05894, step_acc: 20.95293, grid_scale: 5 / 5, strokes: 3 / 9
iteration step 149, G_loss: 0.05893, step_acc: 20.95505, grid_scale: 5 / 5, strokes: 3 / 9
iteration step 150, G_loss: 0.05890, step_acc: 20.95647, grid_scale: 5 / 5, strokes: 3 / 9
iteration step 151, G_loss: 0.05890, step_acc: 20.95571, grid_scale: 5 / 5, strokes: 3 / 9
iteration step 152, G_loss: 0.05890, step_acc: 20.95830, grid_scale: 5 / 5, strokes: 3 / 9
iteration step 153, G_loss: 0.05888, step_acc: 20.95790, grid_scale: 5 / 5, strokes: 3 / 9
iteration step 154, G_loss: 0.05888, step_acc: 20.95955, grid_scale: 5 / 5, strokes: 3 / 9
iteration step 155, G_loss: 0.05887, step_acc: 20.95955, grid_scale: 5 / 5, strokes: 3 / 9
iteration step 156, G_loss: 0.05886, step_acc: 20.96090, grid_scale: 5 / 5, strokes: 3 / 9
iteration step 157, G_loss: 0.05886, step_acc: 20.96080, grid_scale: 5 / 5, strokes: 3 / 9
iteration step 158, G_loss: 0.05886, step_acc: 20.96139, grid_scale: 5 / 5, strokes: 3 / 9
iteration step 159, G_loss: 0.05886, step_acc: 20.96235, grid_scale: 5 / 5, strokes: 3 / 9
iteration step 160, G_loss: 0.05884, step_acc: 20.96215, grid_scale: 5 / 5, strokes: 3 / 9
iteration step 161, G_loss: 0.05884, step_acc: 20.96352, grid_scale: 5 / 5, strokes: 3 / 9
iteration step 162, G_loss: 0.05884, step_acc: 20.96528, grid_scale: 5 / 5, strokes: 3 / 9
iteration step 163, G_loss: 0.05881, step_acc: 20.96531, grid_scale: 5 / 5, strokes: 3 / 9
iteration step 164, G_loss: 0.05881, step_acc: 20.96578, grid_scale: 5 / 5, strokes: 3 / 9
iteration step 165, G_loss: 0.05881, step_acc: 21.03169, grid_scale: 5 / 5, strokes: 4 / 9
iteration step 166, G_loss: 0.05837, step_acc: 21.07102, grid_scale: 5 / 5, strokes: 4 / 9
iteration step 167, G_loss: 0.05810, step_acc: 21.10289, grid_scale: 5 / 5, strokes: 4 / 9
iteration step 168, G_loss: 0.05790, step_acc: 21.11854, grid_scale: 5 / 5, strokes: 4 / 9
iteration step 169, G_loss: 0.05778, step_acc: 21.13284, grid_scale: 5 / 5, strokes: 4 / 9
iteration step 170, G_loss: 0.05767, step_acc: 21.13999, grid_scale: 5 / 5, strokes: 4 / 9
iteration step 171, G_loss: 0.05762, step_acc: 21.14683, grid_scale: 5 / 5, strokes: 4 / 9
iteration step 172, G_loss: 0.05757, step_acc: 21.14974, grid_scale: 5 / 5, strokes: 4 / 9
iteration step 173, G_loss: 0.05755, step_acc: 21.15466, grid_scale: 5 / 5, strokes: 4 / 9
iteration step 174, G_loss: 0.05752, step_acc: 21.16060, grid_scale: 5 / 5, strokes: 4 / 9
iteration step 175, G_loss: 0.05747, step_acc: 21.16669, grid_scale: 5 / 5, strokes: 4 / 9
iteration step 176, G_loss: 0.05743, step_acc: 21.17501, grid_scale: 5 / 5, strokes: 4 / 9
iteration step 177, G_loss: 0.05741, step_acc: 21.17553, grid_scale: 5 / 5, strokes: 4 / 9
iteration step 178, G_loss: 0.05739, step_acc: 21.17987, grid_scale: 5 / 5, strokes: 4 / 9
iteration step 179, G_loss: 0.05736, step_acc: 21.18261, grid_scale: 5 / 5, strokes: 4 / 9
iteration step 180, G_loss: 0.05732, step_acc: 21.18872, grid_scale: 5 / 5, strokes: 4 / 9
iteration step 181, G_loss: 0.05727, step_acc: 21.18869, grid_scale: 5 / 5, strokes: 4 / 9
iteration step 182, G_loss: 0.05726, step_acc: 21.19632, grid_scale: 5 / 5, strokes: 4 / 9
iteration step 183, G_loss: 0.05722, step_acc: 21.19812, grid_scale: 5 / 5, strokes: 4 / 9
iteration step 184, G_loss: 0.05719, step_acc: 21.20181, grid_scale: 5 / 5, strokes: 4 / 9
iteration step 185, G_loss: 0.05717, step_acc: 21.19928, grid_scale: 5 / 5, strokes: 4 / 9
iteration step 186, G_loss: 0.05716, step_acc: 21.20454, grid_scale: 5 / 5, strokes: 4 / 9
iteration step 187, G_loss: 0.05714, step_acc: 21.20395, grid_scale: 5 / 5, strokes: 4 / 9
iteration step 188, G_loss: 0.05713, step_acc: 21.20564, grid_scale: 5 / 5, strokes: 4 / 9
iteration step 189, G_loss: 0.05712, step_acc: 21.20717, grid_scale: 5 / 5, strokes: 4 / 9
iteration step 190, G_loss: 0.05709, step_acc: 21.21208, grid_scale: 5 / 5, strokes: 4 / 9
iteration step 191, G_loss: 0.05706, step_acc: 21.21438, grid_scale: 5 / 5, strokes: 4 / 9
iteration step 192, G_loss: 0.05705, step_acc: 21.21548, grid_scale: 5 / 5, strokes: 4 / 9
iteration step 193, G_loss: 0.05704, step_acc: 21.21651, grid_scale: 5 / 5, strokes: 4 / 9
iteration step 194, G_loss: 0.05703, step_acc: 21.21800, grid_scale: 5 / 5, strokes: 4 / 9
iteration step 195, G_loss: 0.05701, step_acc: 21.21893, grid_scale: 5 / 5, strokes: 4 / 9
iteration step 196, G_loss: 0.05700, step_acc: 21.22133, grid_scale: 5 / 5, strokes: 4 / 9
iteration step 197, G_loss: 0.05698, step_acc: 21.21976, grid_scale: 5 / 5, strokes: 4 / 9
iteration step 198, G_loss: 0.05697, step_acc: 21.22304, grid_scale: 5 / 5, strokes: 4 / 9
iteration step 199, G_loss: 0.05696, step_acc: 21.22325, grid_scale: 5 / 5, strokes: 4 / 9
iteration step 200, G_loss: 0.05695, step_acc: 21.22542, grid_scale: 5 / 5, strokes: 4 / 9
iteration step 201, G_loss: 0.05694, step_acc: 21.22694, grid_scale: 5 / 5, strokes: 4 / 9
iteration step 202, G_loss: 0.05691, step_acc: 21.23001, grid_scale: 5 / 5, strokes: 4 / 9
iteration step 203, G_loss: 0.05689, step_acc: 21.23058, grid_scale: 5 / 5, strokes: 4 / 9
iteration step 204, G_loss: 0.05687, step_acc: 21.23341, grid_scale: 5 / 5, strokes: 4 / 9
iteration step 205, G_loss: 0.05685, step_acc: 21.23450, grid_scale: 5 / 5, strokes: 4 / 9
iteration step 206, G_loss: 0.05684, step_acc: 21.23652, grid_scale: 5 / 5, strokes: 4 / 9
iteration step 207, G_loss: 0.05682, step_acc: 21.23824, grid_scale: 5 / 5, strokes: 4 / 9
iteration step 208, G_loss: 0.05681, step_acc: 21.24094, grid_scale: 5 / 5, strokes: 4 / 9
iteration step 209, G_loss: 0.05679, step_acc: 21.24271, grid_scale: 5 / 5, strokes: 4 / 9
iteration step 210, G_loss: 0.05678, step_acc: 21.24609, grid_scale: 5 / 5, strokes: 4 / 9
iteration step 211, G_loss: 0.05676, step_acc: 21.24869, grid_scale: 5 / 5, strokes: 4 / 9
iteration step 212, G_loss: 0.05674, step_acc: 21.25029, grid_scale: 5 / 5, strokes: 4 / 9
iteration step 213, G_loss: 0.05673, step_acc: 21.25143, grid_scale: 5 / 5, strokes: 4 / 9
iteration step 214, G_loss: 0.05671, step_acc: 21.25443, grid_scale: 5 / 5, strokes: 4 / 9
iteration step 215, G_loss: 0.05668, step_acc: 21.25472, grid_scale: 5 / 5, strokes: 4 / 9
iteration step 216, G_loss: 0.05667, step_acc: 21.25756, grid_scale: 5 / 5, strokes: 4 / 9
iteration step 217, G_loss: 0.05665, step_acc: 21.25863, grid_scale: 5 / 5, strokes: 4 / 9
iteration step 218, G_loss: 0.05664, step_acc: 21.25950, grid_scale: 5 / 5, strokes: 4 / 9
iteration step 219, G_loss: 0.05664, step_acc: 21.26184, grid_scale: 5 / 5, strokes: 4 / 9
iteration step 220, G_loss: 0.05663, step_acc: 21.30300, grid_scale: 5 / 5, strokes: 5 / 9
iteration step 221, G_loss: 0.05648, step_acc: 21.35710, grid_scale: 5 / 5, strokes: 5 / 9
iteration step 222, G_loss: 0.05615, step_acc: 21.39023, grid_scale: 5 / 5, strokes: 5 / 9
iteration step 223, G_loss: 0.05592, step_acc: 21.40990, grid_scale: 5 / 5, strokes: 5 / 9
iteration step 224, G_loss: 0.05584, step_acc: 21.43107, grid_scale: 5 / 5, strokes: 5 / 9
iteration step 225, G_loss: 0.05569, step_acc: 21.45233, grid_scale: 5 / 5, strokes: 5 / 9
iteration step 226, G_loss: 0.05558, step_acc: 21.46733, grid_scale: 5 / 5, strokes: 5 / 9
iteration step 227, G_loss: 0.05547, step_acc: 21.47603, grid_scale: 5 / 5, strokes: 5 / 9
iteration step 228, G_loss: 0.05540, step_acc: 21.49169, grid_scale: 5 / 5, strokes: 5 / 9
iteration step 229, G_loss: 0.05533, step_acc: 21.50470, grid_scale: 5 / 5, strokes: 5 / 9
iteration step 230, G_loss: 0.05526, step_acc: 21.51232, grid_scale: 5 / 5, strokes: 5 / 9
iteration step 231, G_loss: 0.05520, step_acc: 21.51587, grid_scale: 5 / 5, strokes: 5 / 9
iteration step 232, G_loss: 0.05516, step_acc: 21.52103, grid_scale: 5 / 5, strokes: 5 / 9
iteration step 233, G_loss: 0.05512, step_acc: 21.52726, grid_scale: 5 / 5, strokes: 5 / 9
iteration step 234, G_loss: 0.05508, step_acc: 21.53401, grid_scale: 5 / 5, strokes: 5 / 9
iteration step 235, G_loss: 0.05503, step_acc: 21.53917, grid_scale: 5 / 5, strokes: 5 / 9
iteration step 236, G_loss: 0.05499, step_acc: 21.54445, grid_scale: 5 / 5, strokes: 5 / 9
iteration step 237, G_loss: 0.05498, step_acc: 21.54873, grid_scale: 5 / 5, strokes: 5 / 9
iteration step 238, G_loss: 0.05493, step_acc: 21.55257, grid_scale: 5 / 5, strokes: 5 / 9
iteration step 239, G_loss: 0.05492, step_acc: 21.55288, grid_scale: 5 / 5, strokes: 5 / 9
iteration step 240, G_loss: 0.05489, step_acc: 21.55996, grid_scale: 5 / 5, strokes: 5 / 9
iteration step 241, G_loss: 0.05486, step_acc: 21.56294, grid_scale: 5 / 5, strokes: 5 / 9
iteration step 242, G_loss: 0.05483, step_acc: 21.56466, grid_scale: 5 / 5, strokes: 5 / 9
iteration step 243, G_loss: 0.05481, step_acc: 21.56842, grid_scale: 5 / 5, strokes: 5 / 9
iteration step 244, G_loss: 0.05476, step_acc: 21.57038, grid_scale: 5 / 5, strokes: 5 / 9
iteration step 245, G_loss: 0.05474, step_acc: 21.57287, grid_scale: 5 / 5, strokes: 5 / 9
iteration step 246, G_loss: 0.05473, step_acc: 21.57116, grid_scale: 5 / 5, strokes: 5 / 9
iteration step 247, G_loss: 0.05472, step_acc: 21.57510, grid_scale: 5 / 5, strokes: 5 / 9
iteration step 248, G_loss: 0.05471, step_acc: 21.57415, grid_scale: 5 / 5, strokes: 5 / 9
iteration step 249, G_loss: 0.05472, step_acc: 21.57587, grid_scale: 5 / 5, strokes: 5 / 9
iteration step 250, G_loss: 0.05470, step_acc: 21.57919, grid_scale: 5 / 5, strokes: 5 / 9
iteration step 251, G_loss: 0.05468, step_acc: 21.57945, grid_scale: 5 / 5, strokes: 5 / 9
iteration step 252, G_loss: 0.05467, step_acc: 21.57962, grid_scale: 5 / 5, strokes: 5 / 9
iteration step 253, G_loss: 0.05466, step_acc: 21.58226, grid_scale: 5 / 5, strokes: 5 / 9
iteration step 254, G_loss: 0.05465, step_acc: 21.58255, grid_scale: 5 / 5, strokes: 5 / 9
iteration step 255, G_loss: 0.05464, step_acc: 21.58369, grid_scale: 5 / 5, strokes: 5 / 9
iteration step 256, G_loss: 0.05464, step_acc: 21.58310, grid_scale: 5 / 5, strokes: 5 / 9
iteration step 257, G_loss: 0.05464, step_acc: 21.58731, grid_scale: 5 / 5, strokes: 5 / 9
iteration step 258, G_loss: 0.05461, step_acc: 21.58659, grid_scale: 5 / 5, strokes: 5 / 9
iteration step 259, G_loss: 0.05460, step_acc: 21.58795, grid_scale: 5 / 5, strokes: 5 / 9
iteration step 260, G_loss: 0.05459, step_acc: 21.58779, grid_scale: 5 / 5, strokes: 5 / 9
iteration step 261, G_loss: 0.05458, step_acc: 21.59005, grid_scale: 5 / 5, strokes: 5 / 9
iteration step 262, G_loss: 0.05457, step_acc: 21.58996, grid_scale: 5 / 5, strokes: 5 / 9
iteration step 263, G_loss: 0.05456, step_acc: 21.58848, grid_scale: 5 / 5, strokes: 5 / 9
iteration step 264, G_loss: 0.05456, step_acc: 21.59305, grid_scale: 5 / 5, strokes: 5 / 9
iteration step 265, G_loss: 0.05454, step_acc: 21.59042, grid_scale: 5 / 5, strokes: 5 / 9
iteration step 266, G_loss: 0.05453, step_acc: 21.59358, grid_scale: 5 / 5, strokes: 5 / 9
iteration step 267, G_loss: 0.05454, step_acc: 21.59079, grid_scale: 5 / 5, strokes: 5 / 9
iteration step 268, G_loss: 0.05453, step_acc: 21.59385, grid_scale: 5 / 5, strokes: 5 / 9
iteration step 269, G_loss: 0.05451, step_acc: 21.59379, grid_scale: 5 / 5, strokes: 5 / 9
iteration step 270, G_loss: 0.05451, step_acc: 21.59197, grid_scale: 5 / 5, strokes: 5 / 9
iteration step 271, G_loss: 0.05450, step_acc: 21.59551, grid_scale: 5 / 5, strokes: 5 / 9
iteration step 272, G_loss: 0.05451, step_acc: 21.59354, grid_scale: 5 / 5, strokes: 5 / 9
iteration step 273, G_loss: 0.05451, step_acc: 21.59575, grid_scale: 5 / 5, strokes: 5 / 9
iteration step 274, G_loss: 0.05449, step_acc: 21.59225, grid_scale: 5 / 5, strokes: 5 / 9
iteration step 275, G_loss: 0.05450, step_acc: 21.53022, grid_scale: 5 / 5, strokes: 6 / 9
iteration step 276, G_loss: 0.05491, step_acc: 21.59259, grid_scale: 5 / 5, strokes: 6 / 9
iteration step 277, G_loss: 0.05453, step_acc: 21.62379, grid_scale: 5 / 5, strokes: 6 / 9
iteration step 278, G_loss: 0.05441, step_acc: 21.64438, grid_scale: 5 / 5, strokes: 6 / 9
iteration step 279, G_loss: 0.05426, step_acc: 21.67078, grid_scale: 5 / 5, strokes: 6 / 9
iteration step 280, G_loss: 0.05412, step_acc: 21.68873, grid_scale: 5 / 5, strokes: 6 / 9
iteration step 281, G_loss: 0.05398, step_acc: 21.69543, grid_scale: 5 / 5, strokes: 6 / 9
iteration step 282, G_loss: 0.05391, step_acc: 21.70461, grid_scale: 5 / 5, strokes: 6 / 9
iteration step 283, G_loss: 0.05385, step_acc: 21.71587, grid_scale: 5 / 5, strokes: 6 / 9
iteration step 284, G_loss: 0.05380, step_acc: 21.71936, grid_scale: 5 / 5, strokes: 6 / 9
iteration step 285, G_loss: 0.05375, step_acc: 21.72640, grid_scale: 5 / 5, strokes: 6 / 9
iteration step 286, G_loss: 0.05371, step_acc: 21.73094, grid_scale: 5 / 5, strokes: 6 / 9
iteration step 287, G_loss: 0.05367, step_acc: 21.74242, grid_scale: 5 / 5, strokes: 6 / 9
iteration step 288, G_loss: 0.05362, step_acc: 21.74671, grid_scale: 5 / 5, strokes: 6 / 9
iteration step 289, G_loss: 0.05355, step_acc: 21.75348, grid_scale: 5 / 5, strokes: 6 / 9
iteration step 290, G_loss: 0.05352, step_acc: 21.75728, grid_scale: 5 / 5, strokes: 6 / 9
iteration step 291, G_loss: 0.05347, step_acc: 21.76356, grid_scale: 5 / 5, strokes: 6 / 9
iteration step 292, G_loss: 0.05342, step_acc: 21.76657, grid_scale: 5 / 5, strokes: 6 / 9
iteration step 293, G_loss: 0.05339, step_acc: 21.77155, grid_scale: 5 / 5, strokes: 6 / 9
iteration step 294, G_loss: 0.05336, step_acc: 21.77090, grid_scale: 5 / 5, strokes: 6 / 9
iteration step 295, G_loss: 0.05335, step_acc: 21.77561, grid_scale: 5 / 5, strokes: 6 / 9
iteration step 296, G_loss: 0.05333, step_acc: 21.77386, grid_scale: 5 / 5, strokes: 6 / 9
iteration step 297, G_loss: 0.05331, step_acc: 21.78003, grid_scale: 5 / 5, strokes: 6 / 9
iteration step 298, G_loss: 0.05328, step_acc: 21.78026, grid_scale: 5 / 5, strokes: 6 / 9
iteration step 299, G_loss: 0.05326, step_acc: 21.78329, grid_scale: 5 / 5, strokes: 6 / 9
iteration step 300, G_loss: 0.05322, step_acc: 21.78764, grid_scale: 5 / 5, strokes: 6 / 9
iteration step 301, G_loss: 0.05321, step_acc: 21.78725, grid_scale: 5 / 5, strokes: 6 / 9
iteration step 302, G_loss: 0.05317, step_acc: 21.78978, grid_scale: 5 / 5, strokes: 6 / 9
iteration step 303, G_loss: 0.05316, step_acc: 21.79196, grid_scale: 5 / 5, strokes: 6 / 9
iteration step 304, G_loss: 0.05313, step_acc: 21.79178, grid_scale: 5 / 5, strokes: 6 / 9
iteration step 305, G_loss: 0.05313, step_acc: 21.79410, grid_scale: 5 / 5, strokes: 6 / 9
iteration step 306, G_loss: 0.05311, step_acc: 21.79537, grid_scale: 5 / 5, strokes: 6 / 9
iteration step 307, G_loss: 0.05311, step_acc: 21.79645, grid_scale: 5 / 5, strokes: 6 / 9
iteration step 308, G_loss: 0.05310, step_acc: 21.79937, grid_scale: 5 / 5, strokes: 6 / 9
iteration step 309, G_loss: 0.05309, step_acc: 21.79820, grid_scale: 5 / 5, strokes: 6 / 9
iteration step 310, G_loss: 0.05308, step_acc: 21.80204, grid_scale: 5 / 5, strokes: 6 / 9
iteration step 311, G_loss: 0.05307, step_acc: 21.80021, grid_scale: 5 / 5, strokes: 6 / 9
iteration step 312, G_loss: 0.05305, step_acc: 21.80396, grid_scale: 5 / 5, strokes: 6 / 9
iteration step 313, G_loss: 0.05305, step_acc: 21.80523, grid_scale: 5 / 5, strokes: 6 / 9
iteration step 314, G_loss: 0.05302, step_acc: 21.80549, grid_scale: 5 / 5, strokes: 6 / 9
iteration step 315, G_loss: 0.05302, step_acc: 21.80745, grid_scale: 5 / 5, strokes: 6 / 9
iteration step 316, G_loss: 0.05300, step_acc: 21.80949, grid_scale: 5 / 5, strokes: 6 / 9
iteration step 317, G_loss: 0.05299, step_acc: 21.80684, grid_scale: 5 / 5, strokes: 6 / 9
iteration step 318, G_loss: 0.05300, step_acc: 21.81062, grid_scale: 5 / 5, strokes: 6 / 9
iteration step 319, G_loss: 0.05298, step_acc: 21.80980, grid_scale: 5 / 5, strokes: 6 / 9
iteration step 320, G_loss: 0.05297, step_acc: 21.81351, grid_scale: 5 / 5, strokes: 6 / 9
iteration step 321, G_loss: 0.05296, step_acc: 21.81355, grid_scale: 5 / 5, strokes: 6 / 9
iteration step 322, G_loss: 0.05294, step_acc: 21.81730, grid_scale: 5 / 5, strokes: 6 / 9
iteration step 323, G_loss: 0.05292, step_acc: 21.81594, grid_scale: 5 / 5, strokes: 6 / 9
iteration step 324, G_loss: 0.05292, step_acc: 21.82008, grid_scale: 5 / 5, strokes: 6 / 9
iteration step 325, G_loss: 0.05291, step_acc: 21.81809, grid_scale: 5 / 5, strokes: 6 / 9
iteration step 326, G_loss: 0.05290, step_acc: 21.81914, grid_scale: 5 / 5, strokes: 6 / 9
iteration step 327, G_loss: 0.05289, step_acc: 21.81977, grid_scale: 5 / 5, strokes: 6 / 9
iteration step 328, G_loss: 0.05287, step_acc: 21.82237, grid_scale: 5 / 5, strokes: 6 / 9
iteration step 329, G_loss: 0.05286, step_acc: 21.82397, grid_scale: 5 / 5, strokes: 6 / 9
iteration step 330, G_loss: 0.05285, step_acc: 21.82324, grid_scale: 5 / 5, strokes: 7 / 9
iteration step 331, G_loss: 0.05305, step_acc: 21.86213, grid_scale: 5 / 5, strokes: 7 / 9
iteration step 332, G_loss: 0.05280, step_acc: 21.87726, grid_scale: 5 / 5, strokes: 7 / 9
iteration step 333, G_loss: 0.05265, step_acc: 21.90222, grid_scale: 5 / 5, strokes: 7 / 9
iteration step 334, G_loss: 0.05253, step_acc: 21.92216, grid_scale: 5 / 5, strokes: 7 / 9
iteration step 335, G_loss: 0.05242, step_acc: 21.93669, grid_scale: 5 / 5, strokes: 7 / 9
iteration step 336, G_loss: 0.05232, step_acc: 21.94637, grid_scale: 5 / 5, strokes: 7 / 9
iteration step 337, G_loss: 0.05225, step_acc: 21.95308, grid_scale: 5 / 5, strokes: 7 / 9
iteration step 338, G_loss: 0.05221, step_acc: 21.95938, grid_scale: 5 / 5, strokes: 7 / 9
iteration step 339, G_loss: 0.05218, step_acc: 21.96555, grid_scale: 5 / 5, strokes: 7 / 9
iteration step 340, G_loss: 0.05213, step_acc: 21.97426, grid_scale: 5 / 5, strokes: 7 / 9
iteration step 341, G_loss: 0.05209, step_acc: 21.97984, grid_scale: 5 / 5, strokes: 7 / 9
iteration step 342, G_loss: 0.05207, step_acc: 21.98050, grid_scale: 5 / 5, strokes: 7 / 9
iteration step 343, G_loss: 0.05204, step_acc: 21.98778, grid_scale: 5 / 5, strokes: 7 / 9
iteration step 344, G_loss: 0.05203, step_acc: 21.99401, grid_scale: 5 / 5, strokes: 7 / 9
iteration step 345, G_loss: 0.05199, step_acc: 22.00659, grid_scale: 5 / 5, strokes: 7 / 9
iteration step 346, G_loss: 0.05194, step_acc: 22.00968, grid_scale: 5 / 5, strokes: 7 / 9
iteration step 347, G_loss: 0.05191, step_acc: 22.02098, grid_scale: 5 / 5, strokes: 7 / 9
iteration step 348, G_loss: 0.05189, step_acc: 22.02255, grid_scale: 5 / 5, strokes: 7 / 9
iteration step 349, G_loss: 0.05186, step_acc: 22.03193, grid_scale: 5 / 5, strokes: 7 / 9
iteration step 350, G_loss: 0.05182, step_acc: 22.03211, grid_scale: 5 / 5, strokes: 7 / 9
iteration step 351, G_loss: 0.05181, step_acc: 22.03497, grid_scale: 5 / 5, strokes: 7 / 9
iteration step 352, G_loss: 0.05179, step_acc: 22.04047, grid_scale: 5 / 5, strokes: 7 / 9
iteration step 353, G_loss: 0.05177, step_acc: 22.04245, grid_scale: 5 / 5, strokes: 7 / 9
iteration step 354, G_loss: 0.05175, step_acc: 22.04326, grid_scale: 5 / 5, strokes: 7 / 9
iteration step 355, G_loss: 0.05174, step_acc: 22.04600, grid_scale: 5 / 5, strokes: 7 / 9
iteration step 356, G_loss: 0.05174, step_acc: 22.04923, grid_scale: 5 / 5, strokes: 7 / 9
iteration step 357, G_loss: 0.05171, step_acc: 22.04973, grid_scale: 5 / 5, strokes: 7 / 9
iteration step 358, G_loss: 0.05169, step_acc: 22.05276, grid_scale: 5 / 5, strokes: 7 / 9
iteration step 359, G_loss: 0.05169, step_acc: 22.05340, grid_scale: 5 / 5, strokes: 7 / 9
iteration step 360, G_loss: 0.05167, step_acc: 22.05899, grid_scale: 5 / 5, strokes: 7 / 9
iteration step 361, G_loss: 0.05165, step_acc: 22.05745, grid_scale: 5 / 5, strokes: 7 / 9
iteration step 362, G_loss: 0.05163, step_acc: 22.06050, grid_scale: 5 / 5, strokes: 7 / 9
iteration step 363, G_loss: 0.05162, step_acc: 22.06015, grid_scale: 5 / 5, strokes: 7 / 9
iteration step 364, G_loss: 0.05162, step_acc: 22.06473, grid_scale: 5 / 5, strokes: 7 / 9
iteration step 365, G_loss: 0.05160, step_acc: 22.06725, grid_scale: 5 / 5, strokes: 7 / 9
iteration step 366, G_loss: 0.05158, step_acc: 22.06448, grid_scale: 5 / 5, strokes: 7 / 9
iteration step 367, G_loss: 0.05159, step_acc: 22.06600, grid_scale: 5 / 5, strokes: 7 / 9
iteration step 368, G_loss: 0.05159, step_acc: 22.06923, grid_scale: 5 / 5, strokes: 7 / 9
iteration step 369, G_loss: 0.05157, step_acc: 22.06756, grid_scale: 5 / 5, strokes: 7 / 9
iteration step 370, G_loss: 0.05156, step_acc: 22.06921, grid_scale: 5 / 5, strokes: 7 / 9
iteration step 371, G_loss: 0.05154, step_acc: 22.07226, grid_scale: 5 / 5, strokes: 7 / 9
iteration step 372, G_loss: 0.05153, step_acc: 22.07545, grid_scale: 5 / 5, strokes: 7 / 9
iteration step 373, G_loss: 0.05154, step_acc: 22.07313, grid_scale: 5 / 5, strokes: 7 / 9
iteration step 374, G_loss: 0.05151, step_acc: 22.08015, grid_scale: 5 / 5, strokes: 7 / 9
iteration step 375, G_loss: 0.05149, step_acc: 22.07370, grid_scale: 5 / 5, strokes: 7 / 9
iteration step 376, G_loss: 0.05149, step_acc: 22.08081, grid_scale: 5 / 5, strokes: 7 / 9
iteration step 377, G_loss: 0.05148, step_acc: 22.07981, grid_scale: 5 / 5, strokes: 7 / 9
iteration step 378, G_loss: 0.05146, step_acc: 22.08341, grid_scale: 5 / 5, strokes: 7 / 9
iteration step 379, G_loss: 0.05146, step_acc: 22.08210, grid_scale: 5 / 5, strokes: 7 / 9
iteration step 380, G_loss: 0.05145, step_acc: 22.08477, grid_scale: 5 / 5, strokes: 7 / 9
iteration step 381, G_loss: 0.05143, step_acc: 22.08459, grid_scale: 5 / 5, strokes: 7 / 9
iteration step 382, G_loss: 0.05144, step_acc: 22.08700, grid_scale: 5 / 5, strokes: 7 / 9
iteration step 383, G_loss: 0.05142, step_acc: 22.08522, grid_scale: 5 / 5, strokes: 7 / 9
iteration step 384, G_loss: 0.05141, step_acc: 22.08752, grid_scale: 5 / 5, strokes: 7 / 9
iteration step 385, G_loss: 0.05140, step_acc: 21.98999, grid_scale: 5 / 5, strokes: 8 / 9
iteration step 386, G_loss: 0.05198, step_acc: 22.08152, grid_scale: 5 / 5, strokes: 8 / 9
iteration step 387, G_loss: 0.05153, step_acc: 22.11761, grid_scale: 5 / 5, strokes: 8 / 9
iteration step 388, G_loss: 0.05133, step_acc: 22.13333, grid_scale: 5 / 5, strokes: 8 / 9
iteration step 389, G_loss: 0.05125, step_acc: 22.14116, grid_scale: 5 / 5, strokes: 8 / 9
iteration step 390, G_loss: 0.05116, step_acc: 22.16392, grid_scale: 5 / 5, strokes: 8 / 9
iteration step 391, G_loss: 0.05106, step_acc: 22.16559, grid_scale: 5 / 5, strokes: 8 / 9
iteration step 392, G_loss: 0.05103, step_acc: 22.17294, grid_scale: 5 / 5, strokes: 8 / 9
iteration step 393, G_loss: 0.05098, step_acc: 22.17509, grid_scale: 5 / 5, strokes: 8 / 9
iteration step 394, G_loss: 0.05095, step_acc: 22.18583, grid_scale: 5 / 5, strokes: 8 / 9
iteration step 395, G_loss: 0.05089, step_acc: 22.18608, grid_scale: 5 / 5, strokes: 8 / 9
iteration step 396, G_loss: 0.05088, step_acc: 22.19318, grid_scale: 5 / 5, strokes: 8 / 9
iteration step 397, G_loss: 0.05083, step_acc: 22.19344, grid_scale: 5 / 5, strokes: 8 / 9
iteration step 398, G_loss: 0.05082, step_acc: 22.20067, grid_scale: 5 / 5, strokes: 8 / 9
iteration step 399, G_loss: 0.05078, step_acc: 22.20371, grid_scale: 5 / 5, strokes: 8 / 9
iteration step 400, G_loss: 0.05077, step_acc: 22.20513, grid_scale: 5 / 5, strokes: 8 / 9
iteration step 401, G_loss: 0.05074, step_acc: 22.21011, grid_scale: 5 / 5, strokes: 8 / 9
iteration step 402, G_loss: 0.05072, step_acc: 22.21425, grid_scale: 5 / 5, strokes: 8 / 9
iteration step 403, G_loss: 0.05069, step_acc: 22.21413, grid_scale: 5 / 5, strokes: 8 / 9
iteration step 404, G_loss: 0.05069, step_acc: 22.21764, grid_scale: 5 / 5, strokes: 8 / 9
iteration step 405, G_loss: 0.05066, step_acc: 22.22131, grid_scale: 5 / 5, strokes: 8 / 9
iteration step 406, G_loss: 0.05064, step_acc: 22.22275, grid_scale: 5 / 5, strokes: 8 / 9
iteration step 407, G_loss: 0.05064, step_acc: 22.22633, grid_scale: 5 / 5, strokes: 8 / 9
iteration step 408, G_loss: 0.05062, step_acc: 22.22906, grid_scale: 5 / 5, strokes: 8 / 9
iteration step 409, G_loss: 0.05059, step_acc: 22.23255, grid_scale: 5 / 5, strokes: 8 / 9
iteration step 410, G_loss: 0.05058, step_acc: 22.23571, grid_scale: 5 / 5, strokes: 8 / 9
iteration step 411, G_loss: 0.05055, step_acc: 22.23641, grid_scale: 5 / 5, strokes: 8 / 9
iteration step 412, G_loss: 0.05054, step_acc: 22.23748, grid_scale: 5 / 5, strokes: 8 / 9
iteration step 413, G_loss: 0.05054, step_acc: 22.23749, grid_scale: 5 / 5, strokes: 8 / 9
iteration step 414, G_loss: 0.05052, step_acc: 22.24512, grid_scale: 5 / 5, strokes: 8 / 9
iteration step 415, G_loss: 0.05049, step_acc: 22.24498, grid_scale: 5 / 5, strokes: 8 / 9
iteration step 416, G_loss: 0.05048, step_acc: 22.24727, grid_scale: 5 / 5, strokes: 8 / 9
iteration step 417, G_loss: 0.05046, step_acc: 22.24888, grid_scale: 5 / 5, strokes: 8 / 9
iteration step 418, G_loss: 0.05044, step_acc: 22.24896, grid_scale: 5 / 5, strokes: 8 / 9
iteration step 419, G_loss: 0.05043, step_acc: 22.25300, grid_scale: 5 / 5, strokes: 8 / 9
iteration step 420, G_loss: 0.05042, step_acc: 22.25420, grid_scale: 5 / 5, strokes: 8 / 9
iteration step 421, G_loss: 0.05040, step_acc: 22.25817, grid_scale: 5 / 5, strokes: 8 / 9
iteration step 422, G_loss: 0.05038, step_acc: 22.25725, grid_scale: 5 / 5, strokes: 8 / 9
iteration step 423, G_loss: 0.05037, step_acc: 22.25948, grid_scale: 5 / 5, strokes: 8 / 9
iteration step 424, G_loss: 0.05036, step_acc: 22.26269, grid_scale: 5 / 5, strokes: 8 / 9
iteration step 425, G_loss: 0.05033, step_acc: 22.26280, grid_scale: 5 / 5, strokes: 8 / 9
iteration step 426, G_loss: 0.05033, step_acc: 22.26281, grid_scale: 5 / 5, strokes: 8 / 9
iteration step 427, G_loss: 0.05032, step_acc: 22.26723, grid_scale: 5 / 5, strokes: 8 / 9
iteration step 428, G_loss: 0.05029, step_acc: 22.27273, grid_scale: 5 / 5, strokes: 8 / 9
iteration step 429, G_loss: 0.05029, step_acc: 22.27117, grid_scale: 5 / 5, strokes: 8 / 9
iteration step 430, G_loss: 0.05026, step_acc: 22.27612, grid_scale: 5 / 5, strokes: 8 / 9
iteration step 431, G_loss: 0.05024, step_acc: 22.27160, grid_scale: 5 / 5, strokes: 8 / 9
iteration step 432, G_loss: 0.05024, step_acc: 22.27755, grid_scale: 5 / 5, strokes: 8 / 9
iteration step 433, G_loss: 0.05024, step_acc: 22.27374, grid_scale: 5 / 5, strokes: 8 / 9
iteration step 434, G_loss: 0.05022, step_acc: 22.28258, grid_scale: 5 / 5, strokes: 8 / 9
iteration step 435, G_loss: 0.05021, step_acc: 22.27875, grid_scale: 5 / 5, strokes: 8 / 9
iteration step 436, G_loss: 0.05021, step_acc: 22.28096, grid_scale: 5 / 5, strokes: 8 / 9
iteration step 437, G_loss: 0.05020, step_acc: 22.27921, grid_scale: 5 / 5, strokes: 8 / 9
iteration step 438, G_loss: 0.05019, step_acc: 22.28611, grid_scale: 5 / 5, strokes: 8 / 9
iteration step 439, G_loss: 0.05018, step_acc: 22.27968, grid_scale: 5 / 5, strokes: 8 / 9
iteration step 440, G_loss: 0.05018, step_acc: 22.20428, grid_scale: 5 / 5, strokes: 9 / 9
iteration step 441, G_loss: 0.05071, step_acc: 22.25178, grid_scale: 5 / 5, strokes: 9 / 9
iteration step 442, G_loss: 0.05039, step_acc: 22.28701, grid_scale: 5 / 5, strokes: 9 / 9
iteration step 443, G_loss: 0.05021, step_acc: 22.30265, grid_scale: 5 / 5, strokes: 9 / 9
iteration step 444, G_loss: 0.05012, step_acc: 22.31318, grid_scale: 5 / 5, strokes: 9 / 9
iteration step 445, G_loss: 0.05002, step_acc: 22.32053, grid_scale: 5 / 5, strokes: 9 / 9
iteration step 446, G_loss: 0.04996, step_acc: 22.32844, grid_scale: 5 / 5, strokes: 9 / 9
iteration step 447, G_loss: 0.04991, step_acc: 22.33275, grid_scale: 5 / 5, strokes: 9 / 9
iteration step 448, G_loss: 0.04988, step_acc: 22.33664, grid_scale: 5 / 5, strokes: 9 / 9
iteration step 449, G_loss: 0.04983, step_acc: 22.34009, grid_scale: 5 / 5, strokes: 9 / 9
iteration step 450, G_loss: 0.04978, step_acc: 22.34593, grid_scale: 5 / 5, strokes: 9 / 9
iteration step 451, G_loss: 0.04976, step_acc: 22.34949, grid_scale: 5 / 5, strokes: 9 / 9
iteration step 452, G_loss: 0.04972, step_acc: 22.35454, grid_scale: 5 / 5, strokes: 9 / 9
iteration step 453, G_loss: 0.04970, step_acc: 22.35680, grid_scale: 5 / 5, strokes: 9 / 9
iteration step 454, G_loss: 0.04967, step_acc: 22.35880, grid_scale: 5 / 5, strokes: 9 / 9
iteration step 455, G_loss: 0.04966, step_acc: 22.36374, grid_scale: 5 / 5, strokes: 9 / 9
iteration step 456, G_loss: 0.04963, step_acc: 22.36682, grid_scale: 5 / 5, strokes: 9 / 9
iteration step 457, G_loss: 0.04960, step_acc: 22.36737, grid_scale: 5 / 5, strokes: 9 / 9
iteration step 458, G_loss: 0.04959, step_acc: 22.37014, grid_scale: 5 / 5, strokes: 9 / 9
iteration step 459, G_loss: 0.04958, step_acc: 22.37381, grid_scale: 5 / 5, strokes: 9 / 9
iteration step 460, G_loss: 0.04955, step_acc: 22.37622, grid_scale: 5 / 5, strokes: 9 / 9
iteration step 461, G_loss: 0.04954, step_acc: 22.37502, grid_scale: 5 / 5, strokes: 9 / 9
iteration step 462, G_loss: 0.04952, step_acc: 22.37858, grid_scale: 5 / 5, strokes: 9 / 9
iteration step 463, G_loss: 0.04952, step_acc: 22.38164, grid_scale: 5 / 5, strokes: 9 / 9
iteration step 464, G_loss: 0.04952, step_acc: 22.38496, grid_scale: 5 / 5, strokes: 9 / 9
iteration step 465, G_loss: 0.04948, step_acc: 22.38394, grid_scale: 5 / 5, strokes: 9 / 9
iteration step 466, G_loss: 0.04947, step_acc: 22.38782, grid_scale: 5 / 5, strokes: 9 / 9
iteration step 467, G_loss: 0.04946, step_acc: 22.38857, grid_scale: 5 / 5, strokes: 9 / 9
iteration step 468, G_loss: 0.04946, step_acc: 22.38964, grid_scale: 5 / 5, strokes: 9 / 9
iteration step 469, G_loss: 0.04944, step_acc: 22.39581, grid_scale: 5 / 5, strokes: 9 / 9
iteration step 470, G_loss: 0.04942, step_acc: 22.39514, grid_scale: 5 / 5, strokes: 9 / 9
iteration step 471, G_loss: 0.04941, step_acc: 22.39958, grid_scale: 5 / 5, strokes: 9 / 9
iteration step 472, G_loss: 0.04940, step_acc: 22.40020, grid_scale: 5 / 5, strokes: 9 / 9
iteration step 473, G_loss: 0.04938, step_acc: 22.40593, grid_scale: 5 / 5, strokes: 9 / 9
iteration step 474, G_loss: 0.04938, step_acc: 22.40565, grid_scale: 5 / 5, strokes: 9 / 9
iteration step 475, G_loss: 0.04935, step_acc: 22.40757, grid_scale: 5 / 5, strokes: 9 / 9
iteration step 476, G_loss: 0.04933, step_acc: 22.40925, grid_scale: 5 / 5, strokes: 9 / 9
iteration step 477, G_loss: 0.04931, step_acc: 22.41276, grid_scale: 5 / 5, strokes: 9 / 9
iteration step 478, G_loss: 0.04930, step_acc: 22.41287, grid_scale: 5 / 5, strokes: 9 / 9
iteration step 479, G_loss: 0.04929, step_acc: 22.41183, grid_scale: 5 / 5, strokes: 9 / 9
iteration step 480, G_loss: 0.04929, step_acc: 22.41443, grid_scale: 5 / 5, strokes: 9 / 9
iteration step 481, G_loss: 0.04927, step_acc: 22.41658, grid_scale: 5 / 5, strokes: 9 / 9
iteration step 482, G_loss: 0.04927, step_acc: 22.41640, grid_scale: 5 / 5, strokes: 9 / 9
iteration step 483, G_loss: 0.04926, step_acc: 22.41633, grid_scale: 5 / 5, strokes: 9 / 9
iteration step 484, G_loss: 0.04925, step_acc: 22.41795, grid_scale: 5 / 5, strokes: 9 / 9
iteration step 485, G_loss: 0.04925, step_acc: 22.42178, grid_scale: 5 / 5, strokes: 9 / 9
iteration step 486, G_loss: 0.04925, step_acc: 22.42085, grid_scale: 5 / 5, strokes: 9 / 9
iteration step 487, G_loss: 0.04923, step_acc: 22.42170, grid_scale: 5 / 5, strokes: 9 / 9
iteration step 488, G_loss: 0.04924, step_acc: 22.42534, grid_scale: 5 / 5, strokes: 9 / 9
iteration step 489, G_loss: 0.04922, step_acc: 22.42304, grid_scale: 5 / 5, strokes: 9 / 9
iteration step 490, G_loss: 0.04921, step_acc: 22.42569, grid_scale: 5 / 5, strokes: 9 / 9
iteration step 491, G_loss: 0.04921, step_acc: 22.42637, grid_scale: 5 / 5, strokes: 9 / 9
iteration step 492, G_loss: 0.04921, step_acc: 22.42630, grid_scale: 5 / 5, strokes: 9 / 9
iteration step 493, G_loss: 0.04920, step_acc: 22.42691, grid_scale: 5 / 5, strokes: 9 / 9
iteration step 494, G_loss: 0.04919, step_acc: 22.42892, grid_scale: 5 / 5, strokes: 9 / 9
rendering canvas...
saving stroke parameters...
rendering canvas...
saving input photo...
saving final rendered result...
OpenCV: FFMPEG: tag 0x5634504d/'MP4V' is not supported with codec id 12 and format 'mp4 / MP4 (MPEG-4 Part 14)'
OpenCV: FFMPEG: fallback to use tag 0x7634706d/'mp4v'
