initialize network with normal
loading renderer from pre-trained checkpoint...
begin drawing...
iteration step 0, G_loss: 0.00000, step_acc: 6.91643, grid_scale: 1 / 5, strokes: 1 / 9
iteration step 1, G_loss: 0.36801, step_acc: 6.91643, grid_scale: 1 / 5, strokes: 1 / 9
iteration step 2, G_loss: 0.36801, step_acc: 6.91643, grid_scale: 1 / 5, strokes: 1 / 9
iteration step 3, G_loss: 0.36801, step_acc: 6.91643, grid_scale: 1 / 5, strokes: 1 / 9
iteration step 4, G_loss: 0.36801, step_acc: 6.91643, grid_scale: 1 / 5, strokes: 1 / 9
iteration step 5, G_loss: 0.36801, step_acc: 6.91643, grid_scale: 1 / 5, strokes: 1 / 9
iteration step 6, G_loss: 0.36801, step_acc: 6.91643, grid_scale: 1 / 5, strokes: 1 / 9
iteration step 7, G_loss: 0.36801, step_acc: 6.91643, grid_scale: 1 / 5, strokes: 1 / 9
iteration step 8, G_loss: 0.36801, step_acc: 6.91643, grid_scale: 1 / 5, strokes: 1 / 9
iteration step 9, G_loss: 0.36801, step_acc: 6.91643, grid_scale: 1 / 5, strokes: 1 / 9
iteration step 10, G_loss: 0.36801, step_acc: 6.91643, grid_scale: 1 / 5, strokes: 1 / 9
iteration step 11, G_loss: 0.36801, step_acc: 6.91643, grid_scale: 1 / 5, strokes: 1 / 9
iteration step 12, G_loss: 0.36801, step_acc: 6.91643, grid_scale: 1 / 5, strokes: 1 / 9
iteration step 13, G_loss: 0.36801, step_acc: 6.91643, grid_scale: 1 / 5, strokes: 1 / 9
iteration step 14, G_loss: 0.36801, step_acc: 6.91643, grid_scale: 1 / 5, strokes: 1 / 9
iteration step 15, G_loss: 0.36801, step_acc: 6.91643, grid_scale: 1 / 5, strokes: 1 / 9
iteration step 16, G_loss: 0.36801, step_acc: 6.91643, grid_scale: 1 / 5, strokes: 1 / 9
iteration step 17, G_loss: 0.36801, step_acc: 6.91643, grid_scale: 1 / 5, strokes: 1 / 9
iteration step 18, G_loss: 0.36801, step_acc: 6.91643, grid_scale: 1 / 5, strokes: 1 / 9
iteration step 19, G_loss: 0.36801, step_acc: 6.91643, grid_scale: 1 / 5, strokes: 1 / 9
iteration step 20, G_loss: 0.36801, step_acc: 6.91643, grid_scale: 1 / 5, strokes: 1 / 9
iteration step 21, G_loss: 0.36801, step_acc: 6.91643, grid_scale: 1 / 5, strokes: 1 / 9
iteration step 22, G_loss: 0.36801, step_acc: 6.91643, grid_scale: 1 / 5, strokes: 1 / 9
iteration step 23, G_loss: 0.36801, step_acc: 6.91643, grid_scale: 1 / 5, strokes: 1 / 9
iteration step 24, G_loss: 0.36801, step_acc: 6.91643, grid_scale: 1 / 5, strokes: 1 / 9
iteration step 25, G_loss: 0.36801, step_acc: 6.91643, grid_scale: 1 / 5, strokes: 1 / 9
iteration step 26, G_loss: 0.36801, step_acc: 6.91643, grid_scale: 1 / 5, strokes: 1 / 9
iteration step 27, G_loss: 0.36801, step_acc: 6.91643, grid_scale: 1 / 5, strokes: 1 / 9
iteration step 28, G_loss: 0.36801, step_acc: 6.91643, grid_scale: 1 / 5, strokes: 1 / 9
iteration step 29, G_loss: 0.36801, step_acc: 6.91643, grid_scale: 1 / 5, strokes: 1 / 9
iteration step 30, G_loss: 0.36801, step_acc: 6.91643, grid_scale: 1 / 5, strokes: 1 / 9
iteration step 31, G_loss: 0.36801, step_acc: 6.91643, grid_scale: 1 / 5, strokes: 1 / 9
iteration step 32, G_loss: 0.36801, step_acc: 6.91643, grid_scale: 1 / 5, strokes: 1 / 9
iteration step 33, G_loss: 0.36801, step_acc: 6.91643, grid_scale: 1 / 5, strokes: 1 / 9
iteration step 34, G_loss: 0.36801, step_acc: 6.91643, grid_scale: 1 / 5, strokes: 1 / 9
iteration step 35, G_loss: 0.36801, step_acc: 6.91643, grid_scale: 1 / 5, strokes: 1 / 9
iteration step 36, G_loss: 0.36801, step_acc: 6.91643, grid_scale: 1 / 5, strokes: 1 / 9
iteration step 37, G_loss: 0.36801, step_acc: 6.91643, grid_scale: 1 / 5, strokes: 1 / 9
iteration step 38, G_loss: 0.36801, step_acc: 6.91643, grid_scale: 1 / 5, strokes: 1 / 9
iteration step 39, G_loss: 0.36801, step_acc: 6.91643, grid_scale: 1 / 5, strokes: 1 / 9
iteration step 40, G_loss: 0.36801, step_acc: 6.91643, grid_scale: 1 / 5, strokes: 1 / 9
iteration step 41, G_loss: 0.36801, step_acc: 6.91643, grid_scale: 1 / 5, strokes: 1 / 9
iteration step 42, G_loss: 0.36801, step_acc: 6.91643, grid_scale: 1 / 5, strokes: 1 / 9
iteration step 43, G_loss: 0.36801, step_acc: 6.91643, grid_scale: 1 / 5, strokes: 1 / 9
iteration step 44, G_loss: 0.36801, step_acc: 6.91643, grid_scale: 1 / 5, strokes: 1 / 9
iteration step 45, G_loss: 0.36801, step_acc: 6.91643, grid_scale: 1 / 5, strokes: 1 / 9
iteration step 46, G_loss: 0.36801, step_acc: 6.91643, grid_scale: 1 / 5, strokes: 1 / 9
iteration step 47, G_loss: 0.36801, step_acc: 6.91643, grid_scale: 1 / 5, strokes: 1 / 9
iteration step 48, G_loss: 0.36801, step_acc: 6.91643, grid_scale: 1 / 5, strokes: 1 / 9
iteration step 49, G_loss: 0.36801, step_acc: 6.91643, grid_scale: 1 / 5, strokes: 1 / 9
iteration step 50, G_loss: 0.36801, step_acc: 6.91643, grid_scale: 1 / 5, strokes: 1 / 9
iteration step 51, G_loss: 0.36801, step_acc: 6.91643, grid_scale: 1 / 5, strokes: 1 / 9
iteration step 52, G_loss: 0.36801, step_acc: 6.91643, grid_scale: 1 / 5, strokes: 1 / 9
iteration step 53, G_loss: 0.36801, step_acc: 6.91643, grid_scale: 1 / 5, strokes: 1 / 9
iteration step 54, G_loss: 0.36801, step_acc: 6.91643, grid_scale: 1 / 5, strokes: 1 / 9
iteration step 55, G_loss: 0.36801, step_acc: 6.91643, grid_scale: 1 / 5, strokes: 2 / 9
iteration step 56, G_loss: 0.36801, step_acc: 6.91642, grid_scale: 1 / 5, strokes: 2 / 9
iteration step 57, G_loss: 0.36801, step_acc: 6.91643, grid_scale: 1 / 5, strokes: 2 / 9
iteration step 58, G_loss: 0.36801, step_acc: 6.91643, grid_scale: 1 / 5, strokes: 2 / 9
iteration step 59, G_loss: 0.36801, step_acc: 6.91643, grid_scale: 1 / 5, strokes: 2 / 9
iteration step 60, G_loss: 0.36801, step_acc: 6.91643, grid_scale: 1 / 5, strokes: 2 / 9
iteration step 61, G_loss: 0.36801, step_acc: 6.91643, grid_scale: 1 / 5, strokes: 2 / 9
iteration step 62, G_loss: 0.36801, step_acc: 6.91643, grid_scale: 1 / 5, strokes: 2 / 9
iteration step 63, G_loss: 0.36801, step_acc: 6.91643, grid_scale: 1 / 5, strokes: 2 / 9
iteration step 64, G_loss: 0.36801, step_acc: 6.91643, grid_scale: 1 / 5, strokes: 2 / 9
iteration step 65, G_loss: 0.36801, step_acc: 6.91643, grid_scale: 1 / 5, strokes: 2 / 9
iteration step 66, G_loss: 0.36801, step_acc: 6.91643, grid_scale: 1 / 5, strokes: 2 / 9
iteration step 67, G_loss: 0.36801, step_acc: 6.91643, grid_scale: 1 / 5, strokes: 2 / 9
iteration step 68, G_loss: 0.36801, step_acc: 6.91643, grid_scale: 1 / 5, strokes: 2 / 9
iteration step 69, G_loss: 0.36801, step_acc: 6.91643, grid_scale: 1 / 5, strokes: 2 / 9
iteration step 70, G_loss: 0.36801, step_acc: 6.91643, grid_scale: 1 / 5, strokes: 2 / 9
iteration step 71, G_loss: 0.36801, step_acc: 6.91643, grid_scale: 1 / 5, strokes: 2 / 9
iteration step 72, G_loss: 0.36801, step_acc: 6.91643, grid_scale: 1 / 5, strokes: 2 / 9
iteration step 73, G_loss: 0.36801, step_acc: 6.91643, grid_scale: 1 / 5, strokes: 2 / 9
iteration step 74, G_loss: 0.36801, step_acc: 6.91643, grid_scale: 1 / 5, strokes: 2 / 9
iteration step 75, G_loss: 0.36801, step_acc: 6.91643, grid_scale: 1 / 5, strokes: 2 / 9
iteration step 76, G_loss: 0.36801, step_acc: 6.91643, grid_scale: 1 / 5, strokes: 2 / 9
iteration step 77, G_loss: 0.36801, step_acc: 6.91643, grid_scale: 1 / 5, strokes: 2 / 9
iteration step 78, G_loss: 0.36801, step_acc: 6.91643, grid_scale: 1 / 5, strokes: 2 / 9
iteration step 79, G_loss: 0.36801, step_acc: 6.91643, grid_scale: 1 / 5, strokes: 2 / 9
iteration step 80, G_loss: 0.36801, step_acc: 6.91643, grid_scale: 1 / 5, strokes: 2 / 9
iteration step 81, G_loss: 0.36801, step_acc: 6.91643, grid_scale: 1 / 5, strokes: 2 / 9
iteration step 82, G_loss: 0.36801, step_acc: 6.91643, grid_scale: 1 / 5, strokes: 2 / 9
iteration step 83, G_loss: 0.36801, step_acc: 6.91643, grid_scale: 1 / 5, strokes: 2 / 9
iteration step 84, G_loss: 0.36801, step_acc: 6.91643, grid_scale: 1 / 5, strokes: 2 / 9
iteration step 85, G_loss: 0.36801, step_acc: 6.91643, grid_scale: 1 / 5, strokes: 2 / 9
iteration step 86, G_loss: 0.36801, step_acc: 6.91643, grid_scale: 1 / 5, strokes: 2 / 9
iteration step 87, G_loss: 0.36801, step_acc: 6.91643, grid_scale: 1 / 5, strokes: 2 / 9
iteration step 88, G_loss: 0.36801, step_acc: 6.91643, grid_scale: 1 / 5, strokes: 2 / 9
iteration step 89, G_loss: 0.36801, step_acc: 6.91643, grid_scale: 1 / 5, strokes: 2 / 9
iteration step 90, G_loss: 0.36801, step_acc: 6.91643, grid_scale: 1 / 5, strokes: 2 / 9
iteration step 91, G_loss: 0.36801, step_acc: 6.91643, grid_scale: 1 / 5, strokes: 2 / 9
iteration step 92, G_loss: 0.36801, step_acc: 6.91643, grid_scale: 1 / 5, strokes: 2 / 9
iteration step 93, G_loss: 0.36801, step_acc: 6.91643, grid_scale: 1 / 5, strokes: 2 / 9
iteration step 94, G_loss: 0.36801, step_acc: 6.91643, grid_scale: 1 / 5, strokes: 2 / 9
iteration step 95, G_loss: 0.36801, step_acc: 6.91643, grid_scale: 1 / 5, strokes: 2 / 9
iteration step 96, G_loss: 0.36801, step_acc: 6.91643, grid_scale: 1 / 5, strokes: 2 / 9
iteration step 97, G_loss: 0.36801, step_acc: 6.91643, grid_scale: 1 / 5, strokes: 2 / 9
iteration step 98, G_loss: 0.36801, step_acc: 6.91643, grid_scale: 1 / 5, strokes: 2 / 9
iteration step 99, G_loss: 0.36801, step_acc: 6.91643, grid_scale: 1 / 5, strokes: 2 / 9
iteration step 100, G_loss: 0.36801, step_acc: 6.91643, grid_scale: 1 / 5, strokes: 2 / 9
iteration step 101, G_loss: 0.36801, step_acc: 6.91643, grid_scale: 1 / 5, strokes: 2 / 9
iteration step 102, G_loss: 0.36801, step_acc: 6.91643, grid_scale: 1 / 5, strokes: 2 / 9
iteration step 103, G_loss: 0.36801, step_acc: 6.91643, grid_scale: 1 / 5, strokes: 2 / 9
iteration step 104, G_loss: 0.36801, step_acc: 6.91643, grid_scale: 1 / 5, strokes: 2 / 9
iteration step 105, G_loss: 0.36801, step_acc: 6.91643, grid_scale: 1 / 5, strokes: 2 / 9
iteration step 106, G_loss: 0.36801, step_acc: 6.91643, grid_scale: 1 / 5, strokes: 2 / 9
iteration step 107, G_loss: 0.36801, step_acc: 6.91643, grid_scale: 1 / 5, strokes: 2 / 9
iteration step 108, G_loss: 0.36801, step_acc: 6.91643, grid_scale: 1 / 5, strokes: 2 / 9
iteration step 109, G_loss: 0.36801, step_acc: 6.91643, grid_scale: 1 / 5, strokes: 2 / 9
iteration step 110, G_loss: 0.36801, step_acc: 6.91643, grid_scale: 1 / 5, strokes: 3 / 9
iteration step 111, G_loss: 0.36801, step_acc: 6.91643, grid_scale: 1 / 5, strokes: 3 / 9
iteration step 112, G_loss: 0.36801, step_acc: 6.91643, grid_scale: 1 / 5, strokes: 3 / 9
iteration step 113, G_loss: 0.36801, step_acc: 6.91643, grid_scale: 1 / 5, strokes: 3 / 9
iteration step 114, G_loss: 0.36801, step_acc: 6.91643, grid_scale: 1 / 5, strokes: 3 / 9
iteration step 115, G_loss: 0.36801, step_acc: 6.91643, grid_scale: 1 / 5, strokes: 3 / 9
iteration step 116, G_loss: 0.36801, step_acc: 6.91643, grid_scale: 1 / 5, strokes: 3 / 9
iteration step 117, G_loss: 0.36801, step_acc: 6.91643, grid_scale: 1 / 5, strokes: 3 / 9
iteration step 118, G_loss: 0.36801, step_acc: 6.91643, grid_scale: 1 / 5, strokes: 3 / 9
iteration step 119, G_loss: 0.36801, step_acc: 6.91643, grid_scale: 1 / 5, strokes: 3 / 9
iteration step 120, G_loss: 0.36801, step_acc: 6.91643, grid_scale: 1 / 5, strokes: 3 / 9
iteration step 121, G_loss: 0.36801, step_acc: 6.91643, grid_scale: 1 / 5, strokes: 3 / 9
iteration step 122, G_loss: 0.36801, step_acc: 6.91643, grid_scale: 1 / 5, strokes: 3 / 9
iteration step 123, G_loss: 0.36801, step_acc: 6.91643, grid_scale: 1 / 5, strokes: 3 / 9
iteration step 124, G_loss: 0.36801, step_acc: 6.91643, grid_scale: 1 / 5, strokes: 3 / 9
iteration step 125, G_loss: 0.36801, step_acc: 6.91643, grid_scale: 1 / 5, strokes: 3 / 9
iteration step 126, G_loss: 0.36801, step_acc: 6.91643, grid_scale: 1 / 5, strokes: 3 / 9
iteration step 127, G_loss: 0.36801, step_acc: 6.91643, grid_scale: 1 / 5, strokes: 3 / 9
iteration step 128, G_loss: 0.36801, step_acc: 6.91643, grid_scale: 1 / 5, strokes: 3 / 9
iteration step 129, G_loss: 0.36801, step_acc: 6.91643, grid_scale: 1 / 5, strokes: 3 / 9
iteration step 130, G_loss: 0.36801, step_acc: 6.91643, grid_scale: 1 / 5, strokes: 3 / 9
iteration step 131, G_loss: 0.36801, step_acc: 6.91643, grid_scale: 1 / 5, strokes: 3 / 9
iteration step 132, G_loss: 0.36801, step_acc: 6.91643, grid_scale: 1 / 5, strokes: 3 / 9
iteration step 133, G_loss: 0.36801, step_acc: 6.91643, grid_scale: 1 / 5, strokes: 3 / 9
iteration step 134, G_loss: 0.36801, step_acc: 6.91643, grid_scale: 1 / 5, strokes: 3 / 9
iteration step 135, G_loss: 0.36801, step_acc: 6.91643, grid_scale: 1 / 5, strokes: 3 / 9
iteration step 136, G_loss: 0.36801, step_acc: 6.91643, grid_scale: 1 / 5, strokes: 3 / 9
iteration step 137, G_loss: 0.36801, step_acc: 6.91643, grid_scale: 1 / 5, strokes: 3 / 9
iteration step 138, G_loss: 0.36801, step_acc: 6.91643, grid_scale: 1 / 5, strokes: 3 / 9
iteration step 139, G_loss: 0.36801, step_acc: 6.91643, grid_scale: 1 / 5, strokes: 3 / 9
iteration step 140, G_loss: 0.36801, step_acc: 6.91643, grid_scale: 1 / 5, strokes: 3 / 9
iteration step 141, G_loss: 0.36801, step_acc: 6.91643, grid_scale: 1 / 5, strokes: 3 / 9
iteration step 142, G_loss: 0.36801, step_acc: 6.91643, grid_scale: 1 / 5, strokes: 3 / 9
iteration step 143, G_loss: 0.36801, step_acc: 6.91643, grid_scale: 1 / 5, strokes: 3 / 9
iteration step 144, G_loss: 0.36801, step_acc: 6.91643, grid_scale: 1 / 5, strokes: 3 / 9
iteration step 145, G_loss: 0.36801, step_acc: 6.91643, grid_scale: 1 / 5, strokes: 3 / 9
iteration step 146, G_loss: 0.36801, step_acc: 6.91643, grid_scale: 1 / 5, strokes: 3 / 9
iteration step 147, G_loss: 0.36801, step_acc: 6.91643, grid_scale: 1 / 5, strokes: 3 / 9
iteration step 148, G_loss: 0.36801, step_acc: 6.91643, grid_scale: 1 / 5, strokes: 3 / 9
iteration step 149, G_loss: 0.36801, step_acc: 6.91643, grid_scale: 1 / 5, strokes: 3 / 9
iteration step 150, G_loss: 0.36801, step_acc: 6.91643, grid_scale: 1 / 5, strokes: 3 / 9
iteration step 151, G_loss: 0.36801, step_acc: 6.91643, grid_scale: 1 / 5, strokes: 3 / 9
iteration step 152, G_loss: 0.36801, step_acc: 6.91643, grid_scale: 1 / 5, strokes: 3 / 9
iteration step 153, G_loss: 0.36801, step_acc: 6.91643, grid_scale: 1 / 5, strokes: 3 / 9
iteration step 154, G_loss: 0.36801, step_acc: 6.91643, grid_scale: 1 / 5, strokes: 3 / 9
iteration step 155, G_loss: 0.36801, step_acc: 6.91643, grid_scale: 1 / 5, strokes: 3 / 9
iteration step 156, G_loss: 0.36801, step_acc: 6.91643, grid_scale: 1 / 5, strokes: 3 / 9
iteration step 157, G_loss: 0.36801, step_acc: 6.91643, grid_scale: 1 / 5, strokes: 3 / 9
iteration step 158, G_loss: 0.36801, step_acc: 6.91643, grid_scale: 1 / 5, strokes: 3 / 9
iteration step 159, G_loss: 0.36801, step_acc: 6.91643, grid_scale: 1 / 5, strokes: 3 / 9
iteration step 160, G_loss: 0.36801, step_acc: 6.91640, grid_scale: 1 / 5, strokes: 3 / 9
iteration step 161, G_loss: 0.36802, step_acc: 6.91643, grid_scale: 1 / 5, strokes: 3 / 9
iteration step 162, G_loss: 0.36801, step_acc: 6.91643, grid_scale: 1 / 5, strokes: 3 / 9
iteration step 163, G_loss: 0.36801, step_acc: 6.91643, grid_scale: 1 / 5, strokes: 3 / 9
iteration step 164, G_loss: 0.36801, step_acc: 6.91643, grid_scale: 1 / 5, strokes: 3 / 9
iteration step 165, G_loss: 0.36801, step_acc: 6.91643, grid_scale: 1 / 5, strokes: 4 / 9
iteration step 166, G_loss: 0.36801, step_acc: 6.91643, grid_scale: 1 / 5, strokes: 4 / 9
iteration step 167, G_loss: 0.36801, step_acc: 6.91643, grid_scale: 1 / 5, strokes: 4 / 9
iteration step 168, G_loss: 0.36801, step_acc: 6.91643, grid_scale: 1 / 5, strokes: 4 / 9
iteration step 169, G_loss: 0.36801, step_acc: 6.91643, grid_scale: 1 / 5, strokes: 4 / 9
iteration step 170, G_loss: 0.36801, step_acc: 6.91643, grid_scale: 1 / 5, strokes: 4 / 9
iteration step 171, G_loss: 0.36801, step_acc: 6.91643, grid_scale: 1 / 5, strokes: 4 / 9
iteration step 172, G_loss: 0.36801, step_acc: 6.91643, grid_scale: 1 / 5, strokes: 4 / 9
iteration step 173, G_loss: 0.36801, step_acc: 6.91643, grid_scale: 1 / 5, strokes: 4 / 9
iteration step 174, G_loss: 0.36801, step_acc: 6.91643, grid_scale: 1 / 5, strokes: 4 / 9
iteration step 175, G_loss: 0.36801, step_acc: 6.91643, grid_scale: 1 / 5, strokes: 4 / 9
iteration step 176, G_loss: 0.36801, step_acc: 6.91643, grid_scale: 1 / 5, strokes: 4 / 9
iteration step 177, G_loss: 0.36801, step_acc: 6.91643, grid_scale: 1 / 5, strokes: 4 / 9
iteration step 178, G_loss: 0.36801, step_acc: 6.91643, grid_scale: 1 / 5, strokes: 4 / 9
iteration step 179, G_loss: 0.36801, step_acc: 6.91643, grid_scale: 1 / 5, strokes: 4 / 9
iteration step 180, G_loss: 0.36801, step_acc: 6.91643, grid_scale: 1 / 5, strokes: 4 / 9
iteration step 181, G_loss: 0.36801, step_acc: 6.91643, grid_scale: 1 / 5, strokes: 4 / 9
iteration step 182, G_loss: 0.36801, step_acc: 6.91643, grid_scale: 1 / 5, strokes: 4 / 9
iteration step 183, G_loss: 0.36801, step_acc: 6.91643, grid_scale: 1 / 5, strokes: 4 / 9
iteration step 184, G_loss: 0.36801, step_acc: 6.91643, grid_scale: 1 / 5, strokes: 4 / 9
iteration step 185, G_loss: 0.36801, step_acc: 6.91643, grid_scale: 1 / 5, strokes: 4 / 9
iteration step 186, G_loss: 0.36801, step_acc: 6.91643, grid_scale: 1 / 5, strokes: 4 / 9
iteration step 187, G_loss: 0.36801, step_acc: 6.91643, grid_scale: 1 / 5, strokes: 4 / 9
iteration step 188, G_loss: 0.36801, step_acc: 6.91643, grid_scale: 1 / 5, strokes: 4 / 9
iteration step 189, G_loss: 0.36801, step_acc: 6.91643, grid_scale: 1 / 5, strokes: 4 / 9
iteration step 190, G_loss: 0.36801, step_acc: 6.91643, grid_scale: 1 / 5, strokes: 4 / 9
iteration step 191, G_loss: 0.36801, step_acc: 6.91643, grid_scale: 1 / 5, strokes: 4 / 9
iteration step 192, G_loss: 0.36801, step_acc: 6.91643, grid_scale: 1 / 5, strokes: 4 / 9
iteration step 193, G_loss: 0.36801, step_acc: 6.91643, grid_scale: 1 / 5, strokes: 4 / 9
iteration step 194, G_loss: 0.36801, step_acc: 6.91643, grid_scale: 1 / 5, strokes: 4 / 9
iteration step 195, G_loss: 0.36801, step_acc: 6.91643, grid_scale: 1 / 5, strokes: 4 / 9
iteration step 196, G_loss: 0.36801, step_acc: 6.91643, grid_scale: 1 / 5, strokes: 4 / 9
iteration step 197, G_loss: 0.36801, step_acc: 6.91643, grid_scale: 1 / 5, strokes: 4 / 9
iteration step 198, G_loss: 0.36801, step_acc: 6.91643, grid_scale: 1 / 5, strokes: 4 / 9
iteration step 199, G_loss: 0.36801, step_acc: 6.91643, grid_scale: 1 / 5, strokes: 4 / 9
iteration step 200, G_loss: 0.36801, step_acc: 6.91643, grid_scale: 1 / 5, strokes: 4 / 9
iteration step 201, G_loss: 0.36801, step_acc: 6.91643, grid_scale: 1 / 5, strokes: 4 / 9
iteration step 202, G_loss: 0.36801, step_acc: 6.91643, grid_scale: 1 / 5, strokes: 4 / 9
iteration step 203, G_loss: 0.36801, step_acc: 6.91643, grid_scale: 1 / 5, strokes: 4 / 9
iteration step 204, G_loss: 0.36801, step_acc: 6.91643, grid_scale: 1 / 5, strokes: 4 / 9
iteration step 205, G_loss: 0.36801, step_acc: 6.91643, grid_scale: 1 / 5, strokes: 4 / 9
iteration step 206, G_loss: 0.36801, step_acc: 6.91643, grid_scale: 1 / 5, strokes: 4 / 9
iteration step 207, G_loss: 0.36801, step_acc: 6.91643, grid_scale: 1 / 5, strokes: 4 / 9
iteration step 208, G_loss: 0.36801, step_acc: 6.91643, grid_scale: 1 / 5, strokes: 4 / 9
iteration step 209, G_loss: 0.36801, step_acc: 6.91643, grid_scale: 1 / 5, strokes: 4 / 9
iteration step 210, G_loss: 0.36801, step_acc: 6.91643, grid_scale: 1 / 5, strokes: 4 / 9
iteration step 211, G_loss: 0.36801, step_acc: 6.91643, grid_scale: 1 / 5, strokes: 4 / 9
iteration step 212, G_loss: 0.36801, step_acc: 6.91643, grid_scale: 1 / 5, strokes: 4 / 9
iteration step 213, G_loss: 0.36801, step_acc: 6.91643, grid_scale: 1 / 5, strokes: 4 / 9
iteration step 214, G_loss: 0.36801, step_acc: 6.91643, grid_scale: 1 / 5, strokes: 4 / 9
iteration step 215, G_loss: 0.36801, step_acc: 6.91643, grid_scale: 1 / 5, strokes: 4 / 9
iteration step 216, G_loss: 0.36801, step_acc: 6.91643, grid_scale: 1 / 5, strokes: 4 / 9
iteration step 217, G_loss: 0.36801, step_acc: 6.91643, grid_scale: 1 / 5, strokes: 4 / 9
iteration step 218, G_loss: 0.36801, step_acc: 6.91643, grid_scale: 1 / 5, strokes: 4 / 9
iteration step 219, G_loss: 0.36801, step_acc: 6.91643, grid_scale: 1 / 5, strokes: 4 / 9
iteration step 220, G_loss: 0.36801, step_acc: 6.91643, grid_scale: 1 / 5, strokes: 5 / 9
iteration step 221, G_loss: 0.36801, step_acc: 6.91643, grid_scale: 1 / 5, strokes: 5 / 9
iteration step 222, G_loss: 0.36801, step_acc: 6.91643, grid_scale: 1 / 5, strokes: 5 / 9
iteration step 223, G_loss: 0.36801, step_acc: 6.91643, grid_scale: 1 / 5, strokes: 5 / 9
iteration step 224, G_loss: 0.36801, step_acc: 6.91643, grid_scale: 1 / 5, strokes: 5 / 9
iteration step 225, G_loss: 0.36801, step_acc: 6.91643, grid_scale: 1 / 5, strokes: 5 / 9
iteration step 226, G_loss: 0.36801, step_acc: 6.91643, grid_scale: 1 / 5, strokes: 5 / 9
iteration step 227, G_loss: 0.36801, step_acc: 6.91643, grid_scale: 1 / 5, strokes: 5 / 9
iteration step 228, G_loss: 0.36801, step_acc: 6.91639, grid_scale: 1 / 5, strokes: 5 / 9
iteration step 229, G_loss: 0.36802, step_acc: 6.91643, grid_scale: 1 / 5, strokes: 5 / 9
iteration step 230, G_loss: 0.36801, step_acc: 6.91643, grid_scale: 1 / 5, strokes: 5 / 9
iteration step 231, G_loss: 0.36801, step_acc: 6.91643, grid_scale: 1 / 5, strokes: 5 / 9
iteration step 232, G_loss: 0.36801, step_acc: 6.91643, grid_scale: 1 / 5, strokes: 5 / 9
iteration step 233, G_loss: 0.36801, step_acc: 6.91643, grid_scale: 1 / 5, strokes: 5 / 9
iteration step 234, G_loss: 0.36801, step_acc: 6.91643, grid_scale: 1 / 5, strokes: 5 / 9
iteration step 235, G_loss: 0.36801, step_acc: 6.91643, grid_scale: 1 / 5, strokes: 5 / 9
iteration step 236, G_loss: 0.36801, step_acc: 6.91643, grid_scale: 1 / 5, strokes: 5 / 9
iteration step 237, G_loss: 0.36801, step_acc: 6.91643, grid_scale: 1 / 5, strokes: 5 / 9
iteration step 238, G_loss: 0.36801, step_acc: 6.91643, grid_scale: 1 / 5, strokes: 5 / 9
iteration step 239, G_loss: 0.36801, step_acc: 6.91643, grid_scale: 1 / 5, strokes: 5 / 9
iteration step 240, G_loss: 0.36801, step_acc: 6.91643, grid_scale: 1 / 5, strokes: 5 / 9
iteration step 241, G_loss: 0.36801, step_acc: 6.91643, grid_scale: 1 / 5, strokes: 5 / 9
iteration step 242, G_loss: 0.36801, step_acc: 6.91643, grid_scale: 1 / 5, strokes: 5 / 9
iteration step 243, G_loss: 0.36801, step_acc: 6.91643, grid_scale: 1 / 5, strokes: 5 / 9
iteration step 244, G_loss: 0.36801, step_acc: 6.91643, grid_scale: 1 / 5, strokes: 5 / 9
iteration step 245, G_loss: 0.36801, step_acc: 6.91643, grid_scale: 1 / 5, strokes: 5 / 9
iteration step 246, G_loss: 0.36801, step_acc: 6.91643, grid_scale: 1 / 5, strokes: 5 / 9
iteration step 247, G_loss: 0.36801, step_acc: 6.91643, grid_scale: 1 / 5, strokes: 5 / 9
iteration step 248, G_loss: 0.36801, step_acc: 6.91643, grid_scale: 1 / 5, strokes: 5 / 9
iteration step 249, G_loss: 0.36801, step_acc: 6.91643, grid_scale: 1 / 5, strokes: 5 / 9
iteration step 250, G_loss: 0.36801, step_acc: 6.91643, grid_scale: 1 / 5, strokes: 5 / 9
iteration step 251, G_loss: 0.36801, step_acc: 6.91643, grid_scale: 1 / 5, strokes: 5 / 9
iteration step 252, G_loss: 0.36801, step_acc: 6.91643, grid_scale: 1 / 5, strokes: 5 / 9
iteration step 253, G_loss: 0.36801, step_acc: 6.91643, grid_scale: 1 / 5, strokes: 5 / 9
iteration step 254, G_loss: 0.36801, step_acc: 6.91643, grid_scale: 1 / 5, strokes: 5 / 9
iteration step 255, G_loss: 0.36801, step_acc: 6.91643, grid_scale: 1 / 5, strokes: 5 / 9
iteration step 256, G_loss: 0.36801, step_acc: 6.91643, grid_scale: 1 / 5, strokes: 5 / 9
iteration step 257, G_loss: 0.36801, step_acc: 6.91643, grid_scale: 1 / 5, strokes: 5 / 9
iteration step 258, G_loss: 0.36801, step_acc: 6.91643, grid_scale: 1 / 5, strokes: 5 / 9
iteration step 259, G_loss: 0.36801, step_acc: 6.91643, grid_scale: 1 / 5, strokes: 5 / 9
iteration step 260, G_loss: 0.36801, step_acc: 6.91643, grid_scale: 1 / 5, strokes: 5 / 9
iteration step 261, G_loss: 0.36801, step_acc: 6.91643, grid_scale: 1 / 5, strokes: 5 / 9
iteration step 262, G_loss: 0.36801, step_acc: 6.91643, grid_scale: 1 / 5, strokes: 5 / 9
iteration step 263, G_loss: 0.36801, step_acc: 6.91643, grid_scale: 1 / 5, strokes: 5 / 9
iteration step 264, G_loss: 0.36801, step_acc: 6.91643, grid_scale: 1 / 5, strokes: 5 / 9
iteration step 265, G_loss: 0.36801, step_acc: 6.91643, grid_scale: 1 / 5, strokes: 5 / 9
iteration step 266, G_loss: 0.36801, step_acc: 6.91643, grid_scale: 1 / 5, strokes: 5 / 9
iteration step 267, G_loss: 0.36801, step_acc: 6.91643, grid_scale: 1 / 5, strokes: 5 / 9
iteration step 268, G_loss: 0.36801, step_acc: 6.91643, grid_scale: 1 / 5, strokes: 5 / 9
iteration step 269, G_loss: 0.36801, step_acc: 6.91643, grid_scale: 1 / 5, strokes: 5 / 9
iteration step 270, G_loss: 0.36801, step_acc: 6.91643, grid_scale: 1 / 5, strokes: 5 / 9
iteration step 271, G_loss: 0.36801, step_acc: 6.91643, grid_scale: 1 / 5, strokes: 5 / 9
iteration step 272, G_loss: 0.36801, step_acc: 6.91643, grid_scale: 1 / 5, strokes: 5 / 9
iteration step 273, G_loss: 0.36801, step_acc: 6.91643, grid_scale: 1 / 5, strokes: 5 / 9
iteration step 274, G_loss: 0.36801, step_acc: 6.91643, grid_scale: 1 / 5, strokes: 5 / 9
iteration step 275, G_loss: 0.36801, step_acc: 6.91643, grid_scale: 1 / 5, strokes: 6 / 9
iteration step 276, G_loss: 0.36801, step_acc: 6.91643, grid_scale: 1 / 5, strokes: 6 / 9
iteration step 277, G_loss: 0.36801, step_acc: 6.91643, grid_scale: 1 / 5, strokes: 6 / 9
iteration step 278, G_loss: 0.36801, step_acc: 6.91643, grid_scale: 1 / 5, strokes: 6 / 9
iteration step 279, G_loss: 0.36801, step_acc: 6.91643, grid_scale: 1 / 5, strokes: 6 / 9
iteration step 280, G_loss: 0.36801, step_acc: 6.91643, grid_scale: 1 / 5, strokes: 6 / 9
iteration step 281, G_loss: 0.36801, step_acc: 6.91643, grid_scale: 1 / 5, strokes: 6 / 9
iteration step 282, G_loss: 0.36801, step_acc: 6.91643, grid_scale: 1 / 5, strokes: 6 / 9
iteration step 283, G_loss: 0.36801, step_acc: 6.91643, grid_scale: 1 / 5, strokes: 6 / 9
iteration step 284, G_loss: 0.36801, step_acc: 6.91643, grid_scale: 1 / 5, strokes: 6 / 9
iteration step 285, G_loss: 0.36801, step_acc: 6.91643, grid_scale: 1 / 5, strokes: 6 / 9
iteration step 286, G_loss: 0.36801, step_acc: 6.91643, grid_scale: 1 / 5, strokes: 6 / 9
iteration step 287, G_loss: 0.36801, step_acc: 6.91643, grid_scale: 1 / 5, strokes: 6 / 9
iteration step 288, G_loss: 0.36801, step_acc: 6.91643, grid_scale: 1 / 5, strokes: 6 / 9
iteration step 289, G_loss: 0.36801, step_acc: 6.91643, grid_scale: 1 / 5, strokes: 6 / 9
iteration step 290, G_loss: 0.36801, step_acc: 6.91643, grid_scale: 1 / 5, strokes: 6 / 9
iteration step 291, G_loss: 0.36801, step_acc: 6.91643, grid_scale: 1 / 5, strokes: 6 / 9
iteration step 292, G_loss: 0.36801, step_acc: 6.91643, grid_scale: 1 / 5, strokes: 6 / 9
iteration step 293, G_loss: 0.36801, step_acc: 6.91643, grid_scale: 1 / 5, strokes: 6 / 9
iteration step 294, G_loss: 0.36801, step_acc: 6.91643, grid_scale: 1 / 5, strokes: 6 / 9
iteration step 295, G_loss: 0.36801, step_acc: 6.91643, grid_scale: 1 / 5, strokes: 6 / 9
iteration step 296, G_loss: 0.36801, step_acc: 6.91643, grid_scale: 1 / 5, strokes: 6 / 9
iteration step 297, G_loss: 0.36801, step_acc: 6.91643, grid_scale: 1 / 5, strokes: 6 / 9
iteration step 298, G_loss: 0.36801, step_acc: 6.91643, grid_scale: 1 / 5, strokes: 6 / 9
iteration step 299, G_loss: 0.36801, step_acc: 6.91639, grid_scale: 1 / 5, strokes: 6 / 9
iteration step 300, G_loss: 0.36802, step_acc: 6.91643, grid_scale: 1 / 5, strokes: 6 / 9
iteration step 301, G_loss: 0.36801, step_acc: 6.91643, grid_scale: 1 / 5, strokes: 6 / 9
iteration step 302, G_loss: 0.36801, step_acc: 6.91643, grid_scale: 1 / 5, strokes: 6 / 9
iteration step 303, G_loss: 0.36801, step_acc: 6.91643, grid_scale: 1 / 5, strokes: 6 / 9
iteration step 304, G_loss: 0.36801, step_acc: 6.91643, grid_scale: 1 / 5, strokes: 6 / 9
iteration step 305, G_loss: 0.36801, step_acc: 6.91643, grid_scale: 1 / 5, strokes: 6 / 9
iteration step 306, G_loss: 0.36801, step_acc: 6.91643, grid_scale: 1 / 5, strokes: 6 / 9
iteration step 307, G_loss: 0.36801, step_acc: 6.91643, grid_scale: 1 / 5, strokes: 6 / 9
iteration step 308, G_loss: 0.36801, step_acc: 6.91643, grid_scale: 1 / 5, strokes: 6 / 9
iteration step 309, G_loss: 0.36801, step_acc: 6.91643, grid_scale: 1 / 5, strokes: 6 / 9
iteration step 310, G_loss: 0.36801, step_acc: 6.91643, grid_scale: 1 / 5, strokes: 6 / 9
iteration step 311, G_loss: 0.36801, step_acc: 6.91643, grid_scale: 1 / 5, strokes: 6 / 9
iteration step 312, G_loss: 0.36801, step_acc: 6.91643, grid_scale: 1 / 5, strokes: 6 / 9
iteration step 313, G_loss: 0.36801, step_acc: 6.91643, grid_scale: 1 / 5, strokes: 6 / 9
iteration step 314, G_loss: 0.36801, step_acc: 6.91643, grid_scale: 1 / 5, strokes: 6 / 9
iteration step 315, G_loss: 0.36801, step_acc: 6.91643, grid_scale: 1 / 5, strokes: 6 / 9
iteration step 316, G_loss: 0.36801, step_acc: 6.91643, grid_scale: 1 / 5, strokes: 6 / 9
iteration step 317, G_loss: 0.36801, step_acc: 6.91643, grid_scale: 1 / 5, strokes: 6 / 9
iteration step 318, G_loss: 0.36801, step_acc: 6.91643, grid_scale: 1 / 5, strokes: 6 / 9
iteration step 319, G_loss: 0.36801, step_acc: 6.91643, grid_scale: 1 / 5, strokes: 6 / 9
iteration step 320, G_loss: 0.36801, step_acc: 6.91643, grid_scale: 1 / 5, strokes: 6 / 9
iteration step 321, G_loss: 0.36801, step_acc: 6.91643, grid_scale: 1 / 5, strokes: 6 / 9
iteration step 322, G_loss: 0.36801, step_acc: 6.91643, grid_scale: 1 / 5, strokes: 6 / 9
iteration step 323, G_loss: 0.36801, step_acc: 6.91643, grid_scale: 1 / 5, strokes: 6 / 9
iteration step 324, G_loss: 0.36801, step_acc: 6.91643, grid_scale: 1 / 5, strokes: 6 / 9
iteration step 325, G_loss: 0.36801, step_acc: 6.91643, grid_scale: 1 / 5, strokes: 6 / 9
iteration step 326, G_loss: 0.36801, step_acc: 6.91643, grid_scale: 1 / 5, strokes: 6 / 9
iteration step 327, G_loss: 0.36801, step_acc: 6.91643, grid_scale: 1 / 5, strokes: 6 / 9
iteration step 328, G_loss: 0.36801, step_acc: 6.91643, grid_scale: 1 / 5, strokes: 6 / 9
iteration step 329, G_loss: 0.36801, step_acc: 6.91643, grid_scale: 1 / 5, strokes: 6 / 9
iteration step 330, G_loss: 0.36801, step_acc: 6.91643, grid_scale: 1 / 5, strokes: 7 / 9
iteration step 331, G_loss: 0.36801, step_acc: 6.91643, grid_scale: 1 / 5, strokes: 7 / 9
iteration step 332, G_loss: 0.36801, step_acc: 6.91643, grid_scale: 1 / 5, strokes: 7 / 9
iteration step 333, G_loss: 0.36801, step_acc: 6.91643, grid_scale: 1 / 5, strokes: 7 / 9
iteration step 334, G_loss: 0.36801, step_acc: 6.91643, grid_scale: 1 / 5, strokes: 7 / 9
iteration step 335, G_loss: 0.36801, step_acc: 6.91643, grid_scale: 1 / 5, strokes: 7 / 9
iteration step 336, G_loss: 0.36801, step_acc: 6.91643, grid_scale: 1 / 5, strokes: 7 / 9
iteration step 337, G_loss: 0.36801, step_acc: 6.91643, grid_scale: 1 / 5, strokes: 7 / 9
iteration step 338, G_loss: 0.36801, step_acc: 6.91643, grid_scale: 1 / 5, strokes: 7 / 9
iteration step 339, G_loss: 0.36801, step_acc: 6.91643, grid_scale: 1 / 5, strokes: 7 / 9
iteration step 340, G_loss: 0.36801, step_acc: 6.91643, grid_scale: 1 / 5, strokes: 7 / 9
iteration step 341, G_loss: 0.36801, step_acc: 6.91643, grid_scale: 1 / 5, strokes: 7 / 9
iteration step 342, G_loss: 0.36801, step_acc: 6.91643, grid_scale: 1 / 5, strokes: 7 / 9
iteration step 343, G_loss: 0.36801, step_acc: 6.91643, grid_scale: 1 / 5, strokes: 7 / 9
iteration step 344, G_loss: 0.36801, step_acc: 6.91643, grid_scale: 1 / 5, strokes: 7 / 9
iteration step 345, G_loss: 0.36801, step_acc: 6.91643, grid_scale: 1 / 5, strokes: 7 / 9
iteration step 346, G_loss: 0.36801, step_acc: 6.91643, grid_scale: 1 / 5, strokes: 7 / 9
iteration step 347, G_loss: 0.36801, step_acc: 6.91643, grid_scale: 1 / 5, strokes: 7 / 9
iteration step 348, G_loss: 0.36801, step_acc: 6.91643, grid_scale: 1 / 5, strokes: 7 / 9
iteration step 349, G_loss: 0.36801, step_acc: 6.91643, grid_scale: 1 / 5, strokes: 7 / 9
iteration step 350, G_loss: 0.36801, step_acc: 6.91643, grid_scale: 1 / 5, strokes: 7 / 9
iteration step 351, G_loss: 0.36801, step_acc: 6.91643, grid_scale: 1 / 5, strokes: 7 / 9
iteration step 352, G_loss: 0.36801, step_acc: 6.91643, grid_scale: 1 / 5, strokes: 7 / 9
iteration step 353, G_loss: 0.36801, step_acc: 6.91643, grid_scale: 1 / 5, strokes: 7 / 9
iteration step 354, G_loss: 0.36801, step_acc: 6.91643, grid_scale: 1 / 5, strokes: 7 / 9
iteration step 355, G_loss: 0.36801, step_acc: 6.91643, grid_scale: 1 / 5, strokes: 7 / 9
iteration step 356, G_loss: 0.36801, step_acc: 6.91643, grid_scale: 1 / 5, strokes: 7 / 9
iteration step 357, G_loss: 0.36801, step_acc: 6.91643, grid_scale: 1 / 5, strokes: 7 / 9
iteration step 358, G_loss: 0.36801, step_acc: 6.91643, grid_scale: 1 / 5, strokes: 7 / 9
iteration step 359, G_loss: 0.36801, step_acc: 6.91643, grid_scale: 1 / 5, strokes: 7 / 9
iteration step 360, G_loss: 0.36801, step_acc: 6.91643, grid_scale: 1 / 5, strokes: 7 / 9
iteration step 361, G_loss: 0.36801, step_acc: 6.91643, grid_scale: 1 / 5, strokes: 7 / 9
iteration step 362, G_loss: 0.36801, step_acc: 6.91643, grid_scale: 1 / 5, strokes: 7 / 9
iteration step 363, G_loss: 0.36801, step_acc: 6.91643, grid_scale: 1 / 5, strokes: 7 / 9
iteration step 364, G_loss: 0.36801, step_acc: 6.91643, grid_scale: 1 / 5, strokes: 7 / 9
iteration step 365, G_loss: 0.36801, step_acc: 6.91643, grid_scale: 1 / 5, strokes: 7 / 9
iteration step 366, G_loss: 0.36801, step_acc: 6.91643, grid_scale: 1 / 5, strokes: 7 / 9
iteration step 367, G_loss: 0.36801, step_acc: 6.91643, grid_scale: 1 / 5, strokes: 7 / 9
iteration step 368, G_loss: 0.36801, step_acc: 6.91643, grid_scale: 1 / 5, strokes: 7 / 9
iteration step 369, G_loss: 0.36801, step_acc: 6.91643, grid_scale: 1 / 5, strokes: 7 / 9
iteration step 370, G_loss: 0.36801, step_acc: 6.91643, grid_scale: 1 / 5, strokes: 7 / 9
iteration step 371, G_loss: 0.36801, step_acc: 6.91643, grid_scale: 1 / 5, strokes: 7 / 9
iteration step 372, G_loss: 0.36801, step_acc: 6.91643, grid_scale: 1 / 5, strokes: 7 / 9
iteration step 373, G_loss: 0.36801, step_acc: 6.91643, grid_scale: 1 / 5, strokes: 7 / 9
iteration step 374, G_loss: 0.36801, step_acc: 6.91643, grid_scale: 1 / 5, strokes: 7 / 9
iteration step 375, G_loss: 0.36801, step_acc: 6.91643, grid_scale: 1 / 5, strokes: 7 / 9
iteration step 376, G_loss: 0.36801, step_acc: 6.91643, grid_scale: 1 / 5, strokes: 7 / 9
iteration step 377, G_loss: 0.36801, step_acc: 6.91643, grid_scale: 1 / 5, strokes: 7 / 9
iteration step 378, G_loss: 0.36801, step_acc: 6.91643, grid_scale: 1 / 5, strokes: 7 / 9
iteration step 379, G_loss: 0.36801, step_acc: 6.91643, grid_scale: 1 / 5, strokes: 7 / 9
iteration step 380, G_loss: 0.36801, step_acc: 6.91643, grid_scale: 1 / 5, strokes: 7 / 9
iteration step 381, G_loss: 0.36801, step_acc: 6.91643, grid_scale: 1 / 5, strokes: 7 / 9
iteration step 382, G_loss: 0.36801, step_acc: 6.91643, grid_scale: 1 / 5, strokes: 7 / 9
iteration step 383, G_loss: 0.36801, step_acc: 6.91643, grid_scale: 1 / 5, strokes: 7 / 9
iteration step 384, G_loss: 0.36801, step_acc: 6.91643, grid_scale: 1 / 5, strokes: 7 / 9
iteration step 385, G_loss: 0.36801, step_acc: 6.91643, grid_scale: 1 / 5, strokes: 8 / 9
iteration step 386, G_loss: 0.36801, step_acc: 6.91643, grid_scale: 1 / 5, strokes: 8 / 9
iteration step 387, G_loss: 0.36801, step_acc: 6.91643, grid_scale: 1 / 5, strokes: 8 / 9
iteration step 388, G_loss: 0.36801, step_acc: 6.91643, grid_scale: 1 / 5, strokes: 8 / 9
iteration step 389, G_loss: 0.36801, step_acc: 6.91643, grid_scale: 1 / 5, strokes: 8 / 9
iteration step 390, G_loss: 0.36801, step_acc: 6.91643, grid_scale: 1 / 5, strokes: 8 / 9
iteration step 391, G_loss: 0.36801, step_acc: 6.91643, grid_scale: 1 / 5, strokes: 8 / 9
iteration step 392, G_loss: 0.36801, step_acc: 6.91643, grid_scale: 1 / 5, strokes: 8 / 9
iteration step 393, G_loss: 0.36801, step_acc: 6.91643, grid_scale: 1 / 5, strokes: 8 / 9
iteration step 394, G_loss: 0.36801, step_acc: 6.91643, grid_scale: 1 / 5, strokes: 8 / 9
iteration step 395, G_loss: 0.36801, step_acc: 6.91643, grid_scale: 1 / 5, strokes: 8 / 9
iteration step 396, G_loss: 0.36801, step_acc: 6.91643, grid_scale: 1 / 5, strokes: 8 / 9
iteration step 397, G_loss: 0.36801, step_acc: 6.91643, grid_scale: 1 / 5, strokes: 8 / 9
iteration step 398, G_loss: 0.36801, step_acc: 6.91643, grid_scale: 1 / 5, strokes: 8 / 9
iteration step 399, G_loss: 0.36801, step_acc: 6.91643, grid_scale: 1 / 5, strokes: 8 / 9
iteration step 400, G_loss: 0.36801, step_acc: 6.91643, grid_scale: 1 / 5, strokes: 8 / 9
iteration step 401, G_loss: 0.36801, step_acc: 6.91643, grid_scale: 1 / 5, strokes: 8 / 9
iteration step 402, G_loss: 0.36801, step_acc: 6.91643, grid_scale: 1 / 5, strokes: 8 / 9
iteration step 403, G_loss: 0.36801, step_acc: 6.91643, grid_scale: 1 / 5, strokes: 8 / 9
iteration step 404, G_loss: 0.36801, step_acc: 6.91643, grid_scale: 1 / 5, strokes: 8 / 9
iteration step 405, G_loss: 0.36801, step_acc: 6.91643, grid_scale: 1 / 5, strokes: 8 / 9
iteration step 406, G_loss: 0.36801, step_acc: 6.91643, grid_scale: 1 / 5, strokes: 8 / 9
iteration step 407, G_loss: 0.36801, step_acc: 6.91643, grid_scale: 1 / 5, strokes: 8 / 9
iteration step 408, G_loss: 0.36801, step_acc: 6.91643, grid_scale: 1 / 5, strokes: 8 / 9
iteration step 409, G_loss: 0.36801, step_acc: 6.91643, grid_scale: 1 / 5, strokes: 8 / 9
iteration step 410, G_loss: 0.36801, step_acc: 6.91643, grid_scale: 1 / 5, strokes: 8 / 9
iteration step 411, G_loss: 0.36801, step_acc: 6.91643, grid_scale: 1 / 5, strokes: 8 / 9
iteration step 412, G_loss: 0.36801, step_acc: 6.91643, grid_scale: 1 / 5, strokes: 8 / 9
iteration step 413, G_loss: 0.36801, step_acc: 6.91643, grid_scale: 1 / 5, strokes: 8 / 9
iteration step 414, G_loss: 0.36801, step_acc: 6.91643, grid_scale: 1 / 5, strokes: 8 / 9
iteration step 415, G_loss: 0.36801, step_acc: 6.91643, grid_scale: 1 / 5, strokes: 8 / 9
iteration step 416, G_loss: 0.36801, step_acc: 6.91643, grid_scale: 1 / 5, strokes: 8 / 9
iteration step 417, G_loss: 0.36801, step_acc: 6.91643, grid_scale: 1 / 5, strokes: 8 / 9
iteration step 418, G_loss: 0.36801, step_acc: 6.91643, grid_scale: 1 / 5, strokes: 8 / 9
iteration step 419, G_loss: 0.36801, step_acc: 6.91643, grid_scale: 1 / 5, strokes: 8 / 9
iteration step 420, G_loss: 0.36801, step_acc: 6.91643, grid_scale: 1 / 5, strokes: 8 / 9
iteration step 421, G_loss: 0.36801, step_acc: 6.91643, grid_scale: 1 / 5, strokes: 8 / 9
iteration step 422, G_loss: 0.36801, step_acc: 6.91643, grid_scale: 1 / 5, strokes: 8 / 9
iteration step 423, G_loss: 0.36801, step_acc: 6.91643, grid_scale: 1 / 5, strokes: 8 / 9
iteration step 424, G_loss: 0.36801, step_acc: 6.91643, grid_scale: 1 / 5, strokes: 8 / 9
iteration step 425, G_loss: 0.36801, step_acc: 6.91643, grid_scale: 1 / 5, strokes: 8 / 9
iteration step 426, G_loss: 0.36801, step_acc: 6.91643, grid_scale: 1 / 5, strokes: 8 / 9
iteration step 427, G_loss: 0.36801, step_acc: 6.91643, grid_scale: 1 / 5, strokes: 8 / 9
iteration step 428, G_loss: 0.36801, step_acc: 6.91643, grid_scale: 1 / 5, strokes: 8 / 9
iteration step 429, G_loss: 0.36801, step_acc: 6.91643, grid_scale: 1 / 5, strokes: 8 / 9
iteration step 430, G_loss: 0.36801, step_acc: 6.91643, grid_scale: 1 / 5, strokes: 8 / 9
iteration step 431, G_loss: 0.36801, step_acc: 6.91643, grid_scale: 1 / 5, strokes: 8 / 9
iteration step 432, G_loss: 0.36801, step_acc: 6.91643, grid_scale: 1 / 5, strokes: 8 / 9
iteration step 433, G_loss: 0.36801, step_acc: 6.91643, grid_scale: 1 / 5, strokes: 8 / 9
iteration step 434, G_loss: 0.36801, step_acc: 6.91643, grid_scale: 1 / 5, strokes: 8 / 9
iteration step 435, G_loss: 0.36801, step_acc: 6.91643, grid_scale: 1 / 5, strokes: 8 / 9
iteration step 436, G_loss: 0.36801, step_acc: 6.91643, grid_scale: 1 / 5, strokes: 8 / 9
iteration step 437, G_loss: 0.36801, step_acc: 6.91643, grid_scale: 1 / 5, strokes: 8 / 9
iteration step 438, G_loss: 0.36801, step_acc: 6.91643, grid_scale: 1 / 5, strokes: 8 / 9
iteration step 439, G_loss: 0.36801, step_acc: 6.91643, grid_scale: 1 / 5, strokes: 8 / 9
iteration step 440, G_loss: 0.36801, step_acc: 6.91643, grid_scale: 1 / 5, strokes: 9 / 9
iteration step 441, G_loss: 0.36801, step_acc: 6.91643, grid_scale: 1 / 5, strokes: 9 / 9
iteration step 442, G_loss: 0.36801, step_acc: 6.91643, grid_scale: 1 / 5, strokes: 9 / 9
iteration step 443, G_loss: 0.36801, step_acc: 6.91643, grid_scale: 1 / 5, strokes: 9 / 9
iteration step 444, G_loss: 0.36801, step_acc: 6.91643, grid_scale: 1 / 5, strokes: 9 / 9
iteration step 445, G_loss: 0.36801, step_acc: 6.91643, grid_scale: 1 / 5, strokes: 9 / 9
iteration step 446, G_loss: 0.36801, step_acc: 6.91643, grid_scale: 1 / 5, strokes: 9 / 9
iteration step 447, G_loss: 0.36801, step_acc: 6.91643, grid_scale: 1 / 5, strokes: 9 / 9
iteration step 448, G_loss: 0.36801, step_acc: 6.91643, grid_scale: 1 / 5, strokes: 9 / 9
iteration step 449, G_loss: 0.36801, step_acc: 6.91643, grid_scale: 1 / 5, strokes: 9 / 9
iteration step 450, G_loss: 0.36801, step_acc: 6.91643, grid_scale: 1 / 5, strokes: 9 / 9
iteration step 451, G_loss: 0.36801, step_acc: 6.91643, grid_scale: 1 / 5, strokes: 9 / 9
iteration step 452, G_loss: 0.36801, step_acc: 6.91643, grid_scale: 1 / 5, strokes: 9 / 9
iteration step 453, G_loss: 0.36801, step_acc: 6.91643, grid_scale: 1 / 5, strokes: 9 / 9
iteration step 454, G_loss: 0.36801, step_acc: 6.91643, grid_scale: 1 / 5, strokes: 9 / 9
iteration step 455, G_loss: 0.36801, step_acc: 6.91643, grid_scale: 1 / 5, strokes: 9 / 9
iteration step 456, G_loss: 0.36801, step_acc: 6.91643, grid_scale: 1 / 5, strokes: 9 / 9
iteration step 457, G_loss: 0.36801, step_acc: 6.91643, grid_scale: 1 / 5, strokes: 9 / 9
iteration step 458, G_loss: 0.36801, step_acc: 6.91643, grid_scale: 1 / 5, strokes: 9 / 9
iteration step 459, G_loss: 0.36801, step_acc: 6.91643, grid_scale: 1 / 5, strokes: 9 / 9
iteration step 460, G_loss: 0.36801, step_acc: 6.91637, grid_scale: 1 / 5, strokes: 9 / 9
iteration step 461, G_loss: 0.36802, step_acc: 6.91643, grid_scale: 1 / 5, strokes: 9 / 9
iteration step 462, G_loss: 0.36801, step_acc: 6.91643, grid_scale: 1 / 5, strokes: 9 / 9
iteration step 463, G_loss: 0.36801, step_acc: 6.91643, grid_scale: 1 / 5, strokes: 9 / 9
iteration step 464, G_loss: 0.36801, step_acc: 6.91643, grid_scale: 1 / 5, strokes: 9 / 9
iteration step 465, G_loss: 0.36801, step_acc: 6.91643, grid_scale: 1 / 5, strokes: 9 / 9
iteration step 466, G_loss: 0.36801, step_acc: 6.91643, grid_scale: 1 / 5, strokes: 9 / 9
iteration step 467, G_loss: 0.36801, step_acc: 6.91643, grid_scale: 1 / 5, strokes: 9 / 9
iteration step 468, G_loss: 0.36801, step_acc: 6.91643, grid_scale: 1 / 5, strokes: 9 / 9
iteration step 469, G_loss: 0.36801, step_acc: 6.91643, grid_scale: 1 / 5, strokes: 9 / 9
iteration step 470, G_loss: 0.36801, step_acc: 6.91643, grid_scale: 1 / 5, strokes: 9 / 9
iteration step 471, G_loss: 0.36801, step_acc: 6.91643, grid_scale: 1 / 5, strokes: 9 / 9
iteration step 472, G_loss: 0.36801, step_acc: 6.91643, grid_scale: 1 / 5, strokes: 9 / 9
iteration step 473, G_loss: 0.36801, step_acc: 6.91643, grid_scale: 1 / 5, strokes: 9 / 9
iteration step 474, G_loss: 0.36801, step_acc: 6.91643, grid_scale: 1 / 5, strokes: 9 / 9
iteration step 475, G_loss: 0.36801, step_acc: 6.91643, grid_scale: 1 / 5, strokes: 9 / 9
iteration step 476, G_loss: 0.36801, step_acc: 6.91643, grid_scale: 1 / 5, strokes: 9 / 9
iteration step 477, G_loss: 0.36801, step_acc: 6.91643, grid_scale: 1 / 5, strokes: 9 / 9
iteration step 478, G_loss: 0.36801, step_acc: 6.91643, grid_scale: 1 / 5, strokes: 9 / 9
iteration step 479, G_loss: 0.36801, step_acc: 6.91643, grid_scale: 1 / 5, strokes: 9 / 9
iteration step 480, G_loss: 0.36801, step_acc: 6.91643, grid_scale: 1 / 5, strokes: 9 / 9
iteration step 481, G_loss: 0.36801, step_acc: 6.91643, grid_scale: 1 / 5, strokes: 9 / 9
iteration step 482, G_loss: 0.36801, step_acc: 6.91643, grid_scale: 1 / 5, strokes: 9 / 9
iteration step 483, G_loss: 0.36801, step_acc: 6.91643, grid_scale: 1 / 5, strokes: 9 / 9
iteration step 484, G_loss: 0.36801, step_acc: 6.91643, grid_scale: 1 / 5, strokes: 9 / 9
iteration step 485, G_loss: 0.36801, step_acc: 6.91643, grid_scale: 1 / 5, strokes: 9 / 9
iteration step 486, G_loss: 0.36801, step_acc: 6.91643, grid_scale: 1 / 5, strokes: 9 / 9
iteration step 487, G_loss: 0.36801, step_acc: 6.91643, grid_scale: 1 / 5, strokes: 9 / 9
iteration step 488, G_loss: 0.36801, step_acc: 6.91643, grid_scale: 1 / 5, strokes: 9 / 9
iteration step 489, G_loss: 0.36801, step_acc: 6.91643, grid_scale: 1 / 5, strokes: 9 / 9
iteration step 490, G_loss: 0.36801, step_acc: 6.91643, grid_scale: 1 / 5, strokes: 9 / 9
iteration step 491, G_loss: 0.36801, step_acc: 6.91643, grid_scale: 1 / 5, strokes: 9 / 9
iteration step 492, G_loss: 0.36801, step_acc: 6.91643, grid_scale: 1 / 5, strokes: 9 / 9
iteration step 493, G_loss: 0.36801, step_acc: 6.91643, grid_scale: 1 / 5, strokes: 9 / 9
iteration step 494, G_loss: 0.36801, step_acc: 6.91642, grid_scale: 1 / 5, strokes: 9 / 9
rendering canvas...
iteration step 0, G_loss: 0.36801, step_acc: 7.60368, grid_scale: 2 / 5, strokes: 1 / 9
iteration step 1, G_loss: 0.33914, step_acc: 7.60376, grid_scale: 2 / 5, strokes: 1 / 9
iteration step 2, G_loss: 0.33912, step_acc: 7.74903, grid_scale: 2 / 5, strokes: 1 / 9
iteration step 3, G_loss: 0.33328, step_acc: 7.77476, grid_scale: 2 / 5, strokes: 1 / 9
iteration step 4, G_loss: 0.33182, step_acc: 7.78317, grid_scale: 2 / 5, strokes: 1 / 9
iteration step 5, G_loss: 0.33145, step_acc: 7.79482, grid_scale: 2 / 5, strokes: 1 / 9
iteration step 6, G_loss: 0.33101, step_acc: 7.80226, grid_scale: 2 / 5, strokes: 1 / 9
iteration step 7, G_loss: 0.33071, step_acc: 7.80836, grid_scale: 2 / 5, strokes: 1 / 9
iteration step 8, G_loss: 0.33052, step_acc: 7.81615, grid_scale: 2 / 5, strokes: 1 / 9
iteration step 9, G_loss: 0.33020, step_acc: 7.82246, grid_scale: 2 / 5, strokes: 1 / 9
iteration step 10, G_loss: 0.32989, step_acc: 7.82749, grid_scale: 2 / 5, strokes: 1 / 9
iteration step 11, G_loss: 0.32968, step_acc: 7.82974, grid_scale: 2 / 5, strokes: 1 / 9
iteration step 12, G_loss: 0.32956, step_acc: 7.83235, grid_scale: 2 / 5, strokes: 1 / 9
iteration step 13, G_loss: 0.32931, step_acc: 7.83510, grid_scale: 2 / 5, strokes: 1 / 9
iteration step 14, G_loss: 0.32914, step_acc: 7.83830, grid_scale: 2 / 5, strokes: 1 / 9
iteration step 15, G_loss: 0.32900, step_acc: 7.84152, grid_scale: 2 / 5, strokes: 1 / 9
iteration step 16, G_loss: 0.32889, step_acc: 7.84314, grid_scale: 2 / 5, strokes: 1 / 9
iteration step 17, G_loss: 0.32879, step_acc: 7.84762, grid_scale: 2 / 5, strokes: 1 / 9
iteration step 18, G_loss: 0.32858, step_acc: 7.85092, grid_scale: 2 / 5, strokes: 1 / 9
iteration step 19, G_loss: 0.32839, step_acc: 7.85184, grid_scale: 2 / 5, strokes: 1 / 9
iteration step 20, G_loss: 0.32835, step_acc: 7.85219, grid_scale: 2 / 5, strokes: 1 / 9
iteration step 21, G_loss: 0.32829, step_acc: 7.85351, grid_scale: 2 / 5, strokes: 1 / 9
iteration step 22, G_loss: 0.32825, step_acc: 7.85384, grid_scale: 2 / 5, strokes: 1 / 9
iteration step 23, G_loss: 0.32823, step_acc: 7.85397, grid_scale: 2 / 5, strokes: 1 / 9
iteration step 24, G_loss: 0.32822, step_acc: 7.85434, grid_scale: 2 / 5, strokes: 1 / 9
iteration step 25, G_loss: 0.32820, step_acc: 7.85425, grid_scale: 2 / 5, strokes: 1 / 9
iteration step 26, G_loss: 0.32818, step_acc: 7.85498, grid_scale: 2 / 5, strokes: 1 / 9
iteration step 27, G_loss: 0.32813, step_acc: 7.85562, grid_scale: 2 / 5, strokes: 1 / 9
iteration step 28, G_loss: 0.32808, step_acc: 7.85770, grid_scale: 2 / 5, strokes: 1 / 9
iteration step 29, G_loss: 0.32792, step_acc: 7.85903, grid_scale: 2 / 5, strokes: 1 / 9
iteration step 30, G_loss: 0.32775, step_acc: 7.84863, grid_scale: 2 / 5, strokes: 1 / 9
iteration step 31, G_loss: 0.32850, step_acc: 7.86265, grid_scale: 2 / 5, strokes: 1 / 9
iteration step 32, G_loss: 0.32765, step_acc: 7.87109, grid_scale: 2 / 5, strokes: 1 / 9
iteration step 33, G_loss: 0.32703, step_acc: 7.87326, grid_scale: 2 / 5, strokes: 1 / 9
iteration step 34, G_loss: 0.32692, step_acc: 7.87540, grid_scale: 2 / 5, strokes: 1 / 9
iteration step 35, G_loss: 0.32677, step_acc: 7.87632, grid_scale: 2 / 5, strokes: 1 / 9
iteration step 36, G_loss: 0.32671, step_acc: 7.87732, grid_scale: 2 / 5, strokes: 1 / 9
iteration step 37, G_loss: 0.32666, step_acc: 7.87776, grid_scale: 2 / 5, strokes: 1 / 9
iteration step 38, G_loss: 0.32662, step_acc: 7.87817, grid_scale: 2 / 5, strokes: 1 / 9
iteration step 39, G_loss: 0.32658, step_acc: 7.87867, grid_scale: 2 / 5, strokes: 1 / 9
iteration step 40, G_loss: 0.32654, step_acc: 7.87927, grid_scale: 2 / 5, strokes: 1 / 9
iteration step 41, G_loss: 0.32652, step_acc: 7.87919, grid_scale: 2 / 5, strokes: 1 / 9
iteration step 42, G_loss: 0.32649, step_acc: 7.87911, grid_scale: 2 / 5, strokes: 1 / 9
iteration step 43, G_loss: 0.32648, step_acc: 7.87927, grid_scale: 2 / 5, strokes: 1 / 9
iteration step 44, G_loss: 0.32648, step_acc: 7.87926, grid_scale: 2 / 5, strokes: 1 / 9
iteration step 45, G_loss: 0.32647, step_acc: 7.87922, grid_scale: 2 / 5, strokes: 1 / 9
iteration step 46, G_loss: 0.32647, step_acc: 7.87935, grid_scale: 2 / 5, strokes: 1 / 9
iteration step 47, G_loss: 0.32647, step_acc: 7.87922, grid_scale: 2 / 5, strokes: 1 / 9
iteration step 48, G_loss: 0.32646, step_acc: 7.87922, grid_scale: 2 / 5, strokes: 1 / 9
iteration step 49, G_loss: 0.32646, step_acc: 7.87930, grid_scale: 2 / 5, strokes: 1 / 9
iteration step 50, G_loss: 0.32645, step_acc: 7.87924, grid_scale: 2 / 5, strokes: 1 / 9
iteration step 51, G_loss: 0.32645, step_acc: 7.87954, grid_scale: 2 / 5, strokes: 1 / 9
iteration step 52, G_loss: 0.32645, step_acc: 7.87948, grid_scale: 2 / 5, strokes: 1 / 9
iteration step 53, G_loss: 0.32645, step_acc: 7.87951, grid_scale: 2 / 5, strokes: 1 / 9
iteration step 54, G_loss: 0.32644, step_acc: 7.87956, grid_scale: 2 / 5, strokes: 1 / 9
iteration step 55, G_loss: 0.32644, step_acc: 7.87955, grid_scale: 2 / 5, strokes: 2 / 9
iteration step 56, G_loss: 0.32644, step_acc: 7.87957, grid_scale: 2 / 5, strokes: 2 / 9
iteration step 57, G_loss: 0.32643, step_acc: 7.87971, grid_scale: 2 / 5, strokes: 2 / 9
iteration step 58, G_loss: 0.32643, step_acc: 7.87967, grid_scale: 2 / 5, strokes: 2 / 9
iteration step 59, G_loss: 0.32643, step_acc: 7.87972, grid_scale: 2 / 5, strokes: 2 / 9
iteration step 60, G_loss: 0.32642, step_acc: 7.87967, grid_scale: 2 / 5, strokes: 2 / 9
iteration step 61, G_loss: 0.32642, step_acc: 7.88001, grid_scale: 2 / 5, strokes: 2 / 9
iteration step 62, G_loss: 0.32642, step_acc: 7.87996, grid_scale: 2 / 5, strokes: 2 / 9
iteration step 63, G_loss: 0.32642, step_acc: 7.87987, grid_scale: 2 / 5, strokes: 2 / 9
iteration step 64, G_loss: 0.32641, step_acc: 7.87988, grid_scale: 2 / 5, strokes: 2 / 9
iteration step 65, G_loss: 0.32641, step_acc: 7.87982, grid_scale: 2 / 5, strokes: 2 / 9
iteration step 66, G_loss: 0.32641, step_acc: 7.88003, grid_scale: 2 / 5, strokes: 2 / 9
iteration step 67, G_loss: 0.32641, step_acc: 7.87990, grid_scale: 2 / 5, strokes: 2 / 9
iteration step 68, G_loss: 0.32641, step_acc: 7.88002, grid_scale: 2 / 5, strokes: 2 / 9
iteration step 69, G_loss: 0.32640, step_acc: 7.87986, grid_scale: 2 / 5, strokes: 2 / 9
iteration step 70, G_loss: 0.32640, step_acc: 7.87986, grid_scale: 2 / 5, strokes: 2 / 9
iteration step 71, G_loss: 0.32640, step_acc: 7.87997, grid_scale: 2 / 5, strokes: 2 / 9
iteration step 72, G_loss: 0.32639, step_acc: 7.88011, grid_scale: 2 / 5, strokes: 2 / 9
iteration step 73, G_loss: 0.32639, step_acc: 7.88002, grid_scale: 2 / 5, strokes: 2 / 9
iteration step 74, G_loss: 0.32639, step_acc: 7.88032, grid_scale: 2 / 5, strokes: 2 / 9
iteration step 75, G_loss: 0.32639, step_acc: 7.88029, grid_scale: 2 / 5, strokes: 2 / 9
iteration step 76, G_loss: 0.32638, step_acc: 7.88029, grid_scale: 2 / 5, strokes: 2 / 9
iteration step 77, G_loss: 0.32637, step_acc: 7.88024, grid_scale: 2 / 5, strokes: 2 / 9
iteration step 78, G_loss: 0.32637, step_acc: 7.88008, grid_scale: 2 / 5, strokes: 2 / 9
iteration step 79, G_loss: 0.32637, step_acc: 7.88026, grid_scale: 2 / 5, strokes: 2 / 9
iteration step 80, G_loss: 0.32635, step_acc: 7.88025, grid_scale: 2 / 5, strokes: 2 / 9
iteration step 81, G_loss: 0.32635, step_acc: 7.88004, grid_scale: 2 / 5, strokes: 2 / 9
iteration step 82, G_loss: 0.32635, step_acc: 7.88042, grid_scale: 2 / 5, strokes: 2 / 9
iteration step 83, G_loss: 0.32635, step_acc: 7.88028, grid_scale: 2 / 5, strokes: 2 / 9
iteration step 84, G_loss: 0.32634, step_acc: 7.88048, grid_scale: 2 / 5, strokes: 2 / 9
iteration step 85, G_loss: 0.32634, step_acc: 7.88045, grid_scale: 2 / 5, strokes: 2 / 9
iteration step 86, G_loss: 0.32633, step_acc: 7.88043, grid_scale: 2 / 5, strokes: 2 / 9
iteration step 87, G_loss: 0.32633, step_acc: 7.88045, grid_scale: 2 / 5, strokes: 2 / 9
iteration step 88, G_loss: 0.32633, step_acc: 7.88052, grid_scale: 2 / 5, strokes: 2 / 9
iteration step 89, G_loss: 0.32634, step_acc: 7.88031, grid_scale: 2 / 5, strokes: 2 / 9
iteration step 90, G_loss: 0.32633, step_acc: 7.88055, grid_scale: 2 / 5, strokes: 2 / 9
iteration step 91, G_loss: 0.32632, step_acc: 7.88036, grid_scale: 2 / 5, strokes: 2 / 9
iteration step 92, G_loss: 0.32632, step_acc: 7.88058, grid_scale: 2 / 5, strokes: 2 / 9
iteration step 93, G_loss: 0.32633, step_acc: 7.88033, grid_scale: 2 / 5, strokes: 2 / 9
iteration step 94, G_loss: 0.32631, step_acc: 7.88054, grid_scale: 2 / 5, strokes: 2 / 9
iteration step 95, G_loss: 0.32631, step_acc: 7.88049, grid_scale: 2 / 5, strokes: 2 / 9
iteration step 96, G_loss: 0.32631, step_acc: 7.88068, grid_scale: 2 / 5, strokes: 2 / 9
iteration step 97, G_loss: 0.32631, step_acc: 7.88056, grid_scale: 2 / 5, strokes: 2 / 9
iteration step 98, G_loss: 0.32630, step_acc: 7.88074, grid_scale: 2 / 5, strokes: 2 / 9
iteration step 99, G_loss: 0.32630, step_acc: 7.88063, grid_scale: 2 / 5, strokes: 2 / 9
iteration step 100, G_loss: 0.32628, step_acc: 7.88071, grid_scale: 2 / 5, strokes: 2 / 9
iteration step 101, G_loss: 0.32628, step_acc: 7.88052, grid_scale: 2 / 5, strokes: 2 / 9
iteration step 102, G_loss: 0.32630, step_acc: 7.88082, grid_scale: 2 / 5, strokes: 2 / 9
iteration step 103, G_loss: 0.32628, step_acc: 7.88079, grid_scale: 2 / 5, strokes: 2 / 9
iteration step 104, G_loss: 0.32627, step_acc: 7.88086, grid_scale: 2 / 5, strokes: 2 / 9
iteration step 105, G_loss: 0.32627, step_acc: 7.88078, grid_scale: 2 / 5, strokes: 2 / 9
iteration step 106, G_loss: 0.32626, step_acc: 7.88089, grid_scale: 2 / 5, strokes: 2 / 9
iteration step 107, G_loss: 0.32625, step_acc: 7.88097, grid_scale: 2 / 5, strokes: 2 / 9
iteration step 108, G_loss: 0.32625, step_acc: 7.88089, grid_scale: 2 / 5, strokes: 2 / 9
iteration step 109, G_loss: 0.32624, step_acc: 7.88078, grid_scale: 2 / 5, strokes: 2 / 9
iteration step 110, G_loss: 0.32625, step_acc: 7.88112, grid_scale: 2 / 5, strokes: 3 / 9
iteration step 111, G_loss: 0.32624, step_acc: 7.88108, grid_scale: 2 / 5, strokes: 3 / 9
iteration step 112, G_loss: 0.32622, step_acc: 7.88112, grid_scale: 2 / 5, strokes: 3 / 9
iteration step 113, G_loss: 0.32621, step_acc: 7.88103, grid_scale: 2 / 5, strokes: 3 / 9
iteration step 114, G_loss: 0.32622, step_acc: 7.88113, grid_scale: 2 / 5, strokes: 3 / 9
iteration step 115, G_loss: 0.32623, step_acc: 7.88132, grid_scale: 2 / 5, strokes: 3 / 9
iteration step 116, G_loss: 0.32620, step_acc: 7.88108, grid_scale: 2 / 5, strokes: 3 / 9
iteration step 117, G_loss: 0.32621, step_acc: 7.88099, grid_scale: 2 / 5, strokes: 3 / 9
iteration step 118, G_loss: 0.32621, step_acc: 7.88115, grid_scale: 2 / 5, strokes: 3 / 9
iteration step 119, G_loss: 0.32621, step_acc: 7.88108, grid_scale: 2 / 5, strokes: 3 / 9
iteration step 120, G_loss: 0.32620, step_acc: 7.88133, grid_scale: 2 / 5, strokes: 3 / 9
iteration step 121, G_loss: 0.32618, step_acc: 7.88130, grid_scale: 2 / 5, strokes: 3 / 9
iteration step 122, G_loss: 0.32618, step_acc: 7.88148, grid_scale: 2 / 5, strokes: 3 / 9
iteration step 123, G_loss: 0.32617, step_acc: 7.88148, grid_scale: 2 / 5, strokes: 3 / 9
iteration step 124, G_loss: 0.32616, step_acc: 7.88166, grid_scale: 2 / 5, strokes: 3 / 9
iteration step 125, G_loss: 0.32616, step_acc: 7.88152, grid_scale: 2 / 5, strokes: 3 / 9
iteration step 126, G_loss: 0.32615, step_acc: 7.88168, grid_scale: 2 / 5, strokes: 3 / 9
iteration step 127, G_loss: 0.32614, step_acc: 7.88155, grid_scale: 2 / 5, strokes: 3 / 9
iteration step 128, G_loss: 0.32614, step_acc: 7.88176, grid_scale: 2 / 5, strokes: 3 / 9
iteration step 129, G_loss: 0.32613, step_acc: 7.88155, grid_scale: 2 / 5, strokes: 3 / 9
iteration step 130, G_loss: 0.32613, step_acc: 7.88171, grid_scale: 2 / 5, strokes: 3 / 9
iteration step 131, G_loss: 0.32613, step_acc: 7.88174, grid_scale: 2 / 5, strokes: 3 / 9
iteration step 132, G_loss: 0.32612, step_acc: 7.88202, grid_scale: 2 / 5, strokes: 3 / 9
iteration step 133, G_loss: 0.32611, step_acc: 7.88185, grid_scale: 2 / 5, strokes: 3 / 9
iteration step 134, G_loss: 0.32611, step_acc: 7.88218, grid_scale: 2 / 5, strokes: 3 / 9
iteration step 135, G_loss: 0.32609, step_acc: 7.88224, grid_scale: 2 / 5, strokes: 3 / 9
iteration step 136, G_loss: 0.32609, step_acc: 7.88225, grid_scale: 2 / 5, strokes: 3 / 9
iteration step 137, G_loss: 0.32607, step_acc: 7.88231, grid_scale: 2 / 5, strokes: 3 / 9
iteration step 138, G_loss: 0.32607, step_acc: 7.88235, grid_scale: 2 / 5, strokes: 3 / 9
iteration step 139, G_loss: 0.32606, step_acc: 7.88224, grid_scale: 2 / 5, strokes: 3 / 9
iteration step 140, G_loss: 0.32606, step_acc: 7.88254, grid_scale: 2 / 5, strokes: 3 / 9
iteration step 141, G_loss: 0.32604, step_acc: 7.88261, grid_scale: 2 / 5, strokes: 3 / 9
iteration step 142, G_loss: 0.32604, step_acc: 7.88242, grid_scale: 2 / 5, strokes: 3 / 9
iteration step 143, G_loss: 0.32604, step_acc: 7.88256, grid_scale: 2 / 5, strokes: 3 / 9
iteration step 144, G_loss: 0.32604, step_acc: 7.88239, grid_scale: 2 / 5, strokes: 3 / 9
iteration step 145, G_loss: 0.32604, step_acc: 7.88261, grid_scale: 2 / 5, strokes: 3 / 9
iteration step 146, G_loss: 0.32603, step_acc: 7.88239, grid_scale: 2 / 5, strokes: 3 / 9
iteration step 147, G_loss: 0.32603, step_acc: 7.88255, grid_scale: 2 / 5, strokes: 3 / 9
iteration step 148, G_loss: 0.32601, step_acc: 7.88234, grid_scale: 2 / 5, strokes: 3 / 9
iteration step 149, G_loss: 0.32603, step_acc: 7.88272, grid_scale: 2 / 5, strokes: 3 / 9
iteration step 150, G_loss: 0.32601, step_acc: 7.88267, grid_scale: 2 / 5, strokes: 3 / 9
iteration step 151, G_loss: 0.32600, step_acc: 7.88304, grid_scale: 2 / 5, strokes: 3 / 9
iteration step 152, G_loss: 0.32599, step_acc: 7.88290, grid_scale: 2 / 5, strokes: 3 / 9
iteration step 153, G_loss: 0.32599, step_acc: 7.88299, grid_scale: 2 / 5, strokes: 3 / 9
iteration step 154, G_loss: 0.32598, step_acc: 7.88272, grid_scale: 2 / 5, strokes: 3 / 9
iteration step 155, G_loss: 0.32599, step_acc: 7.88308, grid_scale: 2 / 5, strokes: 3 / 9
iteration step 156, G_loss: 0.32598, step_acc: 7.88309, grid_scale: 2 / 5, strokes: 3 / 9
iteration step 157, G_loss: 0.32597, step_acc: 7.88301, grid_scale: 2 / 5, strokes: 3 / 9
iteration step 158, G_loss: 0.32597, step_acc: 7.88301, grid_scale: 2 / 5, strokes: 3 / 9
iteration step 159, G_loss: 0.32597, step_acc: 7.88304, grid_scale: 2 / 5, strokes: 3 / 9
iteration step 160, G_loss: 0.32596, step_acc: 7.88292, grid_scale: 2 / 5, strokes: 3 / 9
iteration step 161, G_loss: 0.32597, step_acc: 7.88314, grid_scale: 2 / 5, strokes: 3 / 9
iteration step 162, G_loss: 0.32597, step_acc: 7.88294, grid_scale: 2 / 5, strokes: 3 / 9
iteration step 163, G_loss: 0.32596, step_acc: 7.88321, grid_scale: 2 / 5, strokes: 3 / 9
iteration step 164, G_loss: 0.32596, step_acc: 7.88307, grid_scale: 2 / 5, strokes: 3 / 9
iteration step 165, G_loss: 0.32596, step_acc: 7.88302, grid_scale: 2 / 5, strokes: 4 / 9
iteration step 166, G_loss: 0.32596, step_acc: 7.88286, grid_scale: 2 / 5, strokes: 4 / 9
iteration step 167, G_loss: 0.32596, step_acc: 7.88319, grid_scale: 2 / 5, strokes: 4 / 9
iteration step 168, G_loss: 0.32595, step_acc: 7.88305, grid_scale: 2 / 5, strokes: 4 / 9
iteration step 169, G_loss: 0.32595, step_acc: 7.88317, grid_scale: 2 / 5, strokes: 4 / 9
iteration step 170, G_loss: 0.32595, step_acc: 7.88316, grid_scale: 2 / 5, strokes: 4 / 9
iteration step 171, G_loss: 0.32594, step_acc: 7.88299, grid_scale: 2 / 5, strokes: 4 / 9
iteration step 172, G_loss: 0.32595, step_acc: 7.88317, grid_scale: 2 / 5, strokes: 4 / 9
iteration step 173, G_loss: 0.32595, step_acc: 7.88295, grid_scale: 2 / 5, strokes: 4 / 9
iteration step 174, G_loss: 0.32595, step_acc: 7.88328, grid_scale: 2 / 5, strokes: 4 / 9
iteration step 175, G_loss: 0.32594, step_acc: 7.88298, grid_scale: 2 / 5, strokes: 4 / 9
iteration step 176, G_loss: 0.32594, step_acc: 7.88329, grid_scale: 2 / 5, strokes: 4 / 9
iteration step 177, G_loss: 0.32594, step_acc: 7.88303, grid_scale: 2 / 5, strokes: 4 / 9
iteration step 178, G_loss: 0.32594, step_acc: 7.88329, grid_scale: 2 / 5, strokes: 4 / 9
iteration step 179, G_loss: 0.32594, step_acc: 7.88302, grid_scale: 2 / 5, strokes: 4 / 9
iteration step 180, G_loss: 0.32594, step_acc: 7.88329, grid_scale: 2 / 5, strokes: 4 / 9
iteration step 181, G_loss: 0.32594, step_acc: 7.88310, grid_scale: 2 / 5, strokes: 4 / 9
iteration step 182, G_loss: 0.32593, step_acc: 7.88322, grid_scale: 2 / 5, strokes: 4 / 9
iteration step 183, G_loss: 0.32593, step_acc: 7.88316, grid_scale: 2 / 5, strokes: 4 / 9
iteration step 184, G_loss: 0.32593, step_acc: 7.88325, grid_scale: 2 / 5, strokes: 4 / 9
iteration step 185, G_loss: 0.32593, step_acc: 7.88326, grid_scale: 2 / 5, strokes: 4 / 9
iteration step 186, G_loss: 0.32592, step_acc: 7.88318, grid_scale: 2 / 5, strokes: 4 / 9
iteration step 187, G_loss: 0.32592, step_acc: 7.88311, grid_scale: 2 / 5, strokes: 4 / 9
iteration step 188, G_loss: 0.32592, step_acc: 7.88321, grid_scale: 2 / 5, strokes: 4 / 9
iteration step 189, G_loss: 0.32592, step_acc: 7.88309, grid_scale: 2 / 5, strokes: 4 / 9
iteration step 190, G_loss: 0.32592, step_acc: 7.88318, grid_scale: 2 / 5, strokes: 4 / 9
iteration step 191, G_loss: 0.32591, step_acc: 7.88295, grid_scale: 2 / 5, strokes: 4 / 9
iteration step 192, G_loss: 0.32591, step_acc: 7.88338, grid_scale: 2 / 5, strokes: 4 / 9
iteration step 193, G_loss: 0.32591, step_acc: 7.88325, grid_scale: 2 / 5, strokes: 4 / 9
iteration step 194, G_loss: 0.32590, step_acc: 7.88351, grid_scale: 2 / 5, strokes: 4 / 9
iteration step 195, G_loss: 0.32589, step_acc: 7.88328, grid_scale: 2 / 5, strokes: 4 / 9
iteration step 196, G_loss: 0.32589, step_acc: 7.88368, grid_scale: 2 / 5, strokes: 4 / 9
iteration step 197, G_loss: 0.32589, step_acc: 7.88352, grid_scale: 2 / 5, strokes: 4 / 9
iteration step 198, G_loss: 0.32588, step_acc: 7.88358, grid_scale: 2 / 5, strokes: 4 / 9
iteration step 199, G_loss: 0.32588, step_acc: 7.88324, grid_scale: 2 / 5, strokes: 4 / 9
iteration step 200, G_loss: 0.32588, step_acc: 7.88368, grid_scale: 2 / 5, strokes: 4 / 9
iteration step 201, G_loss: 0.32588, step_acc: 7.88328, grid_scale: 2 / 5, strokes: 4 / 9
iteration step 202, G_loss: 0.32588, step_acc: 7.88371, grid_scale: 2 / 5, strokes: 4 / 9
iteration step 203, G_loss: 0.32588, step_acc: 7.88336, grid_scale: 2 / 5, strokes: 4 / 9
iteration step 204, G_loss: 0.32587, step_acc: 7.88354, grid_scale: 2 / 5, strokes: 4 / 9
iteration step 205, G_loss: 0.32587, step_acc: 7.88409, grid_scale: 2 / 5, strokes: 4 / 9
iteration step 206, G_loss: 0.32585, step_acc: 7.94401, grid_scale: 2 / 5, strokes: 4 / 9
iteration step 207, G_loss: 0.32365, step_acc: 7.95377, grid_scale: 2 / 5, strokes: 4 / 9
iteration step 208, G_loss: 0.32313, step_acc: 7.96031, grid_scale: 2 / 5, strokes: 4 / 9
iteration step 209, G_loss: 0.32278, step_acc: 7.96376, grid_scale: 2 / 5, strokes: 4 / 9
iteration step 210, G_loss: 0.32254, step_acc: 7.96884, grid_scale: 2 / 5, strokes: 4 / 9
iteration step 211, G_loss: 0.32228, step_acc: 7.97271, grid_scale: 2 / 5, strokes: 4 / 9
iteration step 212, G_loss: 0.32206, step_acc: 7.97767, grid_scale: 2 / 5, strokes: 4 / 9
iteration step 213, G_loss: 0.32181, step_acc: 7.98390, grid_scale: 2 / 5, strokes: 4 / 9
iteration step 214, G_loss: 0.32152, step_acc: 7.99199, grid_scale: 2 / 5, strokes: 4 / 9
iteration step 215, G_loss: 0.32121, step_acc: 8.01151, grid_scale: 2 / 5, strokes: 4 / 9
iteration step 216, G_loss: 0.32027, step_acc: 8.05447, grid_scale: 2 / 5, strokes: 4 / 9
iteration step 217, G_loss: 0.31835, step_acc: 8.06195, grid_scale: 2 / 5, strokes: 4 / 9
iteration step 218, G_loss: 0.31802, step_acc: 8.06707, grid_scale: 2 / 5, strokes: 4 / 9
iteration step 219, G_loss: 0.31778, step_acc: 8.07114, grid_scale: 2 / 5, strokes: 4 / 9
iteration step 220, G_loss: 0.31764, step_acc: 8.07416, grid_scale: 2 / 5, strokes: 5 / 9
iteration step 221, G_loss: 0.31751, step_acc: 8.07792, grid_scale: 2 / 5, strokes: 5 / 9
iteration step 222, G_loss: 0.31737, step_acc: 8.08286, grid_scale: 2 / 5, strokes: 5 / 9
iteration step 223, G_loss: 0.31721, step_acc: 8.08644, grid_scale: 2 / 5, strokes: 5 / 9
iteration step 224, G_loss: 0.31705, step_acc: 8.08998, grid_scale: 2 / 5, strokes: 5 / 9
iteration step 225, G_loss: 0.31687, step_acc: 8.09241, grid_scale: 2 / 5, strokes: 5 / 9
iteration step 226, G_loss: 0.31671, step_acc: 8.09536, grid_scale: 2 / 5, strokes: 5 / 9
iteration step 227, G_loss: 0.31654, step_acc: 8.09746, grid_scale: 2 / 5, strokes: 5 / 9
iteration step 228, G_loss: 0.31637, step_acc: 8.09961, grid_scale: 2 / 5, strokes: 5 / 9
iteration step 229, G_loss: 0.31620, step_acc: 8.10208, grid_scale: 2 / 5, strokes: 5 / 9
iteration step 230, G_loss: 0.31601, step_acc: 8.10285, grid_scale: 2 / 5, strokes: 5 / 9
iteration step 231, G_loss: 0.31589, step_acc: 8.10377, grid_scale: 2 / 5, strokes: 5 / 9
iteration step 232, G_loss: 0.31583, step_acc: 8.10390, grid_scale: 2 / 5, strokes: 5 / 9
iteration step 233, G_loss: 0.31579, step_acc: 8.10658, grid_scale: 2 / 5, strokes: 5 / 9
iteration step 234, G_loss: 0.31574, step_acc: 8.10671, grid_scale: 2 / 5, strokes: 5 / 9
iteration step 235, G_loss: 0.31567, step_acc: 8.10851, grid_scale: 2 / 5, strokes: 5 / 9
iteration step 236, G_loss: 0.31559, step_acc: 8.10935, grid_scale: 2 / 5, strokes: 5 / 9
iteration step 237, G_loss: 0.31552, step_acc: 8.11034, grid_scale: 2 / 5, strokes: 5 / 9
iteration step 238, G_loss: 0.31545, step_acc: 8.11259, grid_scale: 2 / 5, strokes: 5 / 9
iteration step 239, G_loss: 0.31537, step_acc: 8.11702, grid_scale: 2 / 5, strokes: 5 / 9
iteration step 240, G_loss: 0.31524, step_acc: 8.11723, grid_scale: 2 / 5, strokes: 5 / 9
iteration step 241, G_loss: 0.31513, step_acc: 8.11831, grid_scale: 2 / 5, strokes: 5 / 9
iteration step 242, G_loss: 0.31507, step_acc: 8.11939, grid_scale: 2 / 5, strokes: 5 / 9
iteration step 243, G_loss: 0.31496, step_acc: 8.12072, grid_scale: 2 / 5, strokes: 5 / 9
iteration step 244, G_loss: 0.31485, step_acc: 8.12177, grid_scale: 2 / 5, strokes: 5 / 9
iteration step 245, G_loss: 0.31478, step_acc: 8.12249, grid_scale: 2 / 5, strokes: 5 / 9
iteration step 246, G_loss: 0.31473, step_acc: 8.12545, grid_scale: 2 / 5, strokes: 5 / 9
iteration step 247, G_loss: 0.31466, step_acc: 8.12830, grid_scale: 2 / 5, strokes: 5 / 9
iteration step 248, G_loss: 0.31452, step_acc: 8.13254, grid_scale: 2 / 5, strokes: 5 / 9
iteration step 249, G_loss: 0.31438, step_acc: 8.13608, grid_scale: 2 / 5, strokes: 5 / 9
iteration step 250, G_loss: 0.31424, step_acc: 8.14164, grid_scale: 2 / 5, strokes: 5 / 9
iteration step 251, G_loss: 0.31403, step_acc: 8.15065, grid_scale: 2 / 5, strokes: 5 / 9
iteration step 252, G_loss: 0.31369, step_acc: 8.15963, grid_scale: 2 / 5, strokes: 5 / 9
iteration step 253, G_loss: 0.31336, step_acc: 8.16825, grid_scale: 2 / 5, strokes: 5 / 9
iteration step 254, G_loss: 0.31307, step_acc: 8.17504, grid_scale: 2 / 5, strokes: 5 / 9
iteration step 255, G_loss: 0.31280, step_acc: 8.18402, grid_scale: 2 / 5, strokes: 5 / 9
iteration step 256, G_loss: 0.31250, step_acc: 8.19453, grid_scale: 2 / 5, strokes: 5 / 9
iteration step 257, G_loss: 0.31222, step_acc: 8.20209, grid_scale: 2 / 5, strokes: 5 / 9
iteration step 258, G_loss: 0.31191, step_acc: 8.21363, grid_scale: 2 / 5, strokes: 5 / 9
iteration step 259, G_loss: 0.31155, step_acc: 8.22284, grid_scale: 2 / 5, strokes: 5 / 9
iteration step 260, G_loss: 0.31120, step_acc: 8.23273, grid_scale: 2 / 5, strokes: 5 / 9
iteration step 261, G_loss: 0.31086, step_acc: 8.24177, grid_scale: 2 / 5, strokes: 5 / 9
iteration step 262, G_loss: 0.31049, step_acc: 8.25447, grid_scale: 2 / 5, strokes: 5 / 9
iteration step 263, G_loss: 0.31004, step_acc: 8.26265, grid_scale: 2 / 5, strokes: 5 / 9
iteration step 264, G_loss: 0.30972, step_acc: 8.27323, grid_scale: 2 / 5, strokes: 5 / 9
iteration step 265, G_loss: 0.30935, step_acc: 8.28384, grid_scale: 2 / 5, strokes: 5 / 9
iteration step 266, G_loss: 0.30893, step_acc: 8.29362, grid_scale: 2 / 5, strokes: 5 / 9
iteration step 267, G_loss: 0.30854, step_acc: 8.30293, grid_scale: 2 / 5, strokes: 5 / 9
iteration step 268, G_loss: 0.30815, step_acc: 8.31209, grid_scale: 2 / 5, strokes: 5 / 9
iteration step 269, G_loss: 0.30776, step_acc: 8.31959, grid_scale: 2 / 5, strokes: 5 / 9
iteration step 270, G_loss: 0.30740, step_acc: 8.32931, grid_scale: 2 / 5, strokes: 5 / 9
iteration step 271, G_loss: 0.30711, step_acc: 8.33324, grid_scale: 2 / 5, strokes: 5 / 9
iteration step 272, G_loss: 0.30687, step_acc: 8.34067, grid_scale: 2 / 5, strokes: 5 / 9
iteration step 273, G_loss: 0.30664, step_acc: 8.34599, grid_scale: 2 / 5, strokes: 5 / 9
iteration step 274, G_loss: 0.30640, step_acc: 8.35232, grid_scale: 2 / 5, strokes: 5 / 9
iteration step 275, G_loss: 0.30614, step_acc: 8.35635, grid_scale: 2 / 5, strokes: 6 / 9
iteration step 276, G_loss: 0.30596, step_acc: 8.36087, grid_scale: 2 / 5, strokes: 6 / 9
iteration step 277, G_loss: 0.30582, step_acc: 8.36532, grid_scale: 2 / 5, strokes: 6 / 9
iteration step 278, G_loss: 0.30565, step_acc: 8.37045, grid_scale: 2 / 5, strokes: 6 / 9
iteration step 279, G_loss: 0.30547, step_acc: 8.37498, grid_scale: 2 / 5, strokes: 6 / 9
iteration step 280, G_loss: 0.30532, step_acc: 8.37761, grid_scale: 2 / 5, strokes: 6 / 9
iteration step 281, G_loss: 0.30520, step_acc: 8.38160, grid_scale: 2 / 5, strokes: 6 / 9
iteration step 282, G_loss: 0.30507, step_acc: 8.38516, grid_scale: 2 / 5, strokes: 6 / 9
iteration step 283, G_loss: 0.30493, step_acc: 8.38943, grid_scale: 2 / 5, strokes: 6 / 9
iteration step 284, G_loss: 0.30478, step_acc: 8.39279, grid_scale: 2 / 5, strokes: 6 / 9
iteration step 285, G_loss: 0.30462, step_acc: 8.39848, grid_scale: 2 / 5, strokes: 6 / 9
iteration step 286, G_loss: 0.30445, step_acc: 8.40324, grid_scale: 2 / 5, strokes: 6 / 9
iteration step 287, G_loss: 0.30427, step_acc: 8.40444, grid_scale: 2 / 5, strokes: 6 / 9
iteration step 288, G_loss: 0.30411, step_acc: 8.40992, grid_scale: 2 / 5, strokes: 6 / 9
iteration step 289, G_loss: 0.30398, step_acc: 8.41221, grid_scale: 2 / 5, strokes: 6 / 9
iteration step 290, G_loss: 0.30377, step_acc: 8.41486, grid_scale: 2 / 5, strokes: 6 / 9
iteration step 291, G_loss: 0.30367, step_acc: 8.41660, grid_scale: 2 / 5, strokes: 6 / 9
iteration step 292, G_loss: 0.30356, step_acc: 8.41924, grid_scale: 2 / 5, strokes: 6 / 9
iteration step 293, G_loss: 0.30346, step_acc: 8.42110, grid_scale: 2 / 5, strokes: 6 / 9
iteration step 294, G_loss: 0.30335, step_acc: 8.42404, grid_scale: 2 / 5, strokes: 6 / 9
iteration step 295, G_loss: 0.30324, step_acc: 8.42571, grid_scale: 2 / 5, strokes: 6 / 9
iteration step 296, G_loss: 0.30314, step_acc: 8.42722, grid_scale: 2 / 5, strokes: 6 / 9
iteration step 297, G_loss: 0.30308, step_acc: 8.42935, grid_scale: 2 / 5, strokes: 6 / 9
iteration step 298, G_loss: 0.30302, step_acc: 8.43063, grid_scale: 2 / 5, strokes: 6 / 9
iteration step 299, G_loss: 0.30296, step_acc: 8.43277, grid_scale: 2 / 5, strokes: 6 / 9
iteration step 300, G_loss: 0.30291, step_acc: 8.43426, grid_scale: 2 / 5, strokes: 6 / 9
iteration step 301, G_loss: 0.30286, step_acc: 8.43687, grid_scale: 2 / 5, strokes: 6 / 9
iteration step 302, G_loss: 0.30275, step_acc: 8.43930, grid_scale: 2 / 5, strokes: 6 / 9
iteration step 303, G_loss: 0.30265, step_acc: 8.44179, grid_scale: 2 / 5, strokes: 6 / 9
iteration step 304, G_loss: 0.30256, step_acc: 8.44457, grid_scale: 2 / 5, strokes: 6 / 9
iteration step 305, G_loss: 0.30246, step_acc: 8.44539, grid_scale: 2 / 5, strokes: 6 / 9
iteration step 306, G_loss: 0.30241, step_acc: 8.45018, grid_scale: 2 / 5, strokes: 6 / 9
iteration step 307, G_loss: 0.30233, step_acc: 8.44923, grid_scale: 2 / 5, strokes: 6 / 9
iteration step 308, G_loss: 0.30218, step_acc: 8.45964, grid_scale: 2 / 5, strokes: 6 / 9
iteration step 309, G_loss: 0.30179, step_acc: 8.46383, grid_scale: 2 / 5, strokes: 6 / 9
iteration step 310, G_loss: 0.30156, step_acc: 8.46740, grid_scale: 2 / 5, strokes: 6 / 9
iteration step 311, G_loss: 0.30129, step_acc: 8.47075, grid_scale: 2 / 5, strokes: 6 / 9
iteration step 312, G_loss: 0.30113, step_acc: 8.47133, grid_scale: 2 / 5, strokes: 6 / 9
iteration step 313, G_loss: 0.30100, step_acc: 8.47449, grid_scale: 2 / 5, strokes: 6 / 9
iteration step 314, G_loss: 0.30090, step_acc: 8.47183, grid_scale: 2 / 5, strokes: 6 / 9
iteration step 315, G_loss: 0.30089, step_acc: 8.47654, grid_scale: 2 / 5, strokes: 6 / 9
iteration step 316, G_loss: 0.30084, step_acc: 8.47343, grid_scale: 2 / 5, strokes: 6 / 9
iteration step 317, G_loss: 0.30084, step_acc: 8.47804, grid_scale: 2 / 5, strokes: 6 / 9
iteration step 318, G_loss: 0.30081, step_acc: 8.47586, grid_scale: 2 / 5, strokes: 6 / 9
iteration step 319, G_loss: 0.30079, step_acc: 8.47830, grid_scale: 2 / 5, strokes: 6 / 9
iteration step 320, G_loss: 0.30076, step_acc: 8.47916, grid_scale: 2 / 5, strokes: 6 / 9
iteration step 321, G_loss: 0.30076, step_acc: 8.50135, grid_scale: 2 / 5, strokes: 6 / 9
iteration step 322, G_loss: 0.29954, step_acc: 8.51579, grid_scale: 2 / 5, strokes: 6 / 9
iteration step 323, G_loss: 0.29870, step_acc: 8.51807, grid_scale: 2 / 5, strokes: 6 / 9
iteration step 324, G_loss: 0.29859, step_acc: 8.51826, grid_scale: 2 / 5, strokes: 6 / 9
iteration step 325, G_loss: 0.29852, step_acc: 8.51985, grid_scale: 2 / 5, strokes: 6 / 9
iteration step 326, G_loss: 0.29847, step_acc: 8.52016, grid_scale: 2 / 5, strokes: 6 / 9
iteration step 327, G_loss: 0.29843, step_acc: 8.52143, grid_scale: 2 / 5, strokes: 6 / 9
iteration step 328, G_loss: 0.29836, step_acc: 8.52334, grid_scale: 2 / 5, strokes: 6 / 9
iteration step 329, G_loss: 0.29816, step_acc: 8.52320, grid_scale: 2 / 5, strokes: 6 / 9
iteration step 330, G_loss: 0.29839, step_acc: 8.53057, grid_scale: 2 / 5, strokes: 7 / 9
iteration step 331, G_loss: 0.29802, step_acc: 8.53491, grid_scale: 2 / 5, strokes: 7 / 9
iteration step 332, G_loss: 0.29782, step_acc: 8.54040, grid_scale: 2 / 5, strokes: 7 / 9
iteration step 333, G_loss: 0.29769, step_acc: 8.53937, grid_scale: 2 / 5, strokes: 7 / 9
iteration step 334, G_loss: 0.29761, step_acc: 8.54445, grid_scale: 2 / 5, strokes: 7 / 9
iteration step 335, G_loss: 0.29752, step_acc: 8.54315, grid_scale: 2 / 5, strokes: 7 / 9
iteration step 336, G_loss: 0.29746, step_acc: 8.54601, grid_scale: 2 / 5, strokes: 7 / 9
iteration step 337, G_loss: 0.29740, step_acc: 8.54538, grid_scale: 2 / 5, strokes: 7 / 9
iteration step 338, G_loss: 0.29736, step_acc: 8.54727, grid_scale: 2 / 5, strokes: 7 / 9
iteration step 339, G_loss: 0.29732, step_acc: 8.54697, grid_scale: 2 / 5, strokes: 7 / 9
iteration step 340, G_loss: 0.29727, step_acc: 8.54945, grid_scale: 2 / 5, strokes: 7 / 9
iteration step 341, G_loss: 0.29721, step_acc: 8.54976, grid_scale: 2 / 5, strokes: 7 / 9
iteration step 342, G_loss: 0.29714, step_acc: 8.55111, grid_scale: 2 / 5, strokes: 7 / 9
iteration step 343, G_loss: 0.29709, step_acc: 8.55214, grid_scale: 2 / 5, strokes: 7 / 9
iteration step 344, G_loss: 0.29705, step_acc: 8.55215, grid_scale: 2 / 5, strokes: 7 / 9
iteration step 345, G_loss: 0.29704, step_acc: 8.55174, grid_scale: 2 / 5, strokes: 7 / 9
iteration step 346, G_loss: 0.29703, step_acc: 8.55342, grid_scale: 2 / 5, strokes: 7 / 9
iteration step 347, G_loss: 0.29703, step_acc: 8.55261, grid_scale: 2 / 5, strokes: 7 / 9
iteration step 348, G_loss: 0.29701, step_acc: 8.55311, grid_scale: 2 / 5, strokes: 7 / 9
iteration step 349, G_loss: 0.29701, step_acc: 8.55351, grid_scale: 2 / 5, strokes: 7 / 9
iteration step 350, G_loss: 0.29696, step_acc: 8.55442, grid_scale: 2 / 5, strokes: 7 / 9
iteration step 351, G_loss: 0.29695, step_acc: 8.55303, grid_scale: 2 / 5, strokes: 7 / 9
iteration step 352, G_loss: 0.29694, step_acc: 8.55499, grid_scale: 2 / 5, strokes: 7 / 9
iteration step 353, G_loss: 0.29693, step_acc: 8.55359, grid_scale: 2 / 5, strokes: 7 / 9
iteration step 354, G_loss: 0.29691, step_acc: 8.55596, grid_scale: 2 / 5, strokes: 7 / 9
iteration step 355, G_loss: 0.29690, step_acc: 8.55398, grid_scale: 2 / 5, strokes: 7 / 9
iteration step 356, G_loss: 0.29689, step_acc: 8.55627, grid_scale: 2 / 5, strokes: 7 / 9
iteration step 357, G_loss: 0.29687, step_acc: 8.55508, grid_scale: 2 / 5, strokes: 7 / 9
iteration step 358, G_loss: 0.29686, step_acc: 8.55687, grid_scale: 2 / 5, strokes: 7 / 9
iteration step 359, G_loss: 0.29683, step_acc: 8.55541, grid_scale: 2 / 5, strokes: 7 / 9
iteration step 360, G_loss: 0.29680, step_acc: 8.55727, grid_scale: 2 / 5, strokes: 7 / 9
iteration step 361, G_loss: 0.29678, step_acc: 8.55621, grid_scale: 2 / 5, strokes: 7 / 9
iteration step 362, G_loss: 0.29677, step_acc: 8.55758, grid_scale: 2 / 5, strokes: 7 / 9
iteration step 363, G_loss: 0.29675, step_acc: 8.55642, grid_scale: 2 / 5, strokes: 7 / 9
iteration step 364, G_loss: 0.29673, step_acc: 8.55839, grid_scale: 2 / 5, strokes: 7 / 9
iteration step 365, G_loss: 0.29671, step_acc: 8.55739, grid_scale: 2 / 5, strokes: 7 / 9
iteration step 366, G_loss: 0.29670, step_acc: 8.55885, grid_scale: 2 / 5, strokes: 7 / 9
iteration step 367, G_loss: 0.29667, step_acc: 8.55812, grid_scale: 2 / 5, strokes: 7 / 9
iteration step 368, G_loss: 0.29666, step_acc: 8.55753, grid_scale: 2 / 5, strokes: 7 / 9
iteration step 369, G_loss: 0.29674, step_acc: 8.55710, grid_scale: 2 / 5, strokes: 7 / 9
iteration step 370, G_loss: 0.29667, step_acc: 8.55879, grid_scale: 2 / 5, strokes: 7 / 9
iteration step 371, G_loss: 0.29664, step_acc: 8.55779, grid_scale: 2 / 5, strokes: 7 / 9
iteration step 372, G_loss: 0.29662, step_acc: 8.56014, grid_scale: 2 / 5, strokes: 7 / 9
iteration step 373, G_loss: 0.29657, step_acc: 8.55650, grid_scale: 2 / 5, strokes: 7 / 9
iteration step 374, G_loss: 0.29679, step_acc: 8.55665, grid_scale: 2 / 5, strokes: 7 / 9
iteration step 375, G_loss: 0.29680, step_acc: 8.55571, grid_scale: 2 / 5, strokes: 7 / 9
iteration step 376, G_loss: 0.29669, step_acc: 8.55949, grid_scale: 2 / 5, strokes: 7 / 9
iteration step 377, G_loss: 0.29667, step_acc: 8.55746, grid_scale: 2 / 5, strokes: 7 / 9
iteration step 378, G_loss: 0.29663, step_acc: 8.55843, grid_scale: 2 / 5, strokes: 7 / 9
iteration step 379, G_loss: 0.29662, step_acc: 8.55860, grid_scale: 2 / 5, strokes: 7 / 9
iteration step 380, G_loss: 0.29659, step_acc: 8.55840, grid_scale: 2 / 5, strokes: 7 / 9
iteration step 381, G_loss: 0.29658, step_acc: 8.55819, grid_scale: 2 / 5, strokes: 7 / 9
iteration step 382, G_loss: 0.29658, step_acc: 8.55934, grid_scale: 2 / 5, strokes: 7 / 9
iteration step 383, G_loss: 0.29656, step_acc: 8.55810, grid_scale: 2 / 5, strokes: 7 / 9
iteration step 384, G_loss: 0.29655, step_acc: 8.56014, grid_scale: 2 / 5, strokes: 7 / 9
iteration step 385, G_loss: 0.29655, step_acc: 8.55810, grid_scale: 2 / 5, strokes: 8 / 9
iteration step 386, G_loss: 0.29653, step_acc: 8.56016, grid_scale: 2 / 5, strokes: 8 / 9
iteration step 387, G_loss: 0.29653, step_acc: 8.55854, grid_scale: 2 / 5, strokes: 8 / 9
iteration step 388, G_loss: 0.29652, step_acc: 8.55994, grid_scale: 2 / 5, strokes: 8 / 9
iteration step 389, G_loss: 0.29650, step_acc: 8.55870, grid_scale: 2 / 5, strokes: 8 / 9
iteration step 390, G_loss: 0.29650, step_acc: 8.55987, grid_scale: 2 / 5, strokes: 8 / 9
iteration step 391, G_loss: 0.29648, step_acc: 8.55964, grid_scale: 2 / 5, strokes: 8 / 9
iteration step 392, G_loss: 0.29648, step_acc: 8.55933, grid_scale: 2 / 5, strokes: 8 / 9
iteration step 393, G_loss: 0.29648, step_acc: 8.56047, grid_scale: 2 / 5, strokes: 8 / 9
iteration step 394, G_loss: 0.29647, step_acc: 8.56003, grid_scale: 2 / 5, strokes: 8 / 9
iteration step 395, G_loss: 0.29646, step_acc: 8.56004, grid_scale: 2 / 5, strokes: 8 / 9
iteration step 396, G_loss: 0.29645, step_acc: 8.55991, grid_scale: 2 / 5, strokes: 8 / 9
iteration step 397, G_loss: 0.29644, step_acc: 8.55974, grid_scale: 2 / 5, strokes: 8 / 9
iteration step 398, G_loss: 0.29643, step_acc: 8.56037, grid_scale: 2 / 5, strokes: 8 / 9
iteration step 399, G_loss: 0.29642, step_acc: 8.55906, grid_scale: 2 / 5, strokes: 8 / 9
iteration step 400, G_loss: 0.29642, step_acc: 8.56268, grid_scale: 2 / 5, strokes: 8 / 9
iteration step 401, G_loss: 0.29642, step_acc: 8.55973, grid_scale: 2 / 5, strokes: 8 / 9
iteration step 402, G_loss: 0.29638, step_acc: 8.56178, grid_scale: 2 / 5, strokes: 8 / 9
iteration step 403, G_loss: 0.29634, step_acc: 8.56092, grid_scale: 2 / 5, strokes: 8 / 9
iteration step 404, G_loss: 0.29632, step_acc: 8.56023, grid_scale: 2 / 5, strokes: 8 / 9
iteration step 405, G_loss: 0.29632, step_acc: 8.56033, grid_scale: 2 / 5, strokes: 8 / 9
iteration step 406, G_loss: 0.29628, step_acc: 8.56059, grid_scale: 2 / 5, strokes: 8 / 9
iteration step 407, G_loss: 0.29632, step_acc: 8.56032, grid_scale: 2 / 5, strokes: 8 / 9
iteration step 408, G_loss: 0.29631, step_acc: 8.56106, grid_scale: 2 / 5, strokes: 8 / 9
iteration step 409, G_loss: 0.29629, step_acc: 8.56085, grid_scale: 2 / 5, strokes: 8 / 9
iteration step 410, G_loss: 0.29627, step_acc: 8.56048, grid_scale: 2 / 5, strokes: 8 / 9
iteration step 411, G_loss: 0.29628, step_acc: 8.56055, grid_scale: 2 / 5, strokes: 8 / 9
iteration step 412, G_loss: 0.29626, step_acc: 8.56125, grid_scale: 2 / 5, strokes: 8 / 9
iteration step 413, G_loss: 0.29624, step_acc: 8.56133, grid_scale: 2 / 5, strokes: 8 / 9
iteration step 414, G_loss: 0.29624, step_acc: 8.56032, grid_scale: 2 / 5, strokes: 8 / 9
iteration step 415, G_loss: 0.29624, step_acc: 8.56105, grid_scale: 2 / 5, strokes: 8 / 9
iteration step 416, G_loss: 0.29622, step_acc: 8.56094, grid_scale: 2 / 5, strokes: 8 / 9
iteration step 417, G_loss: 0.29624, step_acc: 8.56042, grid_scale: 2 / 5, strokes: 8 / 9
iteration step 418, G_loss: 0.29622, step_acc: 8.56200, grid_scale: 2 / 5, strokes: 8 / 9
iteration step 419, G_loss: 0.29620, step_acc: 8.56049, grid_scale: 2 / 5, strokes: 8 / 9
iteration step 420, G_loss: 0.29623, step_acc: 8.56114, grid_scale: 2 / 5, strokes: 8 / 9
iteration step 421, G_loss: 0.29623, step_acc: 8.56035, grid_scale: 2 / 5, strokes: 8 / 9
iteration step 422, G_loss: 0.29621, step_acc: 8.56210, grid_scale: 2 / 5, strokes: 8 / 9
iteration step 423, G_loss: 0.29619, step_acc: 8.56041, grid_scale: 2 / 5, strokes: 8 / 9
iteration step 424, G_loss: 0.29620, step_acc: 8.56155, grid_scale: 2 / 5, strokes: 8 / 9
iteration step 425, G_loss: 0.29622, step_acc: 8.56069, grid_scale: 2 / 5, strokes: 8 / 9
iteration step 426, G_loss: 0.29620, step_acc: 8.56170, grid_scale: 2 / 5, strokes: 8 / 9
iteration step 427, G_loss: 0.29618, step_acc: 8.56120, grid_scale: 2 / 5, strokes: 8 / 9
iteration step 428, G_loss: 0.29619, step_acc: 8.56121, grid_scale: 2 / 5, strokes: 8 / 9
iteration step 429, G_loss: 0.29621, step_acc: 8.56099, grid_scale: 2 / 5, strokes: 8 / 9
iteration step 430, G_loss: 0.29620, step_acc: 8.56166, grid_scale: 2 / 5, strokes: 8 / 9
iteration step 431, G_loss: 0.29618, step_acc: 8.56129, grid_scale: 2 / 5, strokes: 8 / 9
iteration step 432, G_loss: 0.29618, step_acc: 8.56018, grid_scale: 2 / 5, strokes: 8 / 9
iteration step 433, G_loss: 0.29620, step_acc: 8.56147, grid_scale: 2 / 5, strokes: 8 / 9
iteration step 434, G_loss: 0.29617, step_acc: 8.56105, grid_scale: 2 / 5, strokes: 8 / 9
iteration step 435, G_loss: 0.29616, step_acc: 8.56056, grid_scale: 2 / 5, strokes: 8 / 9
iteration step 436, G_loss: 0.29616, step_acc: 8.56173, grid_scale: 2 / 5, strokes: 8 / 9
iteration step 437, G_loss: 0.29619, step_acc: 8.56056, grid_scale: 2 / 5, strokes: 8 / 9
iteration step 438, G_loss: 0.29615, step_acc: 8.56170, grid_scale: 2 / 5, strokes: 8 / 9
iteration step 439, G_loss: 0.29614, step_acc: 8.56090, grid_scale: 2 / 5, strokes: 8 / 9
iteration step 440, G_loss: 0.29615, step_acc: 8.56047, grid_scale: 2 / 5, strokes: 9 / 9
iteration step 441, G_loss: 0.29618, step_acc: 8.56055, grid_scale: 2 / 5, strokes: 9 / 9
iteration step 442, G_loss: 0.29615, step_acc: 8.56219, grid_scale: 2 / 5, strokes: 9 / 9
iteration step 443, G_loss: 0.29613, step_acc: 8.56006, grid_scale: 2 / 5, strokes: 9 / 9
iteration step 444, G_loss: 0.29613, step_acc: 8.56244, grid_scale: 2 / 5, strokes: 9 / 9
iteration step 445, G_loss: 0.29611, step_acc: 8.56086, grid_scale: 2 / 5, strokes: 9 / 9
iteration step 446, G_loss: 0.29612, step_acc: 8.56131, grid_scale: 2 / 5, strokes: 9 / 9
iteration step 447, G_loss: 0.29615, step_acc: 8.56054, grid_scale: 2 / 5, strokes: 9 / 9
iteration step 448, G_loss: 0.29611, step_acc: 8.56235, grid_scale: 2 / 5, strokes: 9 / 9
iteration step 449, G_loss: 0.29608, step_acc: 8.56120, grid_scale: 2 / 5, strokes: 9 / 9
iteration step 450, G_loss: 0.29606, step_acc: 8.56312, grid_scale: 2 / 5, strokes: 9 / 9
iteration step 451, G_loss: 0.29606, step_acc: 8.56038, grid_scale: 2 / 5, strokes: 9 / 9
iteration step 452, G_loss: 0.29606, step_acc: 8.56281, grid_scale: 2 / 5, strokes: 9 / 9
iteration step 453, G_loss: 0.29608, step_acc: 8.56115, grid_scale: 2 / 5, strokes: 9 / 9
iteration step 454, G_loss: 0.29604, step_acc: 8.56246, grid_scale: 2 / 5, strokes: 9 / 9
iteration step 455, G_loss: 0.29602, step_acc: 8.56183, grid_scale: 2 / 5, strokes: 9 / 9
iteration step 456, G_loss: 0.29601, step_acc: 8.56259, grid_scale: 2 / 5, strokes: 9 / 9
iteration step 457, G_loss: 0.29600, step_acc: 8.56058, grid_scale: 2 / 5, strokes: 9 / 9
iteration step 458, G_loss: 0.29601, step_acc: 8.56327, grid_scale: 2 / 5, strokes: 9 / 9
iteration step 459, G_loss: 0.29597, step_acc: 8.56108, grid_scale: 2 / 5, strokes: 9 / 9
iteration step 460, G_loss: 0.29596, step_acc: 8.56361, grid_scale: 2 / 5, strokes: 9 / 9
iteration step 461, G_loss: 0.29593, step_acc: 8.56197, grid_scale: 2 / 5, strokes: 9 / 9
iteration step 462, G_loss: 0.29592, step_acc: 8.56329, grid_scale: 2 / 5, strokes: 9 / 9
iteration step 463, G_loss: 0.29590, step_acc: 8.56209, grid_scale: 2 / 5, strokes: 9 / 9
iteration step 464, G_loss: 0.29588, step_acc: 8.56318, grid_scale: 2 / 5, strokes: 9 / 9
iteration step 465, G_loss: 0.29586, step_acc: 8.56300, grid_scale: 2 / 5, strokes: 9 / 9
iteration step 466, G_loss: 0.29586, step_acc: 8.56277, grid_scale: 2 / 5, strokes: 9 / 9
iteration step 467, G_loss: 0.29584, step_acc: 8.56292, grid_scale: 2 / 5, strokes: 9 / 9
iteration step 468, G_loss: 0.29582, step_acc: 8.56377, grid_scale: 2 / 5, strokes: 9 / 9
iteration step 469, G_loss: 0.29578, step_acc: 8.56301, grid_scale: 2 / 5, strokes: 9 / 9
iteration step 470, G_loss: 0.29577, step_acc: 8.56438, grid_scale: 2 / 5, strokes: 9 / 9
iteration step 471, G_loss: 0.29576, step_acc: 8.56318, grid_scale: 2 / 5, strokes: 9 / 9
iteration step 472, G_loss: 0.29575, step_acc: 8.56458, grid_scale: 2 / 5, strokes: 9 / 9
iteration step 473, G_loss: 0.29574, step_acc: 8.56365, grid_scale: 2 / 5, strokes: 9 / 9
iteration step 474, G_loss: 0.29575, step_acc: 8.56474, grid_scale: 2 / 5, strokes: 9 / 9
iteration step 475, G_loss: 0.29574, step_acc: 8.56423, grid_scale: 2 / 5, strokes: 9 / 9
iteration step 476, G_loss: 0.29567, step_acc: 8.56620, grid_scale: 2 / 5, strokes: 9 / 9
iteration step 477, G_loss: 0.29564, step_acc: 8.56511, grid_scale: 2 / 5, strokes: 9 / 9
iteration step 478, G_loss: 0.29563, step_acc: 8.56588, grid_scale: 2 / 5, strokes: 9 / 9
iteration step 479, G_loss: 0.29559, step_acc: 8.56498, grid_scale: 2 / 5, strokes: 9 / 9
iteration step 480, G_loss: 0.29558, step_acc: 8.56667, grid_scale: 2 / 5, strokes: 9 / 9
iteration step 481, G_loss: 0.29556, step_acc: 8.56460, grid_scale: 2 / 5, strokes: 9 / 9
iteration step 482, G_loss: 0.29557, step_acc: 8.56659, grid_scale: 2 / 5, strokes: 9 / 9
iteration step 483, G_loss: 0.29553, step_acc: 8.56548, grid_scale: 2 / 5, strokes: 9 / 9
iteration step 484, G_loss: 0.29552, step_acc: 8.56678, grid_scale: 2 / 5, strokes: 9 / 9
iteration step 485, G_loss: 0.29551, step_acc: 8.56532, grid_scale: 2 / 5, strokes: 9 / 9
iteration step 486, G_loss: 0.29552, step_acc: 8.56629, grid_scale: 2 / 5, strokes: 9 / 9
iteration step 487, G_loss: 0.29555, step_acc: 8.56536, grid_scale: 2 / 5, strokes: 9 / 9
iteration step 488, G_loss: 0.29549, step_acc: 8.56718, grid_scale: 2 / 5, strokes: 9 / 9
iteration step 489, G_loss: 0.29548, step_acc: 8.56601, grid_scale: 2 / 5, strokes: 9 / 9
iteration step 490, G_loss: 0.29549, step_acc: 8.56693, grid_scale: 2 / 5, strokes: 9 / 9
iteration step 491, G_loss: 0.29550, step_acc: 8.56495, grid_scale: 2 / 5, strokes: 9 / 9
iteration step 492, G_loss: 0.29551, step_acc: 8.56700, grid_scale: 2 / 5, strokes: 9 / 9
iteration step 493, G_loss: 0.29546, step_acc: 8.56635, grid_scale: 2 / 5, strokes: 9 / 9
iteration step 494, G_loss: 0.29545, step_acc: 8.56710, grid_scale: 2 / 5, strokes: 9 / 9
rendering canvas...
iteration step 0, G_loss: 0.29546, step_acc: 8.70379, grid_scale: 3 / 5, strokes: 1 / 9
iteration step 1, G_loss: 0.29136, step_acc: 8.70378, grid_scale: 3 / 5, strokes: 1 / 9
iteration step 2, G_loss: 0.29136, step_acc: 8.70379, grid_scale: 3 / 5, strokes: 1 / 9
iteration step 3, G_loss: 0.29136, step_acc: 8.70379, grid_scale: 3 / 5, strokes: 1 / 9
iteration step 4, G_loss: 0.29136, step_acc: 8.70379, grid_scale: 3 / 5, strokes: 1 / 9
iteration step 5, G_loss: 0.29136, step_acc: 8.70379, grid_scale: 3 / 5, strokes: 1 / 9
iteration step 6, G_loss: 0.29136, step_acc: 8.70379, grid_scale: 3 / 5, strokes: 1 / 9
iteration step 7, G_loss: 0.29136, step_acc: 8.70379, grid_scale: 3 / 5, strokes: 1 / 9
iteration step 8, G_loss: 0.29136, step_acc: 8.70379, grid_scale: 3 / 5, strokes: 1 / 9
iteration step 9, G_loss: 0.29136, step_acc: 8.70379, grid_scale: 3 / 5, strokes: 1 / 9
iteration step 10, G_loss: 0.29136, step_acc: 8.70379, grid_scale: 3 / 5, strokes: 1 / 9
iteration step 11, G_loss: 0.29136, step_acc: 8.70379, grid_scale: 3 / 5, strokes: 1 / 9
iteration step 12, G_loss: 0.29136, step_acc: 8.70379, grid_scale: 3 / 5, strokes: 1 / 9
iteration step 13, G_loss: 0.29136, step_acc: 8.70379, grid_scale: 3 / 5, strokes: 1 / 9
iteration step 14, G_loss: 0.29136, step_acc: 8.70379, grid_scale: 3 / 5, strokes: 1 / 9
iteration step 15, G_loss: 0.29136, step_acc: 8.70379, grid_scale: 3 / 5, strokes: 1 / 9
iteration step 16, G_loss: 0.29136, step_acc: 8.70379, grid_scale: 3 / 5, strokes: 1 / 9
iteration step 17, G_loss: 0.29136, step_acc: 8.70379, grid_scale: 3 / 5, strokes: 1 / 9
iteration step 18, G_loss: 0.29136, step_acc: 8.70379, grid_scale: 3 / 5, strokes: 1 / 9
iteration step 19, G_loss: 0.29136, step_acc: 8.70379, grid_scale: 3 / 5, strokes: 1 / 9
iteration step 20, G_loss: 0.29136, step_acc: 8.70379, grid_scale: 3 / 5, strokes: 1 / 9
iteration step 21, G_loss: 0.29136, step_acc: 8.70379, grid_scale: 3 / 5, strokes: 1 / 9
iteration step 22, G_loss: 0.29136, step_acc: 8.70379, grid_scale: 3 / 5, strokes: 1 / 9
iteration step 23, G_loss: 0.29136, step_acc: 8.70379, grid_scale: 3 / 5, strokes: 1 / 9
iteration step 24, G_loss: 0.29136, step_acc: 8.70379, grid_scale: 3 / 5, strokes: 1 / 9
iteration step 25, G_loss: 0.29136, step_acc: 8.70379, grid_scale: 3 / 5, strokes: 1 / 9
iteration step 26, G_loss: 0.29136, step_acc: 8.70380, grid_scale: 3 / 5, strokes: 1 / 9
iteration step 27, G_loss: 0.29136, step_acc: 8.70380, grid_scale: 3 / 5, strokes: 1 / 9
iteration step 28, G_loss: 0.29136, step_acc: 8.70380, grid_scale: 3 / 5, strokes: 1 / 9
iteration step 29, G_loss: 0.29136, step_acc: 8.70380, grid_scale: 3 / 5, strokes: 1 / 9
iteration step 30, G_loss: 0.29136, step_acc: 8.70380, grid_scale: 3 / 5, strokes: 1 / 9
iteration step 31, G_loss: 0.29136, step_acc: 8.70380, grid_scale: 3 / 5, strokes: 1 / 9
iteration step 32, G_loss: 0.29136, step_acc: 8.70380, grid_scale: 3 / 5, strokes: 1 / 9
iteration step 33, G_loss: 0.29136, step_acc: 8.70380, grid_scale: 3 / 5, strokes: 1 / 9
iteration step 34, G_loss: 0.29136, step_acc: 8.70380, grid_scale: 3 / 5, strokes: 1 / 9
iteration step 35, G_loss: 0.29136, step_acc: 8.70380, grid_scale: 3 / 5, strokes: 1 / 9
iteration step 36, G_loss: 0.29136, step_acc: 8.70380, grid_scale: 3 / 5, strokes: 1 / 9
iteration step 37, G_loss: 0.29136, step_acc: 8.70380, grid_scale: 3 / 5, strokes: 1 / 9
iteration step 38, G_loss: 0.29136, step_acc: 8.70380, grid_scale: 3 / 5, strokes: 1 / 9
iteration step 39, G_loss: 0.29136, step_acc: 8.70380, grid_scale: 3 / 5, strokes: 1 / 9
iteration step 40, G_loss: 0.29136, step_acc: 8.70380, grid_scale: 3 / 5, strokes: 1 / 9
iteration step 41, G_loss: 0.29136, step_acc: 8.70380, grid_scale: 3 / 5, strokes: 1 / 9
iteration step 42, G_loss: 0.29136, step_acc: 8.70380, grid_scale: 3 / 5, strokes: 1 / 9
iteration step 43, G_loss: 0.29136, step_acc: 8.70380, grid_scale: 3 / 5, strokes: 1 / 9
iteration step 44, G_loss: 0.29136, step_acc: 8.70380, grid_scale: 3 / 5, strokes: 1 / 9
iteration step 45, G_loss: 0.29136, step_acc: 8.70380, grid_scale: 3 / 5, strokes: 1 / 9
iteration step 46, G_loss: 0.29136, step_acc: 8.70380, grid_scale: 3 / 5, strokes: 1 / 9
iteration step 47, G_loss: 0.29136, step_acc: 8.70380, grid_scale: 3 / 5, strokes: 1 / 9
iteration step 48, G_loss: 0.29136, step_acc: 8.70380, grid_scale: 3 / 5, strokes: 1 / 9
iteration step 49, G_loss: 0.29136, step_acc: 8.70380, grid_scale: 3 / 5, strokes: 1 / 9
iteration step 50, G_loss: 0.29136, step_acc: 8.70380, grid_scale: 3 / 5, strokes: 1 / 9
iteration step 51, G_loss: 0.29136, step_acc: 8.70380, grid_scale: 3 / 5, strokes: 1 / 9
iteration step 52, G_loss: 0.29136, step_acc: 8.70380, grid_scale: 3 / 5, strokes: 1 / 9
iteration step 53, G_loss: 0.29136, step_acc: 8.70380, grid_scale: 3 / 5, strokes: 1 / 9
iteration step 54, G_loss: 0.29136, step_acc: 8.70380, grid_scale: 3 / 5, strokes: 1 / 9
iteration step 55, G_loss: 0.29136, step_acc: 8.70375, grid_scale: 3 / 5, strokes: 2 / 9
iteration step 56, G_loss: 0.29136, step_acc: 8.70374, grid_scale: 3 / 5, strokes: 2 / 9
iteration step 57, G_loss: 0.29136, step_acc: 8.71065, grid_scale: 3 / 5, strokes: 2 / 9
iteration step 58, G_loss: 0.29120, step_acc: 8.74278, grid_scale: 3 / 5, strokes: 2 / 9
iteration step 59, G_loss: 0.29019, step_acc: 8.76851, grid_scale: 3 / 5, strokes: 2 / 9
iteration step 60, G_loss: 0.28912, step_acc: 8.77411, grid_scale: 3 / 5, strokes: 2 / 9
iteration step 61, G_loss: 0.28883, step_acc: 8.77731, grid_scale: 3 / 5, strokes: 2 / 9
iteration step 62, G_loss: 0.28874, step_acc: 8.77733, grid_scale: 3 / 5, strokes: 2 / 9
iteration step 63, G_loss: 0.28869, step_acc: 8.77840, grid_scale: 3 / 5, strokes: 2 / 9
iteration step 64, G_loss: 0.28866, step_acc: 8.77933, grid_scale: 3 / 5, strokes: 2 / 9
iteration step 65, G_loss: 0.28860, step_acc: 8.78005, grid_scale: 3 / 5, strokes: 2 / 9
iteration step 66, G_loss: 0.28857, step_acc: 8.78014, grid_scale: 3 / 5, strokes: 2 / 9
iteration step 67, G_loss: 0.28853, step_acc: 8.78133, grid_scale: 3 / 5, strokes: 2 / 9
iteration step 68, G_loss: 0.28850, step_acc: 8.78220, grid_scale: 3 / 5, strokes: 2 / 9
iteration step 69, G_loss: 0.28848, step_acc: 8.78176, grid_scale: 3 / 5, strokes: 2 / 9
iteration step 70, G_loss: 0.28845, step_acc: 8.78264, grid_scale: 3 / 5, strokes: 2 / 9
iteration step 71, G_loss: 0.28843, step_acc: 8.78282, grid_scale: 3 / 5, strokes: 2 / 9
iteration step 72, G_loss: 0.28841, step_acc: 8.78304, grid_scale: 3 / 5, strokes: 2 / 9
iteration step 73, G_loss: 0.28839, step_acc: 8.78297, grid_scale: 3 / 5, strokes: 2 / 9
iteration step 74, G_loss: 0.28838, step_acc: 8.78358, grid_scale: 3 / 5, strokes: 2 / 9
iteration step 75, G_loss: 0.28838, step_acc: 8.78355, grid_scale: 3 / 5, strokes: 2 / 9
iteration step 76, G_loss: 0.28837, step_acc: 8.78336, grid_scale: 3 / 5, strokes: 2 / 9
iteration step 77, G_loss: 0.28836, step_acc: 8.78381, grid_scale: 3 / 5, strokes: 2 / 9
iteration step 78, G_loss: 0.28836, step_acc: 8.78318, grid_scale: 3 / 5, strokes: 2 / 9
iteration step 79, G_loss: 0.28836, step_acc: 8.78418, grid_scale: 3 / 5, strokes: 2 / 9
iteration step 80, G_loss: 0.28834, step_acc: 8.78420, grid_scale: 3 / 5, strokes: 2 / 9
iteration step 81, G_loss: 0.28833, step_acc: 8.78354, grid_scale: 3 / 5, strokes: 2 / 9
iteration step 82, G_loss: 0.28834, step_acc: 8.78385, grid_scale: 3 / 5, strokes: 2 / 9
iteration step 83, G_loss: 0.28833, step_acc: 8.78440, grid_scale: 3 / 5, strokes: 2 / 9
iteration step 84, G_loss: 0.28832, step_acc: 8.78449, grid_scale: 3 / 5, strokes: 2 / 9
iteration step 85, G_loss: 0.28832, step_acc: 8.78363, grid_scale: 3 / 5, strokes: 2 / 9
iteration step 86, G_loss: 0.28834, step_acc: 8.78464, grid_scale: 3 / 5, strokes: 2 / 9
iteration step 87, G_loss: 0.28831, step_acc: 8.78463, grid_scale: 3 / 5, strokes: 2 / 9
iteration step 88, G_loss: 0.28831, step_acc: 8.78505, grid_scale: 3 / 5, strokes: 2 / 9
iteration step 89, G_loss: 0.28831, step_acc: 8.78462, grid_scale: 3 / 5, strokes: 2 / 9
iteration step 90, G_loss: 0.28830, step_acc: 8.78509, grid_scale: 3 / 5, strokes: 2 / 9
iteration step 91, G_loss: 0.28830, step_acc: 8.78558, grid_scale: 3 / 5, strokes: 2 / 9
iteration step 92, G_loss: 0.28829, step_acc: 8.78534, grid_scale: 3 / 5, strokes: 2 / 9
iteration step 93, G_loss: 0.28829, step_acc: 8.78640, grid_scale: 3 / 5, strokes: 2 / 9
iteration step 94, G_loss: 0.28828, step_acc: 8.78614, grid_scale: 3 / 5, strokes: 2 / 9
iteration step 95, G_loss: 0.28827, step_acc: 8.78706, grid_scale: 3 / 5, strokes: 2 / 9
iteration step 96, G_loss: 0.28825, step_acc: 8.78673, grid_scale: 3 / 5, strokes: 2 / 9
iteration step 97, G_loss: 0.28825, step_acc: 8.78770, grid_scale: 3 / 5, strokes: 2 / 9
iteration step 98, G_loss: 0.28824, step_acc: 8.78775, grid_scale: 3 / 5, strokes: 2 / 9
iteration step 99, G_loss: 0.28823, step_acc: 8.78855, grid_scale: 3 / 5, strokes: 2 / 9
iteration step 100, G_loss: 0.28824, step_acc: 8.78804, grid_scale: 3 / 5, strokes: 2 / 9
iteration step 101, G_loss: 0.28823, step_acc: 8.78928, grid_scale: 3 / 5, strokes: 2 / 9
iteration step 102, G_loss: 0.28820, step_acc: 8.78914, grid_scale: 3 / 5, strokes: 2 / 9
iteration step 103, G_loss: 0.28820, step_acc: 8.78981, grid_scale: 3 / 5, strokes: 2 / 9
iteration step 104, G_loss: 0.28818, step_acc: 8.79040, grid_scale: 3 / 5, strokes: 2 / 9
iteration step 105, G_loss: 0.28817, step_acc: 8.79070, grid_scale: 3 / 5, strokes: 2 / 9
iteration step 106, G_loss: 0.28816, step_acc: 8.79118, grid_scale: 3 / 5, strokes: 2 / 9
iteration step 107, G_loss: 0.28815, step_acc: 8.79183, grid_scale: 3 / 5, strokes: 2 / 9
iteration step 108, G_loss: 0.28813, step_acc: 8.79264, grid_scale: 3 / 5, strokes: 2 / 9
iteration step 109, G_loss: 0.28811, step_acc: 8.80528, grid_scale: 3 / 5, strokes: 2 / 9
iteration step 110, G_loss: 0.28762, step_acc: 8.81679, grid_scale: 3 / 5, strokes: 3 / 9
iteration step 111, G_loss: 0.28715, step_acc: 8.81971, grid_scale: 3 / 5, strokes: 3 / 9
iteration step 112, G_loss: 0.28705, step_acc: 8.82345, grid_scale: 3 / 5, strokes: 3 / 9
iteration step 113, G_loss: 0.28691, step_acc: 8.82652, grid_scale: 3 / 5, strokes: 3 / 9
iteration step 114, G_loss: 0.28681, step_acc: 8.82971, grid_scale: 3 / 5, strokes: 3 / 9
iteration step 115, G_loss: 0.28670, step_acc: 8.83191, grid_scale: 3 / 5, strokes: 3 / 9
iteration step 116, G_loss: 0.28665, step_acc: 8.83286, grid_scale: 3 / 5, strokes: 3 / 9
iteration step 117, G_loss: 0.28661, step_acc: 8.83405, grid_scale: 3 / 5, strokes: 3 / 9
iteration step 118, G_loss: 0.28657, step_acc: 8.83494, grid_scale: 3 / 5, strokes: 3 / 9
iteration step 119, G_loss: 0.28653, step_acc: 8.83609, grid_scale: 3 / 5, strokes: 3 / 9
iteration step 120, G_loss: 0.28648, step_acc: 8.83703, grid_scale: 3 / 5, strokes: 3 / 9
iteration step 121, G_loss: 0.28643, step_acc: 8.83801, grid_scale: 3 / 5, strokes: 3 / 9
iteration step 122, G_loss: 0.28640, step_acc: 8.83907, grid_scale: 3 / 5, strokes: 3 / 9
iteration step 123, G_loss: 0.28635, step_acc: 8.84023, grid_scale: 3 / 5, strokes: 3 / 9
iteration step 124, G_loss: 0.28630, step_acc: 8.84149, grid_scale: 3 / 5, strokes: 3 / 9
iteration step 125, G_loss: 0.28624, step_acc: 8.84258, grid_scale: 3 / 5, strokes: 3 / 9
iteration step 126, G_loss: 0.28619, step_acc: 8.84351, grid_scale: 3 / 5, strokes: 3 / 9
iteration step 127, G_loss: 0.28615, step_acc: 8.84486, grid_scale: 3 / 5, strokes: 3 / 9
iteration step 128, G_loss: 0.28608, step_acc: 8.84613, grid_scale: 3 / 5, strokes: 3 / 9
iteration step 129, G_loss: 0.28602, step_acc: 8.84753, grid_scale: 3 / 5, strokes: 3 / 9
iteration step 130, G_loss: 0.28597, step_acc: 8.84950, grid_scale: 3 / 5, strokes: 3 / 9
iteration step 131, G_loss: 0.28590, step_acc: 8.85195, grid_scale: 3 / 5, strokes: 3 / 9
iteration step 132, G_loss: 0.28581, step_acc: 8.85394, grid_scale: 3 / 5, strokes: 3 / 9
iteration step 133, G_loss: 0.28573, step_acc: 8.85591, grid_scale: 3 / 5, strokes: 3 / 9
iteration step 134, G_loss: 0.28565, step_acc: 8.85925, grid_scale: 3 / 5, strokes: 3 / 9
iteration step 135, G_loss: 0.28553, step_acc: 8.86272, grid_scale: 3 / 5, strokes: 3 / 9
iteration step 136, G_loss: 0.28541, step_acc: 8.86642, grid_scale: 3 / 5, strokes: 3 / 9
iteration step 137, G_loss: 0.28527, step_acc: 8.87055, grid_scale: 3 / 5, strokes: 3 / 9
iteration step 138, G_loss: 0.28510, step_acc: 8.87496, grid_scale: 3 / 5, strokes: 3 / 9
iteration step 139, G_loss: 0.28490, step_acc: 8.88013, grid_scale: 3 / 5, strokes: 3 / 9
iteration step 140, G_loss: 0.28466, step_acc: 8.88580, grid_scale: 3 / 5, strokes: 3 / 9
iteration step 141, G_loss: 0.28441, step_acc: 8.89112, grid_scale: 3 / 5, strokes: 3 / 9
iteration step 142, G_loss: 0.28416, step_acc: 8.89556, grid_scale: 3 / 5, strokes: 3 / 9
iteration step 143, G_loss: 0.28397, step_acc: 8.89956, grid_scale: 3 / 5, strokes: 3 / 9
iteration step 144, G_loss: 0.28380, step_acc: 8.90410, grid_scale: 3 / 5, strokes: 3 / 9
iteration step 145, G_loss: 0.28363, step_acc: 8.90775, grid_scale: 3 / 5, strokes: 3 / 9
iteration step 146, G_loss: 0.28345, step_acc: 8.91157, grid_scale: 3 / 5, strokes: 3 / 9
iteration step 147, G_loss: 0.28331, step_acc: 8.91571, grid_scale: 3 / 5, strokes: 3 / 9
iteration step 148, G_loss: 0.28314, step_acc: 8.92132, grid_scale: 3 / 5, strokes: 3 / 9
iteration step 149, G_loss: 0.28292, step_acc: 8.92735, grid_scale: 3 / 5, strokes: 3 / 9
iteration step 150, G_loss: 0.28265, step_acc: 8.93364, grid_scale: 3 / 5, strokes: 3 / 9
iteration step 151, G_loss: 0.28235, step_acc: 8.93682, grid_scale: 3 / 5, strokes: 3 / 9
iteration step 152, G_loss: 0.28221, step_acc: 8.94040, grid_scale: 3 / 5, strokes: 3 / 9
iteration step 153, G_loss: 0.28206, step_acc: 8.94529, grid_scale: 3 / 5, strokes: 3 / 9
iteration step 154, G_loss: 0.28187, step_acc: 8.95067, grid_scale: 3 / 5, strokes: 3 / 9
iteration step 155, G_loss: 0.28162, step_acc: 8.95634, grid_scale: 3 / 5, strokes: 3 / 9
iteration step 156, G_loss: 0.28140, step_acc: 8.96023, grid_scale: 3 / 5, strokes: 3 / 9
iteration step 157, G_loss: 0.28123, step_acc: 8.96719, grid_scale: 3 / 5, strokes: 3 / 9
iteration step 158, G_loss: 0.28093, step_acc: 8.97493, grid_scale: 3 / 5, strokes: 3 / 9
iteration step 159, G_loss: 0.28056, step_acc: 8.98091, grid_scale: 3 / 5, strokes: 3 / 9
iteration step 160, G_loss: 0.28027, step_acc: 8.98411, grid_scale: 3 / 5, strokes: 3 / 9
iteration step 161, G_loss: 0.28011, step_acc: 8.98645, grid_scale: 3 / 5, strokes: 3 / 9
iteration step 162, G_loss: 0.28002, step_acc: 8.98857, grid_scale: 3 / 5, strokes: 3 / 9
iteration step 163, G_loss: 0.27993, step_acc: 8.99086, grid_scale: 3 / 5, strokes: 3 / 9
iteration step 164, G_loss: 0.27985, step_acc: 8.99286, grid_scale: 3 / 5, strokes: 3 / 9
iteration step 165, G_loss: 0.27977, step_acc: 8.99462, grid_scale: 3 / 5, strokes: 4 / 9
iteration step 166, G_loss: 0.27970, step_acc: 8.99633, grid_scale: 3 / 5, strokes: 4 / 9
iteration step 167, G_loss: 0.27964, step_acc: 8.99782, grid_scale: 3 / 5, strokes: 4 / 9
iteration step 168, G_loss: 0.27959, step_acc: 9.00013, grid_scale: 3 / 5, strokes: 4 / 9
iteration step 169, G_loss: 0.27953, step_acc: 9.00108, grid_scale: 3 / 5, strokes: 4 / 9
iteration step 170, G_loss: 0.27945, step_acc: 9.00278, grid_scale: 3 / 5, strokes: 4 / 9
iteration step 171, G_loss: 0.27940, step_acc: 9.00362, grid_scale: 3 / 5, strokes: 4 / 9
iteration step 172, G_loss: 0.27935, step_acc: 9.00426, grid_scale: 3 / 5, strokes: 4 / 9
iteration step 173, G_loss: 0.27931, step_acc: 9.00672, grid_scale: 3 / 5, strokes: 4 / 9
iteration step 174, G_loss: 0.27925, step_acc: 9.00785, grid_scale: 3 / 5, strokes: 4 / 9
iteration step 175, G_loss: 0.27919, step_acc: 9.00905, grid_scale: 3 / 5, strokes: 4 / 9
iteration step 176, G_loss: 0.27914, step_acc: 9.01031, grid_scale: 3 / 5, strokes: 4 / 9
iteration step 177, G_loss: 0.27908, step_acc: 9.01148, grid_scale: 3 / 5, strokes: 4 / 9
iteration step 178, G_loss: 0.27903, step_acc: 9.01256, grid_scale: 3 / 5, strokes: 4 / 9
iteration step 179, G_loss: 0.27898, step_acc: 9.01369, grid_scale: 3 / 5, strokes: 4 / 9
iteration step 180, G_loss: 0.27893, step_acc: 9.01459, grid_scale: 3 / 5, strokes: 4 / 9
iteration step 181, G_loss: 0.27888, step_acc: 9.01580, grid_scale: 3 / 5, strokes: 4 / 9
iteration step 182, G_loss: 0.27884, step_acc: 9.01687, grid_scale: 3 / 5, strokes: 4 / 9
iteration step 183, G_loss: 0.27879, step_acc: 9.01781, grid_scale: 3 / 5, strokes: 4 / 9
iteration step 184, G_loss: 0.27875, step_acc: 9.01879, grid_scale: 3 / 5, strokes: 4 / 9
iteration step 185, G_loss: 0.27872, step_acc: 9.01939, grid_scale: 3 / 5, strokes: 4 / 9
iteration step 186, G_loss: 0.27869, step_acc: 9.02024, grid_scale: 3 / 5, strokes: 4 / 9
iteration step 187, G_loss: 0.27866, step_acc: 9.02088, grid_scale: 3 / 5, strokes: 4 / 9
iteration step 188, G_loss: 0.27864, step_acc: 9.02126, grid_scale: 3 / 5, strokes: 4 / 9
iteration step 189, G_loss: 0.27862, step_acc: 9.02188, grid_scale: 3 / 5, strokes: 4 / 9
iteration step 190, G_loss: 0.27860, step_acc: 9.02229, grid_scale: 3 / 5, strokes: 4 / 9
iteration step 191, G_loss: 0.27858, step_acc: 9.02266, grid_scale: 3 / 5, strokes: 4 / 9
iteration step 192, G_loss: 0.27856, step_acc: 9.02306, grid_scale: 3 / 5, strokes: 4 / 9
iteration step 193, G_loss: 0.27854, step_acc: 9.02380, grid_scale: 3 / 5, strokes: 4 / 9
iteration step 194, G_loss: 0.27852, step_acc: 9.02428, grid_scale: 3 / 5, strokes: 4 / 9
iteration step 195, G_loss: 0.27848, step_acc: 9.02532, grid_scale: 3 / 5, strokes: 4 / 9
iteration step 196, G_loss: 0.27844, step_acc: 9.02626, grid_scale: 3 / 5, strokes: 4 / 9
iteration step 197, G_loss: 0.27841, step_acc: 9.02702, grid_scale: 3 / 5, strokes: 4 / 9
iteration step 198, G_loss: 0.27837, step_acc: 9.02811, grid_scale: 3 / 5, strokes: 4 / 9
iteration step 199, G_loss: 0.27832, step_acc: 9.02961, grid_scale: 3 / 5, strokes: 4 / 9
iteration step 200, G_loss: 0.27826, step_acc: 9.03121, grid_scale: 3 / 5, strokes: 4 / 9
iteration step 201, G_loss: 0.27819, step_acc: 9.03273, grid_scale: 3 / 5, strokes: 4 / 9
iteration step 202, G_loss: 0.27812, step_acc: 9.03391, grid_scale: 3 / 5, strokes: 4 / 9
iteration step 203, G_loss: 0.27808, step_acc: 9.03490, grid_scale: 3 / 5, strokes: 4 / 9
iteration step 204, G_loss: 0.27803, step_acc: 9.03570, grid_scale: 3 / 5, strokes: 4 / 9
iteration step 205, G_loss: 0.27800, step_acc: 9.03656, grid_scale: 3 / 5, strokes: 4 / 9
iteration step 206, G_loss: 0.27796, step_acc: 9.03740, grid_scale: 3 / 5, strokes: 4 / 9
iteration step 207, G_loss: 0.27793, step_acc: 9.03798, grid_scale: 3 / 5, strokes: 4 / 9
iteration step 208, G_loss: 0.27790, step_acc: 9.03856, grid_scale: 3 / 5, strokes: 4 / 9
iteration step 209, G_loss: 0.27788, step_acc: 9.03944, grid_scale: 3 / 5, strokes: 4 / 9
iteration step 210, G_loss: 0.27786, step_acc: 9.04004, grid_scale: 3 / 5, strokes: 4 / 9
iteration step 211, G_loss: 0.27783, step_acc: 9.04057, grid_scale: 3 / 5, strokes: 4 / 9
iteration step 212, G_loss: 0.27781, step_acc: 9.04126, grid_scale: 3 / 5, strokes: 4 / 9
iteration step 213, G_loss: 0.27781, step_acc: 9.04137, grid_scale: 3 / 5, strokes: 4 / 9
iteration step 214, G_loss: 0.27778, step_acc: 9.04215, grid_scale: 3 / 5, strokes: 4 / 9
iteration step 215, G_loss: 0.27776, step_acc: 9.04235, grid_scale: 3 / 5, strokes: 4 / 9
iteration step 216, G_loss: 0.27774, step_acc: 9.04354, grid_scale: 3 / 5, strokes: 4 / 9
iteration step 217, G_loss: 0.27771, step_acc: 9.04394, grid_scale: 3 / 5, strokes: 4 / 9
iteration step 218, G_loss: 0.27768, step_acc: 9.04486, grid_scale: 3 / 5, strokes: 4 / 9
iteration step 219, G_loss: 0.27765, step_acc: 9.04565, grid_scale: 3 / 5, strokes: 4 / 9
iteration step 220, G_loss: 0.27760, step_acc: 9.04647, grid_scale: 3 / 5, strokes: 5 / 9
iteration step 221, G_loss: 0.27757, step_acc: 9.04759, grid_scale: 3 / 5, strokes: 5 / 9
iteration step 222, G_loss: 0.27751, step_acc: 9.04687, grid_scale: 3 / 5, strokes: 5 / 9
iteration step 223, G_loss: 0.27758, step_acc: 9.04894, grid_scale: 3 / 5, strokes: 5 / 9
iteration step 224, G_loss: 0.27745, step_acc: 9.04964, grid_scale: 3 / 5, strokes: 5 / 9
iteration step 225, G_loss: 0.27742, step_acc: 9.05025, grid_scale: 3 / 5, strokes: 5 / 9
iteration step 226, G_loss: 0.27738, step_acc: 9.07312, grid_scale: 3 / 5, strokes: 5 / 9
iteration step 227, G_loss: 0.27651, step_acc: 9.07870, grid_scale: 3 / 5, strokes: 5 / 9
iteration step 228, G_loss: 0.27627, step_acc: 9.08324, grid_scale: 3 / 5, strokes: 5 / 9
iteration step 229, G_loss: 0.27609, step_acc: 9.08674, grid_scale: 3 / 5, strokes: 5 / 9
iteration step 230, G_loss: 0.27590, step_acc: 9.09032, grid_scale: 3 / 5, strokes: 5 / 9
iteration step 231, G_loss: 0.27572, step_acc: 9.09489, grid_scale: 3 / 5, strokes: 5 / 9
iteration step 232, G_loss: 0.27550, step_acc: 9.09882, grid_scale: 3 / 5, strokes: 5 / 9
iteration step 233, G_loss: 0.27530, step_acc: 9.10709, grid_scale: 3 / 5, strokes: 5 / 9
iteration step 234, G_loss: 0.27486, step_acc: 9.12213, grid_scale: 3 / 5, strokes: 5 / 9
iteration step 235, G_loss: 0.27404, step_acc: 9.12564, grid_scale: 3 / 5, strokes: 5 / 9
iteration step 236, G_loss: 0.27384, step_acc: 9.12945, grid_scale: 3 / 5, strokes: 5 / 9
iteration step 237, G_loss: 0.27364, step_acc: 9.13166, grid_scale: 3 / 5, strokes: 5 / 9
iteration step 238, G_loss: 0.27349, step_acc: 9.13383, grid_scale: 3 / 5, strokes: 5 / 9
iteration step 239, G_loss: 0.27338, step_acc: 9.15609, grid_scale: 3 / 5, strokes: 5 / 9
iteration step 240, G_loss: 0.27274, step_acc: 9.15679, grid_scale: 3 / 5, strokes: 5 / 9
iteration step 241, G_loss: 0.27268, step_acc: 9.16440, grid_scale: 3 / 5, strokes: 5 / 9
iteration step 242, G_loss: 0.27240, step_acc: 9.16800, grid_scale: 3 / 5, strokes: 5 / 9
iteration step 243, G_loss: 0.27222, step_acc: 9.17066, grid_scale: 3 / 5, strokes: 5 / 9
iteration step 244, G_loss: 0.27209, step_acc: 9.17378, grid_scale: 3 / 5, strokes: 5 / 9
iteration step 245, G_loss: 0.27197, step_acc: 9.17650, grid_scale: 3 / 5, strokes: 5 / 9
iteration step 246, G_loss: 0.27186, step_acc: 9.17925, grid_scale: 3 / 5, strokes: 5 / 9
iteration step 247, G_loss: 0.27174, step_acc: 9.18191, grid_scale: 3 / 5, strokes: 5 / 9
iteration step 248, G_loss: 0.27159, step_acc: 9.18476, grid_scale: 3 / 5, strokes: 5 / 9
iteration step 249, G_loss: 0.27146, step_acc: 9.18804, grid_scale: 3 / 5, strokes: 5 / 9
iteration step 250, G_loss: 0.27132, step_acc: 9.19158, grid_scale: 3 / 5, strokes: 5 / 9
iteration step 251, G_loss: 0.27116, step_acc: 9.19679, grid_scale: 3 / 5, strokes: 5 / 9
iteration step 252, G_loss: 0.27095, step_acc: 9.20398, grid_scale: 3 / 5, strokes: 5 / 9
iteration step 253, G_loss: 0.27066, step_acc: 9.21013, grid_scale: 3 / 5, strokes: 5 / 9
iteration step 254, G_loss: 0.27042, step_acc: 9.21517, grid_scale: 3 / 5, strokes: 5 / 9
iteration step 255, G_loss: 0.27021, step_acc: 9.21907, grid_scale: 3 / 5, strokes: 5 / 9
iteration step 256, G_loss: 0.27005, step_acc: 9.22199, grid_scale: 3 / 5, strokes: 5 / 9
iteration step 257, G_loss: 0.26991, step_acc: 9.22347, grid_scale: 3 / 5, strokes: 5 / 9
iteration step 258, G_loss: 0.26982, step_acc: 9.22516, grid_scale: 3 / 5, strokes: 5 / 9
iteration step 259, G_loss: 0.26973, step_acc: 9.22774, grid_scale: 3 / 5, strokes: 5 / 9
iteration step 260, G_loss: 0.26962, step_acc: 9.22953, grid_scale: 3 / 5, strokes: 5 / 9
iteration step 261, G_loss: 0.26952, step_acc: 9.23124, grid_scale: 3 / 5, strokes: 5 / 9
iteration step 262, G_loss: 0.26942, step_acc: 9.23319, grid_scale: 3 / 5, strokes: 5 / 9
iteration step 263, G_loss: 0.26932, step_acc: 9.23506, grid_scale: 3 / 5, strokes: 5 / 9
iteration step 264, G_loss: 0.26921, step_acc: 9.23672, grid_scale: 3 / 5, strokes: 5 / 9
iteration step 265, G_loss: 0.26913, step_acc: 9.23856, grid_scale: 3 / 5, strokes: 5 / 9
iteration step 266, G_loss: 0.26902, step_acc: 9.24054, grid_scale: 3 / 5, strokes: 5 / 9
iteration step 267, G_loss: 0.26891, step_acc: 9.24247, grid_scale: 3 / 5, strokes: 5 / 9
iteration step 268, G_loss: 0.26878, step_acc: 9.24517, grid_scale: 3 / 5, strokes: 5 / 9
iteration step 269, G_loss: 0.26865, step_acc: 9.24740, grid_scale: 3 / 5, strokes: 5 / 9
iteration step 270, G_loss: 0.26850, step_acc: 9.25000, grid_scale: 3 / 5, strokes: 5 / 9
iteration step 271, G_loss: 0.26835, step_acc: 9.25210, grid_scale: 3 / 5, strokes: 5 / 9
iteration step 272, G_loss: 0.26821, step_acc: 9.25469, grid_scale: 3 / 5, strokes: 5 / 9
iteration step 273, G_loss: 0.26806, step_acc: 9.25657, grid_scale: 3 / 5, strokes: 5 / 9
iteration step 274, G_loss: 0.26792, step_acc: 9.25888, grid_scale: 3 / 5, strokes: 5 / 9
iteration step 275, G_loss: 0.26782, step_acc: 9.26061, grid_scale: 3 / 5, strokes: 6 / 9
iteration step 276, G_loss: 0.26770, step_acc: 9.26312, grid_scale: 3 / 5, strokes: 6 / 9
iteration step 277, G_loss: 0.26756, step_acc: 9.26468, grid_scale: 3 / 5, strokes: 6 / 9
iteration step 278, G_loss: 0.26742, step_acc: 9.26786, grid_scale: 3 / 5, strokes: 6 / 9
iteration step 279, G_loss: 0.26725, step_acc: 9.27091, grid_scale: 3 / 5, strokes: 6 / 9
iteration step 280, G_loss: 0.26704, step_acc: 9.27558, grid_scale: 3 / 5, strokes: 6 / 9
iteration step 281, G_loss: 0.26677, step_acc: 9.27875, grid_scale: 3 / 5, strokes: 6 / 9
iteration step 282, G_loss: 0.26655, step_acc: 9.28178, grid_scale: 3 / 5, strokes: 6 / 9
iteration step 283, G_loss: 0.26633, step_acc: 9.28363, grid_scale: 3 / 5, strokes: 6 / 9
iteration step 284, G_loss: 0.26615, step_acc: 9.28577, grid_scale: 3 / 5, strokes: 6 / 9
iteration step 285, G_loss: 0.26603, step_acc: 9.28701, grid_scale: 3 / 5, strokes: 6 / 9
iteration step 286, G_loss: 0.26592, step_acc: 9.28807, grid_scale: 3 / 5, strokes: 6 / 9
iteration step 287, G_loss: 0.26583, step_acc: 9.28924, grid_scale: 3 / 5, strokes: 6 / 9
iteration step 288, G_loss: 0.26576, step_acc: 9.29076, grid_scale: 3 / 5, strokes: 6 / 9
iteration step 289, G_loss: 0.26565, step_acc: 9.29217, grid_scale: 3 / 5, strokes: 6 / 9
iteration step 290, G_loss: 0.26555, step_acc: 9.29372, grid_scale: 3 / 5, strokes: 6 / 9
iteration step 291, G_loss: 0.26547, step_acc: 9.29532, grid_scale: 3 / 5, strokes: 6 / 9
iteration step 292, G_loss: 0.26537, step_acc: 9.29635, grid_scale: 3 / 5, strokes: 6 / 9
iteration step 293, G_loss: 0.26531, step_acc: 9.29738, grid_scale: 3 / 5, strokes: 6 / 9
iteration step 294, G_loss: 0.26526, step_acc: 9.29837, grid_scale: 3 / 5, strokes: 6 / 9
iteration step 295, G_loss: 0.26520, step_acc: 9.29933, grid_scale: 3 / 5, strokes: 6 / 9
iteration step 296, G_loss: 0.26514, step_acc: 9.30062, grid_scale: 3 / 5, strokes: 6 / 9
iteration step 297, G_loss: 0.26508, step_acc: 9.30148, grid_scale: 3 / 5, strokes: 6 / 9
iteration step 298, G_loss: 0.26502, step_acc: 9.30240, grid_scale: 3 / 5, strokes: 6 / 9
iteration step 299, G_loss: 0.26497, step_acc: 9.30315, grid_scale: 3 / 5, strokes: 6 / 9
iteration step 300, G_loss: 0.26493, step_acc: 9.30410, grid_scale: 3 / 5, strokes: 6 / 9
iteration step 301, G_loss: 0.26487, step_acc: 9.30474, grid_scale: 3 / 5, strokes: 6 / 9
iteration step 302, G_loss: 0.26482, step_acc: 9.30554, grid_scale: 3 / 5, strokes: 6 / 9
iteration step 303, G_loss: 0.26478, step_acc: 9.30587, grid_scale: 3 / 5, strokes: 6 / 9
iteration step 304, G_loss: 0.26475, step_acc: 9.30709, grid_scale: 3 / 5, strokes: 6 / 9
iteration step 305, G_loss: 0.26469, step_acc: 9.30771, grid_scale: 3 / 5, strokes: 6 / 9
iteration step 306, G_loss: 0.26464, step_acc: 9.30887, grid_scale: 3 / 5, strokes: 6 / 9
iteration step 307, G_loss: 0.26458, step_acc: 9.31044, grid_scale: 3 / 5, strokes: 6 / 9
iteration step 308, G_loss: 0.26450, step_acc: 9.31254, grid_scale: 3 / 5, strokes: 6 / 9
iteration step 309, G_loss: 0.26442, step_acc: 9.31346, grid_scale: 3 / 5, strokes: 6 / 9
iteration step 310, G_loss: 0.26436, step_acc: 9.31500, grid_scale: 3 / 5, strokes: 6 / 9
iteration step 311, G_loss: 0.26430, step_acc: 9.31624, grid_scale: 3 / 5, strokes: 6 / 9
iteration step 312, G_loss: 0.26422, step_acc: 9.31701, grid_scale: 3 / 5, strokes: 6 / 9
iteration step 313, G_loss: 0.26417, step_acc: 9.31755, grid_scale: 3 / 5, strokes: 6 / 9
iteration step 314, G_loss: 0.26413, step_acc: 9.31854, grid_scale: 3 / 5, strokes: 6 / 9
iteration step 315, G_loss: 0.26407, step_acc: 9.31930, grid_scale: 3 / 5, strokes: 6 / 9
iteration step 316, G_loss: 0.26403, step_acc: 9.31976, grid_scale: 3 / 5, strokes: 6 / 9
iteration step 317, G_loss: 0.26398, step_acc: 9.32048, grid_scale: 3 / 5, strokes: 6 / 9
iteration step 318, G_loss: 0.26395, step_acc: 9.32123, grid_scale: 3 / 5, strokes: 6 / 9
iteration step 319, G_loss: 0.26391, step_acc: 9.32193, grid_scale: 3 / 5, strokes: 6 / 9
iteration step 320, G_loss: 0.26386, step_acc: 9.32299, grid_scale: 3 / 5, strokes: 6 / 9
iteration step 321, G_loss: 0.26381, step_acc: 9.32354, grid_scale: 3 / 5, strokes: 6 / 9
iteration step 322, G_loss: 0.26378, step_acc: 9.32528, grid_scale: 3 / 5, strokes: 6 / 9
iteration step 323, G_loss: 0.26370, step_acc: 9.32588, grid_scale: 3 / 5, strokes: 6 / 9
iteration step 324, G_loss: 0.26365, step_acc: 9.32683, grid_scale: 3 / 5, strokes: 6 / 9
iteration step 325, G_loss: 0.26361, step_acc: 9.32705, grid_scale: 3 / 5, strokes: 6 / 9
iteration step 326, G_loss: 0.26356, step_acc: 9.32795, grid_scale: 3 / 5, strokes: 6 / 9
iteration step 327, G_loss: 0.26353, step_acc: 9.32828, grid_scale: 3 / 5, strokes: 6 / 9
iteration step 328, G_loss: 0.26348, step_acc: 9.32928, grid_scale: 3 / 5, strokes: 6 / 9
iteration step 329, G_loss: 0.26346, step_acc: 9.32975, grid_scale: 3 / 5, strokes: 6 / 9
iteration step 330, G_loss: 0.26339, step_acc: 9.33116, grid_scale: 3 / 5, strokes: 7 / 9
iteration step 331, G_loss: 0.26334, step_acc: 9.33162, grid_scale: 3 / 5, strokes: 7 / 9
iteration step 332, G_loss: 0.26328, step_acc: 9.33286, grid_scale: 3 / 5, strokes: 7 / 9
iteration step 333, G_loss: 0.26322, step_acc: 9.33381, grid_scale: 3 / 5, strokes: 7 / 9
iteration step 334, G_loss: 0.26316, step_acc: 9.33512, grid_scale: 3 / 5, strokes: 7 / 9
iteration step 335, G_loss: 0.26310, step_acc: 9.33571, grid_scale: 3 / 5, strokes: 7 / 9
iteration step 336, G_loss: 0.26304, step_acc: 9.33615, grid_scale: 3 / 5, strokes: 7 / 9
iteration step 337, G_loss: 0.26302, step_acc: 9.33716, grid_scale: 3 / 5, strokes: 7 / 9
iteration step 338, G_loss: 0.26295, step_acc: 9.33792, grid_scale: 3 / 5, strokes: 7 / 9
iteration step 339, G_loss: 0.26291, step_acc: 9.33803, grid_scale: 3 / 5, strokes: 7 / 9
iteration step 340, G_loss: 0.26297, step_acc: 9.33956, grid_scale: 3 / 5, strokes: 7 / 9
iteration step 341, G_loss: 0.26283, step_acc: 9.34071, grid_scale: 3 / 5, strokes: 7 / 9
iteration step 342, G_loss: 0.26253, step_acc: 9.34235, grid_scale: 3 / 5, strokes: 7 / 9
iteration step 343, G_loss: 0.26245, step_acc: 9.34321, grid_scale: 3 / 5, strokes: 7 / 9
iteration step 344, G_loss: 0.26238, step_acc: 9.34419, grid_scale: 3 / 5, strokes: 7 / 9
iteration step 345, G_loss: 0.26234, step_acc: 9.34504, grid_scale: 3 / 5, strokes: 7 / 9
iteration step 346, G_loss: 0.26228, step_acc: 9.34550, grid_scale: 3 / 5, strokes: 7 / 9
iteration step 347, G_loss: 0.26222, step_acc: 9.34654, grid_scale: 3 / 5, strokes: 7 / 9
iteration step 348, G_loss: 0.26217, step_acc: 9.34706, grid_scale: 3 / 5, strokes: 7 / 9
iteration step 349, G_loss: 0.26213, step_acc: 9.34780, grid_scale: 3 / 5, strokes: 7 / 9
iteration step 350, G_loss: 0.26207, step_acc: 9.34866, grid_scale: 3 / 5, strokes: 7 / 9
iteration step 351, G_loss: 0.26203, step_acc: 9.34939, grid_scale: 3 / 5, strokes: 7 / 9
iteration step 352, G_loss: 0.26198, step_acc: 9.35015, grid_scale: 3 / 5, strokes: 7 / 9
iteration step 353, G_loss: 0.26193, step_acc: 9.35087, grid_scale: 3 / 5, strokes: 7 / 9
iteration step 354, G_loss: 0.26188, step_acc: 9.35137, grid_scale: 3 / 5, strokes: 7 / 9
iteration step 355, G_loss: 0.26184, step_acc: 9.35211, grid_scale: 3 / 5, strokes: 7 / 9
iteration step 356, G_loss: 0.26181, step_acc: 9.35272, grid_scale: 3 / 5, strokes: 7 / 9
iteration step 357, G_loss: 0.26176, step_acc: 9.35348, grid_scale: 3 / 5, strokes: 7 / 9
iteration step 358, G_loss: 0.26172, step_acc: 9.35391, grid_scale: 3 / 5, strokes: 7 / 9
iteration step 359, G_loss: 0.26169, step_acc: 9.35471, grid_scale: 3 / 5, strokes: 7 / 9
iteration step 360, G_loss: 0.26165, step_acc: 9.35519, grid_scale: 3 / 5, strokes: 7 / 9
iteration step 361, G_loss: 0.26161, step_acc: 9.35580, grid_scale: 3 / 5, strokes: 7 / 9
iteration step 362, G_loss: 0.26157, step_acc: 9.35665, grid_scale: 3 / 5, strokes: 7 / 9
iteration step 363, G_loss: 0.26151, step_acc: 9.35735, grid_scale: 3 / 5, strokes: 7 / 9
iteration step 364, G_loss: 0.26147, step_acc: 9.35825, grid_scale: 3 / 5, strokes: 7 / 9
iteration step 365, G_loss: 0.26143, step_acc: 9.35879, grid_scale: 3 / 5, strokes: 7 / 9
iteration step 366, G_loss: 0.26137, step_acc: 9.36013, grid_scale: 3 / 5, strokes: 7 / 9
iteration step 367, G_loss: 0.26131, step_acc: 9.36074, grid_scale: 3 / 5, strokes: 7 / 9
iteration step 368, G_loss: 0.26124, step_acc: 9.36156, grid_scale: 3 / 5, strokes: 7 / 9
iteration step 369, G_loss: 0.26119, step_acc: 9.36199, grid_scale: 3 / 5, strokes: 7 / 9
iteration step 370, G_loss: 0.26116, step_acc: 9.36261, grid_scale: 3 / 5, strokes: 7 / 9
iteration step 371, G_loss: 0.26111, step_acc: 9.36267, grid_scale: 3 / 5, strokes: 7 / 9
iteration step 372, G_loss: 0.26109, step_acc: 9.36289, grid_scale: 3 / 5, strokes: 7 / 9
iteration step 373, G_loss: 0.26108, step_acc: 9.36343, grid_scale: 3 / 5, strokes: 7 / 9
iteration step 374, G_loss: 0.26103, step_acc: 9.36391, grid_scale: 3 / 5, strokes: 7 / 9
iteration step 375, G_loss: 0.26100, step_acc: 9.36435, grid_scale: 3 / 5, strokes: 7 / 9
iteration step 376, G_loss: 0.26097, step_acc: 9.36481, grid_scale: 3 / 5, strokes: 7 / 9
iteration step 377, G_loss: 0.26094, step_acc: 9.36494, grid_scale: 3 / 5, strokes: 7 / 9
iteration step 378, G_loss: 0.26091, step_acc: 9.36547, grid_scale: 3 / 5, strokes: 7 / 9
iteration step 379, G_loss: 0.26088, step_acc: 9.36606, grid_scale: 3 / 5, strokes: 7 / 9
iteration step 380, G_loss: 0.26084, step_acc: 9.36638, grid_scale: 3 / 5, strokes: 7 / 9
iteration step 381, G_loss: 0.26081, step_acc: 9.36698, grid_scale: 3 / 5, strokes: 7 / 9
iteration step 382, G_loss: 0.26078, step_acc: 9.36729, grid_scale: 3 / 5, strokes: 7 / 9
iteration step 383, G_loss: 0.26075, step_acc: 9.36772, grid_scale: 3 / 5, strokes: 7 / 9
iteration step 384, G_loss: 0.26073, step_acc: 9.36829, grid_scale: 3 / 5, strokes: 7 / 9
iteration step 385, G_loss: 0.26068, step_acc: 9.36963, grid_scale: 3 / 5, strokes: 8 / 9
iteration step 386, G_loss: 0.26050, step_acc: 9.37273, grid_scale: 3 / 5, strokes: 8 / 9
iteration step 387, G_loss: 0.26035, step_acc: 9.37399, grid_scale: 3 / 5, strokes: 8 / 9
iteration step 388, G_loss: 0.26025, step_acc: 9.39036, grid_scale: 3 / 5, strokes: 8 / 9
iteration step 389, G_loss: 0.25940, step_acc: 9.39354, grid_scale: 3 / 5, strokes: 8 / 9
iteration step 390, G_loss: 0.25919, step_acc: 9.39561, grid_scale: 3 / 5, strokes: 8 / 9
iteration step 391, G_loss: 0.25904, step_acc: 9.39677, grid_scale: 3 / 5, strokes: 8 / 9
iteration step 392, G_loss: 0.25895, step_acc: 9.39770, grid_scale: 3 / 5, strokes: 8 / 9
iteration step 393, G_loss: 0.25888, step_acc: 9.39867, grid_scale: 3 / 5, strokes: 8 / 9
iteration step 394, G_loss: 0.25882, step_acc: 9.39967, grid_scale: 3 / 5, strokes: 8 / 9
iteration step 395, G_loss: 0.25875, step_acc: 9.40056, grid_scale: 3 / 5, strokes: 8 / 9
iteration step 396, G_loss: 0.25869, step_acc: 9.40153, grid_scale: 3 / 5, strokes: 8 / 9
iteration step 397, G_loss: 0.25862, step_acc: 9.40285, grid_scale: 3 / 5, strokes: 8 / 9
iteration step 398, G_loss: 0.25853, step_acc: 9.40460, grid_scale: 3 / 5, strokes: 8 / 9
iteration step 399, G_loss: 0.25841, step_acc: 9.40977, grid_scale: 3 / 5, strokes: 8 / 9
iteration step 400, G_loss: 0.25804, step_acc: 9.41359, grid_scale: 3 / 5, strokes: 8 / 9
iteration step 401, G_loss: 0.25778, step_acc: 9.41659, grid_scale: 3 / 5, strokes: 8 / 9
iteration step 402, G_loss: 0.25759, step_acc: 9.41898, grid_scale: 3 / 5, strokes: 8 / 9
iteration step 403, G_loss: 0.25743, step_acc: 9.42203, grid_scale: 3 / 5, strokes: 8 / 9
iteration step 404, G_loss: 0.25726, step_acc: 9.42466, grid_scale: 3 / 5, strokes: 8 / 9
iteration step 405, G_loss: 0.25712, step_acc: 9.42742, grid_scale: 3 / 5, strokes: 8 / 9
iteration step 406, G_loss: 0.25696, step_acc: 9.42962, grid_scale: 3 / 5, strokes: 8 / 9
iteration step 407, G_loss: 0.25684, step_acc: 9.43212, grid_scale: 3 / 5, strokes: 8 / 9
iteration step 408, G_loss: 0.25671, step_acc: 9.43435, grid_scale: 3 / 5, strokes: 8 / 9
iteration step 409, G_loss: 0.25658, step_acc: 9.43703, grid_scale: 3 / 5, strokes: 8 / 9
iteration step 410, G_loss: 0.25644, step_acc: 9.44039, grid_scale: 3 / 5, strokes: 8 / 9
iteration step 411, G_loss: 0.25625, step_acc: 9.44343, grid_scale: 3 / 5, strokes: 8 / 9
iteration step 412, G_loss: 0.25607, step_acc: 9.44586, grid_scale: 3 / 5, strokes: 8 / 9
iteration step 413, G_loss: 0.25592, step_acc: 9.44854, grid_scale: 3 / 5, strokes: 8 / 9
iteration step 414, G_loss: 0.25577, step_acc: 9.45034, grid_scale: 3 / 5, strokes: 8 / 9
iteration step 415, G_loss: 0.25568, step_acc: 9.45164, grid_scale: 3 / 5, strokes: 8 / 9
iteration step 416, G_loss: 0.25559, step_acc: 9.45366, grid_scale: 3 / 5, strokes: 8 / 9
iteration step 417, G_loss: 0.25548, step_acc: 9.45549, grid_scale: 3 / 5, strokes: 8 / 9
iteration step 418, G_loss: 0.25536, step_acc: 9.45735, grid_scale: 3 / 5, strokes: 8 / 9
iteration step 419, G_loss: 0.25526, step_acc: 9.45897, grid_scale: 3 / 5, strokes: 8 / 9
iteration step 420, G_loss: 0.25518, step_acc: 9.46048, grid_scale: 3 / 5, strokes: 8 / 9
iteration step 421, G_loss: 0.25507, step_acc: 9.46291, grid_scale: 3 / 5, strokes: 8 / 9
iteration step 422, G_loss: 0.25495, step_acc: 9.46457, grid_scale: 3 / 5, strokes: 8 / 9
iteration step 423, G_loss: 0.25483, step_acc: 9.46630, grid_scale: 3 / 5, strokes: 8 / 9
iteration step 424, G_loss: 0.25471, step_acc: 9.46820, grid_scale: 3 / 5, strokes: 8 / 9
iteration step 425, G_loss: 0.25458, step_acc: 9.46949, grid_scale: 3 / 5, strokes: 8 / 9
iteration step 426, G_loss: 0.25448, step_acc: 9.47065, grid_scale: 3 / 5, strokes: 8 / 9
iteration step 427, G_loss: 0.25438, step_acc: 9.47194, grid_scale: 3 / 5, strokes: 8 / 9
iteration step 428, G_loss: 0.25428, step_acc: 9.47442, grid_scale: 3 / 5, strokes: 8 / 9
iteration step 429, G_loss: 0.25417, step_acc: 9.47684, grid_scale: 3 / 5, strokes: 8 / 9
iteration step 430, G_loss: 0.25399, step_acc: 9.48008, grid_scale: 3 / 5, strokes: 8 / 9
iteration step 431, G_loss: 0.25381, step_acc: 9.48268, grid_scale: 3 / 5, strokes: 8 / 9
iteration step 432, G_loss: 0.25361, step_acc: 9.48495, grid_scale: 3 / 5, strokes: 8 / 9
iteration step 433, G_loss: 0.25345, step_acc: 9.48661, grid_scale: 3 / 5, strokes: 8 / 9
iteration step 434, G_loss: 0.25334, step_acc: 9.48885, grid_scale: 3 / 5, strokes: 8 / 9
iteration step 435, G_loss: 0.25321, step_acc: 9.49102, grid_scale: 3 / 5, strokes: 8 / 9
iteration step 436, G_loss: 0.25308, step_acc: 9.49342, grid_scale: 3 / 5, strokes: 8 / 9
iteration step 437, G_loss: 0.25295, step_acc: 9.49576, grid_scale: 3 / 5, strokes: 8 / 9
iteration step 438, G_loss: 0.25281, step_acc: 9.49900, grid_scale: 3 / 5, strokes: 8 / 9
iteration step 439, G_loss: 0.25262, step_acc: 9.50222, grid_scale: 3 / 5, strokes: 8 / 9
iteration step 440, G_loss: 0.25242, step_acc: 9.50610, grid_scale: 3 / 5, strokes: 9 / 9
iteration step 441, G_loss: 0.25221, step_acc: 9.50922, grid_scale: 3 / 5, strokes: 9 / 9
iteration step 442, G_loss: 0.25202, step_acc: 9.52809, grid_scale: 3 / 5, strokes: 9 / 9
iteration step 443, G_loss: 0.25107, step_acc: 9.53333, grid_scale: 3 / 5, strokes: 9 / 9
iteration step 444, G_loss: 0.25075, step_acc: 9.53678, grid_scale: 3 / 5, strokes: 9 / 9
iteration step 445, G_loss: 0.25048, step_acc: 9.53963, grid_scale: 3 / 5, strokes: 9 / 9
iteration step 446, G_loss: 0.25029, step_acc: 9.54171, grid_scale: 3 / 5, strokes: 9 / 9
iteration step 447, G_loss: 0.25012, step_acc: 9.54510, grid_scale: 3 / 5, strokes: 9 / 9
iteration step 448, G_loss: 0.24995, step_acc: 9.54959, grid_scale: 3 / 5, strokes: 9 / 9
iteration step 449, G_loss: 0.24969, step_acc: 9.55574, grid_scale: 3 / 5, strokes: 9 / 9
iteration step 450, G_loss: 0.24933, step_acc: 9.56076, grid_scale: 3 / 5, strokes: 9 / 9
iteration step 451, G_loss: 0.24904, step_acc: 9.56758, grid_scale: 3 / 5, strokes: 9 / 9
iteration step 452, G_loss: 0.24866, step_acc: 9.57067, grid_scale: 3 / 5, strokes: 9 / 9
iteration step 453, G_loss: 0.24830, step_acc: 9.57405, grid_scale: 3 / 5, strokes: 9 / 9
iteration step 454, G_loss: 0.24818, step_acc: 9.57754, grid_scale: 3 / 5, strokes: 9 / 9
iteration step 455, G_loss: 0.24793, step_acc: 9.58060, grid_scale: 3 / 5, strokes: 9 / 9
iteration step 456, G_loss: 0.24773, step_acc: 9.58408, grid_scale: 3 / 5, strokes: 9 / 9
iteration step 457, G_loss: 0.24753, step_acc: 9.58674, grid_scale: 3 / 5, strokes: 9 / 9
iteration step 458, G_loss: 0.24735, step_acc: 9.58949, grid_scale: 3 / 5, strokes: 9 / 9
iteration step 459, G_loss: 0.24721, step_acc: 9.59231, grid_scale: 3 / 5, strokes: 9 / 9
iteration step 460, G_loss: 0.24705, step_acc: 9.59573, grid_scale: 3 / 5, strokes: 9 / 9
iteration step 461, G_loss: 0.24689, step_acc: 9.59886, grid_scale: 3 / 5, strokes: 9 / 9
iteration step 462, G_loss: 0.24669, step_acc: 9.60241, grid_scale: 3 / 5, strokes: 9 / 9
iteration step 463, G_loss: 0.24646, step_acc: 9.60603, grid_scale: 3 / 5, strokes: 9 / 9
iteration step 464, G_loss: 0.24620, step_acc: 9.60995, grid_scale: 3 / 5, strokes: 9 / 9
iteration step 465, G_loss: 0.24598, step_acc: 9.61311, grid_scale: 3 / 5, strokes: 9 / 9
iteration step 466, G_loss: 0.24579, step_acc: 9.61521, grid_scale: 3 / 5, strokes: 9 / 9
iteration step 467, G_loss: 0.24563, step_acc: 9.61857, grid_scale: 3 / 5, strokes: 9 / 9
iteration step 468, G_loss: 0.24543, step_acc: 9.62003, grid_scale: 3 / 5, strokes: 9 / 9
iteration step 469, G_loss: 0.24527, step_acc: 9.62297, grid_scale: 3 / 5, strokes: 9 / 9
iteration step 470, G_loss: 0.24516, step_acc: 9.62240, grid_scale: 3 / 5, strokes: 9 / 9
iteration step 471, G_loss: 0.24512, step_acc: 9.62540, grid_scale: 3 / 5, strokes: 9 / 9
iteration step 472, G_loss: 0.24502, step_acc: 9.62660, grid_scale: 3 / 5, strokes: 9 / 9
iteration step 473, G_loss: 0.24497, step_acc: 9.62766, grid_scale: 3 / 5, strokes: 9 / 9
iteration step 474, G_loss: 0.24493, step_acc: 9.62833, grid_scale: 3 / 5, strokes: 9 / 9
iteration step 475, G_loss: 0.24489, step_acc: 9.62900, grid_scale: 3 / 5, strokes: 9 / 9
iteration step 476, G_loss: 0.24490, step_acc: 9.63050, grid_scale: 3 / 5, strokes: 9 / 9
iteration step 477, G_loss: 0.24480, step_acc: 9.62916, grid_scale: 3 / 5, strokes: 9 / 9
iteration step 478, G_loss: 0.24480, step_acc: 9.63194, grid_scale: 3 / 5, strokes: 9 / 9
iteration step 479, G_loss: 0.24471, step_acc: 9.63380, grid_scale: 3 / 5, strokes: 9 / 9
iteration step 480, G_loss: 0.24467, step_acc: 9.63454, grid_scale: 3 / 5, strokes: 9 / 9
iteration step 481, G_loss: 0.24462, step_acc: 9.63623, grid_scale: 3 / 5, strokes: 9 / 9
iteration step 482, G_loss: 0.24457, step_acc: 9.63580, grid_scale: 3 / 5, strokes: 9 / 9
iteration step 483, G_loss: 0.24455, step_acc: 9.64556, grid_scale: 3 / 5, strokes: 9 / 9
iteration step 484, G_loss: 0.24435, step_acc: 9.66231, grid_scale: 3 / 5, strokes: 9 / 9
iteration step 485, G_loss: 0.24393, step_acc: 9.66466, grid_scale: 3 / 5, strokes: 9 / 9
iteration step 486, G_loss: 0.24386, step_acc: 9.66538, grid_scale: 3 / 5, strokes: 9 / 9
iteration step 487, G_loss: 0.24380, step_acc: 9.66720, grid_scale: 3 / 5, strokes: 9 / 9
iteration step 488, G_loss: 0.24375, step_acc: 9.66778, grid_scale: 3 / 5, strokes: 9 / 9
iteration step 489, G_loss: 0.24370, step_acc: 9.66984, grid_scale: 3 / 5, strokes: 9 / 9
iteration step 490, G_loss: 0.24365, step_acc: 9.67057, grid_scale: 3 / 5, strokes: 9 / 9
iteration step 491, G_loss: 0.24360, step_acc: 9.67398, grid_scale: 3 / 5, strokes: 9 / 9
iteration step 492, G_loss: 0.24350, step_acc: 9.69877, grid_scale: 3 / 5, strokes: 9 / 9
iteration step 493, G_loss: 0.24276, step_acc: 9.70091, grid_scale: 3 / 5, strokes: 9 / 9
iteration step 494, G_loss: 0.24269, step_acc: 9.70152, grid_scale: 3 / 5, strokes: 9 / 9
rendering canvas...
iteration step 0, G_loss: 0.24263, step_acc: 9.65754, grid_scale: 4 / 5, strokes: 1 / 9
iteration step 1, G_loss: 0.24525, step_acc: 9.65757, grid_scale: 4 / 5, strokes: 1 / 9
iteration step 2, G_loss: 0.24525, step_acc: 9.65813, grid_scale: 4 / 5, strokes: 1 / 9
iteration step 3, G_loss: 0.24522, step_acc: 9.69404, grid_scale: 4 / 5, strokes: 1 / 9
iteration step 4, G_loss: 0.24386, step_acc: 9.71075, grid_scale: 4 / 5, strokes: 1 / 9
iteration step 5, G_loss: 0.24325, step_acc: 9.71961, grid_scale: 4 / 5, strokes: 1 / 9
iteration step 6, G_loss: 0.24266, step_acc: 9.72233, grid_scale: 4 / 5, strokes: 1 / 9
iteration step 7, G_loss: 0.24254, step_acc: 9.72453, grid_scale: 4 / 5, strokes: 1 / 9
iteration step 8, G_loss: 0.24245, step_acc: 9.78389, grid_scale: 4 / 5, strokes: 1 / 9
iteration step 9, G_loss: 0.24105, step_acc: 9.79649, grid_scale: 4 / 5, strokes: 1 / 9
iteration step 10, G_loss: 0.24064, step_acc: 9.80847, grid_scale: 4 / 5, strokes: 1 / 9
iteration step 11, G_loss: 0.24023, step_acc: 9.84047, grid_scale: 4 / 5, strokes: 1 / 9
iteration step 12, G_loss: 0.23912, step_acc: 9.84906, grid_scale: 4 / 5, strokes: 1 / 9
iteration step 13, G_loss: 0.23879, step_acc: 9.85215, grid_scale: 4 / 5, strokes: 1 / 9
iteration step 14, G_loss: 0.23866, step_acc: 9.86117, grid_scale: 4 / 5, strokes: 1 / 9
iteration step 15, G_loss: 0.23838, step_acc: 9.87014, grid_scale: 4 / 5, strokes: 1 / 9
iteration step 16, G_loss: 0.23809, step_acc: 9.88121, grid_scale: 4 / 5, strokes: 1 / 9
iteration step 17, G_loss: 0.23773, step_acc: 9.88987, grid_scale: 4 / 5, strokes: 1 / 9
iteration step 18, G_loss: 0.23745, step_acc: 9.89622, grid_scale: 4 / 5, strokes: 1 / 9
iteration step 19, G_loss: 0.23725, step_acc: 9.90076, grid_scale: 4 / 5, strokes: 1 / 9
iteration step 20, G_loss: 0.23710, step_acc: 9.90452, grid_scale: 4 / 5, strokes: 1 / 9
iteration step 21, G_loss: 0.23696, step_acc: 9.90847, grid_scale: 4 / 5, strokes: 1 / 9
iteration step 22, G_loss: 0.23682, step_acc: 9.91187, grid_scale: 4 / 5, strokes: 1 / 9
iteration step 23, G_loss: 0.23670, step_acc: 9.91525, grid_scale: 4 / 5, strokes: 1 / 9
iteration step 24, G_loss: 0.23660, step_acc: 9.91806, grid_scale: 4 / 5, strokes: 1 / 9
iteration step 25, G_loss: 0.23651, step_acc: 9.92155, grid_scale: 4 / 5, strokes: 1 / 9
iteration step 26, G_loss: 0.23641, step_acc: 9.92419, grid_scale: 4 / 5, strokes: 1 / 9
iteration step 27, G_loss: 0.23633, step_acc: 9.92765, grid_scale: 4 / 5, strokes: 1 / 9
iteration step 28, G_loss: 0.23622, step_acc: 9.93148, grid_scale: 4 / 5, strokes: 1 / 9
iteration step 29, G_loss: 0.23611, step_acc: 9.93601, grid_scale: 4 / 5, strokes: 1 / 9
iteration step 30, G_loss: 0.23598, step_acc: 9.94080, grid_scale: 4 / 5, strokes: 1 / 9
iteration step 31, G_loss: 0.23585, step_acc: 9.94532, grid_scale: 4 / 5, strokes: 1 / 9
iteration step 32, G_loss: 0.23573, step_acc: 9.94926, grid_scale: 4 / 5, strokes: 1 / 9
iteration step 33, G_loss: 0.23560, step_acc: 9.95226, grid_scale: 4 / 5, strokes: 1 / 9
iteration step 34, G_loss: 0.23551, step_acc: 9.95525, grid_scale: 4 / 5, strokes: 1 / 9
iteration step 35, G_loss: 0.23541, step_acc: 9.95749, grid_scale: 4 / 5, strokes: 1 / 9
iteration step 36, G_loss: 0.23533, step_acc: 9.96041, grid_scale: 4 / 5, strokes: 1 / 9
iteration step 37, G_loss: 0.23524, step_acc: 9.96443, grid_scale: 4 / 5, strokes: 1 / 9
iteration step 38, G_loss: 0.23510, step_acc: 9.96820, grid_scale: 4 / 5, strokes: 1 / 9
iteration step 39, G_loss: 0.23497, step_acc: 9.97191, grid_scale: 4 / 5, strokes: 1 / 9
iteration step 40, G_loss: 0.23485, step_acc: 9.97558, grid_scale: 4 / 5, strokes: 1 / 9
iteration step 41, G_loss: 0.23472, step_acc: 9.98032, grid_scale: 4 / 5, strokes: 1 / 9
iteration step 42, G_loss: 0.23456, step_acc: 9.98527, grid_scale: 4 / 5, strokes: 1 / 9
iteration step 43, G_loss: 0.23438, step_acc: 9.99029, grid_scale: 4 / 5, strokes: 1 / 9
iteration step 44, G_loss: 0.23419, step_acc: 9.99421, grid_scale: 4 / 5, strokes: 1 / 9
iteration step 45, G_loss: 0.23402, step_acc: 9.99765, grid_scale: 4 / 5, strokes: 1 / 9
iteration step 46, G_loss: 0.23387, step_acc: 10.00044, grid_scale: 4 / 5, strokes: 1 / 9
iteration step 47, G_loss: 0.23375, step_acc: 10.00294, grid_scale: 4 / 5, strokes: 1 / 9
iteration step 48, G_loss: 0.23365, step_acc: 10.00499, grid_scale: 4 / 5, strokes: 1 / 9
iteration step 49, G_loss: 0.23355, step_acc: 10.00681, grid_scale: 4 / 5, strokes: 1 / 9
iteration step 50, G_loss: 0.23347, step_acc: 10.00901, grid_scale: 4 / 5, strokes: 1 / 9
iteration step 51, G_loss: 0.23339, step_acc: 10.01143, grid_scale: 4 / 5, strokes: 1 / 9
iteration step 52, G_loss: 0.23330, step_acc: 10.01387, grid_scale: 4 / 5, strokes: 1 / 9
iteration step 53, G_loss: 0.23321, step_acc: 10.01557, grid_scale: 4 / 5, strokes: 1 / 9
iteration step 54, G_loss: 0.23314, step_acc: 10.01652, grid_scale: 4 / 5, strokes: 1 / 9
iteration step 55, G_loss: 0.23309, step_acc: 10.01743, grid_scale: 4 / 5, strokes: 2 / 9
iteration step 56, G_loss: 0.23305, step_acc: 10.01832, grid_scale: 4 / 5, strokes: 2 / 9
iteration step 57, G_loss: 0.23301, step_acc: 10.02100, grid_scale: 4 / 5, strokes: 2 / 9
iteration step 58, G_loss: 0.23294, step_acc: 10.05684, grid_scale: 4 / 5, strokes: 2 / 9
iteration step 59, G_loss: 0.23190, step_acc: 10.05955, grid_scale: 4 / 5, strokes: 2 / 9
iteration step 60, G_loss: 0.23180, step_acc: 10.06213, grid_scale: 4 / 5, strokes: 2 / 9
iteration step 61, G_loss: 0.23171, step_acc: 10.06461, grid_scale: 4 / 5, strokes: 2 / 9
iteration step 62, G_loss: 0.23162, step_acc: 10.06805, grid_scale: 4 / 5, strokes: 2 / 9
iteration step 63, G_loss: 0.23150, step_acc: 10.07155, grid_scale: 4 / 5, strokes: 2 / 9
iteration step 64, G_loss: 0.23137, step_acc: 10.07444, grid_scale: 4 / 5, strokes: 2 / 9
iteration step 65, G_loss: 0.23126, step_acc: 10.07770, grid_scale: 4 / 5, strokes: 2 / 9
iteration step 66, G_loss: 0.23115, step_acc: 10.08130, grid_scale: 4 / 5, strokes: 2 / 9
iteration step 67, G_loss: 0.23103, step_acc: 10.08513, grid_scale: 4 / 5, strokes: 2 / 9
iteration step 68, G_loss: 0.23091, step_acc: 10.08861, grid_scale: 4 / 5, strokes: 2 / 9
iteration step 69, G_loss: 0.23081, step_acc: 10.09115, grid_scale: 4 / 5, strokes: 2 / 9
iteration step 70, G_loss: 0.23072, step_acc: 10.09359, grid_scale: 4 / 5, strokes: 2 / 9
iteration step 71, G_loss: 0.23065, step_acc: 10.09607, grid_scale: 4 / 5, strokes: 2 / 9
iteration step 72, G_loss: 0.23057, step_acc: 10.09803, grid_scale: 4 / 5, strokes: 2 / 9
iteration step 73, G_loss: 0.23051, step_acc: 10.10010, grid_scale: 4 / 5, strokes: 2 / 9
iteration step 74, G_loss: 0.23045, step_acc: 10.10190, grid_scale: 4 / 5, strokes: 2 / 9
iteration step 75, G_loss: 0.23039, step_acc: 10.10383, grid_scale: 4 / 5, strokes: 2 / 9
iteration step 76, G_loss: 0.23032, step_acc: 10.10674, grid_scale: 4 / 5, strokes: 2 / 9
iteration step 77, G_loss: 0.23024, step_acc: 10.10995, grid_scale: 4 / 5, strokes: 2 / 9
iteration step 78, G_loss: 0.23014, step_acc: 10.11508, grid_scale: 4 / 5, strokes: 2 / 9
iteration step 79, G_loss: 0.23000, step_acc: 10.12010, grid_scale: 4 / 5, strokes: 2 / 9
iteration step 80, G_loss: 0.22986, step_acc: 10.12478, grid_scale: 4 / 5, strokes: 2 / 9
iteration step 81, G_loss: 0.22971, step_acc: 10.13012, grid_scale: 4 / 5, strokes: 2 / 9
iteration step 82, G_loss: 0.22955, step_acc: 10.13531, grid_scale: 4 / 5, strokes: 2 / 9
iteration step 83, G_loss: 0.22938, step_acc: 10.14026, grid_scale: 4 / 5, strokes: 2 / 9
iteration step 84, G_loss: 0.22922, step_acc: 10.14738, grid_scale: 4 / 5, strokes: 2 / 9
iteration step 85, G_loss: 0.22899, step_acc: 10.15575, grid_scale: 4 / 5, strokes: 2 / 9
iteration step 86, G_loss: 0.22873, step_acc: 10.16265, grid_scale: 4 / 5, strokes: 2 / 9
iteration step 87, G_loss: 0.22850, step_acc: 10.16718, grid_scale: 4 / 5, strokes: 2 / 9
iteration step 88, G_loss: 0.22835, step_acc: 10.17195, grid_scale: 4 / 5, strokes: 2 / 9
iteration step 89, G_loss: 0.22820, step_acc: 10.17580, grid_scale: 4 / 5, strokes: 2 / 9
iteration step 90, G_loss: 0.22809, step_acc: 10.17966, grid_scale: 4 / 5, strokes: 2 / 9
iteration step 91, G_loss: 0.22797, step_acc: 10.18393, grid_scale: 4 / 5, strokes: 2 / 9
iteration step 92, G_loss: 0.22784, step_acc: 10.18819, grid_scale: 4 / 5, strokes: 2 / 9
iteration step 93, G_loss: 0.22774, step_acc: 10.19267, grid_scale: 4 / 5, strokes: 2 / 9
iteration step 94, G_loss: 0.22760, step_acc: 10.19814, grid_scale: 4 / 5, strokes: 2 / 9
iteration step 95, G_loss: 0.22744, step_acc: 10.20373, grid_scale: 4 / 5, strokes: 2 / 9
iteration step 96, G_loss: 0.22725, step_acc: 10.20788, grid_scale: 4 / 5, strokes: 2 / 9
iteration step 97, G_loss: 0.22710, step_acc: 10.21086, grid_scale: 4 / 5, strokes: 2 / 9
iteration step 98, G_loss: 0.22699, step_acc: 10.21422, grid_scale: 4 / 5, strokes: 2 / 9
iteration step 99, G_loss: 0.22686, step_acc: 10.21660, grid_scale: 4 / 5, strokes: 2 / 9
iteration step 100, G_loss: 0.22675, step_acc: 10.21998, grid_scale: 4 / 5, strokes: 2 / 9
iteration step 101, G_loss: 0.22662, step_acc: 10.22295, grid_scale: 4 / 5, strokes: 2 / 9
iteration step 102, G_loss: 0.22652, step_acc: 10.22446, grid_scale: 4 / 5, strokes: 2 / 9
iteration step 103, G_loss: 0.22642, step_acc: 10.22754, grid_scale: 4 / 5, strokes: 2 / 9
iteration step 104, G_loss: 0.22630, step_acc: 10.22873, grid_scale: 4 / 5, strokes: 2 / 9
iteration step 105, G_loss: 0.22624, step_acc: 10.23000, grid_scale: 4 / 5, strokes: 2 / 9
iteration step 106, G_loss: 0.22620, step_acc: 10.23075, grid_scale: 4 / 5, strokes: 2 / 9
iteration step 107, G_loss: 0.22614, step_acc: 10.23254, grid_scale: 4 / 5, strokes: 2 / 9
iteration step 108, G_loss: 0.22607, step_acc: 10.23600, grid_scale: 4 / 5, strokes: 2 / 9
iteration step 109, G_loss: 0.22588, step_acc: 10.23910, grid_scale: 4 / 5, strokes: 2 / 9
iteration step 110, G_loss: 0.22570, step_acc: 10.23982, grid_scale: 4 / 5, strokes: 3 / 9
iteration step 111, G_loss: 0.22561, step_acc: 10.24156, grid_scale: 4 / 5, strokes: 3 / 9
iteration step 112, G_loss: 0.22554, step_acc: 10.24319, grid_scale: 4 / 5, strokes: 3 / 9
iteration step 113, G_loss: 0.22548, step_acc: 10.24397, grid_scale: 4 / 5, strokes: 3 / 9
iteration step 114, G_loss: 0.22544, step_acc: 10.24532, grid_scale: 4 / 5, strokes: 3 / 9
iteration step 115, G_loss: 0.22539, step_acc: 10.24522, grid_scale: 4 / 5, strokes: 3 / 9
iteration step 116, G_loss: 0.22537, step_acc: 10.24683, grid_scale: 4 / 5, strokes: 3 / 9
iteration step 117, G_loss: 0.22532, step_acc: 10.24846, grid_scale: 4 / 5, strokes: 3 / 9
iteration step 118, G_loss: 0.22523, step_acc: 10.24953, grid_scale: 4 / 5, strokes: 3 / 9
iteration step 119, G_loss: 0.22518, step_acc: 10.25058, grid_scale: 4 / 5, strokes: 3 / 9
iteration step 120, G_loss: 0.22513, step_acc: 10.25128, grid_scale: 4 / 5, strokes: 3 / 9
iteration step 121, G_loss: 0.22508, step_acc: 10.25277, grid_scale: 4 / 5, strokes: 3 / 9
iteration step 122, G_loss: 0.22503, step_acc: 10.25352, grid_scale: 4 / 5, strokes: 3 / 9
iteration step 123, G_loss: 0.22498, step_acc: 10.25533, grid_scale: 4 / 5, strokes: 3 / 9
iteration step 124, G_loss: 0.22491, step_acc: 10.25664, grid_scale: 4 / 5, strokes: 3 / 9
iteration step 125, G_loss: 0.22483, step_acc: 10.25818, grid_scale: 4 / 5, strokes: 3 / 9
iteration step 126, G_loss: 0.22477, step_acc: 10.25958, grid_scale: 4 / 5, strokes: 3 / 9
iteration step 127, G_loss: 0.22471, step_acc: 10.26106, grid_scale: 4 / 5, strokes: 3 / 9
iteration step 128, G_loss: 0.22463, step_acc: 10.26322, grid_scale: 4 / 5, strokes: 3 / 9
iteration step 129, G_loss: 0.22454, step_acc: 10.26512, grid_scale: 4 / 5, strokes: 3 / 9
iteration step 130, G_loss: 0.22445, step_acc: 10.26691, grid_scale: 4 / 5, strokes: 3 / 9
iteration step 131, G_loss: 0.22438, step_acc: 10.26878, grid_scale: 4 / 5, strokes: 3 / 9
iteration step 132, G_loss: 0.22430, step_acc: 10.27138, grid_scale: 4 / 5, strokes: 3 / 9
iteration step 133, G_loss: 0.22420, step_acc: 10.27404, grid_scale: 4 / 5, strokes: 3 / 9
iteration step 134, G_loss: 0.22408, step_acc: 10.27666, grid_scale: 4 / 5, strokes: 3 / 9
iteration step 135, G_loss: 0.22397, step_acc: 10.27947, grid_scale: 4 / 5, strokes: 3 / 9
iteration step 136, G_loss: 0.22386, step_acc: 10.28207, grid_scale: 4 / 5, strokes: 3 / 9
iteration step 137, G_loss: 0.22375, step_acc: 10.28457, grid_scale: 4 / 5, strokes: 3 / 9
iteration step 138, G_loss: 0.22364, step_acc: 10.28638, grid_scale: 4 / 5, strokes: 3 / 9
iteration step 139, G_loss: 0.22356, step_acc: 10.28831, grid_scale: 4 / 5, strokes: 3 / 9
iteration step 140, G_loss: 0.22346, step_acc: 10.28998, grid_scale: 4 / 5, strokes: 3 / 9
iteration step 141, G_loss: 0.22339, step_acc: 10.29200, grid_scale: 4 / 5, strokes: 3 / 9
iteration step 142, G_loss: 0.22331, step_acc: 10.29379, grid_scale: 4 / 5, strokes: 3 / 9
iteration step 143, G_loss: 0.22324, step_acc: 10.29569, grid_scale: 4 / 5, strokes: 3 / 9
iteration step 144, G_loss: 0.22315, step_acc: 10.29737, grid_scale: 4 / 5, strokes: 3 / 9
iteration step 145, G_loss: 0.22306, step_acc: 10.29967, grid_scale: 4 / 5, strokes: 3 / 9
iteration step 146, G_loss: 0.22297, step_acc: 10.30143, grid_scale: 4 / 5, strokes: 3 / 9
iteration step 147, G_loss: 0.22289, step_acc: 10.30364, grid_scale: 4 / 5, strokes: 3 / 9
iteration step 148, G_loss: 0.22278, step_acc: 10.30585, grid_scale: 4 / 5, strokes: 3 / 9
iteration step 149, G_loss: 0.22268, step_acc: 10.30759, grid_scale: 4 / 5, strokes: 3 / 9
iteration step 150, G_loss: 0.22260, step_acc: 10.30917, grid_scale: 4 / 5, strokes: 3 / 9
iteration step 151, G_loss: 0.22253, step_acc: 10.31036, grid_scale: 4 / 5, strokes: 3 / 9
iteration step 152, G_loss: 0.22246, step_acc: 10.31281, grid_scale: 4 / 5, strokes: 3 / 9
iteration step 153, G_loss: 0.22237, step_acc: 10.31457, grid_scale: 4 / 5, strokes: 3 / 9
iteration step 154, G_loss: 0.22227, step_acc: 10.31783, grid_scale: 4 / 5, strokes: 3 / 9
iteration step 155, G_loss: 0.22215, step_acc: 10.32055, grid_scale: 4 / 5, strokes: 3 / 9
iteration step 156, G_loss: 0.22202, step_acc: 10.32384, grid_scale: 4 / 5, strokes: 3 / 9
iteration step 157, G_loss: 0.22188, step_acc: 10.32650, grid_scale: 4 / 5, strokes: 3 / 9
iteration step 158, G_loss: 0.22177, step_acc: 10.32941, grid_scale: 4 / 5, strokes: 3 / 9
iteration step 159, G_loss: 0.22166, step_acc: 10.33221, grid_scale: 4 / 5, strokes: 3 / 9
iteration step 160, G_loss: 0.22154, step_acc: 10.33335, grid_scale: 4 / 5, strokes: 3 / 9
iteration step 161, G_loss: 0.22148, step_acc: 10.33392, grid_scale: 4 / 5, strokes: 3 / 9
iteration step 162, G_loss: 0.22145, step_acc: 10.33489, grid_scale: 4 / 5, strokes: 3 / 9
iteration step 163, G_loss: 0.22141, step_acc: 10.33585, grid_scale: 4 / 5, strokes: 3 / 9
iteration step 164, G_loss: 0.22137, step_acc: 10.33943, grid_scale: 4 / 5, strokes: 3 / 9
iteration step 165, G_loss: 0.22118, step_acc: 10.34361, grid_scale: 4 / 5, strokes: 4 / 9
iteration step 166, G_loss: 0.22098, step_acc: 10.34495, grid_scale: 4 / 5, strokes: 4 / 9
iteration step 167, G_loss: 0.22090, step_acc: 10.34598, grid_scale: 4 / 5, strokes: 4 / 9
iteration step 168, G_loss: 0.22084, step_acc: 10.34696, grid_scale: 4 / 5, strokes: 4 / 9
iteration step 169, G_loss: 0.22079, step_acc: 10.37667, grid_scale: 4 / 5, strokes: 4 / 9
iteration step 170, G_loss: 0.22002, step_acc: 10.39103, grid_scale: 4 / 5, strokes: 4 / 9
iteration step 171, G_loss: 0.21957, step_acc: 10.39618, grid_scale: 4 / 5, strokes: 4 / 9
iteration step 172, G_loss: 0.21941, step_acc: 10.40454, grid_scale: 4 / 5, strokes: 4 / 9
iteration step 173, G_loss: 0.21916, step_acc: 10.41520, grid_scale: 4 / 5, strokes: 4 / 9
iteration step 174, G_loss: 0.21881, step_acc: 10.42013, grid_scale: 4 / 5, strokes: 4 / 9
iteration step 175, G_loss: 0.21867, step_acc: 10.42529, grid_scale: 4 / 5, strokes: 4 / 9
iteration step 176, G_loss: 0.21853, step_acc: 10.42957, grid_scale: 4 / 5, strokes: 4 / 9
iteration step 177, G_loss: 0.21840, step_acc: 10.43421, grid_scale: 4 / 5, strokes: 4 / 9
iteration step 178, G_loss: 0.21828, step_acc: 10.43728, grid_scale: 4 / 5, strokes: 4 / 9
iteration step 179, G_loss: 0.21819, step_acc: 10.44036, grid_scale: 4 / 5, strokes: 4 / 9
iteration step 180, G_loss: 0.21810, step_acc: 10.44423, grid_scale: 4 / 5, strokes: 4 / 9
iteration step 181, G_loss: 0.21800, step_acc: 10.44932, grid_scale: 4 / 5, strokes: 4 / 9
iteration step 182, G_loss: 0.21788, step_acc: 10.45381, grid_scale: 4 / 5, strokes: 4 / 9
iteration step 183, G_loss: 0.21778, step_acc: 10.45900, grid_scale: 4 / 5, strokes: 4 / 9
iteration step 184, G_loss: 0.21764, step_acc: 10.47194, grid_scale: 4 / 5, strokes: 4 / 9
iteration step 185, G_loss: 0.21730, step_acc: 10.47656, grid_scale: 4 / 5, strokes: 4 / 9
iteration step 186, G_loss: 0.21717, step_acc: 10.48167, grid_scale: 4 / 5, strokes: 4 / 9
iteration step 187, G_loss: 0.21703, step_acc: 10.48593, grid_scale: 4 / 5, strokes: 4 / 9
iteration step 188, G_loss: 0.21690, step_acc: 10.48961, grid_scale: 4 / 5, strokes: 4 / 9
iteration step 189, G_loss: 0.21680, step_acc: 10.49196, grid_scale: 4 / 5, strokes: 4 / 9
iteration step 190, G_loss: 0.21672, step_acc: 10.49391, grid_scale: 4 / 5, strokes: 4 / 9
iteration step 191, G_loss: 0.21666, step_acc: 10.49560, grid_scale: 4 / 5, strokes: 4 / 9
iteration step 192, G_loss: 0.21661, step_acc: 10.49731, grid_scale: 4 / 5, strokes: 4 / 9
iteration step 193, G_loss: 0.21655, step_acc: 10.49883, grid_scale: 4 / 5, strokes: 4 / 9
iteration step 194, G_loss: 0.21649, step_acc: 10.50036, grid_scale: 4 / 5, strokes: 4 / 9
iteration step 195, G_loss: 0.21644, step_acc: 10.50191, grid_scale: 4 / 5, strokes: 4 / 9
iteration step 196, G_loss: 0.21639, step_acc: 10.50348, grid_scale: 4 / 5, strokes: 4 / 9
iteration step 197, G_loss: 0.21634, step_acc: 10.50529, grid_scale: 4 / 5, strokes: 4 / 9
iteration step 198, G_loss: 0.21629, step_acc: 10.50722, grid_scale: 4 / 5, strokes: 4 / 9
iteration step 199, G_loss: 0.21623, step_acc: 10.50881, grid_scale: 4 / 5, strokes: 4 / 9
iteration step 200, G_loss: 0.21618, step_acc: 10.50978, grid_scale: 4 / 5, strokes: 4 / 9
iteration step 201, G_loss: 0.21614, step_acc: 10.51076, grid_scale: 4 / 5, strokes: 4 / 9
iteration step 202, G_loss: 0.21610, step_acc: 10.51778, grid_scale: 4 / 5, strokes: 4 / 9
iteration step 203, G_loss: 0.21581, step_acc: 10.52731, grid_scale: 4 / 5, strokes: 4 / 9
iteration step 204, G_loss: 0.21544, step_acc: 10.53021, grid_scale: 4 / 5, strokes: 4 / 9
iteration step 205, G_loss: 0.21538, step_acc: 10.53246, grid_scale: 4 / 5, strokes: 4 / 9
iteration step 206, G_loss: 0.21533, step_acc: 10.53521, grid_scale: 4 / 5, strokes: 4 / 9
iteration step 207, G_loss: 0.21528, step_acc: 10.53612, grid_scale: 4 / 5, strokes: 4 / 9
iteration step 208, G_loss: 0.21525, step_acc: 10.53607, grid_scale: 4 / 5, strokes: 4 / 9
iteration step 209, G_loss: 0.21524, step_acc: 10.53706, grid_scale: 4 / 5, strokes: 4 / 9
iteration step 210, G_loss: 0.21521, step_acc: 10.53799, grid_scale: 4 / 5, strokes: 4 / 9
iteration step 211, G_loss: 0.21521, step_acc: 10.53786, grid_scale: 4 / 5, strokes: 4 / 9
iteration step 212, G_loss: 0.21519, step_acc: 10.53889, grid_scale: 4 / 5, strokes: 4 / 9
iteration step 213, G_loss: 0.21516, step_acc: 10.53911, grid_scale: 4 / 5, strokes: 4 / 9
iteration step 214, G_loss: 0.21513, step_acc: 10.54001, grid_scale: 4 / 5, strokes: 4 / 9
iteration step 215, G_loss: 0.21511, step_acc: 10.54060, grid_scale: 4 / 5, strokes: 4 / 9
iteration step 216, G_loss: 0.21509, step_acc: 10.54068, grid_scale: 4 / 5, strokes: 4 / 9
iteration step 217, G_loss: 0.21509, step_acc: 10.54093, grid_scale: 4 / 5, strokes: 4 / 9
iteration step 218, G_loss: 0.21506, step_acc: 10.54134, grid_scale: 4 / 5, strokes: 4 / 9
iteration step 219, G_loss: 0.21506, step_acc: 10.54169, grid_scale: 4 / 5, strokes: 4 / 9
iteration step 220, G_loss: 0.21503, step_acc: 10.54215, grid_scale: 4 / 5, strokes: 5 / 9
iteration step 221, G_loss: 0.21502, step_acc: 10.54197, grid_scale: 4 / 5, strokes: 5 / 9
iteration step 222, G_loss: 0.21501, step_acc: 10.54239, grid_scale: 4 / 5, strokes: 5 / 9
iteration step 223, G_loss: 0.21499, step_acc: 10.54292, grid_scale: 4 / 5, strokes: 5 / 9
iteration step 224, G_loss: 0.21498, step_acc: 10.54287, grid_scale: 4 / 5, strokes: 5 / 9
iteration step 225, G_loss: 0.21497, step_acc: 10.60364, grid_scale: 4 / 5, strokes: 5 / 9
iteration step 226, G_loss: 0.21376, step_acc: 10.61859, grid_scale: 4 / 5, strokes: 5 / 9
iteration step 227, G_loss: 0.21340, step_acc: 10.62794, grid_scale: 4 / 5, strokes: 5 / 9
iteration step 228, G_loss: 0.21317, step_acc: 10.65269, grid_scale: 4 / 5, strokes: 5 / 9
iteration step 229, G_loss: 0.21252, step_acc: 10.65602, grid_scale: 4 / 5, strokes: 5 / 9
iteration step 230, G_loss: 0.21241, step_acc: 10.65867, grid_scale: 4 / 5, strokes: 5 / 9
iteration step 231, G_loss: 0.21233, step_acc: 10.65934, grid_scale: 4 / 5, strokes: 5 / 9
iteration step 232, G_loss: 0.21231, step_acc: 10.66021, grid_scale: 4 / 5, strokes: 5 / 9
iteration step 233, G_loss: 0.21228, step_acc: 10.66071, grid_scale: 4 / 5, strokes: 5 / 9
iteration step 234, G_loss: 0.21226, step_acc: 10.66187, grid_scale: 4 / 5, strokes: 5 / 9
iteration step 235, G_loss: 0.21224, step_acc: 10.66241, grid_scale: 4 / 5, strokes: 5 / 9
iteration step 236, G_loss: 0.21222, step_acc: 10.66317, grid_scale: 4 / 5, strokes: 5 / 9
iteration step 237, G_loss: 0.21219, step_acc: 10.66416, grid_scale: 4 / 5, strokes: 5 / 9
iteration step 238, G_loss: 0.21216, step_acc: 10.66541, grid_scale: 4 / 5, strokes: 5 / 9
iteration step 239, G_loss: 0.21214, step_acc: 10.66605, grid_scale: 4 / 5, strokes: 5 / 9
iteration step 240, G_loss: 0.21211, step_acc: 10.66733, grid_scale: 4 / 5, strokes: 5 / 9
iteration step 241, G_loss: 0.21207, step_acc: 10.66861, grid_scale: 4 / 5, strokes: 5 / 9
iteration step 242, G_loss: 0.21203, step_acc: 10.66998, grid_scale: 4 / 5, strokes: 5 / 9
iteration step 243, G_loss: 0.21199, step_acc: 10.67141, grid_scale: 4 / 5, strokes: 5 / 9
iteration step 244, G_loss: 0.21195, step_acc: 10.67256, grid_scale: 4 / 5, strokes: 5 / 9
iteration step 245, G_loss: 0.21191, step_acc: 10.67321, grid_scale: 4 / 5, strokes: 5 / 9
iteration step 246, G_loss: 0.21188, step_acc: 10.67410, grid_scale: 4 / 5, strokes: 5 / 9
iteration step 247, G_loss: 0.21186, step_acc: 10.67477, grid_scale: 4 / 5, strokes: 5 / 9
iteration step 248, G_loss: 0.21183, step_acc: 10.67558, grid_scale: 4 / 5, strokes: 5 / 9
iteration step 249, G_loss: 0.21181, step_acc: 10.67613, grid_scale: 4 / 5, strokes: 5 / 9
iteration step 250, G_loss: 0.21179, step_acc: 10.67716, grid_scale: 4 / 5, strokes: 5 / 9
iteration step 251, G_loss: 0.21176, step_acc: 10.67877, grid_scale: 4 / 5, strokes: 5 / 9
iteration step 252, G_loss: 0.21172, step_acc: 10.68008, grid_scale: 4 / 5, strokes: 5 / 9
iteration step 253, G_loss: 0.21168, step_acc: 10.68082, grid_scale: 4 / 5, strokes: 5 / 9
iteration step 254, G_loss: 0.21165, step_acc: 10.68188, grid_scale: 4 / 5, strokes: 5 / 9
iteration step 255, G_loss: 0.21163, step_acc: 10.68257, grid_scale: 4 / 5, strokes: 5 / 9
iteration step 256, G_loss: 0.21160, step_acc: 10.68426, grid_scale: 4 / 5, strokes: 5 / 9
iteration step 257, G_loss: 0.21157, step_acc: 10.68900, grid_scale: 4 / 5, strokes: 5 / 9
iteration step 258, G_loss: 0.21143, step_acc: 10.69130, grid_scale: 4 / 5, strokes: 5 / 9
iteration step 259, G_loss: 0.21136, step_acc: 10.69537, grid_scale: 4 / 5, strokes: 5 / 9
iteration step 260, G_loss: 0.21122, step_acc: 10.69717, grid_scale: 4 / 5, strokes: 5 / 9
iteration step 261, G_loss: 0.21116, step_acc: 10.69846, grid_scale: 4 / 5, strokes: 5 / 9
iteration step 262, G_loss: 0.21111, step_acc: 10.69986, grid_scale: 4 / 5, strokes: 5 / 9
iteration step 263, G_loss: 0.21106, step_acc: 10.70113, grid_scale: 4 / 5, strokes: 5 / 9
iteration step 264, G_loss: 0.21102, step_acc: 10.70211, grid_scale: 4 / 5, strokes: 5 / 9
iteration step 265, G_loss: 0.21099, step_acc: 10.70279, grid_scale: 4 / 5, strokes: 5 / 9
iteration step 266, G_loss: 0.21096, step_acc: 10.70369, grid_scale: 4 / 5, strokes: 5 / 9
iteration step 267, G_loss: 0.21092, step_acc: 10.70439, grid_scale: 4 / 5, strokes: 5 / 9
iteration step 268, G_loss: 0.21089, step_acc: 10.70501, grid_scale: 4 / 5, strokes: 5 / 9
iteration step 269, G_loss: 0.21086, step_acc: 10.70581, grid_scale: 4 / 5, strokes: 5 / 9
iteration step 270, G_loss: 0.21083, step_acc: 10.70641, grid_scale: 4 / 5, strokes: 5 / 9
iteration step 271, G_loss: 0.21081, step_acc: 10.70684, grid_scale: 4 / 5, strokes: 5 / 9
iteration step 272, G_loss: 0.21079, step_acc: 10.70757, grid_scale: 4 / 5, strokes: 5 / 9
iteration step 273, G_loss: 0.21078, step_acc: 10.70785, grid_scale: 4 / 5, strokes: 5 / 9
iteration step 274, G_loss: 0.21076, step_acc: 10.70852, grid_scale: 4 / 5, strokes: 5 / 9
iteration step 275, G_loss: 0.21075, step_acc: 10.70898, grid_scale: 4 / 5, strokes: 6 / 9
iteration step 276, G_loss: 0.21073, step_acc: 10.71008, grid_scale: 4 / 5, strokes: 6 / 9
iteration step 277, G_loss: 0.21070, step_acc: 10.71125, grid_scale: 4 / 5, strokes: 6 / 9
iteration step 278, G_loss: 0.21067, step_acc: 10.71203, grid_scale: 4 / 5, strokes: 6 / 9
iteration step 279, G_loss: 0.21065, step_acc: 10.73396, grid_scale: 4 / 5, strokes: 6 / 9
iteration step 280, G_loss: 0.20984, step_acc: 10.73709, grid_scale: 4 / 5, strokes: 6 / 9
iteration step 281, G_loss: 0.20971, step_acc: 10.74075, grid_scale: 4 / 5, strokes: 6 / 9
iteration step 282, G_loss: 0.20960, step_acc: 10.74466, grid_scale: 4 / 5, strokes: 6 / 9
iteration step 283, G_loss: 0.20949, step_acc: 10.74872, grid_scale: 4 / 5, strokes: 6 / 9
iteration step 284, G_loss: 0.20935, step_acc: 10.75333, grid_scale: 4 / 5, strokes: 6 / 9
iteration step 285, G_loss: 0.20913, step_acc: 10.76199, grid_scale: 4 / 5, strokes: 6 / 9
iteration step 286, G_loss: 0.20875, step_acc: 10.76495, grid_scale: 4 / 5, strokes: 6 / 9
iteration step 287, G_loss: 0.20863, step_acc: 10.76897, grid_scale: 4 / 5, strokes: 6 / 9
iteration step 288, G_loss: 0.20848, step_acc: 10.77290, grid_scale: 4 / 5, strokes: 6 / 9
iteration step 289, G_loss: 0.20836, step_acc: 10.77605, grid_scale: 4 / 5, strokes: 6 / 9
iteration step 290, G_loss: 0.20825, step_acc: 10.77864, grid_scale: 4 / 5, strokes: 6 / 9
iteration step 291, G_loss: 0.20816, step_acc: 10.78142, grid_scale: 4 / 5, strokes: 6 / 9
iteration step 292, G_loss: 0.20807, step_acc: 10.78428, grid_scale: 4 / 5, strokes: 6 / 9
iteration step 293, G_loss: 0.20797, step_acc: 10.78700, grid_scale: 4 / 5, strokes: 6 / 9
iteration step 294, G_loss: 0.20785, step_acc: 10.78968, grid_scale: 4 / 5, strokes: 6 / 9
iteration step 295, G_loss: 0.20774, step_acc: 10.79303, grid_scale: 4 / 5, strokes: 6 / 9
iteration step 296, G_loss: 0.20765, step_acc: 10.79532, grid_scale: 4 / 5, strokes: 6 / 9
iteration step 297, G_loss: 0.20753, step_acc: 10.79703, grid_scale: 4 / 5, strokes: 6 / 9
iteration step 298, G_loss: 0.20745, step_acc: 10.79823, grid_scale: 4 / 5, strokes: 6 / 9
iteration step 299, G_loss: 0.20741, step_acc: 10.79935, grid_scale: 4 / 5, strokes: 6 / 9
iteration step 300, G_loss: 0.20737, step_acc: 10.80067, grid_scale: 4 / 5, strokes: 6 / 9
iteration step 301, G_loss: 0.20734, step_acc: 10.80128, grid_scale: 4 / 5, strokes: 6 / 9
iteration step 302, G_loss: 0.20731, step_acc: 10.80206, grid_scale: 4 / 5, strokes: 6 / 9
iteration step 303, G_loss: 0.20730, step_acc: 10.80270, grid_scale: 4 / 5, strokes: 6 / 9
iteration step 304, G_loss: 0.20727, step_acc: 10.80355, grid_scale: 4 / 5, strokes: 6 / 9
iteration step 305, G_loss: 0.20724, step_acc: 10.80468, grid_scale: 4 / 5, strokes: 6 / 9
iteration step 306, G_loss: 0.20721, step_acc: 10.80587, grid_scale: 4 / 5, strokes: 6 / 9
iteration step 307, G_loss: 0.20718, step_acc: 10.80762, grid_scale: 4 / 5, strokes: 6 / 9
iteration step 308, G_loss: 0.20715, step_acc: 10.80873, grid_scale: 4 / 5, strokes: 6 / 9
iteration step 309, G_loss: 0.20713, step_acc: 10.81000, grid_scale: 4 / 5, strokes: 6 / 9
iteration step 310, G_loss: 0.20709, step_acc: 10.81264, grid_scale: 4 / 5, strokes: 6 / 9
iteration step 311, G_loss: 0.20703, step_acc: 10.81511, grid_scale: 4 / 5, strokes: 6 / 9
iteration step 312, G_loss: 0.20696, step_acc: 10.81737, grid_scale: 4 / 5, strokes: 6 / 9
iteration step 313, G_loss: 0.20690, step_acc: 10.82056, grid_scale: 4 / 5, strokes: 6 / 9
iteration step 314, G_loss: 0.20681, step_acc: 10.82345, grid_scale: 4 / 5, strokes: 6 / 9
iteration step 315, G_loss: 0.20674, step_acc: 10.82590, grid_scale: 4 / 5, strokes: 6 / 9
iteration step 316, G_loss: 0.20668, step_acc: 10.82939, grid_scale: 4 / 5, strokes: 6 / 9
iteration step 317, G_loss: 0.20659, step_acc: 10.83432, grid_scale: 4 / 5, strokes: 6 / 9
iteration step 318, G_loss: 0.20647, step_acc: 10.83847, grid_scale: 4 / 5, strokes: 6 / 9
iteration step 319, G_loss: 0.20634, step_acc: 10.84451, grid_scale: 4 / 5, strokes: 6 / 9
iteration step 320, G_loss: 0.20618, step_acc: 10.84743, grid_scale: 4 / 5, strokes: 6 / 9
iteration step 321, G_loss: 0.20607, step_acc: 10.84979, grid_scale: 4 / 5, strokes: 6 / 9
iteration step 322, G_loss: 0.20599, step_acc: 10.85242, grid_scale: 4 / 5, strokes: 6 / 9
iteration step 323, G_loss: 0.20592, step_acc: 10.85462, grid_scale: 4 / 5, strokes: 6 / 9
iteration step 324, G_loss: 0.20585, step_acc: 10.85780, grid_scale: 4 / 5, strokes: 6 / 9
iteration step 325, G_loss: 0.20575, step_acc: 10.86034, grid_scale: 4 / 5, strokes: 6 / 9
iteration step 326, G_loss: 0.20567, step_acc: 10.86362, grid_scale: 4 / 5, strokes: 6 / 9
iteration step 327, G_loss: 0.20558, step_acc: 10.86705, grid_scale: 4 / 5, strokes: 6 / 9
iteration step 328, G_loss: 0.20548, step_acc: 10.86970, grid_scale: 4 / 5, strokes: 6 / 9
iteration step 329, G_loss: 0.20537, step_acc: 10.87243, grid_scale: 4 / 5, strokes: 6 / 9
iteration step 330, G_loss: 0.20526, step_acc: 10.87500, grid_scale: 4 / 5, strokes: 7 / 9
iteration step 331, G_loss: 0.20517, step_acc: 10.87706, grid_scale: 4 / 5, strokes: 7 / 9
iteration step 332, G_loss: 0.20511, step_acc: 10.87858, grid_scale: 4 / 5, strokes: 7 / 9
iteration step 333, G_loss: 0.20505, step_acc: 10.88017, grid_scale: 4 / 5, strokes: 7 / 9
iteration step 334, G_loss: 0.20500, step_acc: 10.88065, grid_scale: 4 / 5, strokes: 7 / 9
iteration step 335, G_loss: 0.20495, step_acc: 10.88204, grid_scale: 4 / 5, strokes: 7 / 9
iteration step 336, G_loss: 0.20491, step_acc: 10.88265, grid_scale: 4 / 5, strokes: 7 / 9
iteration step 337, G_loss: 0.20486, step_acc: 10.88450, grid_scale: 4 / 5, strokes: 7 / 9
iteration step 338, G_loss: 0.20480, step_acc: 10.88546, grid_scale: 4 / 5, strokes: 7 / 9
iteration step 339, G_loss: 0.20475, step_acc: 10.88669, grid_scale: 4 / 5, strokes: 7 / 9
iteration step 340, G_loss: 0.20470, step_acc: 10.88746, grid_scale: 4 / 5, strokes: 7 / 9
iteration step 341, G_loss: 0.20465, step_acc: 10.88884, grid_scale: 4 / 5, strokes: 7 / 9
iteration step 342, G_loss: 0.20460, step_acc: 10.88967, grid_scale: 4 / 5, strokes: 7 / 9
iteration step 343, G_loss: 0.20456, step_acc: 10.89118, grid_scale: 4 / 5, strokes: 7 / 9
iteration step 344, G_loss: 0.20452, step_acc: 10.89184, grid_scale: 4 / 5, strokes: 7 / 9
iteration step 345, G_loss: 0.20447, step_acc: 10.89334, grid_scale: 4 / 5, strokes: 7 / 9
iteration step 346, G_loss: 0.20443, step_acc: 10.89406, grid_scale: 4 / 5, strokes: 7 / 9
iteration step 347, G_loss: 0.20438, step_acc: 10.89582, grid_scale: 4 / 5, strokes: 7 / 9
iteration step 348, G_loss: 0.20433, step_acc: 10.89650, grid_scale: 4 / 5, strokes: 7 / 9
iteration step 349, G_loss: 0.20428, step_acc: 10.89741, grid_scale: 4 / 5, strokes: 7 / 9
iteration step 350, G_loss: 0.20425, step_acc: 10.89812, grid_scale: 4 / 5, strokes: 7 / 9
iteration step 351, G_loss: 0.20422, step_acc: 10.89861, grid_scale: 4 / 5, strokes: 7 / 9
iteration step 352, G_loss: 0.20419, step_acc: 10.89954, grid_scale: 4 / 5, strokes: 7 / 9
iteration step 353, G_loss: 0.20417, step_acc: 10.89960, grid_scale: 4 / 5, strokes: 7 / 9
iteration step 354, G_loss: 0.20415, step_acc: 10.90089, grid_scale: 4 / 5, strokes: 7 / 9
iteration step 355, G_loss: 0.20412, step_acc: 10.90123, grid_scale: 4 / 5, strokes: 7 / 9
iteration step 356, G_loss: 0.20409, step_acc: 10.90235, grid_scale: 4 / 5, strokes: 7 / 9
iteration step 357, G_loss: 0.20406, step_acc: 10.90304, grid_scale: 4 / 5, strokes: 7 / 9
iteration step 358, G_loss: 0.20402, step_acc: 10.90374, grid_scale: 4 / 5, strokes: 7 / 9
iteration step 359, G_loss: 0.20400, step_acc: 10.90459, grid_scale: 4 / 5, strokes: 7 / 9
iteration step 360, G_loss: 0.20397, step_acc: 10.90470, grid_scale: 4 / 5, strokes: 7 / 9
iteration step 361, G_loss: 0.20394, step_acc: 10.90582, grid_scale: 4 / 5, strokes: 7 / 9
iteration step 362, G_loss: 0.20391, step_acc: 10.90582, grid_scale: 4 / 5, strokes: 7 / 9
iteration step 363, G_loss: 0.20388, step_acc: 10.90674, grid_scale: 4 / 5, strokes: 7 / 9
iteration step 364, G_loss: 0.20385, step_acc: 10.90682, grid_scale: 4 / 5, strokes: 7 / 9
iteration step 365, G_loss: 0.20384, step_acc: 10.90756, grid_scale: 4 / 5, strokes: 7 / 9
iteration step 366, G_loss: 0.20381, step_acc: 10.90840, grid_scale: 4 / 5, strokes: 7 / 9
iteration step 367, G_loss: 0.20379, step_acc: 10.90835, grid_scale: 4 / 5, strokes: 7 / 9
iteration step 368, G_loss: 0.20377, step_acc: 10.90895, grid_scale: 4 / 5, strokes: 7 / 9
iteration step 369, G_loss: 0.20377, step_acc: 10.90903, grid_scale: 4 / 5, strokes: 7 / 9
iteration step 370, G_loss: 0.20376, step_acc: 10.90976, grid_scale: 4 / 5, strokes: 7 / 9
iteration step 371, G_loss: 0.20375, step_acc: 10.90969, grid_scale: 4 / 5, strokes: 7 / 9
iteration step 372, G_loss: 0.20374, step_acc: 10.91043, grid_scale: 4 / 5, strokes: 7 / 9
iteration step 373, G_loss: 0.20371, step_acc: 10.91076, grid_scale: 4 / 5, strokes: 7 / 9
iteration step 374, G_loss: 0.20370, step_acc: 10.91109, grid_scale: 4 / 5, strokes: 7 / 9
iteration step 375, G_loss: 0.20368, step_acc: 10.91167, grid_scale: 4 / 5, strokes: 7 / 9
iteration step 376, G_loss: 0.20366, step_acc: 10.91167, grid_scale: 4 / 5, strokes: 7 / 9
iteration step 377, G_loss: 0.20366, step_acc: 10.91223, grid_scale: 4 / 5, strokes: 7 / 9
iteration step 378, G_loss: 0.20363, step_acc: 10.91265, grid_scale: 4 / 5, strokes: 7 / 9
iteration step 379, G_loss: 0.20361, step_acc: 10.91333, grid_scale: 4 / 5, strokes: 7 / 9
iteration step 380, G_loss: 0.20358, step_acc: 10.91426, grid_scale: 4 / 5, strokes: 7 / 9
iteration step 381, G_loss: 0.20355, step_acc: 10.91653, grid_scale: 4 / 5, strokes: 7 / 9
iteration step 382, G_loss: 0.20352, step_acc: 10.91744, grid_scale: 4 / 5, strokes: 7 / 9
iteration step 383, G_loss: 0.20348, step_acc: 10.92031, grid_scale: 4 / 5, strokes: 7 / 9
iteration step 384, G_loss: 0.20341, step_acc: 10.92327, grid_scale: 4 / 5, strokes: 7 / 9
iteration step 385, G_loss: 0.20334, step_acc: 10.92710, grid_scale: 4 / 5, strokes: 8 / 9
iteration step 386, G_loss: 0.20323, step_acc: 10.93037, grid_scale: 4 / 5, strokes: 8 / 9
iteration step 387, G_loss: 0.20316, step_acc: 10.93444, grid_scale: 4 / 5, strokes: 8 / 9
iteration step 388, G_loss: 0.20305, step_acc: 10.93680, grid_scale: 4 / 5, strokes: 8 / 9
iteration step 389, G_loss: 0.20299, step_acc: 10.93861, grid_scale: 4 / 5, strokes: 8 / 9
iteration step 390, G_loss: 0.20295, step_acc: 10.94045, grid_scale: 4 / 5, strokes: 8 / 9
iteration step 391, G_loss: 0.20291, step_acc: 10.94220, grid_scale: 4 / 5, strokes: 8 / 9
iteration step 392, G_loss: 0.20287, step_acc: 10.94380, grid_scale: 4 / 5, strokes: 8 / 9
iteration step 393, G_loss: 0.20284, step_acc: 10.94593, grid_scale: 4 / 5, strokes: 8 / 9
iteration step 394, G_loss: 0.20278, step_acc: 10.94875, grid_scale: 4 / 5, strokes: 8 / 9
iteration step 395, G_loss: 0.20272, step_acc: 10.95294, grid_scale: 4 / 5, strokes: 8 / 9
iteration step 396, G_loss: 0.20263, step_acc: 10.95711, grid_scale: 4 / 5, strokes: 8 / 9
iteration step 397, G_loss: 0.20253, step_acc: 10.96251, grid_scale: 4 / 5, strokes: 8 / 9
iteration step 398, G_loss: 0.20242, step_acc: 10.96853, grid_scale: 4 / 5, strokes: 8 / 9
iteration step 399, G_loss: 0.20229, step_acc: 10.97551, grid_scale: 4 / 5, strokes: 8 / 9
iteration step 400, G_loss: 0.20213, step_acc: 10.98344, grid_scale: 4 / 5, strokes: 8 / 9
iteration step 401, G_loss: 0.20197, step_acc: 10.99056, grid_scale: 4 / 5, strokes: 8 / 9
iteration step 402, G_loss: 0.20183, step_acc: 11.00442, grid_scale: 4 / 5, strokes: 8 / 9
iteration step 403, G_loss: 0.20160, step_acc: 11.06268, grid_scale: 4 / 5, strokes: 8 / 9
iteration step 404, G_loss: 0.20040, step_acc: 11.06832, grid_scale: 4 / 5, strokes: 8 / 9
iteration step 405, G_loss: 0.20027, step_acc: 11.07464, grid_scale: 4 / 5, strokes: 8 / 9
iteration step 406, G_loss: 0.20014, step_acc: 11.07920, grid_scale: 4 / 5, strokes: 8 / 9
iteration step 407, G_loss: 0.20005, step_acc: 11.08440, grid_scale: 4 / 5, strokes: 8 / 9
iteration step 408, G_loss: 0.19994, step_acc: 11.09066, grid_scale: 4 / 5, strokes: 8 / 9
iteration step 409, G_loss: 0.19984, step_acc: 11.09738, grid_scale: 4 / 5, strokes: 8 / 9
iteration step 410, G_loss: 0.19972, step_acc: 11.10179, grid_scale: 4 / 5, strokes: 8 / 9
iteration step 411, G_loss: 0.19963, step_acc: 11.10536, grid_scale: 4 / 5, strokes: 8 / 9
iteration step 412, G_loss: 0.19955, step_acc: 11.10750, grid_scale: 4 / 5, strokes: 8 / 9
iteration step 413, G_loss: 0.19949, step_acc: 11.11064, grid_scale: 4 / 5, strokes: 8 / 9
iteration step 414, G_loss: 0.19942, step_acc: 11.11220, grid_scale: 4 / 5, strokes: 8 / 9
iteration step 415, G_loss: 0.19938, step_acc: 11.11364, grid_scale: 4 / 5, strokes: 8 / 9
iteration step 416, G_loss: 0.19934, step_acc: 11.11578, grid_scale: 4 / 5, strokes: 8 / 9
iteration step 417, G_loss: 0.19930, step_acc: 11.11693, grid_scale: 4 / 5, strokes: 8 / 9
iteration step 418, G_loss: 0.19927, step_acc: 11.11826, grid_scale: 4 / 5, strokes: 8 / 9
iteration step 419, G_loss: 0.19925, step_acc: 11.11935, grid_scale: 4 / 5, strokes: 8 / 9
iteration step 420, G_loss: 0.19923, step_acc: 11.12106, grid_scale: 4 / 5, strokes: 8 / 9
iteration step 421, G_loss: 0.19920, step_acc: 11.12166, grid_scale: 4 / 5, strokes: 8 / 9
iteration step 422, G_loss: 0.19918, step_acc: 11.12316, grid_scale: 4 / 5, strokes: 8 / 9
iteration step 423, G_loss: 0.19916, step_acc: 11.12410, grid_scale: 4 / 5, strokes: 8 / 9
iteration step 424, G_loss: 0.19913, step_acc: 11.12527, grid_scale: 4 / 5, strokes: 8 / 9
iteration step 425, G_loss: 0.19912, step_acc: 11.12604, grid_scale: 4 / 5, strokes: 8 / 9
iteration step 426, G_loss: 0.19910, step_acc: 11.12707, grid_scale: 4 / 5, strokes: 8 / 9
iteration step 427, G_loss: 0.19908, step_acc: 11.12791, grid_scale: 4 / 5, strokes: 8 / 9
iteration step 428, G_loss: 0.19907, step_acc: 11.12827, grid_scale: 4 / 5, strokes: 8 / 9
iteration step 429, G_loss: 0.19906, step_acc: 11.12889, grid_scale: 4 / 5, strokes: 8 / 9
iteration step 430, G_loss: 0.19904, step_acc: 11.12877, grid_scale: 4 / 5, strokes: 8 / 9
iteration step 431, G_loss: 0.19904, step_acc: 11.12880, grid_scale: 4 / 5, strokes: 8 / 9
iteration step 432, G_loss: 0.19905, step_acc: 11.12900, grid_scale: 4 / 5, strokes: 8 / 9
iteration step 433, G_loss: 0.19903, step_acc: 11.12982, grid_scale: 4 / 5, strokes: 8 / 9
iteration step 434, G_loss: 0.19902, step_acc: 11.12965, grid_scale: 4 / 5, strokes: 8 / 9
iteration step 435, G_loss: 0.19902, step_acc: 11.12970, grid_scale: 4 / 5, strokes: 8 / 9
iteration step 436, G_loss: 0.19901, step_acc: 11.12987, grid_scale: 4 / 5, strokes: 8 / 9
iteration step 437, G_loss: 0.19901, step_acc: 11.13017, grid_scale: 4 / 5, strokes: 8 / 9
iteration step 438, G_loss: 0.19900, step_acc: 11.13046, grid_scale: 4 / 5, strokes: 8 / 9
iteration step 439, G_loss: 0.19899, step_acc: 11.13069, grid_scale: 4 / 5, strokes: 8 / 9
iteration step 440, G_loss: 0.19899, step_acc: 11.13106, grid_scale: 4 / 5, strokes: 9 / 9
iteration step 441, G_loss: 0.19899, step_acc: 11.13142, grid_scale: 4 / 5, strokes: 9 / 9
iteration step 442, G_loss: 0.19898, step_acc: 11.15288, grid_scale: 4 / 5, strokes: 9 / 9
iteration step 443, G_loss: 0.19849, step_acc: 11.17098, grid_scale: 4 / 5, strokes: 9 / 9
iteration step 444, G_loss: 0.19792, step_acc: 11.17256, grid_scale: 4 / 5, strokes: 9 / 9
iteration step 445, G_loss: 0.19785, step_acc: 11.17381, grid_scale: 4 / 5, strokes: 9 / 9
iteration step 446, G_loss: 0.19780, step_acc: 11.17406, grid_scale: 4 / 5, strokes: 9 / 9
iteration step 447, G_loss: 0.19777, step_acc: 11.17548, grid_scale: 4 / 5, strokes: 9 / 9
iteration step 448, G_loss: 0.19775, step_acc: 11.17622, grid_scale: 4 / 5, strokes: 9 / 9
iteration step 449, G_loss: 0.19773, step_acc: 11.17683, grid_scale: 4 / 5, strokes: 9 / 9
iteration step 450, G_loss: 0.19771, step_acc: 11.17753, grid_scale: 4 / 5, strokes: 9 / 9
iteration step 451, G_loss: 0.19770, step_acc: 11.17761, grid_scale: 4 / 5, strokes: 9 / 9
iteration step 452, G_loss: 0.19768, step_acc: 11.17822, grid_scale: 4 / 5, strokes: 9 / 9
iteration step 453, G_loss: 0.19768, step_acc: 11.17885, grid_scale: 4 / 5, strokes: 9 / 9
iteration step 454, G_loss: 0.19767, step_acc: 11.17941, grid_scale: 4 / 5, strokes: 9 / 9
iteration step 455, G_loss: 0.19765, step_acc: 11.18023, grid_scale: 4 / 5, strokes: 9 / 9
iteration step 456, G_loss: 0.19764, step_acc: 11.18051, grid_scale: 4 / 5, strokes: 9 / 9
iteration step 457, G_loss: 0.19763, step_acc: 11.18110, grid_scale: 4 / 5, strokes: 9 / 9
iteration step 458, G_loss: 0.19762, step_acc: 11.18165, grid_scale: 4 / 5, strokes: 9 / 9
iteration step 459, G_loss: 0.19761, step_acc: 11.18275, grid_scale: 4 / 5, strokes: 9 / 9
iteration step 460, G_loss: 0.19759, step_acc: 11.18388, grid_scale: 4 / 5, strokes: 9 / 9
iteration step 461, G_loss: 0.19756, step_acc: 11.18565, grid_scale: 4 / 5, strokes: 9 / 9
iteration step 462, G_loss: 0.19752, step_acc: 11.18625, grid_scale: 4 / 5, strokes: 9 / 9
iteration step 463, G_loss: 0.19749, step_acc: 11.18773, grid_scale: 4 / 5, strokes: 9 / 9
iteration step 464, G_loss: 0.19747, step_acc: 11.18784, grid_scale: 4 / 5, strokes: 9 / 9
iteration step 465, G_loss: 0.19745, step_acc: 11.18950, grid_scale: 4 / 5, strokes: 9 / 9
iteration step 466, G_loss: 0.19742, step_acc: 11.19040, grid_scale: 4 / 5, strokes: 9 / 9
iteration step 467, G_loss: 0.19739, step_acc: 11.19197, grid_scale: 4 / 5, strokes: 9 / 9
iteration step 468, G_loss: 0.19735, step_acc: 11.19423, grid_scale: 4 / 5, strokes: 9 / 9
iteration step 469, G_loss: 0.19729, step_acc: 11.20313, grid_scale: 4 / 5, strokes: 9 / 9
iteration step 470, G_loss: 0.19702, step_acc: 11.21762, grid_scale: 4 / 5, strokes: 9 / 9
iteration step 471, G_loss: 0.19657, step_acc: 11.22050, grid_scale: 4 / 5, strokes: 9 / 9
iteration step 472, G_loss: 0.19649, step_acc: 11.22275, grid_scale: 4 / 5, strokes: 9 / 9
iteration step 473, G_loss: 0.19643, step_acc: 11.22486, grid_scale: 4 / 5, strokes: 9 / 9
iteration step 474, G_loss: 0.19639, step_acc: 11.22554, grid_scale: 4 / 5, strokes: 9 / 9
iteration step 475, G_loss: 0.19637, step_acc: 11.22713, grid_scale: 4 / 5, strokes: 9 / 9
iteration step 476, G_loss: 0.19635, step_acc: 11.22844, grid_scale: 4 / 5, strokes: 9 / 9
iteration step 477, G_loss: 0.19631, step_acc: 11.23153, grid_scale: 4 / 5, strokes: 9 / 9
iteration step 478, G_loss: 0.19625, step_acc: 11.23284, grid_scale: 4 / 5, strokes: 9 / 9
iteration step 479, G_loss: 0.19621, step_acc: 11.23481, grid_scale: 4 / 5, strokes: 9 / 9
iteration step 480, G_loss: 0.19618, step_acc: 11.23544, grid_scale: 4 / 5, strokes: 9 / 9
iteration step 481, G_loss: 0.19615, step_acc: 11.23725, grid_scale: 4 / 5, strokes: 9 / 9
iteration step 482, G_loss: 0.19612, step_acc: 11.23870, grid_scale: 4 / 5, strokes: 9 / 9
iteration step 483, G_loss: 0.19609, step_acc: 11.24164, grid_scale: 4 / 5, strokes: 9 / 9
iteration step 484, G_loss: 0.19602, step_acc: 11.24479, grid_scale: 4 / 5, strokes: 9 / 9
iteration step 485, G_loss: 0.19594, step_acc: 11.24760, grid_scale: 4 / 5, strokes: 9 / 9
iteration step 486, G_loss: 0.19588, step_acc: 11.24919, grid_scale: 4 / 5, strokes: 9 / 9
iteration step 487, G_loss: 0.19583, step_acc: 11.25146, grid_scale: 4 / 5, strokes: 9 / 9
iteration step 488, G_loss: 0.19578, step_acc: 11.25347, grid_scale: 4 / 5, strokes: 9 / 9
iteration step 489, G_loss: 0.19573, step_acc: 11.25507, grid_scale: 4 / 5, strokes: 9 / 9
iteration step 490, G_loss: 0.19568, step_acc: 11.25693, grid_scale: 4 / 5, strokes: 9 / 9
iteration step 491, G_loss: 0.19561, step_acc: 11.25925, grid_scale: 4 / 5, strokes: 9 / 9
iteration step 492, G_loss: 0.19556, step_acc: 11.26151, grid_scale: 4 / 5, strokes: 9 / 9
iteration step 493, G_loss: 0.19549, step_acc: 11.26323, grid_scale: 4 / 5, strokes: 9 / 9
iteration step 494, G_loss: 0.19544, step_acc: 11.27535, grid_scale: 4 / 5, strokes: 9 / 9
rendering canvas...
iteration step 0, G_loss: 0.19518, step_acc: 10.96521, grid_scale: 5 / 5, strokes: 1 / 9
iteration step 1, G_loss: 0.20327, step_acc: 10.96517, grid_scale: 5 / 5, strokes: 1 / 9
iteration step 2, G_loss: 0.20327, step_acc: 10.96528, grid_scale: 5 / 5, strokes: 1 / 9
iteration step 3, G_loss: 0.20326, step_acc: 10.98174, grid_scale: 5 / 5, strokes: 1 / 9
iteration step 4, G_loss: 0.20284, step_acc: 10.98845, grid_scale: 5 / 5, strokes: 1 / 9
iteration step 5, G_loss: 0.20273, step_acc: 10.99661, grid_scale: 5 / 5, strokes: 1 / 9
iteration step 6, G_loss: 0.20235, step_acc: 10.99792, grid_scale: 5 / 5, strokes: 1 / 9
iteration step 7, G_loss: 0.20235, step_acc: 10.99972, grid_scale: 5 / 5, strokes: 1 / 9
iteration step 8, G_loss: 0.20231, step_acc: 11.00025, grid_scale: 5 / 5, strokes: 1 / 9
iteration step 9, G_loss: 0.20231, step_acc: 11.00303, grid_scale: 5 / 5, strokes: 1 / 9
iteration step 10, G_loss: 0.20219, step_acc: 11.00389, grid_scale: 5 / 5, strokes: 1 / 9
iteration step 11, G_loss: 0.20215, step_acc: 11.00474, grid_scale: 5 / 5, strokes: 1 / 9
iteration step 12, G_loss: 0.20213, step_acc: 11.00501, grid_scale: 5 / 5, strokes: 1 / 9
iteration step 13, G_loss: 0.20212, step_acc: 11.00543, grid_scale: 5 / 5, strokes: 1 / 9
iteration step 14, G_loss: 0.20210, step_acc: 11.00570, grid_scale: 5 / 5, strokes: 1 / 9
iteration step 15, G_loss: 0.20209, step_acc: 11.00589, grid_scale: 5 / 5, strokes: 1 / 9
iteration step 16, G_loss: 0.20208, step_acc: 11.00595, grid_scale: 5 / 5, strokes: 1 / 9
iteration step 17, G_loss: 0.20208, step_acc: 11.00633, grid_scale: 5 / 5, strokes: 1 / 9
iteration step 18, G_loss: 0.20207, step_acc: 11.00782, grid_scale: 5 / 5, strokes: 1 / 9
iteration step 19, G_loss: 0.20200, step_acc: 11.00839, grid_scale: 5 / 5, strokes: 1 / 9
iteration step 20, G_loss: 0.20198, step_acc: 11.00847, grid_scale: 5 / 5, strokes: 1 / 9
iteration step 21, G_loss: 0.20198, step_acc: 11.00863, grid_scale: 5 / 5, strokes: 1 / 9
iteration step 22, G_loss: 0.20197, step_acc: 11.00880, grid_scale: 5 / 5, strokes: 1 / 9
iteration step 23, G_loss: 0.20196, step_acc: 11.00911, grid_scale: 5 / 5, strokes: 1 / 9
iteration step 24, G_loss: 0.20195, step_acc: 11.00944, grid_scale: 5 / 5, strokes: 1 / 9
iteration step 25, G_loss: 0.20193, step_acc: 11.00963, grid_scale: 5 / 5, strokes: 1 / 9
iteration step 26, G_loss: 0.20192, step_acc: 11.00979, grid_scale: 5 / 5, strokes: 1 / 9
iteration step 27, G_loss: 0.20191, step_acc: 11.00996, grid_scale: 5 / 5, strokes: 1 / 9
iteration step 28, G_loss: 0.20191, step_acc: 11.00994, grid_scale: 5 / 5, strokes: 1 / 9
iteration step 29, G_loss: 0.20191, step_acc: 11.00998, grid_scale: 5 / 5, strokes: 1 / 9
iteration step 30, G_loss: 0.20190, step_acc: 11.01003, grid_scale: 5 / 5, strokes: 1 / 9
iteration step 31, G_loss: 0.20190, step_acc: 11.01005, grid_scale: 5 / 5, strokes: 1 / 9
iteration step 32, G_loss: 0.20190, step_acc: 11.01008, grid_scale: 5 / 5, strokes: 1 / 9
iteration step 33, G_loss: 0.20190, step_acc: 11.01013, grid_scale: 5 / 5, strokes: 1 / 9
iteration step 34, G_loss: 0.20189, step_acc: 11.01015, grid_scale: 5 / 5, strokes: 1 / 9
iteration step 35, G_loss: 0.20189, step_acc: 11.01015, grid_scale: 5 / 5, strokes: 1 / 9
iteration step 36, G_loss: 0.20189, step_acc: 11.01021, grid_scale: 5 / 5, strokes: 1 / 9
iteration step 37, G_loss: 0.20188, step_acc: 11.01026, grid_scale: 5 / 5, strokes: 1 / 9
iteration step 38, G_loss: 0.20188, step_acc: 11.01031, grid_scale: 5 / 5, strokes: 1 / 9
iteration step 39, G_loss: 0.20187, step_acc: 11.01036, grid_scale: 5 / 5, strokes: 1 / 9
iteration step 40, G_loss: 0.20187, step_acc: 11.01041, grid_scale: 5 / 5, strokes: 1 / 9
iteration step 41, G_loss: 0.20186, step_acc: 11.01042, grid_scale: 5 / 5, strokes: 1 / 9
iteration step 42, G_loss: 0.20186, step_acc: 11.01046, grid_scale: 5 / 5, strokes: 1 / 9
iteration step 43, G_loss: 0.20186, step_acc: 11.01051, grid_scale: 5 / 5, strokes: 1 / 9
iteration step 44, G_loss: 0.20186, step_acc: 11.01052, grid_scale: 5 / 5, strokes: 1 / 9
iteration step 45, G_loss: 0.20185, step_acc: 11.01055, grid_scale: 5 / 5, strokes: 1 / 9
iteration step 46, G_loss: 0.20185, step_acc: 11.01051, grid_scale: 5 / 5, strokes: 1 / 9
iteration step 47, G_loss: 0.20185, step_acc: 11.01065, grid_scale: 5 / 5, strokes: 1 / 9
iteration step 48, G_loss: 0.20185, step_acc: 11.01065, grid_scale: 5 / 5, strokes: 1 / 9
iteration step 49, G_loss: 0.20185, step_acc: 11.01071, grid_scale: 5 / 5, strokes: 1 / 9
iteration step 50, G_loss: 0.20185, step_acc: 11.01071, grid_scale: 5 / 5, strokes: 1 / 9
iteration step 51, G_loss: 0.20185, step_acc: 11.01073, grid_scale: 5 / 5, strokes: 1 / 9
iteration step 52, G_loss: 0.20184, step_acc: 11.01077, grid_scale: 5 / 5, strokes: 1 / 9
iteration step 53, G_loss: 0.20184, step_acc: 11.01083, grid_scale: 5 / 5, strokes: 1 / 9
iteration step 54, G_loss: 0.20184, step_acc: 11.01083, grid_scale: 5 / 5, strokes: 1 / 9
iteration step 55, G_loss: 0.20184, step_acc: 11.01071, grid_scale: 5 / 5, strokes: 2 / 9
iteration step 56, G_loss: 0.20184, step_acc: 11.01040, grid_scale: 5 / 5, strokes: 2 / 9
iteration step 57, G_loss: 0.20184, step_acc: 11.01050, grid_scale: 5 / 5, strokes: 2 / 9
iteration step 58, G_loss: 0.20184, step_acc: 11.01076, grid_scale: 5 / 5, strokes: 2 / 9
iteration step 59, G_loss: 0.20183, step_acc: 11.01078, grid_scale: 5 / 5, strokes: 2 / 9
iteration step 60, G_loss: 0.20183, step_acc: 11.01078, grid_scale: 5 / 5, strokes: 2 / 9
iteration step 61, G_loss: 0.20183, step_acc: 11.01080, grid_scale: 5 / 5, strokes: 2 / 9
iteration step 62, G_loss: 0.20183, step_acc: 11.01080, grid_scale: 5 / 5, strokes: 2 / 9
iteration step 63, G_loss: 0.20183, step_acc: 11.01080, grid_scale: 5 / 5, strokes: 2 / 9
iteration step 64, G_loss: 0.20183, step_acc: 11.01083, grid_scale: 5 / 5, strokes: 2 / 9
iteration step 65, G_loss: 0.20183, step_acc: 11.01084, grid_scale: 5 / 5, strokes: 2 / 9
iteration step 66, G_loss: 0.20183, step_acc: 11.01088, grid_scale: 5 / 5, strokes: 2 / 9
iteration step 67, G_loss: 0.20183, step_acc: 11.01091, grid_scale: 5 / 5, strokes: 2 / 9
iteration step 68, G_loss: 0.20182, step_acc: 11.01092, grid_scale: 5 / 5, strokes: 2 / 9
iteration step 69, G_loss: 0.20182, step_acc: 11.01095, grid_scale: 5 / 5, strokes: 2 / 9
iteration step 70, G_loss: 0.20182, step_acc: 11.01096, grid_scale: 5 / 5, strokes: 2 / 9
iteration step 71, G_loss: 0.20182, step_acc: 11.01105, grid_scale: 5 / 5, strokes: 2 / 9
iteration step 72, G_loss: 0.20182, step_acc: 11.01104, grid_scale: 5 / 5, strokes: 2 / 9
iteration step 73, G_loss: 0.20182, step_acc: 11.01108, grid_scale: 5 / 5, strokes: 2 / 9
iteration step 74, G_loss: 0.20181, step_acc: 11.01107, grid_scale: 5 / 5, strokes: 2 / 9
iteration step 75, G_loss: 0.20181, step_acc: 11.01110, grid_scale: 5 / 5, strokes: 2 / 9
iteration step 76, G_loss: 0.20181, step_acc: 11.01115, grid_scale: 5 / 5, strokes: 2 / 9
iteration step 77, G_loss: 0.20180, step_acc: 11.01116, grid_scale: 5 / 5, strokes: 2 / 9
iteration step 78, G_loss: 0.20180, step_acc: 11.01115, grid_scale: 5 / 5, strokes: 2 / 9
iteration step 79, G_loss: 0.20180, step_acc: 11.01122, grid_scale: 5 / 5, strokes: 2 / 9
iteration step 80, G_loss: 0.20180, step_acc: 11.01125, grid_scale: 5 / 5, strokes: 2 / 9
iteration step 81, G_loss: 0.20180, step_acc: 11.01118, grid_scale: 5 / 5, strokes: 2 / 9
iteration step 82, G_loss: 0.20180, step_acc: 11.01128, grid_scale: 5 / 5, strokes: 2 / 9
iteration step 83, G_loss: 0.20180, step_acc: 11.01125, grid_scale: 5 / 5, strokes: 2 / 9
iteration step 84, G_loss: 0.20180, step_acc: 11.01137, grid_scale: 5 / 5, strokes: 2 / 9
iteration step 85, G_loss: 0.20180, step_acc: 11.01124, grid_scale: 5 / 5, strokes: 2 / 9
iteration step 86, G_loss: 0.20180, step_acc: 11.01132, grid_scale: 5 / 5, strokes: 2 / 9
iteration step 87, G_loss: 0.20180, step_acc: 11.01143, grid_scale: 5 / 5, strokes: 2 / 9
iteration step 88, G_loss: 0.20180, step_acc: 11.01132, grid_scale: 5 / 5, strokes: 2 / 9
iteration step 89, G_loss: 0.20179, step_acc: 11.01145, grid_scale: 5 / 5, strokes: 2 / 9
iteration step 90, G_loss: 0.20179, step_acc: 11.01133, grid_scale: 5 / 5, strokes: 2 / 9
iteration step 91, G_loss: 0.20179, step_acc: 11.01148, grid_scale: 5 / 5, strokes: 2 / 9
iteration step 92, G_loss: 0.20179, step_acc: 11.01134, grid_scale: 5 / 5, strokes: 2 / 9
iteration step 93, G_loss: 0.20179, step_acc: 11.01142, grid_scale: 5 / 5, strokes: 2 / 9
iteration step 94, G_loss: 0.20179, step_acc: 11.01144, grid_scale: 5 / 5, strokes: 2 / 9
iteration step 95, G_loss: 0.20179, step_acc: 11.01147, grid_scale: 5 / 5, strokes: 2 / 9
iteration step 96, G_loss: 0.20179, step_acc: 11.01146, grid_scale: 5 / 5, strokes: 2 / 9
iteration step 97, G_loss: 0.20179, step_acc: 11.01153, grid_scale: 5 / 5, strokes: 2 / 9
iteration step 98, G_loss: 0.20179, step_acc: 11.01144, grid_scale: 5 / 5, strokes: 2 / 9
iteration step 99, G_loss: 0.20179, step_acc: 11.01153, grid_scale: 5 / 5, strokes: 2 / 9
iteration step 100, G_loss: 0.20179, step_acc: 11.01151, grid_scale: 5 / 5, strokes: 2 / 9
iteration step 101, G_loss: 0.20179, step_acc: 11.01153, grid_scale: 5 / 5, strokes: 2 / 9
iteration step 102, G_loss: 0.20179, step_acc: 11.01157, grid_scale: 5 / 5, strokes: 2 / 9
iteration step 103, G_loss: 0.20179, step_acc: 11.01153, grid_scale: 5 / 5, strokes: 2 / 9
iteration step 104, G_loss: 0.20178, step_acc: 11.01165, grid_scale: 5 / 5, strokes: 2 / 9
iteration step 105, G_loss: 0.20178, step_acc: 11.01158, grid_scale: 5 / 5, strokes: 2 / 9
iteration step 106, G_loss: 0.20178, step_acc: 11.01166, grid_scale: 5 / 5, strokes: 2 / 9
iteration step 107, G_loss: 0.20178, step_acc: 11.01159, grid_scale: 5 / 5, strokes: 2 / 9
iteration step 108, G_loss: 0.20178, step_acc: 11.01167, grid_scale: 5 / 5, strokes: 2 / 9
iteration step 109, G_loss: 0.20178, step_acc: 11.01162, grid_scale: 5 / 5, strokes: 2 / 9
iteration step 110, G_loss: 0.20178, step_acc: 11.01165, grid_scale: 5 / 5, strokes: 3 / 9
iteration step 111, G_loss: 0.20178, step_acc: 11.01199, grid_scale: 5 / 5, strokes: 3 / 9
iteration step 112, G_loss: 0.20176, step_acc: 11.07197, grid_scale: 5 / 5, strokes: 3 / 9
iteration step 113, G_loss: 0.20052, step_acc: 11.06443, grid_scale: 5 / 5, strokes: 3 / 9
iteration step 114, G_loss: 0.20056, step_acc: 11.07680, grid_scale: 5 / 5, strokes: 3 / 9
iteration step 115, G_loss: 0.20021, step_acc: 11.07945, grid_scale: 5 / 5, strokes: 3 / 9
iteration step 116, G_loss: 0.20011, step_acc: 11.08359, grid_scale: 5 / 5, strokes: 3 / 9
iteration step 117, G_loss: 0.19991, step_acc: 11.08597, grid_scale: 5 / 5, strokes: 3 / 9
iteration step 118, G_loss: 0.19979, step_acc: 11.08790, grid_scale: 5 / 5, strokes: 3 / 9
iteration step 119, G_loss: 0.19971, step_acc: 11.08985, grid_scale: 5 / 5, strokes: 3 / 9
iteration step 120, G_loss: 0.19963, step_acc: 11.09125, grid_scale: 5 / 5, strokes: 3 / 9
iteration step 121, G_loss: 0.19956, step_acc: 11.09241, grid_scale: 5 / 5, strokes: 3 / 9
iteration step 122, G_loss: 0.19950, step_acc: 11.09342, grid_scale: 5 / 5, strokes: 3 / 9
iteration step 123, G_loss: 0.19946, step_acc: 11.09427, grid_scale: 5 / 5, strokes: 3 / 9
iteration step 124, G_loss: 0.19942, step_acc: 11.09488, grid_scale: 5 / 5, strokes: 3 / 9
iteration step 125, G_loss: 0.19939, step_acc: 11.09590, grid_scale: 5 / 5, strokes: 3 / 9
iteration step 126, G_loss: 0.19935, step_acc: 11.09687, grid_scale: 5 / 5, strokes: 3 / 9
iteration step 127, G_loss: 0.19931, step_acc: 11.09780, grid_scale: 5 / 5, strokes: 3 / 9
iteration step 128, G_loss: 0.19927, step_acc: 11.09868, grid_scale: 5 / 5, strokes: 3 / 9
iteration step 129, G_loss: 0.19922, step_acc: 11.09974, grid_scale: 5 / 5, strokes: 3 / 9
iteration step 130, G_loss: 0.19917, step_acc: 11.10043, grid_scale: 5 / 5, strokes: 3 / 9
iteration step 131, G_loss: 0.19913, step_acc: 11.10109, grid_scale: 5 / 5, strokes: 3 / 9
iteration step 132, G_loss: 0.19910, step_acc: 11.10286, grid_scale: 5 / 5, strokes: 3 / 9
iteration step 133, G_loss: 0.19908, step_acc: 11.10061, grid_scale: 5 / 5, strokes: 3 / 9
iteration step 134, G_loss: 0.19909, step_acc: 11.10136, grid_scale: 5 / 5, strokes: 3 / 9
iteration step 135, G_loss: 0.19906, step_acc: 11.10169, grid_scale: 5 / 5, strokes: 3 / 9
iteration step 136, G_loss: 0.19905, step_acc: 11.10186, grid_scale: 5 / 5, strokes: 3 / 9
iteration step 137, G_loss: 0.19903, step_acc: 11.10203, grid_scale: 5 / 5, strokes: 3 / 9
iteration step 138, G_loss: 0.19902, step_acc: 11.10211, grid_scale: 5 / 5, strokes: 3 / 9
iteration step 139, G_loss: 0.19902, step_acc: 11.10219, grid_scale: 5 / 5, strokes: 3 / 9
iteration step 140, G_loss: 0.19901, step_acc: 11.10232, grid_scale: 5 / 5, strokes: 3 / 9
iteration step 141, G_loss: 0.19900, step_acc: 11.10233, grid_scale: 5 / 5, strokes: 3 / 9
iteration step 142, G_loss: 0.19900, step_acc: 11.10231, grid_scale: 5 / 5, strokes: 3 / 9
iteration step 143, G_loss: 0.19899, step_acc: 11.10256, grid_scale: 5 / 5, strokes: 3 / 9
iteration step 144, G_loss: 0.19899, step_acc: 11.10257, grid_scale: 5 / 5, strokes: 3 / 9
iteration step 145, G_loss: 0.19898, step_acc: 11.10335, grid_scale: 5 / 5, strokes: 3 / 9
iteration step 146, G_loss: 0.19896, step_acc: 11.10521, grid_scale: 5 / 5, strokes: 3 / 9
iteration step 147, G_loss: 0.19893, step_acc: 11.10379, grid_scale: 5 / 5, strokes: 3 / 9
iteration step 148, G_loss: 0.19894, step_acc: 11.10587, grid_scale: 5 / 5, strokes: 3 / 9
iteration step 149, G_loss: 0.19892, step_acc: 11.10772, grid_scale: 5 / 5, strokes: 3 / 9
iteration step 150, G_loss: 0.19884, step_acc: 11.10798, grid_scale: 5 / 5, strokes: 3 / 9
iteration step 151, G_loss: 0.19882, step_acc: 11.10810, grid_scale: 5 / 5, strokes: 3 / 9
iteration step 152, G_loss: 0.19881, step_acc: 11.10821, grid_scale: 5 / 5, strokes: 3 / 9
iteration step 153, G_loss: 0.19881, step_acc: 11.10837, grid_scale: 5 / 5, strokes: 3 / 9
iteration step 154, G_loss: 0.19879, step_acc: 11.10865, grid_scale: 5 / 5, strokes: 3 / 9
iteration step 155, G_loss: 0.19878, step_acc: 11.10902, grid_scale: 5 / 5, strokes: 3 / 9
iteration step 156, G_loss: 0.19876, step_acc: 11.10902, grid_scale: 5 / 5, strokes: 3 / 9
iteration step 157, G_loss: 0.19875, step_acc: 11.10920, grid_scale: 5 / 5, strokes: 3 / 9
iteration step 158, G_loss: 0.19875, step_acc: 11.10936, grid_scale: 5 / 5, strokes: 3 / 9
iteration step 159, G_loss: 0.19874, step_acc: 11.10942, grid_scale: 5 / 5, strokes: 3 / 9
iteration step 160, G_loss: 0.19874, step_acc: 11.10952, grid_scale: 5 / 5, strokes: 3 / 9
iteration step 161, G_loss: 0.19874, step_acc: 11.10958, grid_scale: 5 / 5, strokes: 3 / 9
iteration step 162, G_loss: 0.19873, step_acc: 11.10963, grid_scale: 5 / 5, strokes: 3 / 9
iteration step 163, G_loss: 0.19873, step_acc: 11.10998, grid_scale: 5 / 5, strokes: 3 / 9
iteration step 164, G_loss: 0.19871, step_acc: 11.11023, grid_scale: 5 / 5, strokes: 3 / 9
iteration step 165, G_loss: 0.19870, step_acc: 11.11046, grid_scale: 5 / 5, strokes: 4 / 9
iteration step 166, G_loss: 0.19870, step_acc: 11.11126, grid_scale: 5 / 5, strokes: 4 / 9
iteration step 167, G_loss: 0.19866, step_acc: 11.12079, grid_scale: 5 / 5, strokes: 4 / 9
iteration step 168, G_loss: 0.19836, step_acc: 11.13307, grid_scale: 5 / 5, strokes: 4 / 9
iteration step 169, G_loss: 0.19779, step_acc: 11.14009, grid_scale: 5 / 5, strokes: 4 / 9
iteration step 170, G_loss: 0.19751, step_acc: 11.18445, grid_scale: 5 / 5, strokes: 4 / 9
iteration step 171, G_loss: 0.19646, step_acc: 11.19670, grid_scale: 5 / 5, strokes: 4 / 9
iteration step 172, G_loss: 0.19608, step_acc: 11.20189, grid_scale: 5 / 5, strokes: 4 / 9
iteration step 173, G_loss: 0.19593, step_acc: 11.20663, grid_scale: 5 / 5, strokes: 4 / 9
iteration step 174, G_loss: 0.19579, step_acc: 11.21242, grid_scale: 5 / 5, strokes: 4 / 9
iteration step 175, G_loss: 0.19563, step_acc: 11.21865, grid_scale: 5 / 5, strokes: 4 / 9
iteration step 176, G_loss: 0.19541, step_acc: 11.21953, grid_scale: 5 / 5, strokes: 4 / 9
iteration step 177, G_loss: 0.19540, step_acc: 11.22802, grid_scale: 5 / 5, strokes: 4 / 9
iteration step 178, G_loss: 0.19509, step_acc: 11.23148, grid_scale: 5 / 5, strokes: 4 / 9
iteration step 179, G_loss: 0.19497, step_acc: 11.23402, grid_scale: 5 / 5, strokes: 4 / 9
iteration step 180, G_loss: 0.19488, step_acc: 11.23641, grid_scale: 5 / 5, strokes: 4 / 9
iteration step 181, G_loss: 0.19479, step_acc: 11.23924, grid_scale: 5 / 5, strokes: 4 / 9
iteration step 182, G_loss: 0.19470, step_acc: 11.24244, grid_scale: 5 / 5, strokes: 4 / 9
iteration step 183, G_loss: 0.19460, step_acc: 11.24504, grid_scale: 5 / 5, strokes: 4 / 9
iteration step 184, G_loss: 0.19451, step_acc: 11.24822, grid_scale: 5 / 5, strokes: 4 / 9
iteration step 185, G_loss: 0.19440, step_acc: 11.25156, grid_scale: 5 / 5, strokes: 4 / 9
iteration step 186, G_loss: 0.19429, step_acc: 11.25563, grid_scale: 5 / 5, strokes: 4 / 9
iteration step 187, G_loss: 0.19416, step_acc: 11.25889, grid_scale: 5 / 5, strokes: 4 / 9
iteration step 188, G_loss: 0.19406, step_acc: 11.26162, grid_scale: 5 / 5, strokes: 4 / 9
iteration step 189, G_loss: 0.19397, step_acc: 11.26504, grid_scale: 5 / 5, strokes: 4 / 9
iteration step 190, G_loss: 0.19387, step_acc: 11.26901, grid_scale: 5 / 5, strokes: 4 / 9
iteration step 191, G_loss: 0.19374, step_acc: 11.27465, grid_scale: 5 / 5, strokes: 4 / 9
iteration step 192, G_loss: 0.19357, step_acc: 11.28780, grid_scale: 5 / 5, strokes: 4 / 9
iteration step 193, G_loss: 0.19317, step_acc: 11.29368, grid_scale: 5 / 5, strokes: 4 / 9
iteration step 194, G_loss: 0.19300, step_acc: 11.29816, grid_scale: 5 / 5, strokes: 4 / 9
iteration step 195, G_loss: 0.19286, step_acc: 11.30208, grid_scale: 5 / 5, strokes: 4 / 9
iteration step 196, G_loss: 0.19273, step_acc: 11.30682, grid_scale: 5 / 5, strokes: 4 / 9
iteration step 197, G_loss: 0.19260, step_acc: 11.31090, grid_scale: 5 / 5, strokes: 4 / 9
iteration step 198, G_loss: 0.19248, step_acc: 11.31434, grid_scale: 5 / 5, strokes: 4 / 9
iteration step 199, G_loss: 0.19238, step_acc: 11.31848, grid_scale: 5 / 5, strokes: 4 / 9
iteration step 200, G_loss: 0.19227, step_acc: 11.32287, grid_scale: 5 / 5, strokes: 4 / 9
iteration step 201, G_loss: 0.19214, step_acc: 11.32677, grid_scale: 5 / 5, strokes: 4 / 9
iteration step 202, G_loss: 0.19203, step_acc: 11.33239, grid_scale: 5 / 5, strokes: 4 / 9
iteration step 203, G_loss: 0.19187, step_acc: 11.33720, grid_scale: 5 / 5, strokes: 4 / 9
iteration step 204, G_loss: 0.19173, step_acc: 11.34078, grid_scale: 5 / 5, strokes: 4 / 9
iteration step 205, G_loss: 0.19162, step_acc: 11.34489, grid_scale: 5 / 5, strokes: 4 / 9
iteration step 206, G_loss: 0.19152, step_acc: 11.34871, grid_scale: 5 / 5, strokes: 4 / 9
iteration step 207, G_loss: 0.19141, step_acc: 11.35442, grid_scale: 5 / 5, strokes: 4 / 9
iteration step 208, G_loss: 0.19126, step_acc: 11.36040, grid_scale: 5 / 5, strokes: 4 / 9
iteration step 209, G_loss: 0.19108, step_acc: 11.36644, grid_scale: 5 / 5, strokes: 4 / 9
iteration step 210, G_loss: 0.19092, step_acc: 11.37120, grid_scale: 5 / 5, strokes: 4 / 9
iteration step 211, G_loss: 0.19080, step_acc: 11.37663, grid_scale: 5 / 5, strokes: 4 / 9
iteration step 212, G_loss: 0.19065, step_acc: 11.38207, grid_scale: 5 / 5, strokes: 4 / 9
iteration step 213, G_loss: 0.19050, step_acc: 11.38794, grid_scale: 5 / 5, strokes: 4 / 9
iteration step 214, G_loss: 0.19033, step_acc: 11.39298, grid_scale: 5 / 5, strokes: 4 / 9
iteration step 215, G_loss: 0.19019, step_acc: 11.39799, grid_scale: 5 / 5, strokes: 4 / 9
iteration step 216, G_loss: 0.19005, step_acc: 11.40367, grid_scale: 5 / 5, strokes: 4 / 9
iteration step 217, G_loss: 0.18987, step_acc: 11.40978, grid_scale: 5 / 5, strokes: 4 / 9
iteration step 218, G_loss: 0.18967, step_acc: 11.41618, grid_scale: 5 / 5, strokes: 4 / 9
iteration step 219, G_loss: 0.18946, step_acc: 11.42353, grid_scale: 5 / 5, strokes: 4 / 9
iteration step 220, G_loss: 0.18923, step_acc: 11.42905, grid_scale: 5 / 5, strokes: 5 / 9
iteration step 221, G_loss: 0.18905, step_acc: 11.43357, grid_scale: 5 / 5, strokes: 5 / 9
iteration step 222, G_loss: 0.18890, step_acc: 11.44310, grid_scale: 5 / 5, strokes: 5 / 9
iteration step 223, G_loss: 0.18853, step_acc: 11.44841, grid_scale: 5 / 5, strokes: 5 / 9
iteration step 224, G_loss: 0.18835, step_acc: 11.45570, grid_scale: 5 / 5, strokes: 5 / 9
iteration step 225, G_loss: 0.18809, step_acc: 11.46030, grid_scale: 5 / 5, strokes: 5 / 9
iteration step 226, G_loss: 0.18794, step_acc: 11.46485, grid_scale: 5 / 5, strokes: 5 / 9
iteration step 227, G_loss: 0.18779, step_acc: 11.46965, grid_scale: 5 / 5, strokes: 5 / 9
iteration step 228, G_loss: 0.18765, step_acc: 11.47331, grid_scale: 5 / 5, strokes: 5 / 9
iteration step 229, G_loss: 0.18753, step_acc: 11.47799, grid_scale: 5 / 5, strokes: 5 / 9
iteration step 230, G_loss: 0.18740, step_acc: 11.48170, grid_scale: 5 / 5, strokes: 5 / 9
iteration step 231, G_loss: 0.18725, step_acc: 11.48639, grid_scale: 5 / 5, strokes: 5 / 9
iteration step 232, G_loss: 0.18711, step_acc: 11.49045, grid_scale: 5 / 5, strokes: 5 / 9
iteration step 233, G_loss: 0.18699, step_acc: 11.49272, grid_scale: 5 / 5, strokes: 5 / 9
iteration step 234, G_loss: 0.18688, step_acc: 11.49735, grid_scale: 5 / 5, strokes: 5 / 9
iteration step 235, G_loss: 0.18676, step_acc: 11.49833, grid_scale: 5 / 5, strokes: 5 / 9
iteration step 236, G_loss: 0.18668, step_acc: 11.50224, grid_scale: 5 / 5, strokes: 5 / 9
iteration step 237, G_loss: 0.18658, step_acc: 11.50450, grid_scale: 5 / 5, strokes: 5 / 9
iteration step 238, G_loss: 0.18649, step_acc: 11.50756, grid_scale: 5 / 5, strokes: 5 / 9
iteration step 239, G_loss: 0.18639, step_acc: 11.51059, grid_scale: 5 / 5, strokes: 5 / 9
iteration step 240, G_loss: 0.18629, step_acc: 11.51379, grid_scale: 5 / 5, strokes: 5 / 9
iteration step 241, G_loss: 0.18620, step_acc: 11.51571, grid_scale: 5 / 5, strokes: 5 / 9
iteration step 242, G_loss: 0.18610, step_acc: 11.52013, grid_scale: 5 / 5, strokes: 5 / 9
iteration step 243, G_loss: 0.18599, step_acc: 11.52452, grid_scale: 5 / 5, strokes: 5 / 9
iteration step 244, G_loss: 0.18587, step_acc: 11.53240, grid_scale: 5 / 5, strokes: 5 / 9
iteration step 245, G_loss: 0.18561, step_acc: 11.54328, grid_scale: 5 / 5, strokes: 5 / 9
iteration step 246, G_loss: 0.18529, step_acc: 11.54995, grid_scale: 5 / 5, strokes: 5 / 9
iteration step 247, G_loss: 0.18508, step_acc: 11.55574, grid_scale: 5 / 5, strokes: 5 / 9
iteration step 248, G_loss: 0.18488, step_acc: 11.56052, grid_scale: 5 / 5, strokes: 5 / 9
iteration step 249, G_loss: 0.18475, step_acc: 11.56534, grid_scale: 5 / 5, strokes: 5 / 9
iteration step 250, G_loss: 0.18456, step_acc: 11.56826, grid_scale: 5 / 5, strokes: 5 / 9
iteration step 251, G_loss: 0.18447, step_acc: 11.56945, grid_scale: 5 / 5, strokes: 5 / 9
iteration step 252, G_loss: 0.18440, step_acc: 11.57165, grid_scale: 5 / 5, strokes: 5 / 9
iteration step 253, G_loss: 0.18433, step_acc: 11.57318, grid_scale: 5 / 5, strokes: 5 / 9
iteration step 254, G_loss: 0.18426, step_acc: 11.57524, grid_scale: 5 / 5, strokes: 5 / 9
iteration step 255, G_loss: 0.18420, step_acc: 11.57720, grid_scale: 5 / 5, strokes: 5 / 9
iteration step 256, G_loss: 0.18411, step_acc: 11.57979, grid_scale: 5 / 5, strokes: 5 / 9
iteration step 257, G_loss: 0.18401, step_acc: 11.58295, grid_scale: 5 / 5, strokes: 5 / 9
iteration step 258, G_loss: 0.18388, step_acc: 11.58624, grid_scale: 5 / 5, strokes: 5 / 9
iteration step 259, G_loss: 0.18374, step_acc: 11.58892, grid_scale: 5 / 5, strokes: 5 / 9
iteration step 260, G_loss: 0.18363, step_acc: 11.59114, grid_scale: 5 / 5, strokes: 5 / 9
iteration step 261, G_loss: 0.18354, step_acc: 11.59233, grid_scale: 5 / 5, strokes: 5 / 9
iteration step 262, G_loss: 0.18350, step_acc: 11.59316, grid_scale: 5 / 5, strokes: 5 / 9
iteration step 263, G_loss: 0.18346, step_acc: 11.59437, grid_scale: 5 / 5, strokes: 5 / 9
iteration step 264, G_loss: 0.18342, step_acc: 11.59555, grid_scale: 5 / 5, strokes: 5 / 9
iteration step 265, G_loss: 0.18337, step_acc: 11.59725, grid_scale: 5 / 5, strokes: 5 / 9
iteration step 266, G_loss: 0.18332, step_acc: 11.59840, grid_scale: 5 / 5, strokes: 5 / 9
iteration step 267, G_loss: 0.18328, step_acc: 11.60002, grid_scale: 5 / 5, strokes: 5 / 9
iteration step 268, G_loss: 0.18323, step_acc: 11.60195, grid_scale: 5 / 5, strokes: 5 / 9
iteration step 269, G_loss: 0.18318, step_acc: 11.60335, grid_scale: 5 / 5, strokes: 5 / 9
iteration step 270, G_loss: 0.18314, step_acc: 11.60435, grid_scale: 5 / 5, strokes: 5 / 9
iteration step 271, G_loss: 0.18310, step_acc: 11.60585, grid_scale: 5 / 5, strokes: 5 / 9
iteration step 272, G_loss: 0.18305, step_acc: 11.60720, grid_scale: 5 / 5, strokes: 5 / 9
iteration step 273, G_loss: 0.18300, step_acc: 11.60849, grid_scale: 5 / 5, strokes: 5 / 9
iteration step 274, G_loss: 0.18294, step_acc: 11.60959, grid_scale: 5 / 5, strokes: 5 / 9
iteration step 275, G_loss: 0.18290, step_acc: 11.61059, grid_scale: 5 / 5, strokes: 6 / 9
iteration step 276, G_loss: 0.18286, step_acc: 11.61143, grid_scale: 5 / 5, strokes: 6 / 9
iteration step 277, G_loss: 0.18282, step_acc: 11.61254, grid_scale: 5 / 5, strokes: 6 / 9
iteration step 278, G_loss: 0.18277, step_acc: 11.61394, grid_scale: 5 / 5, strokes: 6 / 9
iteration step 279, G_loss: 0.18273, step_acc: 11.61724, grid_scale: 5 / 5, strokes: 6 / 9
iteration step 280, G_loss: 0.18253, step_acc: 11.61858, grid_scale: 5 / 5, strokes: 6 / 9
iteration step 281, G_loss: 0.18247, step_acc: 11.61922, grid_scale: 5 / 5, strokes: 6 / 9
iteration step 282, G_loss: 0.18243, step_acc: 11.62003, grid_scale: 5 / 5, strokes: 6 / 9
iteration step 283, G_loss: 0.18240, step_acc: 11.62060, grid_scale: 5 / 5, strokes: 6 / 9
iteration step 284, G_loss: 0.18237, step_acc: 11.62191, grid_scale: 5 / 5, strokes: 6 / 9
iteration step 285, G_loss: 0.18232, step_acc: 11.62611, grid_scale: 5 / 5, strokes: 6 / 9
iteration step 286, G_loss: 0.18220, step_acc: 11.62949, grid_scale: 5 / 5, strokes: 6 / 9
iteration step 287, G_loss: 0.18211, step_acc: 11.63193, grid_scale: 5 / 5, strokes: 6 / 9
iteration step 288, G_loss: 0.18204, step_acc: 11.63440, grid_scale: 5 / 5, strokes: 6 / 9
iteration step 289, G_loss: 0.18196, step_acc: 11.63532, grid_scale: 5 / 5, strokes: 6 / 9
iteration step 290, G_loss: 0.18193, step_acc: 11.63586, grid_scale: 5 / 5, strokes: 6 / 9
iteration step 291, G_loss: 0.18190, step_acc: 11.63628, grid_scale: 5 / 5, strokes: 6 / 9
iteration step 292, G_loss: 0.18187, step_acc: 11.63667, grid_scale: 5 / 5, strokes: 6 / 9
iteration step 293, G_loss: 0.18186, step_acc: 11.63686, grid_scale: 5 / 5, strokes: 6 / 9
iteration step 294, G_loss: 0.18184, step_acc: 11.63723, grid_scale: 5 / 5, strokes: 6 / 9
iteration step 295, G_loss: 0.18183, step_acc: 11.63745, grid_scale: 5 / 5, strokes: 6 / 9
iteration step 296, G_loss: 0.18181, step_acc: 11.63779, grid_scale: 5 / 5, strokes: 6 / 9
iteration step 297, G_loss: 0.18180, step_acc: 11.63785, grid_scale: 5 / 5, strokes: 6 / 9
iteration step 298, G_loss: 0.18179, step_acc: 11.63832, grid_scale: 5 / 5, strokes: 6 / 9
iteration step 299, G_loss: 0.18177, step_acc: 11.63872, grid_scale: 5 / 5, strokes: 6 / 9
iteration step 300, G_loss: 0.18175, step_acc: 11.63910, grid_scale: 5 / 5, strokes: 6 / 9
iteration step 301, G_loss: 0.18173, step_acc: 11.63936, grid_scale: 5 / 5, strokes: 6 / 9
iteration step 302, G_loss: 0.18171, step_acc: 11.63964, grid_scale: 5 / 5, strokes: 6 / 9
iteration step 303, G_loss: 0.18170, step_acc: 11.63960, grid_scale: 5 / 5, strokes: 6 / 9
iteration step 304, G_loss: 0.18169, step_acc: 11.64011, grid_scale: 5 / 5, strokes: 6 / 9
iteration step 305, G_loss: 0.18166, step_acc: 11.64047, grid_scale: 5 / 5, strokes: 6 / 9
iteration step 306, G_loss: 0.18165, step_acc: 11.64044, grid_scale: 5 / 5, strokes: 6 / 9
iteration step 307, G_loss: 0.18164, step_acc: 11.64079, grid_scale: 5 / 5, strokes: 6 / 9
iteration step 308, G_loss: 0.18162, step_acc: 11.64091, grid_scale: 5 / 5, strokes: 6 / 9
iteration step 309, G_loss: 0.18161, step_acc: 11.64095, grid_scale: 5 / 5, strokes: 6 / 9
iteration step 310, G_loss: 0.18160, step_acc: 11.64121, grid_scale: 5 / 5, strokes: 6 / 9
iteration step 311, G_loss: 0.18159, step_acc: 11.64168, grid_scale: 5 / 5, strokes: 6 / 9
iteration step 312, G_loss: 0.18156, step_acc: 11.64250, grid_scale: 5 / 5, strokes: 6 / 9
iteration step 313, G_loss: 0.18149, step_acc: 11.64274, grid_scale: 5 / 5, strokes: 6 / 9
iteration step 314, G_loss: 0.18148, step_acc: 11.64273, grid_scale: 5 / 5, strokes: 6 / 9
iteration step 315, G_loss: 0.18147, step_acc: 11.64307, grid_scale: 5 / 5, strokes: 6 / 9
iteration step 316, G_loss: 0.18145, step_acc: 11.64339, grid_scale: 5 / 5, strokes: 6 / 9
iteration step 317, G_loss: 0.18144, step_acc: 11.64340, grid_scale: 5 / 5, strokes: 6 / 9
iteration step 318, G_loss: 0.18143, step_acc: 11.64395, grid_scale: 5 / 5, strokes: 6 / 9
iteration step 319, G_loss: 0.18141, step_acc: 11.64398, grid_scale: 5 / 5, strokes: 6 / 9
iteration step 320, G_loss: 0.18141, step_acc: 11.64440, grid_scale: 5 / 5, strokes: 6 / 9
iteration step 321, G_loss: 0.18139, step_acc: 11.64384, grid_scale: 5 / 5, strokes: 6 / 9
iteration step 322, G_loss: 0.18143, step_acc: 11.64305, grid_scale: 5 / 5, strokes: 6 / 9
iteration step 323, G_loss: 0.18143, step_acc: 11.64506, grid_scale: 5 / 5, strokes: 6 / 9
iteration step 324, G_loss: 0.18137, step_acc: 11.64505, grid_scale: 5 / 5, strokes: 6 / 9
iteration step 325, G_loss: 0.18136, step_acc: 11.64578, grid_scale: 5 / 5, strokes: 6 / 9
iteration step 326, G_loss: 0.18134, step_acc: 11.64613, grid_scale: 5 / 5, strokes: 6 / 9
iteration step 327, G_loss: 0.18132, step_acc: 11.64650, grid_scale: 5 / 5, strokes: 6 / 9
iteration step 328, G_loss: 0.18131, step_acc: 11.64660, grid_scale: 5 / 5, strokes: 6 / 9
iteration step 329, G_loss: 0.18129, step_acc: 11.64685, grid_scale: 5 / 5, strokes: 6 / 9
iteration step 330, G_loss: 0.18128, step_acc: 11.64693, grid_scale: 5 / 5, strokes: 7 / 9
iteration step 331, G_loss: 0.18127, step_acc: 11.64742, grid_scale: 5 / 5, strokes: 7 / 9
iteration step 332, G_loss: 0.18126, step_acc: 11.64738, grid_scale: 5 / 5, strokes: 7 / 9
iteration step 333, G_loss: 0.18125, step_acc: 11.65436, grid_scale: 5 / 5, strokes: 7 / 9
iteration step 334, G_loss: 0.18100, step_acc: 11.65675, grid_scale: 5 / 5, strokes: 7 / 9
iteration step 335, G_loss: 0.18090, step_acc: 11.65691, grid_scale: 5 / 5, strokes: 7 / 9
iteration step 336, G_loss: 0.18090, step_acc: 11.65657, grid_scale: 5 / 5, strokes: 7 / 9
iteration step 337, G_loss: 0.18088, step_acc: 11.65819, grid_scale: 5 / 5, strokes: 7 / 9
iteration step 338, G_loss: 0.18083, step_acc: 11.65797, grid_scale: 5 / 5, strokes: 7 / 9
iteration step 339, G_loss: 0.18081, step_acc: 11.65870, grid_scale: 5 / 5, strokes: 7 / 9
iteration step 340, G_loss: 0.18079, step_acc: 11.67110, grid_scale: 5 / 5, strokes: 7 / 9
iteration step 341, G_loss: 0.18056, step_acc: 11.68758, grid_scale: 5 / 5, strokes: 7 / 9
iteration step 342, G_loss: 0.18004, step_acc: 11.69029, grid_scale: 5 / 5, strokes: 7 / 9
iteration step 343, G_loss: 0.17991, step_acc: 11.69133, grid_scale: 5 / 5, strokes: 7 / 9
iteration step 344, G_loss: 0.17987, step_acc: 11.69172, grid_scale: 5 / 5, strokes: 7 / 9
iteration step 345, G_loss: 0.17983, step_acc: 11.69237, grid_scale: 5 / 5, strokes: 7 / 9
iteration step 346, G_loss: 0.17981, step_acc: 11.69253, grid_scale: 5 / 5, strokes: 7 / 9
iteration step 347, G_loss: 0.17980, step_acc: 11.69301, grid_scale: 5 / 5, strokes: 7 / 9
iteration step 348, G_loss: 0.17979, step_acc: 11.69292, grid_scale: 5 / 5, strokes: 7 / 9
iteration step 349, G_loss: 0.17978, step_acc: 11.69365, grid_scale: 5 / 5, strokes: 7 / 9
iteration step 350, G_loss: 0.17977, step_acc: 11.69371, grid_scale: 5 / 5, strokes: 7 / 9
iteration step 351, G_loss: 0.17976, step_acc: 11.69393, grid_scale: 5 / 5, strokes: 7 / 9
iteration step 352, G_loss: 0.17975, step_acc: 11.69397, grid_scale: 5 / 5, strokes: 7 / 9
iteration step 353, G_loss: 0.17974, step_acc: 11.69448, grid_scale: 5 / 5, strokes: 7 / 9
iteration step 354, G_loss: 0.17973, step_acc: 11.69477, grid_scale: 5 / 5, strokes: 7 / 9
iteration step 355, G_loss: 0.17972, step_acc: 11.69531, grid_scale: 5 / 5, strokes: 7 / 9
iteration step 356, G_loss: 0.17969, step_acc: 11.69549, grid_scale: 5 / 5, strokes: 7 / 9
iteration step 357, G_loss: 0.17968, step_acc: 11.69586, grid_scale: 5 / 5, strokes: 7 / 9
iteration step 358, G_loss: 0.17967, step_acc: 11.69606, grid_scale: 5 / 5, strokes: 7 / 9
iteration step 359, G_loss: 0.17966, step_acc: 11.69620, grid_scale: 5 / 5, strokes: 7 / 9
iteration step 360, G_loss: 0.17966, step_acc: 11.69709, grid_scale: 5 / 5, strokes: 7 / 9
iteration step 361, G_loss: 0.17962, step_acc: 11.69776, grid_scale: 5 / 5, strokes: 7 / 9
iteration step 362, G_loss: 0.17961, step_acc: 11.69775, grid_scale: 5 / 5, strokes: 7 / 9
iteration step 363, G_loss: 0.17959, step_acc: 11.69861, grid_scale: 5 / 5, strokes: 7 / 9
iteration step 364, G_loss: 0.17957, step_acc: 11.69883, grid_scale: 5 / 5, strokes: 7 / 9
iteration step 365, G_loss: 0.17954, step_acc: 11.69943, grid_scale: 5 / 5, strokes: 7 / 9
iteration step 366, G_loss: 0.17952, step_acc: 11.69993, grid_scale: 5 / 5, strokes: 7 / 9
iteration step 367, G_loss: 0.17950, step_acc: 11.70047, grid_scale: 5 / 5, strokes: 7 / 9
iteration step 368, G_loss: 0.17948, step_acc: 11.70080, grid_scale: 5 / 5, strokes: 7 / 9
iteration step 369, G_loss: 0.17946, step_acc: 11.70165, grid_scale: 5 / 5, strokes: 7 / 9
iteration step 370, G_loss: 0.17944, step_acc: 11.70194, grid_scale: 5 / 5, strokes: 7 / 9
iteration step 371, G_loss: 0.17943, step_acc: 11.70275, grid_scale: 5 / 5, strokes: 7 / 9
iteration step 372, G_loss: 0.17941, step_acc: 11.70302, grid_scale: 5 / 5, strokes: 7 / 9
iteration step 373, G_loss: 0.17939, step_acc: 11.70367, grid_scale: 5 / 5, strokes: 7 / 9
iteration step 374, G_loss: 0.17938, step_acc: 11.70366, grid_scale: 5 / 5, strokes: 7 / 9
iteration step 375, G_loss: 0.17937, step_acc: 11.70492, grid_scale: 5 / 5, strokes: 7 / 9
iteration step 376, G_loss: 0.17934, step_acc: 11.70536, grid_scale: 5 / 5, strokes: 7 / 9
iteration step 377, G_loss: 0.17932, step_acc: 11.70613, grid_scale: 5 / 5, strokes: 7 / 9
iteration step 378, G_loss: 0.17931, step_acc: 11.70664, grid_scale: 5 / 5, strokes: 7 / 9
iteration step 379, G_loss: 0.17928, step_acc: 11.70752, grid_scale: 5 / 5, strokes: 7 / 9
iteration step 380, G_loss: 0.17925, step_acc: 11.70835, grid_scale: 5 / 5, strokes: 7 / 9
iteration step 381, G_loss: 0.17922, step_acc: 11.70888, grid_scale: 5 / 5, strokes: 7 / 9
iteration step 382, G_loss: 0.17919, step_acc: 11.70977, grid_scale: 5 / 5, strokes: 7 / 9
iteration step 383, G_loss: 0.17916, step_acc: 11.71061, grid_scale: 5 / 5, strokes: 7 / 9
iteration step 384, G_loss: 0.17913, step_acc: 11.71166, grid_scale: 5 / 5, strokes: 7 / 9
iteration step 385, G_loss: 0.17910, step_acc: 11.71261, grid_scale: 5 / 5, strokes: 8 / 9
iteration step 386, G_loss: 0.17906, step_acc: 11.71312, grid_scale: 5 / 5, strokes: 8 / 9
iteration step 387, G_loss: 0.17904, step_acc: 11.71395, grid_scale: 5 / 5, strokes: 8 / 9
iteration step 388, G_loss: 0.17901, step_acc: 11.71509, grid_scale: 5 / 5, strokes: 8 / 9
iteration step 389, G_loss: 0.17897, step_acc: 11.71588, grid_scale: 5 / 5, strokes: 8 / 9
iteration step 390, G_loss: 0.17895, step_acc: 11.71722, grid_scale: 5 / 5, strokes: 8 / 9
iteration step 391, G_loss: 0.17889, step_acc: 11.71832, grid_scale: 5 / 5, strokes: 8 / 9
iteration step 392, G_loss: 0.17885, step_acc: 11.71942, grid_scale: 5 / 5, strokes: 8 / 9
iteration step 393, G_loss: 0.17881, step_acc: 11.72073, grid_scale: 5 / 5, strokes: 8 / 9
iteration step 394, G_loss: 0.17877, step_acc: 11.72161, grid_scale: 5 / 5, strokes: 8 / 9
iteration step 395, G_loss: 0.17872, step_acc: 11.72344, grid_scale: 5 / 5, strokes: 8 / 9
iteration step 396, G_loss: 0.17866, step_acc: 11.72444, grid_scale: 5 / 5, strokes: 8 / 9
iteration step 397, G_loss: 0.17861, step_acc: 11.72631, grid_scale: 5 / 5, strokes: 8 / 9
iteration step 398, G_loss: 0.17853, step_acc: 11.73350, grid_scale: 5 / 5, strokes: 8 / 9
iteration step 399, G_loss: 0.17819, step_acc: 11.73506, grid_scale: 5 / 5, strokes: 8 / 9
iteration step 400, G_loss: 0.17811, step_acc: 11.73597, grid_scale: 5 / 5, strokes: 8 / 9
iteration step 401, G_loss: 0.17807, step_acc: 11.73682, grid_scale: 5 / 5, strokes: 8 / 9
iteration step 402, G_loss: 0.17804, step_acc: 11.73790, grid_scale: 5 / 5, strokes: 8 / 9
iteration step 403, G_loss: 0.17800, step_acc: 11.74262, grid_scale: 5 / 5, strokes: 8 / 9
iteration step 404, G_loss: 0.17781, step_acc: 11.74375, grid_scale: 5 / 5, strokes: 8 / 9
iteration step 405, G_loss: 0.17774, step_acc: 11.74508, grid_scale: 5 / 5, strokes: 8 / 9
iteration step 406, G_loss: 0.17769, step_acc: 11.74661, grid_scale: 5 / 5, strokes: 8 / 9
iteration step 407, G_loss: 0.17762, step_acc: 11.74911, grid_scale: 5 / 5, strokes: 8 / 9
iteration step 408, G_loss: 0.17752, step_acc: 11.75045, grid_scale: 5 / 5, strokes: 8 / 9
iteration step 409, G_loss: 0.17747, step_acc: 11.75133, grid_scale: 5 / 5, strokes: 8 / 9
iteration step 410, G_loss: 0.17740, step_acc: 11.75261, grid_scale: 5 / 5, strokes: 8 / 9
iteration step 411, G_loss: 0.17735, step_acc: 11.75183, grid_scale: 5 / 5, strokes: 8 / 9
iteration step 412, G_loss: 0.17736, step_acc: 11.75356, grid_scale: 5 / 5, strokes: 8 / 9
iteration step 413, G_loss: 0.17733, step_acc: 11.75591, grid_scale: 5 / 5, strokes: 8 / 9
iteration step 414, G_loss: 0.17720, step_acc: 11.75729, grid_scale: 5 / 5, strokes: 8 / 9
iteration step 415, G_loss: 0.17714, step_acc: 11.75850, grid_scale: 5 / 5, strokes: 8 / 9
iteration step 416, G_loss: 0.17708, step_acc: 11.76053, grid_scale: 5 / 5, strokes: 8 / 9
iteration step 417, G_loss: 0.17701, step_acc: 11.76216, grid_scale: 5 / 5, strokes: 8 / 9
iteration step 418, G_loss: 0.17695, step_acc: 11.76343, grid_scale: 5 / 5, strokes: 8 / 9
iteration step 419, G_loss: 0.17688, step_acc: 11.76493, grid_scale: 5 / 5, strokes: 8 / 9
iteration step 420, G_loss: 0.17681, step_acc: 11.76639, grid_scale: 5 / 5, strokes: 8 / 9
iteration step 421, G_loss: 0.17674, step_acc: 11.76774, grid_scale: 5 / 5, strokes: 8 / 9
iteration step 422, G_loss: 0.17670, step_acc: 11.76871, grid_scale: 5 / 5, strokes: 8 / 9
iteration step 423, G_loss: 0.17671, step_acc: 11.76865, grid_scale: 5 / 5, strokes: 8 / 9
iteration step 424, G_loss: 0.17668, step_acc: 11.77363, grid_scale: 5 / 5, strokes: 8 / 9
iteration step 425, G_loss: 0.17650, step_acc: 11.77547, grid_scale: 5 / 5, strokes: 8 / 9
iteration step 426, G_loss: 0.17643, step_acc: 11.77779, grid_scale: 5 / 5, strokes: 8 / 9
iteration step 427, G_loss: 0.17635, step_acc: 11.78030, grid_scale: 5 / 5, strokes: 8 / 9
iteration step 428, G_loss: 0.17629, step_acc: 11.78346, grid_scale: 5 / 5, strokes: 8 / 9
iteration step 429, G_loss: 0.17620, step_acc: 11.78655, grid_scale: 5 / 5, strokes: 8 / 9
iteration step 430, G_loss: 0.17612, step_acc: 11.78997, grid_scale: 5 / 5, strokes: 8 / 9
iteration step 431, G_loss: 0.17599, step_acc: 11.79223, grid_scale: 5 / 5, strokes: 8 / 9
iteration step 432, G_loss: 0.17592, step_acc: 11.79380, grid_scale: 5 / 5, strokes: 8 / 9
iteration step 433, G_loss: 0.17587, step_acc: 11.79594, grid_scale: 5 / 5, strokes: 8 / 9
iteration step 434, G_loss: 0.17580, step_acc: 11.79812, grid_scale: 5 / 5, strokes: 8 / 9
iteration step 435, G_loss: 0.17572, step_acc: 11.79980, grid_scale: 5 / 5, strokes: 8 / 9
iteration step 436, G_loss: 0.17566, step_acc: 11.80173, grid_scale: 5 / 5, strokes: 8 / 9
iteration step 437, G_loss: 0.17561, step_acc: 11.80296, grid_scale: 5 / 5, strokes: 8 / 9
iteration step 438, G_loss: 0.17556, step_acc: 11.80466, grid_scale: 5 / 5, strokes: 8 / 9
iteration step 439, G_loss: 0.17550, step_acc: 11.80566, grid_scale: 5 / 5, strokes: 8 / 9
iteration step 440, G_loss: 0.17546, step_acc: 11.80697, grid_scale: 5 / 5, strokes: 9 / 9
iteration step 441, G_loss: 0.17543, step_acc: 11.80776, grid_scale: 5 / 5, strokes: 9 / 9
iteration step 442, G_loss: 0.17540, step_acc: 11.82661, grid_scale: 5 / 5, strokes: 9 / 9
iteration step 443, G_loss: 0.17504, step_acc: 11.82607, grid_scale: 5 / 5, strokes: 9 / 9
iteration step 444, G_loss: 0.17502, step_acc: 11.84543, grid_scale: 5 / 5, strokes: 9 / 9
iteration step 445, G_loss: 0.17446, step_acc: 11.84603, grid_scale: 5 / 5, strokes: 9 / 9
iteration step 446, G_loss: 0.17444, step_acc: 11.85130, grid_scale: 5 / 5, strokes: 9 / 9
iteration step 447, G_loss: 0.17423, step_acc: 11.85313, grid_scale: 5 / 5, strokes: 9 / 9
iteration step 448, G_loss: 0.17416, step_acc: 11.85563, grid_scale: 5 / 5, strokes: 9 / 9
iteration step 449, G_loss: 0.17408, step_acc: 11.85762, grid_scale: 5 / 5, strokes: 9 / 9
iteration step 450, G_loss: 0.17401, step_acc: 11.86038, grid_scale: 5 / 5, strokes: 9 / 9
iteration step 451, G_loss: 0.17390, step_acc: 11.86215, grid_scale: 5 / 5, strokes: 9 / 9
iteration step 452, G_loss: 0.17385, step_acc: 11.86412, grid_scale: 5 / 5, strokes: 9 / 9
iteration step 453, G_loss: 0.17378, step_acc: 11.86565, grid_scale: 5 / 5, strokes: 9 / 9
iteration step 454, G_loss: 0.17374, step_acc: 11.86690, grid_scale: 5 / 5, strokes: 9 / 9
iteration step 455, G_loss: 0.17370, step_acc: 11.86901, grid_scale: 5 / 5, strokes: 9 / 9
iteration step 456, G_loss: 0.17362, step_acc: 11.87391, grid_scale: 5 / 5, strokes: 9 / 9
iteration step 457, G_loss: 0.17343, step_acc: 11.87555, grid_scale: 5 / 5, strokes: 9 / 9
iteration step 458, G_loss: 0.17337, step_acc: 11.87663, grid_scale: 5 / 5, strokes: 9 / 9
iteration step 459, G_loss: 0.17334, step_acc: 11.87791, grid_scale: 5 / 5, strokes: 9 / 9
iteration step 460, G_loss: 0.17331, step_acc: 11.87886, grid_scale: 5 / 5, strokes: 9 / 9
iteration step 461, G_loss: 0.17327, step_acc: 11.88086, grid_scale: 5 / 5, strokes: 9 / 9
iteration step 462, G_loss: 0.17323, step_acc: 11.88262, grid_scale: 5 / 5, strokes: 9 / 9
iteration step 463, G_loss: 0.17319, step_acc: 11.88417, grid_scale: 5 / 5, strokes: 9 / 9
iteration step 464, G_loss: 0.17315, step_acc: 11.88597, grid_scale: 5 / 5, strokes: 9 / 9
iteration step 465, G_loss: 0.17310, step_acc: 11.88767, grid_scale: 5 / 5, strokes: 9 / 9
iteration step 466, G_loss: 0.17305, step_acc: 11.88992, grid_scale: 5 / 5, strokes: 9 / 9
iteration step 467, G_loss: 0.17298, step_acc: 11.89192, grid_scale: 5 / 5, strokes: 9 / 9
iteration step 468, G_loss: 0.17293, step_acc: 11.89482, grid_scale: 5 / 5, strokes: 9 / 9
iteration step 469, G_loss: 0.17283, step_acc: 11.89747, grid_scale: 5 / 5, strokes: 9 / 9
iteration step 470, G_loss: 0.17276, step_acc: 11.89991, grid_scale: 5 / 5, strokes: 9 / 9
iteration step 471, G_loss: 0.17269, step_acc: 11.90275, grid_scale: 5 / 5, strokes: 9 / 9
iteration step 472, G_loss: 0.17262, step_acc: 11.90570, grid_scale: 5 / 5, strokes: 9 / 9
iteration step 473, G_loss: 0.17252, step_acc: 11.90935, grid_scale: 5 / 5, strokes: 9 / 9
iteration step 474, G_loss: 0.17242, step_acc: 11.91398, grid_scale: 5 / 5, strokes: 9 / 9
iteration step 475, G_loss: 0.17229, step_acc: 11.91827, grid_scale: 5 / 5, strokes: 9 / 9
iteration step 476, G_loss: 0.17216, step_acc: 11.92266, grid_scale: 5 / 5, strokes: 9 / 9
iteration step 477, G_loss: 0.17202, step_acc: 11.92473, grid_scale: 5 / 5, strokes: 9 / 9
iteration step 478, G_loss: 0.17196, step_acc: 11.92622, grid_scale: 5 / 5, strokes: 9 / 9
iteration step 479, G_loss: 0.17189, step_acc: 11.92787, grid_scale: 5 / 5, strokes: 9 / 9
iteration step 480, G_loss: 0.17184, step_acc: 11.92852, grid_scale: 5 / 5, strokes: 9 / 9
iteration step 481, G_loss: 0.17180, step_acc: 11.92985, grid_scale: 5 / 5, strokes: 9 / 9
iteration step 482, G_loss: 0.17177, step_acc: 11.93052, grid_scale: 5 / 5, strokes: 9 / 9
iteration step 483, G_loss: 0.17173, step_acc: 11.93190, grid_scale: 5 / 5, strokes: 9 / 9
iteration step 484, G_loss: 0.17169, step_acc: 11.93261, grid_scale: 5 / 5, strokes: 9 / 9
iteration step 485, G_loss: 0.17165, step_acc: 11.93412, grid_scale: 5 / 5, strokes: 9 / 9
iteration step 486, G_loss: 0.17161, step_acc: 11.93489, grid_scale: 5 / 5, strokes: 9 / 9
iteration step 487, G_loss: 0.17157, step_acc: 11.93595, grid_scale: 5 / 5, strokes: 9 / 9
iteration step 488, G_loss: 0.17155, step_acc: 11.93664, grid_scale: 5 / 5, strokes: 9 / 9
iteration step 489, G_loss: 0.17151, step_acc: 11.93786, grid_scale: 5 / 5, strokes: 9 / 9
iteration step 490, G_loss: 0.17147, step_acc: 11.93855, grid_scale: 5 / 5, strokes: 9 / 9
iteration step 491, G_loss: 0.17144, step_acc: 11.93961, grid_scale: 5 / 5, strokes: 9 / 9
iteration step 492, G_loss: 0.17142, step_acc: 11.94217, grid_scale: 5 / 5, strokes: 9 / 9
iteration step 493, G_loss: 0.17133, step_acc: 11.95168, grid_scale: 5 / 5, strokes: 9 / 9
iteration step 494, G_loss: 0.17104, step_acc: 11.95606, grid_scale: 5 / 5, strokes: 9 / 9
rendering canvas...
saving stroke parameters...
rendering canvas...
saving input photo...
saving final rendered result...
OpenCV: FFMPEG: tag 0x5634504d/'MP4V' is not supported with codec id 12 and format 'mp4 / MP4 (MPEG-4 Part 14)'
OpenCV: FFMPEG: fallback to use tag 0x7634706d/'mp4v'
