initialize network with normal
loading renderer from pre-trained checkpoint...
begin drawing...
iteration step 0, G_loss: 0.00000, step_acc: 6.91643, grid_scale: 1 / 5, strokes: 1 / 9
iteration step 1, G_loss: 0.36801, step_acc: 6.91643, grid_scale: 1 / 5, strokes: 1 / 9
iteration step 2, G_loss: 0.36801, step_acc: 6.91643, grid_scale: 1 / 5, strokes: 1 / 9
iteration step 3, G_loss: 0.36801, step_acc: 6.91643, grid_scale: 1 / 5, strokes: 1 / 9
iteration step 4, G_loss: 0.36801, step_acc: 6.91643, grid_scale: 1 / 5, strokes: 1 / 9
iteration step 5, G_loss: 0.36801, step_acc: 6.91643, grid_scale: 1 / 5, strokes: 1 / 9
iteration step 6, G_loss: 0.36801, step_acc: 6.91643, grid_scale: 1 / 5, strokes: 1 / 9
iteration step 7, G_loss: 0.36801, step_acc: 6.91643, grid_scale: 1 / 5, strokes: 1 / 9
iteration step 8, G_loss: 0.36801, step_acc: 6.91643, grid_scale: 1 / 5, strokes: 1 / 9
iteration step 9, G_loss: 0.36801, step_acc: 6.91643, grid_scale: 1 / 5, strokes: 1 / 9
iteration step 10, G_loss: 0.36801, step_acc: 6.91643, grid_scale: 1 / 5, strokes: 1 / 9
iteration step 11, G_loss: 0.36801, step_acc: 6.91643, grid_scale: 1 / 5, strokes: 1 / 9
iteration step 12, G_loss: 0.36801, step_acc: 6.91643, grid_scale: 1 / 5, strokes: 1 / 9
iteration step 13, G_loss: 0.36801, step_acc: 6.91643, grid_scale: 1 / 5, strokes: 1 / 9
iteration step 14, G_loss: 0.36801, step_acc: 6.91643, grid_scale: 1 / 5, strokes: 1 / 9
iteration step 15, G_loss: 0.36801, step_acc: 6.91643, grid_scale: 1 / 5, strokes: 1 / 9
iteration step 16, G_loss: 0.36801, step_acc: 6.91643, grid_scale: 1 / 5, strokes: 1 / 9
iteration step 17, G_loss: 0.36801, step_acc: 6.91643, grid_scale: 1 / 5, strokes: 1 / 9
iteration step 18, G_loss: 0.36801, step_acc: 6.91643, grid_scale: 1 / 5, strokes: 1 / 9
iteration step 19, G_loss: 0.36801, step_acc: 6.91643, grid_scale: 1 / 5, strokes: 1 / 9
iteration step 20, G_loss: 0.36801, step_acc: 6.91643, grid_scale: 1 / 5, strokes: 1 / 9
iteration step 21, G_loss: 0.36801, step_acc: 6.91643, grid_scale: 1 / 5, strokes: 1 / 9
iteration step 22, G_loss: 0.36801, step_acc: 6.91643, grid_scale: 1 / 5, strokes: 1 / 9
iteration step 23, G_loss: 0.36801, step_acc: 6.91643, grid_scale: 1 / 5, strokes: 1 / 9
iteration step 24, G_loss: 0.36801, step_acc: 6.91643, grid_scale: 1 / 5, strokes: 1 / 9
iteration step 25, G_loss: 0.36801, step_acc: 6.91643, grid_scale: 1 / 5, strokes: 1 / 9
iteration step 26, G_loss: 0.36801, step_acc: 6.91643, grid_scale: 1 / 5, strokes: 1 / 9
iteration step 27, G_loss: 0.36801, step_acc: 6.91643, grid_scale: 1 / 5, strokes: 1 / 9
iteration step 28, G_loss: 0.36801, step_acc: 6.91643, grid_scale: 1 / 5, strokes: 1 / 9
iteration step 29, G_loss: 0.36801, step_acc: 6.91643, grid_scale: 1 / 5, strokes: 1 / 9
iteration step 30, G_loss: 0.36801, step_acc: 6.91643, grid_scale: 1 / 5, strokes: 1 / 9
iteration step 31, G_loss: 0.36801, step_acc: 6.91643, grid_scale: 1 / 5, strokes: 1 / 9
iteration step 32, G_loss: 0.36801, step_acc: 6.91643, grid_scale: 1 / 5, strokes: 1 / 9
iteration step 33, G_loss: 0.36801, step_acc: 6.91643, grid_scale: 1 / 5, strokes: 1 / 9
iteration step 34, G_loss: 0.36801, step_acc: 6.91643, grid_scale: 1 / 5, strokes: 1 / 9
iteration step 35, G_loss: 0.36801, step_acc: 6.91643, grid_scale: 1 / 5, strokes: 1 / 9
iteration step 36, G_loss: 0.36801, step_acc: 6.91643, grid_scale: 1 / 5, strokes: 1 / 9
iteration step 37, G_loss: 0.36801, step_acc: 6.91643, grid_scale: 1 / 5, strokes: 1 / 9
iteration step 38, G_loss: 0.36801, step_acc: 6.91643, grid_scale: 1 / 5, strokes: 1 / 9
iteration step 39, G_loss: 0.36801, step_acc: 6.91643, grid_scale: 1 / 5, strokes: 1 / 9
iteration step 40, G_loss: 0.36801, step_acc: 6.91643, grid_scale: 1 / 5, strokes: 1 / 9
iteration step 41, G_loss: 0.36801, step_acc: 6.91643, grid_scale: 1 / 5, strokes: 1 / 9
iteration step 42, G_loss: 0.36801, step_acc: 6.91643, grid_scale: 1 / 5, strokes: 1 / 9
iteration step 43, G_loss: 0.36801, step_acc: 6.91643, grid_scale: 1 / 5, strokes: 1 / 9
iteration step 44, G_loss: 0.36801, step_acc: 6.91643, grid_scale: 1 / 5, strokes: 1 / 9
iteration step 45, G_loss: 0.36801, step_acc: 6.91643, grid_scale: 1 / 5, strokes: 1 / 9
iteration step 46, G_loss: 0.36801, step_acc: 6.91643, grid_scale: 1 / 5, strokes: 1 / 9
iteration step 47, G_loss: 0.36801, step_acc: 6.91643, grid_scale: 1 / 5, strokes: 1 / 9
iteration step 48, G_loss: 0.36801, step_acc: 6.91643, grid_scale: 1 / 5, strokes: 1 / 9
iteration step 49, G_loss: 0.36801, step_acc: 6.91643, grid_scale: 1 / 5, strokes: 1 / 9
iteration step 50, G_loss: 0.36801, step_acc: 6.91643, grid_scale: 1 / 5, strokes: 1 / 9
iteration step 51, G_loss: 0.36801, step_acc: 6.91643, grid_scale: 1 / 5, strokes: 1 / 9
iteration step 52, G_loss: 0.36801, step_acc: 6.91643, grid_scale: 1 / 5, strokes: 1 / 9
iteration step 53, G_loss: 0.36801, step_acc: 6.91643, grid_scale: 1 / 5, strokes: 1 / 9
iteration step 54, G_loss: 0.36801, step_acc: 6.91643, grid_scale: 1 / 5, strokes: 1 / 9
iteration step 55, G_loss: 0.36801, step_acc: 6.91643, grid_scale: 1 / 5, strokes: 2 / 9
iteration step 56, G_loss: 0.36801, step_acc: 6.91642, grid_scale: 1 / 5, strokes: 2 / 9
iteration step 57, G_loss: 0.36801, step_acc: 6.91643, grid_scale: 1 / 5, strokes: 2 / 9
iteration step 58, G_loss: 0.36801, step_acc: 6.91643, grid_scale: 1 / 5, strokes: 2 / 9
iteration step 59, G_loss: 0.36801, step_acc: 6.91643, grid_scale: 1 / 5, strokes: 2 / 9
iteration step 60, G_loss: 0.36801, step_acc: 6.91643, grid_scale: 1 / 5, strokes: 2 / 9
iteration step 61, G_loss: 0.36801, step_acc: 6.91643, grid_scale: 1 / 5, strokes: 2 / 9
iteration step 62, G_loss: 0.36801, step_acc: 6.91643, grid_scale: 1 / 5, strokes: 2 / 9
iteration step 63, G_loss: 0.36801, step_acc: 6.91643, grid_scale: 1 / 5, strokes: 2 / 9
iteration step 64, G_loss: 0.36801, step_acc: 6.91643, grid_scale: 1 / 5, strokes: 2 / 9
iteration step 65, G_loss: 0.36801, step_acc: 6.91643, grid_scale: 1 / 5, strokes: 2 / 9
iteration step 66, G_loss: 0.36801, step_acc: 6.91643, grid_scale: 1 / 5, strokes: 2 / 9
iteration step 67, G_loss: 0.36801, step_acc: 6.91643, grid_scale: 1 / 5, strokes: 2 / 9
iteration step 68, G_loss: 0.36801, step_acc: 6.91643, grid_scale: 1 / 5, strokes: 2 / 9
iteration step 69, G_loss: 0.36801, step_acc: 6.91643, grid_scale: 1 / 5, strokes: 2 / 9
iteration step 70, G_loss: 0.36801, step_acc: 6.91643, grid_scale: 1 / 5, strokes: 2 / 9
iteration step 71, G_loss: 0.36801, step_acc: 6.91643, grid_scale: 1 / 5, strokes: 2 / 9
iteration step 72, G_loss: 0.36801, step_acc: 6.91643, grid_scale: 1 / 5, strokes: 2 / 9
iteration step 73, G_loss: 0.36801, step_acc: 6.91643, grid_scale: 1 / 5, strokes: 2 / 9
iteration step 74, G_loss: 0.36801, step_acc: 6.91643, grid_scale: 1 / 5, strokes: 2 / 9
iteration step 75, G_loss: 0.36801, step_acc: 6.91643, grid_scale: 1 / 5, strokes: 2 / 9
iteration step 76, G_loss: 0.36801, step_acc: 6.91643, grid_scale: 1 / 5, strokes: 2 / 9
iteration step 77, G_loss: 0.36801, step_acc: 6.91643, grid_scale: 1 / 5, strokes: 2 / 9
iteration step 78, G_loss: 0.36801, step_acc: 6.91643, grid_scale: 1 / 5, strokes: 2 / 9
iteration step 79, G_loss: 0.36801, step_acc: 6.91643, grid_scale: 1 / 5, strokes: 2 / 9
iteration step 80, G_loss: 0.36801, step_acc: 6.91643, grid_scale: 1 / 5, strokes: 2 / 9
iteration step 81, G_loss: 0.36801, step_acc: 6.91643, grid_scale: 1 / 5, strokes: 2 / 9
iteration step 82, G_loss: 0.36801, step_acc: 6.91643, grid_scale: 1 / 5, strokes: 2 / 9
iteration step 83, G_loss: 0.36801, step_acc: 6.91643, grid_scale: 1 / 5, strokes: 2 / 9
iteration step 84, G_loss: 0.36801, step_acc: 6.91643, grid_scale: 1 / 5, strokes: 2 / 9
iteration step 85, G_loss: 0.36801, step_acc: 6.91643, grid_scale: 1 / 5, strokes: 2 / 9
iteration step 86, G_loss: 0.36801, step_acc: 6.91643, grid_scale: 1 / 5, strokes: 2 / 9
iteration step 87, G_loss: 0.36801, step_acc: 6.91643, grid_scale: 1 / 5, strokes: 2 / 9
iteration step 88, G_loss: 0.36801, step_acc: 6.91643, grid_scale: 1 / 5, strokes: 2 / 9
iteration step 89, G_loss: 0.36801, step_acc: 6.91643, grid_scale: 1 / 5, strokes: 2 / 9
iteration step 90, G_loss: 0.36801, step_acc: 6.91643, grid_scale: 1 / 5, strokes: 2 / 9
iteration step 91, G_loss: 0.36801, step_acc: 6.91643, grid_scale: 1 / 5, strokes: 2 / 9
iteration step 92, G_loss: 0.36801, step_acc: 6.91643, grid_scale: 1 / 5, strokes: 2 / 9
iteration step 93, G_loss: 0.36801, step_acc: 6.91643, grid_scale: 1 / 5, strokes: 2 / 9
iteration step 94, G_loss: 0.36801, step_acc: 6.91643, grid_scale: 1 / 5, strokes: 2 / 9
iteration step 95, G_loss: 0.36801, step_acc: 6.91643, grid_scale: 1 / 5, strokes: 2 / 9
iteration step 96, G_loss: 0.36801, step_acc: 6.91643, grid_scale: 1 / 5, strokes: 2 / 9
iteration step 97, G_loss: 0.36801, step_acc: 6.91643, grid_scale: 1 / 5, strokes: 2 / 9
iteration step 98, G_loss: 0.36801, step_acc: 6.91643, grid_scale: 1 / 5, strokes: 2 / 9
iteration step 99, G_loss: 0.36801, step_acc: 6.91643, grid_scale: 1 / 5, strokes: 2 / 9
iteration step 100, G_loss: 0.36801, step_acc: 6.91643, grid_scale: 1 / 5, strokes: 2 / 9
iteration step 101, G_loss: 0.36801, step_acc: 6.91643, grid_scale: 1 / 5, strokes: 2 / 9
iteration step 102, G_loss: 0.36801, step_acc: 6.91643, grid_scale: 1 / 5, strokes: 2 / 9
iteration step 103, G_loss: 0.36801, step_acc: 6.91643, grid_scale: 1 / 5, strokes: 2 / 9
iteration step 104, G_loss: 0.36801, step_acc: 6.91643, grid_scale: 1 / 5, strokes: 2 / 9
iteration step 105, G_loss: 0.36801, step_acc: 6.91643, grid_scale: 1 / 5, strokes: 2 / 9
iteration step 106, G_loss: 0.36801, step_acc: 6.91643, grid_scale: 1 / 5, strokes: 2 / 9
iteration step 107, G_loss: 0.36801, step_acc: 6.91643, grid_scale: 1 / 5, strokes: 2 / 9
iteration step 108, G_loss: 0.36801, step_acc: 6.91643, grid_scale: 1 / 5, strokes: 2 / 9
iteration step 109, G_loss: 0.36801, step_acc: 6.91643, grid_scale: 1 / 5, strokes: 2 / 9
iteration step 110, G_loss: 0.36801, step_acc: 6.91643, grid_scale: 1 / 5, strokes: 3 / 9
iteration step 111, G_loss: 0.36801, step_acc: 6.91643, grid_scale: 1 / 5, strokes: 3 / 9
iteration step 112, G_loss: 0.36801, step_acc: 6.91643, grid_scale: 1 / 5, strokes: 3 / 9
iteration step 113, G_loss: 0.36801, step_acc: 6.91643, grid_scale: 1 / 5, strokes: 3 / 9
iteration step 114, G_loss: 0.36801, step_acc: 6.91643, grid_scale: 1 / 5, strokes: 3 / 9
iteration step 115, G_loss: 0.36801, step_acc: 6.91643, grid_scale: 1 / 5, strokes: 3 / 9
iteration step 116, G_loss: 0.36801, step_acc: 6.91643, grid_scale: 1 / 5, strokes: 3 / 9
iteration step 117, G_loss: 0.36801, step_acc: 6.91643, grid_scale: 1 / 5, strokes: 3 / 9
iteration step 118, G_loss: 0.36801, step_acc: 6.91643, grid_scale: 1 / 5, strokes: 3 / 9
iteration step 119, G_loss: 0.36801, step_acc: 6.91643, grid_scale: 1 / 5, strokes: 3 / 9
iteration step 120, G_loss: 0.36801, step_acc: 6.91643, grid_scale: 1 / 5, strokes: 3 / 9
iteration step 121, G_loss: 0.36801, step_acc: 6.91643, grid_scale: 1 / 5, strokes: 3 / 9
iteration step 122, G_loss: 0.36801, step_acc: 6.91643, grid_scale: 1 / 5, strokes: 3 / 9
iteration step 123, G_loss: 0.36801, step_acc: 6.91643, grid_scale: 1 / 5, strokes: 3 / 9
iteration step 124, G_loss: 0.36801, step_acc: 6.91643, grid_scale: 1 / 5, strokes: 3 / 9
iteration step 125, G_loss: 0.36801, step_acc: 6.91643, grid_scale: 1 / 5, strokes: 3 / 9
iteration step 126, G_loss: 0.36801, step_acc: 6.91643, grid_scale: 1 / 5, strokes: 3 / 9
iteration step 127, G_loss: 0.36801, step_acc: 6.91643, grid_scale: 1 / 5, strokes: 3 / 9
iteration step 128, G_loss: 0.36801, step_acc: 6.91643, grid_scale: 1 / 5, strokes: 3 / 9
iteration step 129, G_loss: 0.36801, step_acc: 6.91643, grid_scale: 1 / 5, strokes: 3 / 9
iteration step 130, G_loss: 0.36801, step_acc: 6.91643, grid_scale: 1 / 5, strokes: 3 / 9
iteration step 131, G_loss: 0.36801, step_acc: 6.91643, grid_scale: 1 / 5, strokes: 3 / 9
iteration step 132, G_loss: 0.36801, step_acc: 6.91643, grid_scale: 1 / 5, strokes: 3 / 9
iteration step 133, G_loss: 0.36801, step_acc: 6.91643, grid_scale: 1 / 5, strokes: 3 / 9
iteration step 134, G_loss: 0.36801, step_acc: 6.91643, grid_scale: 1 / 5, strokes: 3 / 9
iteration step 135, G_loss: 0.36801, step_acc: 6.91643, grid_scale: 1 / 5, strokes: 3 / 9
iteration step 136, G_loss: 0.36801, step_acc: 6.91643, grid_scale: 1 / 5, strokes: 3 / 9
iteration step 137, G_loss: 0.36801, step_acc: 6.91643, grid_scale: 1 / 5, strokes: 3 / 9
iteration step 138, G_loss: 0.36801, step_acc: 6.91643, grid_scale: 1 / 5, strokes: 3 / 9
iteration step 139, G_loss: 0.36801, step_acc: 6.91643, grid_scale: 1 / 5, strokes: 3 / 9
iteration step 140, G_loss: 0.36801, step_acc: 6.91643, grid_scale: 1 / 5, strokes: 3 / 9
iteration step 141, G_loss: 0.36801, step_acc: 6.91643, grid_scale: 1 / 5, strokes: 3 / 9
iteration step 142, G_loss: 0.36801, step_acc: 6.91643, grid_scale: 1 / 5, strokes: 3 / 9
iteration step 143, G_loss: 0.36801, step_acc: 6.91643, grid_scale: 1 / 5, strokes: 3 / 9
iteration step 144, G_loss: 0.36801, step_acc: 6.91643, grid_scale: 1 / 5, strokes: 3 / 9
iteration step 145, G_loss: 0.36801, step_acc: 6.91643, grid_scale: 1 / 5, strokes: 3 / 9
iteration step 146, G_loss: 0.36801, step_acc: 6.91643, grid_scale: 1 / 5, strokes: 3 / 9
iteration step 147, G_loss: 0.36801, step_acc: 6.91643, grid_scale: 1 / 5, strokes: 3 / 9
iteration step 148, G_loss: 0.36801, step_acc: 6.91643, grid_scale: 1 / 5, strokes: 3 / 9
iteration step 149, G_loss: 0.36801, step_acc: 6.91643, grid_scale: 1 / 5, strokes: 3 / 9
iteration step 150, G_loss: 0.36801, step_acc: 6.91643, grid_scale: 1 / 5, strokes: 3 / 9
iteration step 151, G_loss: 0.36801, step_acc: 6.91643, grid_scale: 1 / 5, strokes: 3 / 9
iteration step 152, G_loss: 0.36801, step_acc: 6.91643, grid_scale: 1 / 5, strokes: 3 / 9
iteration step 153, G_loss: 0.36801, step_acc: 6.91643, grid_scale: 1 / 5, strokes: 3 / 9
iteration step 154, G_loss: 0.36801, step_acc: 6.91643, grid_scale: 1 / 5, strokes: 3 / 9
iteration step 155, G_loss: 0.36801, step_acc: 6.91643, grid_scale: 1 / 5, strokes: 3 / 9
iteration step 156, G_loss: 0.36801, step_acc: 6.91643, grid_scale: 1 / 5, strokes: 3 / 9
iteration step 157, G_loss: 0.36801, step_acc: 6.91643, grid_scale: 1 / 5, strokes: 3 / 9
iteration step 158, G_loss: 0.36801, step_acc: 6.91642, grid_scale: 1 / 5, strokes: 3 / 9
iteration step 159, G_loss: 0.36801, step_acc: 6.91643, grid_scale: 1 / 5, strokes: 3 / 9
iteration step 160, G_loss: 0.36801, step_acc: 6.91643, grid_scale: 1 / 5, strokes: 3 / 9
iteration step 161, G_loss: 0.36801, step_acc: 6.91643, grid_scale: 1 / 5, strokes: 3 / 9
iteration step 162, G_loss: 0.36801, step_acc: 6.91643, grid_scale: 1 / 5, strokes: 3 / 9
iteration step 163, G_loss: 0.36801, step_acc: 6.91643, grid_scale: 1 / 5, strokes: 3 / 9
iteration step 164, G_loss: 0.36801, step_acc: 6.91643, grid_scale: 1 / 5, strokes: 3 / 9
iteration step 165, G_loss: 0.36801, step_acc: 6.91643, grid_scale: 1 / 5, strokes: 4 / 9
iteration step 166, G_loss: 0.36801, step_acc: 6.91643, grid_scale: 1 / 5, strokes: 4 / 9
iteration step 167, G_loss: 0.36801, step_acc: 6.91643, grid_scale: 1 / 5, strokes: 4 / 9
iteration step 168, G_loss: 0.36801, step_acc: 6.91643, grid_scale: 1 / 5, strokes: 4 / 9
iteration step 169, G_loss: 0.36801, step_acc: 6.91643, grid_scale: 1 / 5, strokes: 4 / 9
iteration step 170, G_loss: 0.36801, step_acc: 6.91643, grid_scale: 1 / 5, strokes: 4 / 9
iteration step 171, G_loss: 0.36801, step_acc: 6.91643, grid_scale: 1 / 5, strokes: 4 / 9
iteration step 172, G_loss: 0.36801, step_acc: 6.91643, grid_scale: 1 / 5, strokes: 4 / 9
iteration step 173, G_loss: 0.36801, step_acc: 6.91643, grid_scale: 1 / 5, strokes: 4 / 9
iteration step 174, G_loss: 0.36801, step_acc: 6.91643, grid_scale: 1 / 5, strokes: 4 / 9
iteration step 175, G_loss: 0.36801, step_acc: 6.91643, grid_scale: 1 / 5, strokes: 4 / 9
iteration step 176, G_loss: 0.36801, step_acc: 6.91643, grid_scale: 1 / 5, strokes: 4 / 9
iteration step 177, G_loss: 0.36801, step_acc: 6.91643, grid_scale: 1 / 5, strokes: 4 / 9
iteration step 178, G_loss: 0.36801, step_acc: 6.91643, grid_scale: 1 / 5, strokes: 4 / 9
iteration step 179, G_loss: 0.36801, step_acc: 6.91643, grid_scale: 1 / 5, strokes: 4 / 9
iteration step 180, G_loss: 0.36801, step_acc: 6.91643, grid_scale: 1 / 5, strokes: 4 / 9
iteration step 181, G_loss: 0.36801, step_acc: 6.91643, grid_scale: 1 / 5, strokes: 4 / 9
iteration step 182, G_loss: 0.36801, step_acc: 6.91643, grid_scale: 1 / 5, strokes: 4 / 9
iteration step 183, G_loss: 0.36801, step_acc: 6.91643, grid_scale: 1 / 5, strokes: 4 / 9
iteration step 184, G_loss: 0.36801, step_acc: 6.91643, grid_scale: 1 / 5, strokes: 4 / 9
iteration step 185, G_loss: 0.36801, step_acc: 6.91643, grid_scale: 1 / 5, strokes: 4 / 9
iteration step 186, G_loss: 0.36801, step_acc: 6.91643, grid_scale: 1 / 5, strokes: 4 / 9
iteration step 187, G_loss: 0.36801, step_acc: 6.91643, grid_scale: 1 / 5, strokes: 4 / 9
iteration step 188, G_loss: 0.36801, step_acc: 6.91643, grid_scale: 1 / 5, strokes: 4 / 9
iteration step 189, G_loss: 0.36801, step_acc: 6.91643, grid_scale: 1 / 5, strokes: 4 / 9
iteration step 190, G_loss: 0.36801, step_acc: 6.91643, grid_scale: 1 / 5, strokes: 4 / 9
iteration step 191, G_loss: 0.36801, step_acc: 6.91643, grid_scale: 1 / 5, strokes: 4 / 9
iteration step 192, G_loss: 0.36801, step_acc: 6.91643, grid_scale: 1 / 5, strokes: 4 / 9
iteration step 193, G_loss: 0.36801, step_acc: 6.91643, grid_scale: 1 / 5, strokes: 4 / 9
iteration step 194, G_loss: 0.36801, step_acc: 6.91643, grid_scale: 1 / 5, strokes: 4 / 9
iteration step 195, G_loss: 0.36801, step_acc: 6.91643, grid_scale: 1 / 5, strokes: 4 / 9
iteration step 196, G_loss: 0.36801, step_acc: 6.91643, grid_scale: 1 / 5, strokes: 4 / 9
iteration step 197, G_loss: 0.36801, step_acc: 6.91643, grid_scale: 1 / 5, strokes: 4 / 9
iteration step 198, G_loss: 0.36801, step_acc: 6.91643, grid_scale: 1 / 5, strokes: 4 / 9
iteration step 199, G_loss: 0.36801, step_acc: 6.91643, grid_scale: 1 / 5, strokes: 4 / 9
iteration step 200, G_loss: 0.36801, step_acc: 6.91643, grid_scale: 1 / 5, strokes: 4 / 9
iteration step 201, G_loss: 0.36801, step_acc: 6.91643, grid_scale: 1 / 5, strokes: 4 / 9
iteration step 202, G_loss: 0.36801, step_acc: 6.91643, grid_scale: 1 / 5, strokes: 4 / 9
iteration step 203, G_loss: 0.36801, step_acc: 6.91643, grid_scale: 1 / 5, strokes: 4 / 9
iteration step 204, G_loss: 0.36801, step_acc: 6.91643, grid_scale: 1 / 5, strokes: 4 / 9
iteration step 205, G_loss: 0.36801, step_acc: 6.91643, grid_scale: 1 / 5, strokes: 4 / 9
iteration step 206, G_loss: 0.36801, step_acc: 6.91643, grid_scale: 1 / 5, strokes: 4 / 9
iteration step 207, G_loss: 0.36801, step_acc: 6.91643, grid_scale: 1 / 5, strokes: 4 / 9
iteration step 208, G_loss: 0.36801, step_acc: 6.91643, grid_scale: 1 / 5, strokes: 4 / 9
iteration step 209, G_loss: 0.36801, step_acc: 6.91643, grid_scale: 1 / 5, strokes: 4 / 9
iteration step 210, G_loss: 0.36801, step_acc: 6.91643, grid_scale: 1 / 5, strokes: 4 / 9
iteration step 211, G_loss: 0.36801, step_acc: 6.91643, grid_scale: 1 / 5, strokes: 4 / 9
iteration step 212, G_loss: 0.36801, step_acc: 6.91643, grid_scale: 1 / 5, strokes: 4 / 9
iteration step 213, G_loss: 0.36801, step_acc: 6.91643, grid_scale: 1 / 5, strokes: 4 / 9
iteration step 214, G_loss: 0.36801, step_acc: 6.91643, grid_scale: 1 / 5, strokes: 4 / 9
iteration step 215, G_loss: 0.36801, step_acc: 6.91643, grid_scale: 1 / 5, strokes: 4 / 9
iteration step 216, G_loss: 0.36801, step_acc: 6.91643, grid_scale: 1 / 5, strokes: 4 / 9
iteration step 217, G_loss: 0.36801, step_acc: 6.91643, grid_scale: 1 / 5, strokes: 4 / 9
iteration step 218, G_loss: 0.36801, step_acc: 6.91643, grid_scale: 1 / 5, strokes: 4 / 9
iteration step 219, G_loss: 0.36801, step_acc: 6.91643, grid_scale: 1 / 5, strokes: 4 / 9
iteration step 220, G_loss: 0.36801, step_acc: 6.91643, grid_scale: 1 / 5, strokes: 5 / 9
iteration step 221, G_loss: 0.36801, step_acc: 6.91643, grid_scale: 1 / 5, strokes: 5 / 9
iteration step 222, G_loss: 0.36801, step_acc: 6.91643, grid_scale: 1 / 5, strokes: 5 / 9
iteration step 223, G_loss: 0.36801, step_acc: 6.91643, grid_scale: 1 / 5, strokes: 5 / 9
iteration step 224, G_loss: 0.36801, step_acc: 6.91643, grid_scale: 1 / 5, strokes: 5 / 9
iteration step 225, G_loss: 0.36801, step_acc: 6.91643, grid_scale: 1 / 5, strokes: 5 / 9
iteration step 226, G_loss: 0.36801, step_acc: 6.91643, grid_scale: 1 / 5, strokes: 5 / 9
iteration step 227, G_loss: 0.36801, step_acc: 6.91643, grid_scale: 1 / 5, strokes: 5 / 9
iteration step 228, G_loss: 0.36801, step_acc: 6.91638, grid_scale: 1 / 5, strokes: 5 / 9
iteration step 229, G_loss: 0.36802, step_acc: 6.91643, grid_scale: 1 / 5, strokes: 5 / 9
iteration step 230, G_loss: 0.36801, step_acc: 6.91643, grid_scale: 1 / 5, strokes: 5 / 9
iteration step 231, G_loss: 0.36801, step_acc: 6.91643, grid_scale: 1 / 5, strokes: 5 / 9
iteration step 232, G_loss: 0.36801, step_acc: 6.91643, grid_scale: 1 / 5, strokes: 5 / 9
iteration step 233, G_loss: 0.36801, step_acc: 6.91643, grid_scale: 1 / 5, strokes: 5 / 9
iteration step 234, G_loss: 0.36801, step_acc: 6.91643, grid_scale: 1 / 5, strokes: 5 / 9
iteration step 235, G_loss: 0.36801, step_acc: 6.91643, grid_scale: 1 / 5, strokes: 5 / 9
iteration step 236, G_loss: 0.36801, step_acc: 6.91643, grid_scale: 1 / 5, strokes: 5 / 9
iteration step 237, G_loss: 0.36801, step_acc: 6.91643, grid_scale: 1 / 5, strokes: 5 / 9
iteration step 238, G_loss: 0.36801, step_acc: 6.91643, grid_scale: 1 / 5, strokes: 5 / 9
iteration step 239, G_loss: 0.36801, step_acc: 6.91643, grid_scale: 1 / 5, strokes: 5 / 9
iteration step 240, G_loss: 0.36801, step_acc: 6.91643, grid_scale: 1 / 5, strokes: 5 / 9
iteration step 241, G_loss: 0.36801, step_acc: 6.91643, grid_scale: 1 / 5, strokes: 5 / 9
iteration step 242, G_loss: 0.36801, step_acc: 6.91643, grid_scale: 1 / 5, strokes: 5 / 9
iteration step 243, G_loss: 0.36801, step_acc: 6.91643, grid_scale: 1 / 5, strokes: 5 / 9
iteration step 244, G_loss: 0.36801, step_acc: 6.91643, grid_scale: 1 / 5, strokes: 5 / 9
iteration step 245, G_loss: 0.36801, step_acc: 6.91643, grid_scale: 1 / 5, strokes: 5 / 9
iteration step 246, G_loss: 0.36801, step_acc: 6.91643, grid_scale: 1 / 5, strokes: 5 / 9
iteration step 247, G_loss: 0.36801, step_acc: 6.91643, grid_scale: 1 / 5, strokes: 5 / 9
iteration step 248, G_loss: 0.36801, step_acc: 6.91643, grid_scale: 1 / 5, strokes: 5 / 9
iteration step 249, G_loss: 0.36801, step_acc: 6.91643, grid_scale: 1 / 5, strokes: 5 / 9
iteration step 250, G_loss: 0.36801, step_acc: 6.91643, grid_scale: 1 / 5, strokes: 5 / 9
iteration step 251, G_loss: 0.36801, step_acc: 6.91643, grid_scale: 1 / 5, strokes: 5 / 9
iteration step 252, G_loss: 0.36801, step_acc: 6.91643, grid_scale: 1 / 5, strokes: 5 / 9
iteration step 253, G_loss: 0.36801, step_acc: 6.91643, grid_scale: 1 / 5, strokes: 5 / 9
iteration step 254, G_loss: 0.36801, step_acc: 6.91643, grid_scale: 1 / 5, strokes: 5 / 9
iteration step 255, G_loss: 0.36801, step_acc: 6.91643, grid_scale: 1 / 5, strokes: 5 / 9
iteration step 256, G_loss: 0.36801, step_acc: 6.91643, grid_scale: 1 / 5, strokes: 5 / 9
iteration step 257, G_loss: 0.36801, step_acc: 6.91643, grid_scale: 1 / 5, strokes: 5 / 9
iteration step 258, G_loss: 0.36801, step_acc: 6.91643, grid_scale: 1 / 5, strokes: 5 / 9
iteration step 259, G_loss: 0.36801, step_acc: 6.91643, grid_scale: 1 / 5, strokes: 5 / 9
iteration step 260, G_loss: 0.36801, step_acc: 6.91643, grid_scale: 1 / 5, strokes: 5 / 9
iteration step 261, G_loss: 0.36801, step_acc: 6.91643, grid_scale: 1 / 5, strokes: 5 / 9
iteration step 262, G_loss: 0.36801, step_acc: 6.91643, grid_scale: 1 / 5, strokes: 5 / 9
iteration step 263, G_loss: 0.36801, step_acc: 6.91643, grid_scale: 1 / 5, strokes: 5 / 9
iteration step 264, G_loss: 0.36801, step_acc: 6.91643, grid_scale: 1 / 5, strokes: 5 / 9
iteration step 265, G_loss: 0.36801, step_acc: 6.91643, grid_scale: 1 / 5, strokes: 5 / 9
iteration step 266, G_loss: 0.36801, step_acc: 6.91643, grid_scale: 1 / 5, strokes: 5 / 9
iteration step 267, G_loss: 0.36801, step_acc: 6.91643, grid_scale: 1 / 5, strokes: 5 / 9
iteration step 268, G_loss: 0.36801, step_acc: 6.91643, grid_scale: 1 / 5, strokes: 5 / 9
iteration step 269, G_loss: 0.36801, step_acc: 6.91643, grid_scale: 1 / 5, strokes: 5 / 9
iteration step 270, G_loss: 0.36801, step_acc: 6.91643, grid_scale: 1 / 5, strokes: 5 / 9
iteration step 271, G_loss: 0.36801, step_acc: 6.91643, grid_scale: 1 / 5, strokes: 5 / 9
iteration step 272, G_loss: 0.36801, step_acc: 6.91643, grid_scale: 1 / 5, strokes: 5 / 9
iteration step 273, G_loss: 0.36801, step_acc: 6.91643, grid_scale: 1 / 5, strokes: 5 / 9
iteration step 274, G_loss: 0.36801, step_acc: 6.91643, grid_scale: 1 / 5, strokes: 5 / 9
iteration step 275, G_loss: 0.36801, step_acc: 6.91643, grid_scale: 1 / 5, strokes: 6 / 9
iteration step 276, G_loss: 0.36801, step_acc: 6.91643, grid_scale: 1 / 5, strokes: 6 / 9
iteration step 277, G_loss: 0.36801, step_acc: 6.91643, grid_scale: 1 / 5, strokes: 6 / 9
iteration step 278, G_loss: 0.36801, step_acc: 6.91643, grid_scale: 1 / 5, strokes: 6 / 9
iteration step 279, G_loss: 0.36801, step_acc: 6.91643, grid_scale: 1 / 5, strokes: 6 / 9
iteration step 280, G_loss: 0.36801, step_acc: 6.91643, grid_scale: 1 / 5, strokes: 6 / 9
iteration step 281, G_loss: 0.36801, step_acc: 6.91643, grid_scale: 1 / 5, strokes: 6 / 9
iteration step 282, G_loss: 0.36801, step_acc: 6.91643, grid_scale: 1 / 5, strokes: 6 / 9
iteration step 283, G_loss: 0.36801, step_acc: 6.91643, grid_scale: 1 / 5, strokes: 6 / 9
iteration step 284, G_loss: 0.36801, step_acc: 6.91643, grid_scale: 1 / 5, strokes: 6 / 9
iteration step 285, G_loss: 0.36801, step_acc: 6.91643, grid_scale: 1 / 5, strokes: 6 / 9
iteration step 286, G_loss: 0.36801, step_acc: 6.91643, grid_scale: 1 / 5, strokes: 6 / 9
iteration step 287, G_loss: 0.36801, step_acc: 6.91643, grid_scale: 1 / 5, strokes: 6 / 9
iteration step 288, G_loss: 0.36801, step_acc: 6.91643, grid_scale: 1 / 5, strokes: 6 / 9
iteration step 289, G_loss: 0.36801, step_acc: 6.91643, grid_scale: 1 / 5, strokes: 6 / 9
iteration step 290, G_loss: 0.36801, step_acc: 6.91643, grid_scale: 1 / 5, strokes: 6 / 9
iteration step 291, G_loss: 0.36801, step_acc: 6.91643, grid_scale: 1 / 5, strokes: 6 / 9
iteration step 292, G_loss: 0.36801, step_acc: 6.91643, grid_scale: 1 / 5, strokes: 6 / 9
iteration step 293, G_loss: 0.36801, step_acc: 6.91643, grid_scale: 1 / 5, strokes: 6 / 9
iteration step 294, G_loss: 0.36801, step_acc: 6.91643, grid_scale: 1 / 5, strokes: 6 / 9
iteration step 295, G_loss: 0.36801, step_acc: 6.91643, grid_scale: 1 / 5, strokes: 6 / 9
iteration step 296, G_loss: 0.36801, step_acc: 6.91643, grid_scale: 1 / 5, strokes: 6 / 9
iteration step 297, G_loss: 0.36801, step_acc: 6.91643, grid_scale: 1 / 5, strokes: 6 / 9
iteration step 298, G_loss: 0.36801, step_acc: 6.91643, grid_scale: 1 / 5, strokes: 6 / 9
iteration step 299, G_loss: 0.36801, step_acc: 6.91639, grid_scale: 1 / 5, strokes: 6 / 9
iteration step 300, G_loss: 0.36802, step_acc: 6.91643, grid_scale: 1 / 5, strokes: 6 / 9
iteration step 301, G_loss: 0.36801, step_acc: 6.91643, grid_scale: 1 / 5, strokes: 6 / 9
iteration step 302, G_loss: 0.36801, step_acc: 6.91643, grid_scale: 1 / 5, strokes: 6 / 9
iteration step 303, G_loss: 0.36801, step_acc: 6.91643, grid_scale: 1 / 5, strokes: 6 / 9
iteration step 304, G_loss: 0.36801, step_acc: 6.91643, grid_scale: 1 / 5, strokes: 6 / 9
iteration step 305, G_loss: 0.36801, step_acc: 6.91643, grid_scale: 1 / 5, strokes: 6 / 9
iteration step 306, G_loss: 0.36801, step_acc: 6.91643, grid_scale: 1 / 5, strokes: 6 / 9
iteration step 307, G_loss: 0.36801, step_acc: 6.91643, grid_scale: 1 / 5, strokes: 6 / 9
iteration step 308, G_loss: 0.36801, step_acc: 6.91643, grid_scale: 1 / 5, strokes: 6 / 9
iteration step 309, G_loss: 0.36801, step_acc: 6.91643, grid_scale: 1 / 5, strokes: 6 / 9
iteration step 310, G_loss: 0.36801, step_acc: 6.91643, grid_scale: 1 / 5, strokes: 6 / 9
iteration step 311, G_loss: 0.36801, step_acc: 6.91643, grid_scale: 1 / 5, strokes: 6 / 9
iteration step 312, G_loss: 0.36801, step_acc: 6.91643, grid_scale: 1 / 5, strokes: 6 / 9
iteration step 313, G_loss: 0.36801, step_acc: 6.91643, grid_scale: 1 / 5, strokes: 6 / 9
iteration step 314, G_loss: 0.36801, step_acc: 6.91643, grid_scale: 1 / 5, strokes: 6 / 9
iteration step 315, G_loss: 0.36801, step_acc: 6.91643, grid_scale: 1 / 5, strokes: 6 / 9
iteration step 316, G_loss: 0.36801, step_acc: 6.91643, grid_scale: 1 / 5, strokes: 6 / 9
iteration step 317, G_loss: 0.36801, step_acc: 6.91643, grid_scale: 1 / 5, strokes: 6 / 9
iteration step 318, G_loss: 0.36801, step_acc: 6.91643, grid_scale: 1 / 5, strokes: 6 / 9
iteration step 319, G_loss: 0.36801, step_acc: 6.91643, grid_scale: 1 / 5, strokes: 6 / 9
iteration step 320, G_loss: 0.36801, step_acc: 6.91643, grid_scale: 1 / 5, strokes: 6 / 9
iteration step 321, G_loss: 0.36801, step_acc: 6.91643, grid_scale: 1 / 5, strokes: 6 / 9
iteration step 322, G_loss: 0.36801, step_acc: 6.91643, grid_scale: 1 / 5, strokes: 6 / 9
iteration step 323, G_loss: 0.36801, step_acc: 6.91643, grid_scale: 1 / 5, strokes: 6 / 9
iteration step 324, G_loss: 0.36801, step_acc: 6.91643, grid_scale: 1 / 5, strokes: 6 / 9
iteration step 325, G_loss: 0.36801, step_acc: 6.91643, grid_scale: 1 / 5, strokes: 6 / 9
iteration step 326, G_loss: 0.36801, step_acc: 6.91643, grid_scale: 1 / 5, strokes: 6 / 9
iteration step 327, G_loss: 0.36801, step_acc: 6.91643, grid_scale: 1 / 5, strokes: 6 / 9
iteration step 328, G_loss: 0.36801, step_acc: 6.91643, grid_scale: 1 / 5, strokes: 6 / 9
iteration step 329, G_loss: 0.36801, step_acc: 6.91643, grid_scale: 1 / 5, strokes: 6 / 9
iteration step 330, G_loss: 0.36801, step_acc: 6.91643, grid_scale: 1 / 5, strokes: 7 / 9
iteration step 331, G_loss: 0.36801, step_acc: 6.91643, grid_scale: 1 / 5, strokes: 7 / 9
iteration step 332, G_loss: 0.36801, step_acc: 6.91643, grid_scale: 1 / 5, strokes: 7 / 9
iteration step 333, G_loss: 0.36801, step_acc: 6.91643, grid_scale: 1 / 5, strokes: 7 / 9
iteration step 334, G_loss: 0.36801, step_acc: 6.91643, grid_scale: 1 / 5, strokes: 7 / 9
iteration step 335, G_loss: 0.36801, step_acc: 6.91643, grid_scale: 1 / 5, strokes: 7 / 9
iteration step 336, G_loss: 0.36801, step_acc: 6.91643, grid_scale: 1 / 5, strokes: 7 / 9
iteration step 337, G_loss: 0.36801, step_acc: 6.91643, grid_scale: 1 / 5, strokes: 7 / 9
iteration step 338, G_loss: 0.36801, step_acc: 6.91643, grid_scale: 1 / 5, strokes: 7 / 9
iteration step 339, G_loss: 0.36801, step_acc: 6.91643, grid_scale: 1 / 5, strokes: 7 / 9
iteration step 340, G_loss: 0.36801, step_acc: 6.91643, grid_scale: 1 / 5, strokes: 7 / 9
iteration step 341, G_loss: 0.36801, step_acc: 6.91643, grid_scale: 1 / 5, strokes: 7 / 9
iteration step 342, G_loss: 0.36801, step_acc: 6.91643, grid_scale: 1 / 5, strokes: 7 / 9
iteration step 343, G_loss: 0.36801, step_acc: 6.91643, grid_scale: 1 / 5, strokes: 7 / 9
iteration step 344, G_loss: 0.36801, step_acc: 6.91643, grid_scale: 1 / 5, strokes: 7 / 9
iteration step 345, G_loss: 0.36801, step_acc: 6.91643, grid_scale: 1 / 5, strokes: 7 / 9
iteration step 346, G_loss: 0.36801, step_acc: 6.91643, grid_scale: 1 / 5, strokes: 7 / 9
iteration step 347, G_loss: 0.36801, step_acc: 6.91643, grid_scale: 1 / 5, strokes: 7 / 9
iteration step 348, G_loss: 0.36801, step_acc: 6.91643, grid_scale: 1 / 5, strokes: 7 / 9
iteration step 349, G_loss: 0.36801, step_acc: 6.91643, grid_scale: 1 / 5, strokes: 7 / 9
iteration step 350, G_loss: 0.36801, step_acc: 6.91643, grid_scale: 1 / 5, strokes: 7 / 9
iteration step 351, G_loss: 0.36801, step_acc: 6.91643, grid_scale: 1 / 5, strokes: 7 / 9
iteration step 352, G_loss: 0.36801, step_acc: 6.91643, grid_scale: 1 / 5, strokes: 7 / 9
iteration step 353, G_loss: 0.36801, step_acc: 6.91643, grid_scale: 1 / 5, strokes: 7 / 9
iteration step 354, G_loss: 0.36801, step_acc: 6.91643, grid_scale: 1 / 5, strokes: 7 / 9
iteration step 355, G_loss: 0.36801, step_acc: 6.91643, grid_scale: 1 / 5, strokes: 7 / 9
iteration step 356, G_loss: 0.36801, step_acc: 6.91643, grid_scale: 1 / 5, strokes: 7 / 9
iteration step 357, G_loss: 0.36801, step_acc: 6.91643, grid_scale: 1 / 5, strokes: 7 / 9
iteration step 358, G_loss: 0.36801, step_acc: 6.91643, grid_scale: 1 / 5, strokes: 7 / 9
iteration step 359, G_loss: 0.36801, step_acc: 6.91643, grid_scale: 1 / 5, strokes: 7 / 9
iteration step 360, G_loss: 0.36801, step_acc: 6.91643, grid_scale: 1 / 5, strokes: 7 / 9
iteration step 361, G_loss: 0.36801, step_acc: 6.91643, grid_scale: 1 / 5, strokes: 7 / 9
iteration step 362, G_loss: 0.36801, step_acc: 6.91643, grid_scale: 1 / 5, strokes: 7 / 9
iteration step 363, G_loss: 0.36801, step_acc: 6.91643, grid_scale: 1 / 5, strokes: 7 / 9
iteration step 364, G_loss: 0.36801, step_acc: 6.91643, grid_scale: 1 / 5, strokes: 7 / 9
iteration step 365, G_loss: 0.36801, step_acc: 6.91643, grid_scale: 1 / 5, strokes: 7 / 9
iteration step 366, G_loss: 0.36801, step_acc: 6.91643, grid_scale: 1 / 5, strokes: 7 / 9
iteration step 367, G_loss: 0.36801, step_acc: 6.91643, grid_scale: 1 / 5, strokes: 7 / 9
iteration step 368, G_loss: 0.36801, step_acc: 6.91643, grid_scale: 1 / 5, strokes: 7 / 9
iteration step 369, G_loss: 0.36801, step_acc: 6.91643, grid_scale: 1 / 5, strokes: 7 / 9
iteration step 370, G_loss: 0.36801, step_acc: 6.91643, grid_scale: 1 / 5, strokes: 7 / 9
iteration step 371, G_loss: 0.36801, step_acc: 6.91643, grid_scale: 1 / 5, strokes: 7 / 9
iteration step 372, G_loss: 0.36801, step_acc: 6.91643, grid_scale: 1 / 5, strokes: 7 / 9
iteration step 373, G_loss: 0.36801, step_acc: 6.91643, grid_scale: 1 / 5, strokes: 7 / 9
iteration step 374, G_loss: 0.36801, step_acc: 6.91643, grid_scale: 1 / 5, strokes: 7 / 9
iteration step 375, G_loss: 0.36801, step_acc: 6.91643, grid_scale: 1 / 5, strokes: 7 / 9
iteration step 376, G_loss: 0.36801, step_acc: 6.91643, grid_scale: 1 / 5, strokes: 7 / 9
iteration step 377, G_loss: 0.36801, step_acc: 6.91643, grid_scale: 1 / 5, strokes: 7 / 9
iteration step 378, G_loss: 0.36801, step_acc: 6.91643, grid_scale: 1 / 5, strokes: 7 / 9
iteration step 379, G_loss: 0.36801, step_acc: 6.91643, grid_scale: 1 / 5, strokes: 7 / 9
iteration step 380, G_loss: 0.36801, step_acc: 6.91643, grid_scale: 1 / 5, strokes: 7 / 9
iteration step 381, G_loss: 0.36801, step_acc: 6.91643, grid_scale: 1 / 5, strokes: 7 / 9
iteration step 382, G_loss: 0.36801, step_acc: 6.91643, grid_scale: 1 / 5, strokes: 7 / 9
iteration step 383, G_loss: 0.36801, step_acc: 6.91643, grid_scale: 1 / 5, strokes: 7 / 9
iteration step 384, G_loss: 0.36801, step_acc: 6.91643, grid_scale: 1 / 5, strokes: 7 / 9
iteration step 385, G_loss: 0.36801, step_acc: 6.91643, grid_scale: 1 / 5, strokes: 8 / 9
iteration step 386, G_loss: 0.36801, step_acc: 6.91643, grid_scale: 1 / 5, strokes: 8 / 9
iteration step 387, G_loss: 0.36801, step_acc: 6.91643, grid_scale: 1 / 5, strokes: 8 / 9
iteration step 388, G_loss: 0.36801, step_acc: 6.91643, grid_scale: 1 / 5, strokes: 8 / 9
iteration step 389, G_loss: 0.36801, step_acc: 6.91643, grid_scale: 1 / 5, strokes: 8 / 9
iteration step 390, G_loss: 0.36801, step_acc: 6.91643, grid_scale: 1 / 5, strokes: 8 / 9
iteration step 391, G_loss: 0.36801, step_acc: 6.91643, grid_scale: 1 / 5, strokes: 8 / 9
iteration step 392, G_loss: 0.36801, step_acc: 6.91643, grid_scale: 1 / 5, strokes: 8 / 9
iteration step 393, G_loss: 0.36801, step_acc: 6.91643, grid_scale: 1 / 5, strokes: 8 / 9
iteration step 394, G_loss: 0.36801, step_acc: 6.91643, grid_scale: 1 / 5, strokes: 8 / 9
iteration step 395, G_loss: 0.36801, step_acc: 6.91643, grid_scale: 1 / 5, strokes: 8 / 9
iteration step 396, G_loss: 0.36801, step_acc: 6.91643, grid_scale: 1 / 5, strokes: 8 / 9
iteration step 397, G_loss: 0.36801, step_acc: 6.91643, grid_scale: 1 / 5, strokes: 8 / 9
iteration step 398, G_loss: 0.36801, step_acc: 6.91643, grid_scale: 1 / 5, strokes: 8 / 9
iteration step 399, G_loss: 0.36801, step_acc: 6.91643, grid_scale: 1 / 5, strokes: 8 / 9
iteration step 400, G_loss: 0.36801, step_acc: 6.91643, grid_scale: 1 / 5, strokes: 8 / 9
iteration step 401, G_loss: 0.36801, step_acc: 6.91643, grid_scale: 1 / 5, strokes: 8 / 9
iteration step 402, G_loss: 0.36801, step_acc: 6.91643, grid_scale: 1 / 5, strokes: 8 / 9
iteration step 403, G_loss: 0.36801, step_acc: 6.91643, grid_scale: 1 / 5, strokes: 8 / 9
iteration step 404, G_loss: 0.36801, step_acc: 6.91643, grid_scale: 1 / 5, strokes: 8 / 9
iteration step 405, G_loss: 0.36801, step_acc: 6.91643, grid_scale: 1 / 5, strokes: 8 / 9
iteration step 406, G_loss: 0.36801, step_acc: 6.91643, grid_scale: 1 / 5, strokes: 8 / 9
iteration step 407, G_loss: 0.36801, step_acc: 6.91643, grid_scale: 1 / 5, strokes: 8 / 9
iteration step 408, G_loss: 0.36801, step_acc: 6.91643, grid_scale: 1 / 5, strokes: 8 / 9
iteration step 409, G_loss: 0.36801, step_acc: 6.91643, grid_scale: 1 / 5, strokes: 8 / 9
iteration step 410, G_loss: 0.36801, step_acc: 6.91643, grid_scale: 1 / 5, strokes: 8 / 9
iteration step 411, G_loss: 0.36801, step_acc: 6.91643, grid_scale: 1 / 5, strokes: 8 / 9
iteration step 412, G_loss: 0.36801, step_acc: 6.91643, grid_scale: 1 / 5, strokes: 8 / 9
iteration step 413, G_loss: 0.36801, step_acc: 6.91643, grid_scale: 1 / 5, strokes: 8 / 9
iteration step 414, G_loss: 0.36801, step_acc: 6.91643, grid_scale: 1 / 5, strokes: 8 / 9
iteration step 415, G_loss: 0.36801, step_acc: 6.91643, grid_scale: 1 / 5, strokes: 8 / 9
iteration step 416, G_loss: 0.36801, step_acc: 6.91643, grid_scale: 1 / 5, strokes: 8 / 9
iteration step 417, G_loss: 0.36801, step_acc: 6.91643, grid_scale: 1 / 5, strokes: 8 / 9
iteration step 418, G_loss: 0.36801, step_acc: 6.91643, grid_scale: 1 / 5, strokes: 8 / 9
iteration step 419, G_loss: 0.36801, step_acc: 6.91643, grid_scale: 1 / 5, strokes: 8 / 9
iteration step 420, G_loss: 0.36801, step_acc: 6.91643, grid_scale: 1 / 5, strokes: 8 / 9
iteration step 421, G_loss: 0.36801, step_acc: 6.91643, grid_scale: 1 / 5, strokes: 8 / 9
iteration step 422, G_loss: 0.36801, step_acc: 6.91643, grid_scale: 1 / 5, strokes: 8 / 9
iteration step 423, G_loss: 0.36801, step_acc: 6.91643, grid_scale: 1 / 5, strokes: 8 / 9
iteration step 424, G_loss: 0.36801, step_acc: 6.91643, grid_scale: 1 / 5, strokes: 8 / 9
iteration step 425, G_loss: 0.36801, step_acc: 6.91643, grid_scale: 1 / 5, strokes: 8 / 9
iteration step 426, G_loss: 0.36801, step_acc: 6.91643, grid_scale: 1 / 5, strokes: 8 / 9
iteration step 427, G_loss: 0.36801, step_acc: 6.91643, grid_scale: 1 / 5, strokes: 8 / 9
iteration step 428, G_loss: 0.36801, step_acc: 6.91643, grid_scale: 1 / 5, strokes: 8 / 9
iteration step 429, G_loss: 0.36801, step_acc: 6.91643, grid_scale: 1 / 5, strokes: 8 / 9
iteration step 430, G_loss: 0.36801, step_acc: 6.91643, grid_scale: 1 / 5, strokes: 8 / 9
iteration step 431, G_loss: 0.36801, step_acc: 6.91643, grid_scale: 1 / 5, strokes: 8 / 9
iteration step 432, G_loss: 0.36801, step_acc: 6.91643, grid_scale: 1 / 5, strokes: 8 / 9
iteration step 433, G_loss: 0.36801, step_acc: 6.91643, grid_scale: 1 / 5, strokes: 8 / 9
iteration step 434, G_loss: 0.36801, step_acc: 6.91643, grid_scale: 1 / 5, strokes: 8 / 9
iteration step 435, G_loss: 0.36801, step_acc: 6.91643, grid_scale: 1 / 5, strokes: 8 / 9
iteration step 436, G_loss: 0.36801, step_acc: 6.91643, grid_scale: 1 / 5, strokes: 8 / 9
iteration step 437, G_loss: 0.36801, step_acc: 6.91643, grid_scale: 1 / 5, strokes: 8 / 9
iteration step 438, G_loss: 0.36801, step_acc: 6.91643, grid_scale: 1 / 5, strokes: 8 / 9
iteration step 439, G_loss: 0.36801, step_acc: 6.91643, grid_scale: 1 / 5, strokes: 8 / 9
iteration step 440, G_loss: 0.36801, step_acc: 6.91643, grid_scale: 1 / 5, strokes: 9 / 9
iteration step 441, G_loss: 0.36801, step_acc: 6.91643, grid_scale: 1 / 5, strokes: 9 / 9
iteration step 442, G_loss: 0.36801, step_acc: 6.91643, grid_scale: 1 / 5, strokes: 9 / 9
iteration step 443, G_loss: 0.36801, step_acc: 6.91643, grid_scale: 1 / 5, strokes: 9 / 9
iteration step 444, G_loss: 0.36801, step_acc: 6.91643, grid_scale: 1 / 5, strokes: 9 / 9
iteration step 445, G_loss: 0.36801, step_acc: 6.91643, grid_scale: 1 / 5, strokes: 9 / 9
iteration step 446, G_loss: 0.36801, step_acc: 6.91643, grid_scale: 1 / 5, strokes: 9 / 9
iteration step 447, G_loss: 0.36801, step_acc: 6.91643, grid_scale: 1 / 5, strokes: 9 / 9
iteration step 448, G_loss: 0.36801, step_acc: 6.91643, grid_scale: 1 / 5, strokes: 9 / 9
iteration step 449, G_loss: 0.36801, step_acc: 6.91643, grid_scale: 1 / 5, strokes: 9 / 9
iteration step 450, G_loss: 0.36801, step_acc: 6.91643, grid_scale: 1 / 5, strokes: 9 / 9
iteration step 451, G_loss: 0.36801, step_acc: 6.91643, grid_scale: 1 / 5, strokes: 9 / 9
iteration step 452, G_loss: 0.36801, step_acc: 6.91643, grid_scale: 1 / 5, strokes: 9 / 9
iteration step 453, G_loss: 0.36801, step_acc: 6.91643, grid_scale: 1 / 5, strokes: 9 / 9
iteration step 454, G_loss: 0.36801, step_acc: 6.91643, grid_scale: 1 / 5, strokes: 9 / 9
iteration step 455, G_loss: 0.36801, step_acc: 6.91643, grid_scale: 1 / 5, strokes: 9 / 9
iteration step 456, G_loss: 0.36801, step_acc: 6.91643, grid_scale: 1 / 5, strokes: 9 / 9
iteration step 457, G_loss: 0.36801, step_acc: 6.91643, grid_scale: 1 / 5, strokes: 9 / 9
iteration step 458, G_loss: 0.36801, step_acc: 6.91643, grid_scale: 1 / 5, strokes: 9 / 9
iteration step 459, G_loss: 0.36801, step_acc: 6.91643, grid_scale: 1 / 5, strokes: 9 / 9
iteration step 460, G_loss: 0.36801, step_acc: 6.91637, grid_scale: 1 / 5, strokes: 9 / 9
iteration step 461, G_loss: 0.36802, step_acc: 6.91643, grid_scale: 1 / 5, strokes: 9 / 9
iteration step 462, G_loss: 0.36801, step_acc: 6.91643, grid_scale: 1 / 5, strokes: 9 / 9
iteration step 463, G_loss: 0.36801, step_acc: 6.91643, grid_scale: 1 / 5, strokes: 9 / 9
iteration step 464, G_loss: 0.36801, step_acc: 6.91643, grid_scale: 1 / 5, strokes: 9 / 9
iteration step 465, G_loss: 0.36801, step_acc: 6.91643, grid_scale: 1 / 5, strokes: 9 / 9
iteration step 466, G_loss: 0.36801, step_acc: 6.91643, grid_scale: 1 / 5, strokes: 9 / 9
iteration step 467, G_loss: 0.36801, step_acc: 6.91643, grid_scale: 1 / 5, strokes: 9 / 9
iteration step 468, G_loss: 0.36801, step_acc: 6.91643, grid_scale: 1 / 5, strokes: 9 / 9
iteration step 469, G_loss: 0.36801, step_acc: 6.91643, grid_scale: 1 / 5, strokes: 9 / 9
iteration step 470, G_loss: 0.36801, step_acc: 6.91643, grid_scale: 1 / 5, strokes: 9 / 9
iteration step 471, G_loss: 0.36801, step_acc: 6.91643, grid_scale: 1 / 5, strokes: 9 / 9
iteration step 472, G_loss: 0.36801, step_acc: 6.91643, grid_scale: 1 / 5, strokes: 9 / 9
iteration step 473, G_loss: 0.36801, step_acc: 6.91643, grid_scale: 1 / 5, strokes: 9 / 9
iteration step 474, G_loss: 0.36801, step_acc: 6.91643, grid_scale: 1 / 5, strokes: 9 / 9
iteration step 475, G_loss: 0.36801, step_acc: 6.91643, grid_scale: 1 / 5, strokes: 9 / 9
iteration step 476, G_loss: 0.36801, step_acc: 6.91643, grid_scale: 1 / 5, strokes: 9 / 9
iteration step 477, G_loss: 0.36801, step_acc: 6.91643, grid_scale: 1 / 5, strokes: 9 / 9
iteration step 478, G_loss: 0.36801, step_acc: 6.91643, grid_scale: 1 / 5, strokes: 9 / 9
iteration step 479, G_loss: 0.36801, step_acc: 6.91643, grid_scale: 1 / 5, strokes: 9 / 9
iteration step 480, G_loss: 0.36801, step_acc: 6.91643, grid_scale: 1 / 5, strokes: 9 / 9
iteration step 481, G_loss: 0.36801, step_acc: 6.91643, grid_scale: 1 / 5, strokes: 9 / 9
iteration step 482, G_loss: 0.36801, step_acc: 6.91643, grid_scale: 1 / 5, strokes: 9 / 9
iteration step 483, G_loss: 0.36801, step_acc: 6.91643, grid_scale: 1 / 5, strokes: 9 / 9
iteration step 484, G_loss: 0.36801, step_acc: 6.91643, grid_scale: 1 / 5, strokes: 9 / 9
iteration step 485, G_loss: 0.36801, step_acc: 6.91643, grid_scale: 1 / 5, strokes: 9 / 9
iteration step 486, G_loss: 0.36801, step_acc: 6.91633, grid_scale: 1 / 5, strokes: 9 / 9
iteration step 487, G_loss: 0.36802, step_acc: 6.91643, grid_scale: 1 / 5, strokes: 9 / 9
iteration step 488, G_loss: 0.36801, step_acc: 6.91643, grid_scale: 1 / 5, strokes: 9 / 9
iteration step 489, G_loss: 0.36801, step_acc: 6.91643, grid_scale: 1 / 5, strokes: 9 / 9
iteration step 490, G_loss: 0.36801, step_acc: 6.91643, grid_scale: 1 / 5, strokes: 9 / 9
iteration step 491, G_loss: 0.36801, step_acc: 6.91643, grid_scale: 1 / 5, strokes: 9 / 9
iteration step 492, G_loss: 0.36801, step_acc: 6.91643, grid_scale: 1 / 5, strokes: 9 / 9
iteration step 493, G_loss: 0.36801, step_acc: 6.91643, grid_scale: 1 / 5, strokes: 9 / 9
iteration step 494, G_loss: 0.36801, step_acc: 6.91643, grid_scale: 1 / 5, strokes: 9 / 9
rendering canvas...
iteration step 0, G_loss: 0.36801, step_acc: 7.67604, grid_scale: 2 / 5, strokes: 1 / 9
iteration step 1, G_loss: 0.33498, step_acc: 7.67607, grid_scale: 2 / 5, strokes: 1 / 9
iteration step 2, G_loss: 0.33498, step_acc: 7.67591, grid_scale: 2 / 5, strokes: 1 / 9
iteration step 3, G_loss: 0.33499, step_acc: 7.67603, grid_scale: 2 / 5, strokes: 1 / 9
iteration step 4, G_loss: 0.33498, step_acc: 7.67605, grid_scale: 2 / 5, strokes: 1 / 9
iteration step 5, G_loss: 0.33498, step_acc: 7.67605, grid_scale: 2 / 5, strokes: 1 / 9
iteration step 6, G_loss: 0.33498, step_acc: 7.67605, grid_scale: 2 / 5, strokes: 1 / 9
iteration step 7, G_loss: 0.33498, step_acc: 7.67606, grid_scale: 2 / 5, strokes: 1 / 9
iteration step 8, G_loss: 0.33498, step_acc: 7.67607, grid_scale: 2 / 5, strokes: 1 / 9
iteration step 9, G_loss: 0.33498, step_acc: 7.67609, grid_scale: 2 / 5, strokes: 1 / 9
iteration step 10, G_loss: 0.33498, step_acc: 7.67610, grid_scale: 2 / 5, strokes: 1 / 9
iteration step 11, G_loss: 0.33498, step_acc: 7.67614, grid_scale: 2 / 5, strokes: 1 / 9
iteration step 12, G_loss: 0.33497, step_acc: 7.67625, grid_scale: 2 / 5, strokes: 1 / 9
iteration step 13, G_loss: 0.33497, step_acc: 7.67642, grid_scale: 2 / 5, strokes: 1 / 9
iteration step 14, G_loss: 0.33495, step_acc: 7.67627, grid_scale: 2 / 5, strokes: 1 / 9
iteration step 15, G_loss: 0.33496, step_acc: 7.67610, grid_scale: 2 / 5, strokes: 1 / 9
iteration step 16, G_loss: 0.33498, step_acc: 7.67613, grid_scale: 2 / 5, strokes: 1 / 9
iteration step 17, G_loss: 0.33498, step_acc: 7.67619, grid_scale: 2 / 5, strokes: 1 / 9
iteration step 18, G_loss: 0.33497, step_acc: 7.67630, grid_scale: 2 / 5, strokes: 1 / 9
iteration step 19, G_loss: 0.33496, step_acc: 7.67644, grid_scale: 2 / 5, strokes: 1 / 9
iteration step 20, G_loss: 0.33495, step_acc: 7.67631, grid_scale: 2 / 5, strokes: 1 / 9
iteration step 21, G_loss: 0.33496, step_acc: 7.67617, grid_scale: 2 / 5, strokes: 1 / 9
iteration step 22, G_loss: 0.33497, step_acc: 7.67625, grid_scale: 2 / 5, strokes: 1 / 9
iteration step 23, G_loss: 0.33497, step_acc: 7.67636, grid_scale: 2 / 5, strokes: 1 / 9
iteration step 24, G_loss: 0.33496, step_acc: 7.67648, grid_scale: 2 / 5, strokes: 1 / 9
iteration step 25, G_loss: 0.33495, step_acc: 7.67642, grid_scale: 2 / 5, strokes: 1 / 9
iteration step 26, G_loss: 0.33495, step_acc: 7.67634, grid_scale: 2 / 5, strokes: 1 / 9
iteration step 27, G_loss: 0.33496, step_acc: 7.67646, grid_scale: 2 / 5, strokes: 1 / 9
iteration step 28, G_loss: 0.33495, step_acc: 7.67640, grid_scale: 2 / 5, strokes: 1 / 9
iteration step 29, G_loss: 0.33495, step_acc: 7.67637, grid_scale: 2 / 5, strokes: 1 / 9
iteration step 30, G_loss: 0.33496, step_acc: 7.67649, grid_scale: 2 / 5, strokes: 1 / 9
iteration step 31, G_loss: 0.33495, step_acc: 7.67644, grid_scale: 2 / 5, strokes: 1 / 9
iteration step 32, G_loss: 0.33495, step_acc: 7.67640, grid_scale: 2 / 5, strokes: 1 / 9
iteration step 33, G_loss: 0.33495, step_acc: 7.67651, grid_scale: 2 / 5, strokes: 1 / 9
iteration step 34, G_loss: 0.33495, step_acc: 7.67646, grid_scale: 2 / 5, strokes: 1 / 9
iteration step 35, G_loss: 0.33495, step_acc: 7.67637, grid_scale: 2 / 5, strokes: 1 / 9
iteration step 36, G_loss: 0.33496, step_acc: 7.67649, grid_scale: 2 / 5, strokes: 1 / 9
iteration step 37, G_loss: 0.33495, step_acc: 7.67646, grid_scale: 2 / 5, strokes: 1 / 9
iteration step 38, G_loss: 0.33495, step_acc: 7.67637, grid_scale: 2 / 5, strokes: 1 / 9
iteration step 39, G_loss: 0.33496, step_acc: 7.67649, grid_scale: 2 / 5, strokes: 1 / 9
iteration step 40, G_loss: 0.33495, step_acc: 7.67645, grid_scale: 2 / 5, strokes: 1 / 9
iteration step 41, G_loss: 0.33495, step_acc: 7.67642, grid_scale: 2 / 5, strokes: 1 / 9
iteration step 42, G_loss: 0.33495, step_acc: 7.67653, grid_scale: 2 / 5, strokes: 1 / 9
iteration step 43, G_loss: 0.33495, step_acc: 7.67648, grid_scale: 2 / 5, strokes: 1 / 9
iteration step 44, G_loss: 0.33495, step_acc: 7.67644, grid_scale: 2 / 5, strokes: 1 / 9
iteration step 45, G_loss: 0.33495, step_acc: 7.67653, grid_scale: 2 / 5, strokes: 1 / 9
iteration step 46, G_loss: 0.33494, step_acc: 7.67653, grid_scale: 2 / 5, strokes: 1 / 9
iteration step 47, G_loss: 0.33494, step_acc: 7.67653, grid_scale: 2 / 5, strokes: 1 / 9
iteration step 48, G_loss: 0.33495, step_acc: 7.67644, grid_scale: 2 / 5, strokes: 1 / 9
iteration step 49, G_loss: 0.33495, step_acc: 7.67644, grid_scale: 2 / 5, strokes: 1 / 9
iteration step 50, G_loss: 0.33495, step_acc: 7.67654, grid_scale: 2 / 5, strokes: 1 / 9
iteration step 51, G_loss: 0.33494, step_acc: 7.67653, grid_scale: 2 / 5, strokes: 1 / 9
iteration step 52, G_loss: 0.33494, step_acc: 7.67654, grid_scale: 2 / 5, strokes: 1 / 9
iteration step 53, G_loss: 0.33494, step_acc: 7.67651, grid_scale: 2 / 5, strokes: 1 / 9
iteration step 54, G_loss: 0.33495, step_acc: 7.67647, grid_scale: 2 / 5, strokes: 1 / 9
iteration step 55, G_loss: 0.33495, step_acc: 7.67653, grid_scale: 2 / 5, strokes: 2 / 9
iteration step 56, G_loss: 0.33494, step_acc: 7.67659, grid_scale: 2 / 5, strokes: 2 / 9
iteration step 57, G_loss: 0.33494, step_acc: 7.73099, grid_scale: 2 / 5, strokes: 2 / 9
iteration step 58, G_loss: 0.33330, step_acc: 7.82802, grid_scale: 2 / 5, strokes: 2 / 9
iteration step 59, G_loss: 0.32923, step_acc: 7.89009, grid_scale: 2 / 5, strokes: 2 / 9
iteration step 60, G_loss: 0.32605, step_acc: 7.90383, grid_scale: 2 / 5, strokes: 2 / 9
iteration step 61, G_loss: 0.32533, step_acc: 7.90984, grid_scale: 2 / 5, strokes: 2 / 9
iteration step 62, G_loss: 0.32500, step_acc: 7.91665, grid_scale: 2 / 5, strokes: 2 / 9
iteration step 63, G_loss: 0.32456, step_acc: 7.92904, grid_scale: 2 / 5, strokes: 2 / 9
iteration step 64, G_loss: 0.32390, step_acc: 7.93779, grid_scale: 2 / 5, strokes: 2 / 9
iteration step 65, G_loss: 0.32336, step_acc: 7.94426, grid_scale: 2 / 5, strokes: 2 / 9
iteration step 66, G_loss: 0.32297, step_acc: 7.94766, grid_scale: 2 / 5, strokes: 2 / 9
iteration step 67, G_loss: 0.32282, step_acc: 7.95106, grid_scale: 2 / 5, strokes: 2 / 9
iteration step 68, G_loss: 0.32267, step_acc: 7.95479, grid_scale: 2 / 5, strokes: 2 / 9
iteration step 69, G_loss: 0.32247, step_acc: 7.95916, grid_scale: 2 / 5, strokes: 2 / 9
iteration step 70, G_loss: 0.32221, step_acc: 7.96314, grid_scale: 2 / 5, strokes: 2 / 9
iteration step 71, G_loss: 0.32199, step_acc: 7.96658, grid_scale: 2 / 5, strokes: 2 / 9
iteration step 72, G_loss: 0.32183, step_acc: 7.97010, grid_scale: 2 / 5, strokes: 2 / 9
iteration step 73, G_loss: 0.32161, step_acc: 7.97429, grid_scale: 2 / 5, strokes: 2 / 9
iteration step 74, G_loss: 0.32139, step_acc: 7.97732, grid_scale: 2 / 5, strokes: 2 / 9
iteration step 75, G_loss: 0.32121, step_acc: 7.98056, grid_scale: 2 / 5, strokes: 2 / 9
iteration step 76, G_loss: 0.32102, step_acc: 7.98442, grid_scale: 2 / 5, strokes: 2 / 9
iteration step 77, G_loss: 0.32086, step_acc: 7.98737, grid_scale: 2 / 5, strokes: 2 / 9
iteration step 78, G_loss: 0.32068, step_acc: 7.98961, grid_scale: 2 / 5, strokes: 2 / 9
iteration step 79, G_loss: 0.32054, step_acc: 7.99154, grid_scale: 2 / 5, strokes: 2 / 9
iteration step 80, G_loss: 0.32043, step_acc: 7.99383, grid_scale: 2 / 5, strokes: 2 / 9
iteration step 81, G_loss: 0.32029, step_acc: 7.99650, grid_scale: 2 / 5, strokes: 2 / 9
iteration step 82, G_loss: 0.32014, step_acc: 7.99901, grid_scale: 2 / 5, strokes: 2 / 9
iteration step 83, G_loss: 0.31998, step_acc: 8.00143, grid_scale: 2 / 5, strokes: 2 / 9
iteration step 84, G_loss: 0.31981, step_acc: 8.00367, grid_scale: 2 / 5, strokes: 2 / 9
iteration step 85, G_loss: 0.31968, step_acc: 8.00677, grid_scale: 2 / 5, strokes: 2 / 9
iteration step 86, G_loss: 0.31948, step_acc: 8.01144, grid_scale: 2 / 5, strokes: 2 / 9
iteration step 87, G_loss: 0.31917, step_acc: 8.01677, grid_scale: 2 / 5, strokes: 2 / 9
iteration step 88, G_loss: 0.31882, step_acc: 8.02265, grid_scale: 2 / 5, strokes: 2 / 9
iteration step 89, G_loss: 0.31848, step_acc: 8.02718, grid_scale: 2 / 5, strokes: 2 / 9
iteration step 90, G_loss: 0.31820, step_acc: 8.03169, grid_scale: 2 / 5, strokes: 2 / 9
iteration step 91, G_loss: 0.31792, step_acc: 8.03613, grid_scale: 2 / 5, strokes: 2 / 9
iteration step 92, G_loss: 0.31766, step_acc: 8.04414, grid_scale: 2 / 5, strokes: 2 / 9
iteration step 93, G_loss: 0.31726, step_acc: 8.05717, grid_scale: 2 / 5, strokes: 2 / 9
iteration step 94, G_loss: 0.31664, step_acc: 8.07100, grid_scale: 2 / 5, strokes: 2 / 9
iteration step 95, G_loss: 0.31603, step_acc: 8.08342, grid_scale: 2 / 5, strokes: 2 / 9
iteration step 96, G_loss: 0.31543, step_acc: 8.09539, grid_scale: 2 / 5, strokes: 2 / 9
iteration step 97, G_loss: 0.31484, step_acc: 8.10794, grid_scale: 2 / 5, strokes: 2 / 9
iteration step 98, G_loss: 0.31421, step_acc: 8.11929, grid_scale: 2 / 5, strokes: 2 / 9
iteration step 99, G_loss: 0.31358, step_acc: 8.12787, grid_scale: 2 / 5, strokes: 2 / 9
iteration step 100, G_loss: 0.31306, step_acc: 8.13781, grid_scale: 2 / 5, strokes: 2 / 9
iteration step 101, G_loss: 0.31248, step_acc: 8.14527, grid_scale: 2 / 5, strokes: 2 / 9
iteration step 102, G_loss: 0.31200, step_acc: 8.15264, grid_scale: 2 / 5, strokes: 2 / 9
iteration step 103, G_loss: 0.31156, step_acc: 8.15779, grid_scale: 2 / 5, strokes: 2 / 9
iteration step 104, G_loss: 0.31123, step_acc: 8.16130, grid_scale: 2 / 5, strokes: 2 / 9
iteration step 105, G_loss: 0.31103, step_acc: 8.16434, grid_scale: 2 / 5, strokes: 2 / 9
iteration step 106, G_loss: 0.31083, step_acc: 8.16700, grid_scale: 2 / 5, strokes: 2 / 9
iteration step 107, G_loss: 0.31063, step_acc: 8.16932, grid_scale: 2 / 5, strokes: 2 / 9
iteration step 108, G_loss: 0.31049, step_acc: 8.17164, grid_scale: 2 / 5, strokes: 2 / 9
iteration step 109, G_loss: 0.31031, step_acc: 8.17360, grid_scale: 2 / 5, strokes: 2 / 9
iteration step 110, G_loss: 0.31015, step_acc: 8.17583, grid_scale: 2 / 5, strokes: 3 / 9
iteration step 111, G_loss: 0.30998, step_acc: 8.17769, grid_scale: 2 / 5, strokes: 3 / 9
iteration step 112, G_loss: 0.30984, step_acc: 8.17945, grid_scale: 2 / 5, strokes: 3 / 9
iteration step 113, G_loss: 0.30971, step_acc: 8.18142, grid_scale: 2 / 5, strokes: 3 / 9
iteration step 114, G_loss: 0.30957, step_acc: 8.18324, grid_scale: 2 / 5, strokes: 3 / 9
iteration step 115, G_loss: 0.30942, step_acc: 8.18534, grid_scale: 2 / 5, strokes: 3 / 9
iteration step 116, G_loss: 0.30924, step_acc: 8.18737, grid_scale: 2 / 5, strokes: 3 / 9
iteration step 117, G_loss: 0.30908, step_acc: 8.18906, grid_scale: 2 / 5, strokes: 3 / 9
iteration step 118, G_loss: 0.30893, step_acc: 8.19070, grid_scale: 2 / 5, strokes: 3 / 9
iteration step 119, G_loss: 0.30881, step_acc: 8.19235, grid_scale: 2 / 5, strokes: 3 / 9
iteration step 120, G_loss: 0.30870, step_acc: 8.19431, grid_scale: 2 / 5, strokes: 3 / 9
iteration step 121, G_loss: 0.30856, step_acc: 8.19594, grid_scale: 2 / 5, strokes: 3 / 9
iteration step 122, G_loss: 0.30841, step_acc: 8.19779, grid_scale: 2 / 5, strokes: 3 / 9
iteration step 123, G_loss: 0.30828, step_acc: 8.19936, grid_scale: 2 / 5, strokes: 3 / 9
iteration step 124, G_loss: 0.30815, step_acc: 8.20088, grid_scale: 2 / 5, strokes: 3 / 9
iteration step 125, G_loss: 0.30802, step_acc: 8.20260, grid_scale: 2 / 5, strokes: 3 / 9
iteration step 126, G_loss: 0.30789, step_acc: 8.20335, grid_scale: 2 / 5, strokes: 3 / 9
iteration step 127, G_loss: 0.30782, step_acc: 8.20407, grid_scale: 2 / 5, strokes: 3 / 9
iteration step 128, G_loss: 0.30776, step_acc: 8.20475, grid_scale: 2 / 5, strokes: 3 / 9
iteration step 129, G_loss: 0.30769, step_acc: 8.20579, grid_scale: 2 / 5, strokes: 3 / 9
iteration step 130, G_loss: 0.30761, step_acc: 8.20725, grid_scale: 2 / 5, strokes: 3 / 9
iteration step 131, G_loss: 0.30749, step_acc: 8.20942, grid_scale: 2 / 5, strokes: 3 / 9
iteration step 132, G_loss: 0.30732, step_acc: 8.21115, grid_scale: 2 / 5, strokes: 3 / 9
iteration step 133, G_loss: 0.30719, step_acc: 8.21273, grid_scale: 2 / 5, strokes: 3 / 9
iteration step 134, G_loss: 0.30706, step_acc: 8.21484, grid_scale: 2 / 5, strokes: 3 / 9
iteration step 135, G_loss: 0.30689, step_acc: 8.21839, grid_scale: 2 / 5, strokes: 3 / 9
iteration step 136, G_loss: 0.30665, step_acc: 8.22089, grid_scale: 2 / 5, strokes: 3 / 9
iteration step 137, G_loss: 0.30646, step_acc: 8.22395, grid_scale: 2 / 5, strokes: 3 / 9
iteration step 138, G_loss: 0.30621, step_acc: 8.22742, grid_scale: 2 / 5, strokes: 3 / 9
iteration step 139, G_loss: 0.30594, step_acc: 8.23096, grid_scale: 2 / 5, strokes: 3 / 9
iteration step 140, G_loss: 0.30563, step_acc: 8.23366, grid_scale: 2 / 5, strokes: 3 / 9
iteration step 141, G_loss: 0.30537, step_acc: 8.23645, grid_scale: 2 / 5, strokes: 3 / 9
iteration step 142, G_loss: 0.30514, step_acc: 8.23803, grid_scale: 2 / 5, strokes: 3 / 9
iteration step 143, G_loss: 0.30496, step_acc: 8.23990, grid_scale: 2 / 5, strokes: 3 / 9
iteration step 144, G_loss: 0.30482, step_acc: 8.24129, grid_scale: 2 / 5, strokes: 3 / 9
iteration step 145, G_loss: 0.30466, step_acc: 8.24312, grid_scale: 2 / 5, strokes: 3 / 9
iteration step 146, G_loss: 0.30454, step_acc: 8.24353, grid_scale: 2 / 5, strokes: 3 / 9
iteration step 147, G_loss: 0.30447, step_acc: 8.24468, grid_scale: 2 / 5, strokes: 3 / 9
iteration step 148, G_loss: 0.30440, step_acc: 8.24477, grid_scale: 2 / 5, strokes: 3 / 9
iteration step 149, G_loss: 0.30435, step_acc: 8.24592, grid_scale: 2 / 5, strokes: 3 / 9
iteration step 150, G_loss: 0.30428, step_acc: 8.24668, grid_scale: 2 / 5, strokes: 3 / 9
iteration step 151, G_loss: 0.30422, step_acc: 8.24706, grid_scale: 2 / 5, strokes: 3 / 9
iteration step 152, G_loss: 0.30417, step_acc: 8.24778, grid_scale: 2 / 5, strokes: 3 / 9
iteration step 153, G_loss: 0.30411, step_acc: 8.24825, grid_scale: 2 / 5, strokes: 3 / 9
iteration step 154, G_loss: 0.30406, step_acc: 8.24813, grid_scale: 2 / 5, strokes: 3 / 9
iteration step 155, G_loss: 0.30403, step_acc: 8.24856, grid_scale: 2 / 5, strokes: 3 / 9
iteration step 156, G_loss: 0.30401, step_acc: 8.24863, grid_scale: 2 / 5, strokes: 3 / 9
iteration step 157, G_loss: 0.30399, step_acc: 8.24868, grid_scale: 2 / 5, strokes: 3 / 9
iteration step 158, G_loss: 0.30397, step_acc: 8.24909, grid_scale: 2 / 5, strokes: 3 / 9
iteration step 159, G_loss: 0.30395, step_acc: 8.24937, grid_scale: 2 / 5, strokes: 3 / 9
iteration step 160, G_loss: 0.30392, step_acc: 8.24992, grid_scale: 2 / 5, strokes: 3 / 9
iteration step 161, G_loss: 0.30390, step_acc: 8.25026, grid_scale: 2 / 5, strokes: 3 / 9
iteration step 162, G_loss: 0.30387, step_acc: 8.25064, grid_scale: 2 / 5, strokes: 3 / 9
iteration step 163, G_loss: 0.30385, step_acc: 8.25105, grid_scale: 2 / 5, strokes: 3 / 9
iteration step 164, G_loss: 0.30383, step_acc: 8.25220, grid_scale: 2 / 5, strokes: 3 / 9
iteration step 165, G_loss: 0.30379, step_acc: 8.25364, grid_scale: 2 / 5, strokes: 4 / 9
iteration step 166, G_loss: 0.30372, step_acc: 8.25608, grid_scale: 2 / 5, strokes: 4 / 9
iteration step 167, G_loss: 0.30363, step_acc: 8.35723, grid_scale: 2 / 5, strokes: 4 / 9
iteration step 168, G_loss: 0.29991, step_acc: 8.40502, grid_scale: 2 / 5, strokes: 4 / 9
iteration step 169, G_loss: 0.29709, step_acc: 8.41905, grid_scale: 2 / 5, strokes: 4 / 9
iteration step 170, G_loss: 0.29631, step_acc: 8.42855, grid_scale: 2 / 5, strokes: 4 / 9
iteration step 171, G_loss: 0.29579, step_acc: 8.43344, grid_scale: 2 / 5, strokes: 4 / 9
iteration step 172, G_loss: 0.29553, step_acc: 8.43822, grid_scale: 2 / 5, strokes: 4 / 9
iteration step 173, G_loss: 0.29525, step_acc: 8.44326, grid_scale: 2 / 5, strokes: 4 / 9
iteration step 174, G_loss: 0.29501, step_acc: 8.44632, grid_scale: 2 / 5, strokes: 4 / 9
iteration step 175, G_loss: 0.29484, step_acc: 8.44923, grid_scale: 2 / 5, strokes: 4 / 9
iteration step 176, G_loss: 0.29468, step_acc: 8.45199, grid_scale: 2 / 5, strokes: 4 / 9
iteration step 177, G_loss: 0.29453, step_acc: 8.45469, grid_scale: 2 / 5, strokes: 4 / 9
iteration step 178, G_loss: 0.29438, step_acc: 8.45661, grid_scale: 2 / 5, strokes: 4 / 9
iteration step 179, G_loss: 0.29425, step_acc: 8.45915, grid_scale: 2 / 5, strokes: 4 / 9
iteration step 180, G_loss: 0.29413, step_acc: 8.46105, grid_scale: 2 / 5, strokes: 4 / 9
iteration step 181, G_loss: 0.29401, step_acc: 8.46397, grid_scale: 2 / 5, strokes: 4 / 9
iteration step 182, G_loss: 0.29387, step_acc: 8.46642, grid_scale: 2 / 5, strokes: 4 / 9
iteration step 183, G_loss: 0.29373, step_acc: 8.46879, grid_scale: 2 / 5, strokes: 4 / 9
iteration step 184, G_loss: 0.29361, step_acc: 8.47119, grid_scale: 2 / 5, strokes: 4 / 9
iteration step 185, G_loss: 0.29348, step_acc: 8.47370, grid_scale: 2 / 5, strokes: 4 / 9
iteration step 186, G_loss: 0.29335, step_acc: 8.47573, grid_scale: 2 / 5, strokes: 4 / 9
iteration step 187, G_loss: 0.29322, step_acc: 8.47767, grid_scale: 2 / 5, strokes: 4 / 9
iteration step 188, G_loss: 0.29311, step_acc: 8.47939, grid_scale: 2 / 5, strokes: 4 / 9
iteration step 189, G_loss: 0.29301, step_acc: 8.48157, grid_scale: 2 / 5, strokes: 4 / 9
iteration step 190, G_loss: 0.29291, step_acc: 8.48310, grid_scale: 2 / 5, strokes: 4 / 9
iteration step 191, G_loss: 0.29281, step_acc: 8.48550, grid_scale: 2 / 5, strokes: 4 / 9
iteration step 192, G_loss: 0.29268, step_acc: 8.48756, grid_scale: 2 / 5, strokes: 4 / 9
iteration step 193, G_loss: 0.29255, step_acc: 8.48992, grid_scale: 2 / 5, strokes: 4 / 9
iteration step 194, G_loss: 0.29242, step_acc: 8.49229, grid_scale: 2 / 5, strokes: 4 / 9
iteration step 195, G_loss: 0.29226, step_acc: 8.49446, grid_scale: 2 / 5, strokes: 4 / 9
iteration step 196, G_loss: 0.29213, step_acc: 8.49683, grid_scale: 2 / 5, strokes: 4 / 9
iteration step 197, G_loss: 0.29198, step_acc: 8.49310, grid_scale: 2 / 5, strokes: 4 / 9
iteration step 198, G_loss: 0.29229, step_acc: 8.49877, grid_scale: 2 / 5, strokes: 4 / 9
iteration step 199, G_loss: 0.29196, step_acc: 8.50252, grid_scale: 2 / 5, strokes: 4 / 9
iteration step 200, G_loss: 0.29170, step_acc: 8.50464, grid_scale: 2 / 5, strokes: 4 / 9
iteration step 201, G_loss: 0.29156, step_acc: 8.50922, grid_scale: 2 / 5, strokes: 4 / 9
iteration step 202, G_loss: 0.29134, step_acc: 8.51186, grid_scale: 2 / 5, strokes: 4 / 9
iteration step 203, G_loss: 0.29119, step_acc: 8.51493, grid_scale: 2 / 5, strokes: 4 / 9
iteration step 204, G_loss: 0.29104, step_acc: 8.51678, grid_scale: 2 / 5, strokes: 4 / 9
iteration step 205, G_loss: 0.29095, step_acc: 8.51877, grid_scale: 2 / 5, strokes: 4 / 9
iteration step 206, G_loss: 0.29085, step_acc: 8.52179, grid_scale: 2 / 5, strokes: 4 / 9
iteration step 207, G_loss: 0.29071, step_acc: 8.52522, grid_scale: 2 / 5, strokes: 4 / 9
iteration step 208, G_loss: 0.29054, step_acc: 8.52861, grid_scale: 2 / 5, strokes: 4 / 9
iteration step 209, G_loss: 0.29038, step_acc: 8.53141, grid_scale: 2 / 5, strokes: 4 / 9
iteration step 210, G_loss: 0.29023, step_acc: 8.53461, grid_scale: 2 / 5, strokes: 4 / 9
iteration step 211, G_loss: 0.29005, step_acc: 8.53834, grid_scale: 2 / 5, strokes: 4 / 9
iteration step 212, G_loss: 0.28983, step_acc: 8.54164, grid_scale: 2 / 5, strokes: 4 / 9
iteration step 213, G_loss: 0.28963, step_acc: 8.54510, grid_scale: 2 / 5, strokes: 4 / 9
iteration step 214, G_loss: 0.28945, step_acc: 8.54737, grid_scale: 2 / 5, strokes: 4 / 9
iteration step 215, G_loss: 0.28931, step_acc: 8.54645, grid_scale: 2 / 5, strokes: 4 / 9
iteration step 216, G_loss: 0.28937, step_acc: 8.55232, grid_scale: 2 / 5, strokes: 4 / 9
iteration step 217, G_loss: 0.28904, step_acc: 8.55329, grid_scale: 2 / 5, strokes: 4 / 9
iteration step 218, G_loss: 0.28902, step_acc: 8.55401, grid_scale: 2 / 5, strokes: 4 / 9
iteration step 219, G_loss: 0.28905, step_acc: 8.55957, grid_scale: 2 / 5, strokes: 4 / 9
iteration step 220, G_loss: 0.28874, step_acc: 8.56230, grid_scale: 2 / 5, strokes: 5 / 9
iteration step 221, G_loss: 0.28859, step_acc: 8.56374, grid_scale: 2 / 5, strokes: 5 / 9
iteration step 222, G_loss: 0.28852, step_acc: 8.56686, grid_scale: 2 / 5, strokes: 5 / 9
iteration step 223, G_loss: 0.28834, step_acc: 8.56882, grid_scale: 2 / 5, strokes: 5 / 9
iteration step 224, G_loss: 0.28826, step_acc: 8.57218, grid_scale: 2 / 5, strokes: 5 / 9
iteration step 225, G_loss: 0.28804, step_acc: 8.57564, grid_scale: 2 / 5, strokes: 5 / 9
iteration step 226, G_loss: 0.28783, step_acc: 8.57929, grid_scale: 2 / 5, strokes: 5 / 9
iteration step 227, G_loss: 0.28759, step_acc: 8.58393, grid_scale: 2 / 5, strokes: 5 / 9
iteration step 228, G_loss: 0.28734, step_acc: 8.58784, grid_scale: 2 / 5, strokes: 5 / 9
iteration step 229, G_loss: 0.28712, step_acc: 8.59141, grid_scale: 2 / 5, strokes: 5 / 9
iteration step 230, G_loss: 0.28694, step_acc: 8.59474, grid_scale: 2 / 5, strokes: 5 / 9
iteration step 231, G_loss: 0.28677, step_acc: 8.59768, grid_scale: 2 / 5, strokes: 5 / 9
iteration step 232, G_loss: 0.28659, step_acc: 8.60165, grid_scale: 2 / 5, strokes: 5 / 9
iteration step 233, G_loss: 0.28642, step_acc: 8.60431, grid_scale: 2 / 5, strokes: 5 / 9
iteration step 234, G_loss: 0.28626, step_acc: 8.60738, grid_scale: 2 / 5, strokes: 5 / 9
iteration step 235, G_loss: 0.28609, step_acc: 8.61062, grid_scale: 2 / 5, strokes: 5 / 9
iteration step 236, G_loss: 0.28594, step_acc: 8.61302, grid_scale: 2 / 5, strokes: 5 / 9
iteration step 237, G_loss: 0.28581, step_acc: 8.61591, grid_scale: 2 / 5, strokes: 5 / 9
iteration step 238, G_loss: 0.28567, step_acc: 8.61911, grid_scale: 2 / 5, strokes: 5 / 9
iteration step 239, G_loss: 0.28545, step_acc: 8.62184, grid_scale: 2 / 5, strokes: 5 / 9
iteration step 240, G_loss: 0.28531, step_acc: 8.62436, grid_scale: 2 / 5, strokes: 5 / 9
iteration step 241, G_loss: 0.28515, step_acc: 8.62716, grid_scale: 2 / 5, strokes: 5 / 9
iteration step 242, G_loss: 0.28501, step_acc: 8.63009, grid_scale: 2 / 5, strokes: 5 / 9
iteration step 243, G_loss: 0.28483, step_acc: 8.63265, grid_scale: 2 / 5, strokes: 5 / 9
iteration step 244, G_loss: 0.28469, step_acc: 8.63555, grid_scale: 2 / 5, strokes: 5 / 9
iteration step 245, G_loss: 0.28454, step_acc: 8.63774, grid_scale: 2 / 5, strokes: 5 / 9
iteration step 246, G_loss: 0.28443, step_acc: 8.64041, grid_scale: 2 / 5, strokes: 5 / 9
iteration step 247, G_loss: 0.28434, step_acc: 8.64270, grid_scale: 2 / 5, strokes: 5 / 9
iteration step 248, G_loss: 0.28419, step_acc: 8.64590, grid_scale: 2 / 5, strokes: 5 / 9
iteration step 249, G_loss: 0.28408, step_acc: 8.64838, grid_scale: 2 / 5, strokes: 5 / 9
iteration step 250, G_loss: 0.28394, step_acc: 8.64969, grid_scale: 2 / 5, strokes: 5 / 9
iteration step 251, G_loss: 0.28384, step_acc: 8.65176, grid_scale: 2 / 5, strokes: 5 / 9
iteration step 252, G_loss: 0.28378, step_acc: 8.65260, grid_scale: 2 / 5, strokes: 5 / 9
iteration step 253, G_loss: 0.28375, step_acc: 8.65323, grid_scale: 2 / 5, strokes: 5 / 9
iteration step 254, G_loss: 0.28367, step_acc: 8.65441, grid_scale: 2 / 5, strokes: 5 / 9
iteration step 255, G_loss: 0.28363, step_acc: 8.65470, grid_scale: 2 / 5, strokes: 5 / 9
iteration step 256, G_loss: 0.28359, step_acc: 8.65594, grid_scale: 2 / 5, strokes: 5 / 9
iteration step 257, G_loss: 0.28356, step_acc: 8.65647, grid_scale: 2 / 5, strokes: 5 / 9
iteration step 258, G_loss: 0.28349, step_acc: 8.65782, grid_scale: 2 / 5, strokes: 5 / 9
iteration step 259, G_loss: 0.28346, step_acc: 8.65877, grid_scale: 2 / 5, strokes: 5 / 9
iteration step 260, G_loss: 0.28336, step_acc: 8.66079, grid_scale: 2 / 5, strokes: 5 / 9
iteration step 261, G_loss: 0.28329, step_acc: 8.66134, grid_scale: 2 / 5, strokes: 5 / 9
iteration step 262, G_loss: 0.28322, step_acc: 8.66330, grid_scale: 2 / 5, strokes: 5 / 9
iteration step 263, G_loss: 0.28316, step_acc: 8.66332, grid_scale: 2 / 5, strokes: 5 / 9
iteration step 264, G_loss: 0.28311, step_acc: 8.66560, grid_scale: 2 / 5, strokes: 5 / 9
iteration step 265, G_loss: 0.28309, step_acc: 8.66595, grid_scale: 2 / 5, strokes: 5 / 9
iteration step 266, G_loss: 0.28299, step_acc: 8.67048, grid_scale: 2 / 5, strokes: 5 / 9
iteration step 267, G_loss: 0.28265, step_acc: 8.67446, grid_scale: 2 / 5, strokes: 5 / 9
iteration step 268, G_loss: 0.28232, step_acc: 8.68079, grid_scale: 2 / 5, strokes: 5 / 9
iteration step 269, G_loss: 0.28198, step_acc: 8.68604, grid_scale: 2 / 5, strokes: 5 / 9
iteration step 270, G_loss: 0.28164, step_acc: 8.69109, grid_scale: 2 / 5, strokes: 5 / 9
iteration step 271, G_loss: 0.28137, step_acc: 8.69392, grid_scale: 2 / 5, strokes: 5 / 9
iteration step 272, G_loss: 0.28114, step_acc: 8.69625, grid_scale: 2 / 5, strokes: 5 / 9
iteration step 273, G_loss: 0.28099, step_acc: 8.69782, grid_scale: 2 / 5, strokes: 5 / 9
iteration step 274, G_loss: 0.28085, step_acc: 8.70056, grid_scale: 2 / 5, strokes: 5 / 9
iteration step 275, G_loss: 0.28070, step_acc: 8.70370, grid_scale: 2 / 5, strokes: 6 / 9
iteration step 276, G_loss: 0.28050, step_acc: 8.70846, grid_scale: 2 / 5, strokes: 6 / 9
iteration step 277, G_loss: 0.28026, step_acc: 8.71289, grid_scale: 2 / 5, strokes: 6 / 9
iteration step 278, G_loss: 0.28000, step_acc: 8.71924, grid_scale: 2 / 5, strokes: 6 / 9
iteration step 279, G_loss: 0.27970, step_acc: 8.72547, grid_scale: 2 / 5, strokes: 6 / 9
iteration step 280, G_loss: 0.27939, step_acc: 8.73202, grid_scale: 2 / 5, strokes: 6 / 9
iteration step 281, G_loss: 0.27913, step_acc: 8.73515, grid_scale: 2 / 5, strokes: 6 / 9
iteration step 282, G_loss: 0.27891, step_acc: 8.74114, grid_scale: 2 / 5, strokes: 6 / 9
iteration step 283, G_loss: 0.27864, step_acc: 8.74653, grid_scale: 2 / 5, strokes: 6 / 9
iteration step 284, G_loss: 0.27835, step_acc: 8.75086, grid_scale: 2 / 5, strokes: 6 / 9
iteration step 285, G_loss: 0.27820, step_acc: 8.75440, grid_scale: 2 / 5, strokes: 6 / 9
iteration step 286, G_loss: 0.27799, step_acc: 8.76002, grid_scale: 2 / 5, strokes: 6 / 9
iteration step 287, G_loss: 0.27773, step_acc: 8.76536, grid_scale: 2 / 5, strokes: 6 / 9
iteration step 288, G_loss: 0.27754, step_acc: 8.77038, grid_scale: 2 / 5, strokes: 6 / 9
iteration step 289, G_loss: 0.27730, step_acc: 8.77684, grid_scale: 2 / 5, strokes: 6 / 9
iteration step 290, G_loss: 0.27703, step_acc: 8.78021, grid_scale: 2 / 5, strokes: 6 / 9
iteration step 291, G_loss: 0.27679, step_acc: 8.78272, grid_scale: 2 / 5, strokes: 6 / 9
iteration step 292, G_loss: 0.27667, step_acc: 8.78525, grid_scale: 2 / 5, strokes: 6 / 9
iteration step 293, G_loss: 0.27652, step_acc: 8.78843, grid_scale: 2 / 5, strokes: 6 / 9
iteration step 294, G_loss: 0.27641, step_acc: 8.79012, grid_scale: 2 / 5, strokes: 6 / 9
iteration step 295, G_loss: 0.27628, step_acc: 8.79281, grid_scale: 2 / 5, strokes: 6 / 9
iteration step 296, G_loss: 0.27619, step_acc: 8.79368, grid_scale: 2 / 5, strokes: 6 / 9
iteration step 297, G_loss: 0.27608, step_acc: 8.79648, grid_scale: 2 / 5, strokes: 6 / 9
iteration step 298, G_loss: 0.27598, step_acc: 8.79839, grid_scale: 2 / 5, strokes: 6 / 9
iteration step 299, G_loss: 0.27582, step_acc: 8.80252, grid_scale: 2 / 5, strokes: 6 / 9
iteration step 300, G_loss: 0.27572, step_acc: 8.80307, grid_scale: 2 / 5, strokes: 6 / 9
iteration step 301, G_loss: 0.27560, step_acc: 8.80480, grid_scale: 2 / 5, strokes: 6 / 9
iteration step 302, G_loss: 0.27549, step_acc: 8.80749, grid_scale: 2 / 5, strokes: 6 / 9
iteration step 303, G_loss: 0.27537, step_acc: 8.80900, grid_scale: 2 / 5, strokes: 6 / 9
iteration step 304, G_loss: 0.27523, step_acc: 8.81244, grid_scale: 2 / 5, strokes: 6 / 9
iteration step 305, G_loss: 0.27509, step_acc: 8.81480, grid_scale: 2 / 5, strokes: 6 / 9
iteration step 306, G_loss: 0.27495, step_acc: 8.81848, grid_scale: 2 / 5, strokes: 6 / 9
iteration step 307, G_loss: 0.27480, step_acc: 8.82367, grid_scale: 2 / 5, strokes: 6 / 9
iteration step 308, G_loss: 0.27456, step_acc: 8.82809, grid_scale: 2 / 5, strokes: 6 / 9
iteration step 309, G_loss: 0.27429, step_acc: 8.83417, grid_scale: 2 / 5, strokes: 6 / 9
iteration step 310, G_loss: 0.27403, step_acc: 8.83726, grid_scale: 2 / 5, strokes: 6 / 9
iteration step 311, G_loss: 0.27383, step_acc: 8.84159, grid_scale: 2 / 5, strokes: 6 / 9
iteration step 312, G_loss: 0.27363, step_acc: 8.84644, grid_scale: 2 / 5, strokes: 6 / 9
iteration step 313, G_loss: 0.27352, step_acc: 8.98444, grid_scale: 2 / 5, strokes: 6 / 9
iteration step 314, G_loss: 0.26979, step_acc: 9.01846, grid_scale: 2 / 5, strokes: 6 / 9
iteration step 315, G_loss: 0.26866, step_acc: 9.03988, grid_scale: 2 / 5, strokes: 6 / 9
iteration step 316, G_loss: 0.26781, step_acc: 9.06648, grid_scale: 2 / 5, strokes: 6 / 9
iteration step 317, G_loss: 0.26694, step_acc: 9.08367, grid_scale: 2 / 5, strokes: 6 / 9
iteration step 318, G_loss: 0.26609, step_acc: 9.11184, grid_scale: 2 / 5, strokes: 6 / 9
iteration step 319, G_loss: 0.26519, step_acc: 9.12865, grid_scale: 2 / 5, strokes: 6 / 9
iteration step 320, G_loss: 0.26434, step_acc: 9.15463, grid_scale: 2 / 5, strokes: 6 / 9
iteration step 321, G_loss: 0.26346, step_acc: 9.18008, grid_scale: 2 / 5, strokes: 6 / 9
iteration step 322, G_loss: 0.26239, step_acc: 9.21219, grid_scale: 2 / 5, strokes: 6 / 9
iteration step 323, G_loss: 0.26118, step_acc: 9.24963, grid_scale: 2 / 5, strokes: 6 / 9
iteration step 324, G_loss: 0.25962, step_acc: 9.28759, grid_scale: 2 / 5, strokes: 6 / 9
iteration step 325, G_loss: 0.25810, step_acc: 9.31381, grid_scale: 2 / 5, strokes: 6 / 9
iteration step 326, G_loss: 0.25680, step_acc: 9.33519, grid_scale: 2 / 5, strokes: 6 / 9
iteration step 327, G_loss: 0.25593, step_acc: 9.34768, grid_scale: 2 / 5, strokes: 6 / 9
iteration step 328, G_loss: 0.25519, step_acc: 9.36191, grid_scale: 2 / 5, strokes: 6 / 9
iteration step 329, G_loss: 0.25463, step_acc: 9.36745, grid_scale: 2 / 5, strokes: 6 / 9
iteration step 330, G_loss: 0.25425, step_acc: 9.37784, grid_scale: 2 / 5, strokes: 7 / 9
iteration step 331, G_loss: 0.25391, step_acc: 9.38293, grid_scale: 2 / 5, strokes: 7 / 9
iteration step 332, G_loss: 0.25358, step_acc: 9.39199, grid_scale: 2 / 5, strokes: 7 / 9
iteration step 333, G_loss: 0.25331, step_acc: 9.39878, grid_scale: 2 / 5, strokes: 7 / 9
iteration step 334, G_loss: 0.25293, step_acc: 9.40969, grid_scale: 2 / 5, strokes: 7 / 9
iteration step 335, G_loss: 0.25267, step_acc: 9.40977, grid_scale: 2 / 5, strokes: 7 / 9
iteration step 336, G_loss: 0.25243, step_acc: 9.42165, grid_scale: 2 / 5, strokes: 7 / 9
iteration step 337, G_loss: 0.25226, step_acc: 9.41852, grid_scale: 2 / 5, strokes: 7 / 9
iteration step 338, G_loss: 0.25203, step_acc: 9.43572, grid_scale: 2 / 5, strokes: 7 / 9
iteration step 339, G_loss: 0.25185, step_acc: 9.43247, grid_scale: 2 / 5, strokes: 7 / 9
iteration step 340, G_loss: 0.25153, step_acc: 9.44669, grid_scale: 2 / 5, strokes: 7 / 9
iteration step 341, G_loss: 0.25137, step_acc: 9.44420, grid_scale: 2 / 5, strokes: 7 / 9
iteration step 342, G_loss: 0.25112, step_acc: 9.45906, grid_scale: 2 / 5, strokes: 7 / 9
iteration step 343, G_loss: 0.25097, step_acc: 9.45906, grid_scale: 2 / 5, strokes: 7 / 9
iteration step 344, G_loss: 0.25072, step_acc: 9.47119, grid_scale: 2 / 5, strokes: 7 / 9
iteration step 345, G_loss: 0.25050, step_acc: 9.47444, grid_scale: 2 / 5, strokes: 7 / 9
iteration step 346, G_loss: 0.25038, step_acc: 9.48125, grid_scale: 2 / 5, strokes: 7 / 9
iteration step 347, G_loss: 0.25030, step_acc: 9.48684, grid_scale: 2 / 5, strokes: 7 / 9
iteration step 348, G_loss: 0.25014, step_acc: 9.49123, grid_scale: 2 / 5, strokes: 7 / 9
iteration step 349, G_loss: 0.25002, step_acc: 9.49716, grid_scale: 2 / 5, strokes: 7 / 9
iteration step 350, G_loss: 0.24986, step_acc: 9.49982, grid_scale: 2 / 5, strokes: 7 / 9
iteration step 351, G_loss: 0.24974, step_acc: 9.50220, grid_scale: 2 / 5, strokes: 7 / 9
iteration step 352, G_loss: 0.24976, step_acc: 9.50598, grid_scale: 2 / 5, strokes: 7 / 9
iteration step 353, G_loss: 0.24975, step_acc: 9.51423, grid_scale: 2 / 5, strokes: 7 / 9
iteration step 354, G_loss: 0.24953, step_acc: 9.51503, grid_scale: 2 / 5, strokes: 7 / 9
iteration step 355, G_loss: 0.24934, step_acc: 9.52568, grid_scale: 2 / 5, strokes: 7 / 9
iteration step 356, G_loss: 0.24924, step_acc: 9.52514, grid_scale: 2 / 5, strokes: 7 / 9
iteration step 357, G_loss: 0.24912, step_acc: 9.53482, grid_scale: 2 / 5, strokes: 7 / 9
iteration step 358, G_loss: 0.24907, step_acc: 9.53336, grid_scale: 2 / 5, strokes: 7 / 9
iteration step 359, G_loss: 0.24892, step_acc: 9.54102, grid_scale: 2 / 5, strokes: 7 / 9
iteration step 360, G_loss: 0.24887, step_acc: 9.53915, grid_scale: 2 / 5, strokes: 7 / 9
iteration step 361, G_loss: 0.24877, step_acc: 9.54581, grid_scale: 2 / 5, strokes: 7 / 9
iteration step 362, G_loss: 0.24871, step_acc: 9.54907, grid_scale: 2 / 5, strokes: 7 / 9
iteration step 363, G_loss: 0.24860, step_acc: 9.55891, grid_scale: 2 / 5, strokes: 7 / 9
iteration step 364, G_loss: 0.24837, step_acc: 9.56467, grid_scale: 2 / 5, strokes: 7 / 9
iteration step 365, G_loss: 0.24815, step_acc: 9.57848, grid_scale: 2 / 5, strokes: 7 / 9
iteration step 366, G_loss: 0.24795, step_acc: 9.58891, grid_scale: 2 / 5, strokes: 7 / 9
iteration step 367, G_loss: 0.24779, step_acc: 9.59819, grid_scale: 2 / 5, strokes: 7 / 9
iteration step 368, G_loss: 0.24752, step_acc: 9.60502, grid_scale: 2 / 5, strokes: 7 / 9
iteration step 369, G_loss: 0.24723, step_acc: 9.61993, grid_scale: 2 / 5, strokes: 7 / 9
iteration step 370, G_loss: 0.24696, step_acc: 9.63361, grid_scale: 2 / 5, strokes: 7 / 9
iteration step 371, G_loss: 0.24648, step_acc: 9.65701, grid_scale: 2 / 5, strokes: 7 / 9
iteration step 372, G_loss: 0.24599, step_acc: 9.66728, grid_scale: 2 / 5, strokes: 7 / 9
iteration step 373, G_loss: 0.24542, step_acc: 9.69101, grid_scale: 2 / 5, strokes: 7 / 9
iteration step 374, G_loss: 0.24499, step_acc: 9.70061, grid_scale: 2 / 5, strokes: 7 / 9
iteration step 375, G_loss: 0.24443, step_acc: 9.72026, grid_scale: 2 / 5, strokes: 7 / 9
iteration step 376, G_loss: 0.24400, step_acc: 9.72953, grid_scale: 2 / 5, strokes: 7 / 9
iteration step 377, G_loss: 0.24364, step_acc: 9.75206, grid_scale: 2 / 5, strokes: 7 / 9
iteration step 378, G_loss: 0.24340, step_acc: 9.76266, grid_scale: 2 / 5, strokes: 7 / 9
iteration step 379, G_loss: 0.24285, step_acc: 9.77830, grid_scale: 2 / 5, strokes: 7 / 9
iteration step 380, G_loss: 0.24241, step_acc: 9.79477, grid_scale: 2 / 5, strokes: 7 / 9
iteration step 381, G_loss: 0.24183, step_acc: 9.82374, grid_scale: 2 / 5, strokes: 7 / 9
iteration step 382, G_loss: 0.24045, step_acc: 9.89260, grid_scale: 2 / 5, strokes: 7 / 9
iteration step 383, G_loss: 0.23799, step_acc: 9.92930, grid_scale: 2 / 5, strokes: 7 / 9
iteration step 384, G_loss: 0.23722, step_acc: 9.92760, grid_scale: 2 / 5, strokes: 7 / 9
iteration step 385, G_loss: 0.23709, step_acc: 9.94463, grid_scale: 2 / 5, strokes: 8 / 9
iteration step 386, G_loss: 0.23683, step_acc: 9.94989, grid_scale: 2 / 5, strokes: 8 / 9
iteration step 387, G_loss: 0.23653, step_acc: 9.95789, grid_scale: 2 / 5, strokes: 8 / 9
iteration step 388, G_loss: 0.23633, step_acc: 9.96167, grid_scale: 2 / 5, strokes: 8 / 9
iteration step 389, G_loss: 0.23618, step_acc: 9.96627, grid_scale: 2 / 5, strokes: 8 / 9
iteration step 390, G_loss: 0.23599, step_acc: 9.96871, grid_scale: 2 / 5, strokes: 8 / 9
iteration step 391, G_loss: 0.23590, step_acc: 9.97566, grid_scale: 2 / 5, strokes: 8 / 9
iteration step 392, G_loss: 0.23585, step_acc: 9.97896, grid_scale: 2 / 5, strokes: 8 / 9
iteration step 393, G_loss: 0.23568, step_acc: 9.98669, grid_scale: 2 / 5, strokes: 8 / 9
iteration step 394, G_loss: 0.23554, step_acc: 9.98778, grid_scale: 2 / 5, strokes: 8 / 9
iteration step 395, G_loss: 0.23543, step_acc: 9.99471, grid_scale: 2 / 5, strokes: 8 / 9
iteration step 396, G_loss: 0.23544, step_acc: 9.99566, grid_scale: 2 / 5, strokes: 8 / 9
iteration step 397, G_loss: 0.23526, step_acc: 10.00191, grid_scale: 2 / 5, strokes: 8 / 9
iteration step 398, G_loss: 0.23515, step_acc: 10.00633, grid_scale: 2 / 5, strokes: 8 / 9
iteration step 399, G_loss: 0.23503, step_acc: 10.00958, grid_scale: 2 / 5, strokes: 8 / 9
iteration step 400, G_loss: 0.23483, step_acc: 10.01474, grid_scale: 2 / 5, strokes: 8 / 9
iteration step 401, G_loss: 0.23466, step_acc: 10.01832, grid_scale: 2 / 5, strokes: 8 / 9
iteration step 402, G_loss: 0.23453, step_acc: 10.02529, grid_scale: 2 / 5, strokes: 8 / 9
iteration step 403, G_loss: 0.23442, step_acc: 10.02614, grid_scale: 2 / 5, strokes: 8 / 9
iteration step 404, G_loss: 0.23431, step_acc: 10.03568, grid_scale: 2 / 5, strokes: 8 / 9
iteration step 405, G_loss: 0.23427, step_acc: 10.02684, grid_scale: 2 / 5, strokes: 8 / 9
iteration step 406, G_loss: 0.23431, step_acc: 10.04066, grid_scale: 2 / 5, strokes: 8 / 9
iteration step 407, G_loss: 0.23405, step_acc: 10.04163, grid_scale: 2 / 5, strokes: 8 / 9
iteration step 408, G_loss: 0.23389, step_acc: 10.04819, grid_scale: 2 / 5, strokes: 8 / 9
iteration step 409, G_loss: 0.23384, step_acc: 10.04608, grid_scale: 2 / 5, strokes: 8 / 9
iteration step 410, G_loss: 0.23382, step_acc: 10.05993, grid_scale: 2 / 5, strokes: 8 / 9
iteration step 411, G_loss: 0.23351, step_acc: 10.06638, grid_scale: 2 / 5, strokes: 8 / 9
iteration step 412, G_loss: 0.23332, step_acc: 10.07644, grid_scale: 2 / 5, strokes: 8 / 9
iteration step 413, G_loss: 0.23317, step_acc: 10.07680, grid_scale: 2 / 5, strokes: 8 / 9
iteration step 414, G_loss: 0.23306, step_acc: 10.08415, grid_scale: 2 / 5, strokes: 8 / 9
iteration step 415, G_loss: 0.23284, step_acc: 10.08674, grid_scale: 2 / 5, strokes: 8 / 9
iteration step 416, G_loss: 0.23265, step_acc: 10.09737, grid_scale: 2 / 5, strokes: 8 / 9
iteration step 417, G_loss: 0.23250, step_acc: 10.09663, grid_scale: 2 / 5, strokes: 8 / 9
iteration step 418, G_loss: 0.23237, step_acc: 10.11609, grid_scale: 2 / 5, strokes: 8 / 9
iteration step 419, G_loss: 0.23193, step_acc: 10.12796, grid_scale: 2 / 5, strokes: 8 / 9
iteration step 420, G_loss: 0.23155, step_acc: 10.13544, grid_scale: 2 / 5, strokes: 8 / 9
iteration step 421, G_loss: 0.23125, step_acc: 10.14653, grid_scale: 2 / 5, strokes: 8 / 9
iteration step 422, G_loss: 0.23099, step_acc: 10.15701, grid_scale: 2 / 5, strokes: 8 / 9
iteration step 423, G_loss: 0.23062, step_acc: 10.16599, grid_scale: 2 / 5, strokes: 8 / 9
iteration step 424, G_loss: 0.23035, step_acc: 10.18364, grid_scale: 2 / 5, strokes: 8 / 9
iteration step 425, G_loss: 0.23000, step_acc: 10.19045, grid_scale: 2 / 5, strokes: 8 / 9
iteration step 426, G_loss: 0.22982, step_acc: 10.23664, grid_scale: 2 / 5, strokes: 8 / 9
iteration step 427, G_loss: 0.22836, step_acc: 10.25933, grid_scale: 2 / 5, strokes: 8 / 9
iteration step 428, G_loss: 0.22767, step_acc: 10.27030, grid_scale: 2 / 5, strokes: 8 / 9
iteration step 429, G_loss: 0.22715, step_acc: 10.28133, grid_scale: 2 / 5, strokes: 8 / 9
iteration step 430, G_loss: 0.22671, step_acc: 10.28937, grid_scale: 2 / 5, strokes: 8 / 9
iteration step 431, G_loss: 0.22649, step_acc: 10.29724, grid_scale: 2 / 5, strokes: 8 / 9
iteration step 432, G_loss: 0.22619, step_acc: 10.30359, grid_scale: 2 / 5, strokes: 8 / 9
iteration step 433, G_loss: 0.22590, step_acc: 10.31135, grid_scale: 2 / 5, strokes: 8 / 9
iteration step 434, G_loss: 0.22564, step_acc: 10.31868, grid_scale: 2 / 5, strokes: 8 / 9
iteration step 435, G_loss: 0.22532, step_acc: 10.32552, grid_scale: 2 / 5, strokes: 8 / 9
iteration step 436, G_loss: 0.22497, step_acc: 10.33626, grid_scale: 2 / 5, strokes: 8 / 9
iteration step 437, G_loss: 0.22468, step_acc: 10.34278, grid_scale: 2 / 5, strokes: 8 / 9
iteration step 438, G_loss: 0.22435, step_acc: 10.35454, grid_scale: 2 / 5, strokes: 8 / 9
iteration step 439, G_loss: 0.22397, step_acc: 10.36240, grid_scale: 2 / 5, strokes: 8 / 9
iteration step 440, G_loss: 0.22369, step_acc: 10.37191, grid_scale: 2 / 5, strokes: 9 / 9
iteration step 441, G_loss: 0.22339, step_acc: 10.37997, grid_scale: 2 / 5, strokes: 9 / 9
iteration step 442, G_loss: 0.22320, step_acc: 10.38605, grid_scale: 2 / 5, strokes: 9 / 9
iteration step 443, G_loss: 0.22298, step_acc: 10.39168, grid_scale: 2 / 5, strokes: 9 / 9
iteration step 444, G_loss: 0.22281, step_acc: 10.39389, grid_scale: 2 / 5, strokes: 9 / 9
iteration step 445, G_loss: 0.22268, step_acc: 10.40176, grid_scale: 2 / 5, strokes: 9 / 9
iteration step 446, G_loss: 0.22258, step_acc: 10.39306, grid_scale: 2 / 5, strokes: 9 / 9
iteration step 447, G_loss: 0.22271, step_acc: 10.40824, grid_scale: 2 / 5, strokes: 9 / 9
iteration step 448, G_loss: 0.22230, step_acc: 10.41110, grid_scale: 2 / 5, strokes: 9 / 9
iteration step 449, G_loss: 0.22216, step_acc: 10.41681, grid_scale: 2 / 5, strokes: 9 / 9
iteration step 450, G_loss: 0.22196, step_acc: 10.42194, grid_scale: 2 / 5, strokes: 9 / 9
iteration step 451, G_loss: 0.22182, step_acc: 10.42378, grid_scale: 2 / 5, strokes: 9 / 9
iteration step 452, G_loss: 0.22170, step_acc: 10.42891, grid_scale: 2 / 5, strokes: 9 / 9
iteration step 453, G_loss: 0.22161, step_acc: 10.43322, grid_scale: 2 / 5, strokes: 9 / 9
iteration step 454, G_loss: 0.22150, step_acc: 10.43365, grid_scale: 2 / 5, strokes: 9 / 9
iteration step 455, G_loss: 0.22151, step_acc: 10.44146, grid_scale: 2 / 5, strokes: 9 / 9
iteration step 456, G_loss: 0.22143, step_acc: 10.42622, grid_scale: 2 / 5, strokes: 9 / 9
iteration step 457, G_loss: 0.22174, step_acc: 10.44378, grid_scale: 2 / 5, strokes: 9 / 9
iteration step 458, G_loss: 0.22121, step_acc: 10.44626, grid_scale: 2 / 5, strokes: 9 / 9
iteration step 459, G_loss: 0.22107, step_acc: 10.45227, grid_scale: 2 / 5, strokes: 9 / 9
iteration step 460, G_loss: 0.22094, step_acc: 10.45368, grid_scale: 2 / 5, strokes: 9 / 9
iteration step 461, G_loss: 0.22090, step_acc: 10.45610, grid_scale: 2 / 5, strokes: 9 / 9
iteration step 462, G_loss: 0.22080, step_acc: 10.45782, grid_scale: 2 / 5, strokes: 9 / 9
iteration step 463, G_loss: 0.22079, step_acc: 10.46384, grid_scale: 2 / 5, strokes: 9 / 9
iteration step 464, G_loss: 0.22061, step_acc: 10.46640, grid_scale: 2 / 5, strokes: 9 / 9
iteration step 465, G_loss: 0.22051, step_acc: 10.46877, grid_scale: 2 / 5, strokes: 9 / 9
iteration step 466, G_loss: 0.22045, step_acc: 10.46931, grid_scale: 2 / 5, strokes: 9 / 9
iteration step 467, G_loss: 0.22037, step_acc: 10.47462, grid_scale: 2 / 5, strokes: 9 / 9
iteration step 468, G_loss: 0.22027, step_acc: 10.47846, grid_scale: 2 / 5, strokes: 9 / 9
iteration step 469, G_loss: 0.22012, step_acc: 10.48138, grid_scale: 2 / 5, strokes: 9 / 9
iteration step 470, G_loss: 0.21997, step_acc: 10.48559, grid_scale: 2 / 5, strokes: 9 / 9
iteration step 471, G_loss: 0.21986, step_acc: 10.48757, grid_scale: 2 / 5, strokes: 9 / 9
iteration step 472, G_loss: 0.21975, step_acc: 10.48746, grid_scale: 2 / 5, strokes: 9 / 9
iteration step 473, G_loss: 0.21969, step_acc: 10.49508, grid_scale: 2 / 5, strokes: 9 / 9
iteration step 474, G_loss: 0.21971, step_acc: 10.47851, grid_scale: 2 / 5, strokes: 9 / 9
iteration step 475, G_loss: 0.22004, step_acc: 10.49501, grid_scale: 2 / 5, strokes: 9 / 9
iteration step 476, G_loss: 0.21949, step_acc: 10.50393, grid_scale: 2 / 5, strokes: 9 / 9
iteration step 477, G_loss: 0.21927, step_acc: 10.50866, grid_scale: 2 / 5, strokes: 9 / 9
iteration step 478, G_loss: 0.21909, step_acc: 10.51035, grid_scale: 2 / 5, strokes: 9 / 9
iteration step 479, G_loss: 0.21896, step_acc: 10.51440, grid_scale: 2 / 5, strokes: 9 / 9
iteration step 480, G_loss: 0.21880, step_acc: 10.51876, grid_scale: 2 / 5, strokes: 9 / 9
iteration step 481, G_loss: 0.21865, step_acc: 10.52275, grid_scale: 2 / 5, strokes: 9 / 9
iteration step 482, G_loss: 0.21844, step_acc: 10.52464, grid_scale: 2 / 5, strokes: 9 / 9
iteration step 483, G_loss: 0.21832, step_acc: 10.52934, grid_scale: 2 / 5, strokes: 9 / 9
iteration step 484, G_loss: 0.21818, step_acc: 10.53374, grid_scale: 2 / 5, strokes: 9 / 9
iteration step 485, G_loss: 0.21801, step_acc: 10.53687, grid_scale: 2 / 5, strokes: 9 / 9
iteration step 486, G_loss: 0.21781, step_acc: 10.54163, grid_scale: 2 / 5, strokes: 9 / 9
iteration step 487, G_loss: 0.21764, step_acc: 10.54719, grid_scale: 2 / 5, strokes: 9 / 9
iteration step 488, G_loss: 0.21750, step_acc: 10.54990, grid_scale: 2 / 5, strokes: 9 / 9
iteration step 489, G_loss: 0.21737, step_acc: 10.55320, grid_scale: 2 / 5, strokes: 9 / 9
iteration step 490, G_loss: 0.21723, step_acc: 10.55644, grid_scale: 2 / 5, strokes: 9 / 9
iteration step 491, G_loss: 0.21713, step_acc: 10.55624, grid_scale: 2 / 5, strokes: 9 / 9
iteration step 492, G_loss: 0.21711, step_acc: 10.56502, grid_scale: 2 / 5, strokes: 9 / 9
iteration step 493, G_loss: 0.21705, step_acc: 10.54936, grid_scale: 2 / 5, strokes: 9 / 9
iteration step 494, G_loss: 0.21742, step_acc: 10.57074, grid_scale: 2 / 5, strokes: 9 / 9
rendering canvas...
iteration step 0, G_loss: 0.21677, step_acc: 10.39967, grid_scale: 3 / 5, strokes: 1 / 9
iteration step 1, G_loss: 0.22801, step_acc: 10.39950, grid_scale: 3 / 5, strokes: 1 / 9
iteration step 2, G_loss: 0.22802, step_acc: 10.41450, grid_scale: 3 / 5, strokes: 1 / 9
iteration step 3, G_loss: 0.22769, step_acc: 10.51979, grid_scale: 3 / 5, strokes: 1 / 9
iteration step 4, G_loss: 0.22533, step_acc: 10.57764, grid_scale: 3 / 5, strokes: 1 / 9
iteration step 5, G_loss: 0.22352, step_acc: 10.59832, grid_scale: 3 / 5, strokes: 1 / 9
iteration step 6, G_loss: 0.22313, step_acc: 10.60436, grid_scale: 3 / 5, strokes: 1 / 9
iteration step 7, G_loss: 0.22293, step_acc: 10.60754, grid_scale: 3 / 5, strokes: 1 / 9
iteration step 8, G_loss: 0.22282, step_acc: 10.60975, grid_scale: 3 / 5, strokes: 1 / 9
iteration step 9, G_loss: 0.22274, step_acc: 10.61108, grid_scale: 3 / 5, strokes: 1 / 9
iteration step 10, G_loss: 0.22269, step_acc: 10.61289, grid_scale: 3 / 5, strokes: 1 / 9
iteration step 11, G_loss: 0.22264, step_acc: 10.61340, grid_scale: 3 / 5, strokes: 1 / 9
iteration step 12, G_loss: 0.22261, step_acc: 10.61491, grid_scale: 3 / 5, strokes: 1 / 9
iteration step 13, G_loss: 0.22257, step_acc: 10.61597, grid_scale: 3 / 5, strokes: 1 / 9
iteration step 14, G_loss: 0.22253, step_acc: 10.61727, grid_scale: 3 / 5, strokes: 1 / 9
iteration step 15, G_loss: 0.22250, step_acc: 10.61863, grid_scale: 3 / 5, strokes: 1 / 9
iteration step 16, G_loss: 0.22246, step_acc: 10.62086, grid_scale: 3 / 5, strokes: 1 / 9
iteration step 17, G_loss: 0.22241, step_acc: 10.62341, grid_scale: 3 / 5, strokes: 1 / 9
iteration step 18, G_loss: 0.22234, step_acc: 10.62730, grid_scale: 3 / 5, strokes: 1 / 9
iteration step 19, G_loss: 0.22224, step_acc: 10.63171, grid_scale: 3 / 5, strokes: 1 / 9
iteration step 20, G_loss: 0.22213, step_acc: 10.63589, grid_scale: 3 / 5, strokes: 1 / 9
iteration step 21, G_loss: 0.22204, step_acc: 10.63960, grid_scale: 3 / 5, strokes: 1 / 9
iteration step 22, G_loss: 0.22196, step_acc: 10.64144, grid_scale: 3 / 5, strokes: 1 / 9
iteration step 23, G_loss: 0.22192, step_acc: 10.64342, grid_scale: 3 / 5, strokes: 1 / 9
iteration step 24, G_loss: 0.22188, step_acc: 10.64576, grid_scale: 3 / 5, strokes: 1 / 9
iteration step 25, G_loss: 0.22184, step_acc: 10.64881, grid_scale: 3 / 5, strokes: 1 / 9
iteration step 26, G_loss: 0.22177, step_acc: 10.65780, grid_scale: 3 / 5, strokes: 1 / 9
iteration step 27, G_loss: 0.22160, step_acc: 10.67952, grid_scale: 3 / 5, strokes: 1 / 9
iteration step 28, G_loss: 0.22115, step_acc: 10.68268, grid_scale: 3 / 5, strokes: 1 / 9
iteration step 29, G_loss: 0.22107, step_acc: 10.68468, grid_scale: 3 / 5, strokes: 1 / 9
iteration step 30, G_loss: 0.22100, step_acc: 10.68647, grid_scale: 3 / 5, strokes: 1 / 9
iteration step 31, G_loss: 0.22095, step_acc: 10.68851, grid_scale: 3 / 5, strokes: 1 / 9
iteration step 32, G_loss: 0.22091, step_acc: 10.68945, grid_scale: 3 / 5, strokes: 1 / 9
iteration step 33, G_loss: 0.22087, step_acc: 10.69004, grid_scale: 3 / 5, strokes: 1 / 9
iteration step 34, G_loss: 0.22086, step_acc: 10.69142, grid_scale: 3 / 5, strokes: 1 / 9
iteration step 35, G_loss: 0.22083, step_acc: 10.69238, grid_scale: 3 / 5, strokes: 1 / 9
iteration step 36, G_loss: 0.22079, step_acc: 10.69341, grid_scale: 3 / 5, strokes: 1 / 9
iteration step 37, G_loss: 0.22078, step_acc: 10.69401, grid_scale: 3 / 5, strokes: 1 / 9
iteration step 38, G_loss: 0.22075, step_acc: 10.69507, grid_scale: 3 / 5, strokes: 1 / 9
iteration step 39, G_loss: 0.22074, step_acc: 10.69559, grid_scale: 3 / 5, strokes: 1 / 9
iteration step 40, G_loss: 0.22071, step_acc: 10.69634, grid_scale: 3 / 5, strokes: 1 / 9
iteration step 41, G_loss: 0.22070, step_acc: 10.69719, grid_scale: 3 / 5, strokes: 1 / 9
iteration step 42, G_loss: 0.22067, step_acc: 10.69795, grid_scale: 3 / 5, strokes: 1 / 9
iteration step 43, G_loss: 0.22066, step_acc: 10.69933, grid_scale: 3 / 5, strokes: 1 / 9
iteration step 44, G_loss: 0.22063, step_acc: 10.70002, grid_scale: 3 / 5, strokes: 1 / 9
iteration step 45, G_loss: 0.22060, step_acc: 10.70098, grid_scale: 3 / 5, strokes: 1 / 9
iteration step 46, G_loss: 0.22058, step_acc: 10.70161, grid_scale: 3 / 5, strokes: 1 / 9
iteration step 47, G_loss: 0.22056, step_acc: 10.70310, grid_scale: 3 / 5, strokes: 1 / 9
iteration step 48, G_loss: 0.22053, step_acc: 10.70458, grid_scale: 3 / 5, strokes: 1 / 9
iteration step 49, G_loss: 0.22050, step_acc: 10.70670, grid_scale: 3 / 5, strokes: 1 / 9
iteration step 50, G_loss: 0.22045, step_acc: 10.70938, grid_scale: 3 / 5, strokes: 1 / 9
iteration step 51, G_loss: 0.22040, step_acc: 10.71245, grid_scale: 3 / 5, strokes: 1 / 9
iteration step 52, G_loss: 0.22034, step_acc: 10.71628, grid_scale: 3 / 5, strokes: 1 / 9
iteration step 53, G_loss: 0.22027, step_acc: 10.72153, grid_scale: 3 / 5, strokes: 1 / 9
iteration step 54, G_loss: 0.22017, step_acc: 10.72639, grid_scale: 3 / 5, strokes: 1 / 9
iteration step 55, G_loss: 0.22006, step_acc: 10.73267, grid_scale: 3 / 5, strokes: 2 / 9
iteration step 56, G_loss: 0.21993, step_acc: 10.73925, grid_scale: 3 / 5, strokes: 2 / 9
iteration step 57, G_loss: 0.21981, step_acc: 10.77394, grid_scale: 3 / 5, strokes: 2 / 9
iteration step 58, G_loss: 0.21889, step_acc: 10.78303, grid_scale: 3 / 5, strokes: 2 / 9
iteration step 59, G_loss: 0.21863, step_acc: 10.84227, grid_scale: 3 / 5, strokes: 2 / 9
iteration step 60, G_loss: 0.21635, step_acc: 10.85603, grid_scale: 3 / 5, strokes: 2 / 9
iteration step 61, G_loss: 0.21592, step_acc: 10.87006, grid_scale: 3 / 5, strokes: 2 / 9
iteration step 62, G_loss: 0.21545, step_acc: 10.88050, grid_scale: 3 / 5, strokes: 2 / 9
iteration step 63, G_loss: 0.21515, step_acc: 10.89003, grid_scale: 3 / 5, strokes: 2 / 9
iteration step 64, G_loss: 0.21493, step_acc: 10.89731, grid_scale: 3 / 5, strokes: 2 / 9
iteration step 65, G_loss: 0.21469, step_acc: 10.90685, grid_scale: 3 / 5, strokes: 2 / 9
iteration step 66, G_loss: 0.21441, step_acc: 10.91836, grid_scale: 3 / 5, strokes: 2 / 9
iteration step 67, G_loss: 0.21404, step_acc: 10.93181, grid_scale: 3 / 5, strokes: 2 / 9
iteration step 68, G_loss: 0.21358, step_acc: 10.94140, grid_scale: 3 / 5, strokes: 2 / 9
iteration step 69, G_loss: 0.21330, step_acc: 10.94838, grid_scale: 3 / 5, strokes: 2 / 9
iteration step 70, G_loss: 0.21308, step_acc: 10.95845, grid_scale: 3 / 5, strokes: 2 / 9
iteration step 71, G_loss: 0.21272, step_acc: 10.96857, grid_scale: 3 / 5, strokes: 2 / 9
iteration step 72, G_loss: 0.21240, step_acc: 10.97630, grid_scale: 3 / 5, strokes: 2 / 9
iteration step 73, G_loss: 0.21215, step_acc: 10.98703, grid_scale: 3 / 5, strokes: 2 / 9
iteration step 74, G_loss: 0.21184, step_acc: 10.99745, grid_scale: 3 / 5, strokes: 2 / 9
iteration step 75, G_loss: 0.21152, step_acc: 11.00665, grid_scale: 3 / 5, strokes: 2 / 9
iteration step 76, G_loss: 0.21123, step_acc: 11.01512, grid_scale: 3 / 5, strokes: 2 / 9
iteration step 77, G_loss: 0.21097, step_acc: 11.02471, grid_scale: 3 / 5, strokes: 2 / 9
iteration step 78, G_loss: 0.21073, step_acc: 11.03271, grid_scale: 3 / 5, strokes: 2 / 9
iteration step 79, G_loss: 0.21044, step_acc: 11.04234, grid_scale: 3 / 5, strokes: 2 / 9
iteration step 80, G_loss: 0.21013, step_acc: 11.05470, grid_scale: 3 / 5, strokes: 2 / 9
iteration step 81, G_loss: 0.20975, step_acc: 11.06763, grid_scale: 3 / 5, strokes: 2 / 9
iteration step 82, G_loss: 0.20932, step_acc: 11.08148, grid_scale: 3 / 5, strokes: 2 / 9
iteration step 83, G_loss: 0.20888, step_acc: 11.09328, grid_scale: 3 / 5, strokes: 2 / 9
iteration step 84, G_loss: 0.20856, step_acc: 11.10671, grid_scale: 3 / 5, strokes: 2 / 9
iteration step 85, G_loss: 0.20820, step_acc: 11.11839, grid_scale: 3 / 5, strokes: 2 / 9
iteration step 86, G_loss: 0.20782, step_acc: 11.12851, grid_scale: 3 / 5, strokes: 2 / 9
iteration step 87, G_loss: 0.20752, step_acc: 11.13885, grid_scale: 3 / 5, strokes: 2 / 9
iteration step 88, G_loss: 0.20723, step_acc: 11.14895, grid_scale: 3 / 5, strokes: 2 / 9
iteration step 89, G_loss: 0.20695, step_acc: 11.15907, grid_scale: 3 / 5, strokes: 2 / 9
iteration step 90, G_loss: 0.20668, step_acc: 11.16660, grid_scale: 3 / 5, strokes: 2 / 9
iteration step 91, G_loss: 0.20647, step_acc: 11.17493, grid_scale: 3 / 5, strokes: 2 / 9
iteration step 92, G_loss: 0.20626, step_acc: 11.18215, grid_scale: 3 / 5, strokes: 2 / 9
iteration step 93, G_loss: 0.20609, step_acc: 11.18885, grid_scale: 3 / 5, strokes: 2 / 9
iteration step 94, G_loss: 0.20594, step_acc: 11.19495, grid_scale: 3 / 5, strokes: 2 / 9
iteration step 95, G_loss: 0.20579, step_acc: 11.20280, grid_scale: 3 / 5, strokes: 2 / 9
iteration step 96, G_loss: 0.20562, step_acc: 11.20924, grid_scale: 3 / 5, strokes: 2 / 9
iteration step 97, G_loss: 0.20543, step_acc: 11.21668, grid_scale: 3 / 5, strokes: 2 / 9
iteration step 98, G_loss: 0.20524, step_acc: 11.22285, grid_scale: 3 / 5, strokes: 2 / 9
iteration step 99, G_loss: 0.20507, step_acc: 11.23056, grid_scale: 3 / 5, strokes: 2 / 9
iteration step 100, G_loss: 0.20491, step_acc: 11.23669, grid_scale: 3 / 5, strokes: 2 / 9
iteration step 101, G_loss: 0.20476, step_acc: 11.24422, grid_scale: 3 / 5, strokes: 2 / 9
iteration step 102, G_loss: 0.20459, step_acc: 11.25303, grid_scale: 3 / 5, strokes: 2 / 9
iteration step 103, G_loss: 0.20441, step_acc: 11.26237, grid_scale: 3 / 5, strokes: 2 / 9
iteration step 104, G_loss: 0.20422, step_acc: 11.26913, grid_scale: 3 / 5, strokes: 2 / 9
iteration step 105, G_loss: 0.20407, step_acc: 11.27573, grid_scale: 3 / 5, strokes: 2 / 9
iteration step 106, G_loss: 0.20393, step_acc: 11.28129, grid_scale: 3 / 5, strokes: 2 / 9
iteration step 107, G_loss: 0.20380, step_acc: 11.28566, grid_scale: 3 / 5, strokes: 2 / 9
iteration step 108, G_loss: 0.20367, step_acc: 11.29022, grid_scale: 3 / 5, strokes: 2 / 9
iteration step 109, G_loss: 0.20354, step_acc: 11.29655, grid_scale: 3 / 5, strokes: 2 / 9
iteration step 110, G_loss: 0.20340, step_acc: 11.30144, grid_scale: 3 / 5, strokes: 3 / 9
iteration step 111, G_loss: 0.20329, step_acc: 11.30779, grid_scale: 3 / 5, strokes: 3 / 9
iteration step 112, G_loss: 0.20315, step_acc: 11.31260, grid_scale: 3 / 5, strokes: 3 / 9
iteration step 113, G_loss: 0.20303, step_acc: 11.35243, grid_scale: 3 / 5, strokes: 3 / 9
iteration step 114, G_loss: 0.20217, step_acc: 11.36096, grid_scale: 3 / 5, strokes: 3 / 9
iteration step 115, G_loss: 0.20189, step_acc: 11.37134, grid_scale: 3 / 5, strokes: 3 / 9
iteration step 116, G_loss: 0.20160, step_acc: 11.38111, grid_scale: 3 / 5, strokes: 3 / 9
iteration step 117, G_loss: 0.20128, step_acc: 11.39157, grid_scale: 3 / 5, strokes: 3 / 9
iteration step 118, G_loss: 0.20098, step_acc: 11.39886, grid_scale: 3 / 5, strokes: 3 / 9
iteration step 119, G_loss: 0.20074, step_acc: 11.41116, grid_scale: 3 / 5, strokes: 3 / 9
iteration step 120, G_loss: 0.20036, step_acc: 11.42233, grid_scale: 3 / 5, strokes: 3 / 9
iteration step 121, G_loss: 0.19994, step_acc: 11.42887, grid_scale: 3 / 5, strokes: 3 / 9
iteration step 122, G_loss: 0.19978, step_acc: 11.43511, grid_scale: 3 / 5, strokes: 3 / 9
iteration step 123, G_loss: 0.19960, step_acc: 11.44224, grid_scale: 3 / 5, strokes: 3 / 9
iteration step 124, G_loss: 0.19940, step_acc: 11.45039, grid_scale: 3 / 5, strokes: 3 / 9
iteration step 125, G_loss: 0.19917, step_acc: 11.45705, grid_scale: 3 / 5, strokes: 3 / 9
iteration step 126, G_loss: 0.19900, step_acc: 11.46266, grid_scale: 3 / 5, strokes: 3 / 9
iteration step 127, G_loss: 0.19885, step_acc: 11.46888, grid_scale: 3 / 5, strokes: 3 / 9
iteration step 128, G_loss: 0.19870, step_acc: 11.47419, grid_scale: 3 / 5, strokes: 3 / 9
iteration step 129, G_loss: 0.19855, step_acc: 11.48088, grid_scale: 3 / 5, strokes: 3 / 9
iteration step 130, G_loss: 0.19838, step_acc: 11.48904, grid_scale: 3 / 5, strokes: 3 / 9
iteration step 131, G_loss: 0.19817, step_acc: 11.49595, grid_scale: 3 / 5, strokes: 3 / 9
iteration step 132, G_loss: 0.19800, step_acc: 11.50288, grid_scale: 3 / 5, strokes: 3 / 9
iteration step 133, G_loss: 0.19782, step_acc: 11.50996, grid_scale: 3 / 5, strokes: 3 / 9
iteration step 134, G_loss: 0.19766, step_acc: 11.51602, grid_scale: 3 / 5, strokes: 3 / 9
iteration step 135, G_loss: 0.19750, step_acc: 11.52214, grid_scale: 3 / 5, strokes: 3 / 9
iteration step 136, G_loss: 0.19735, step_acc: 11.52607, grid_scale: 3 / 5, strokes: 3 / 9
iteration step 137, G_loss: 0.19725, step_acc: 11.53043, grid_scale: 3 / 5, strokes: 3 / 9
iteration step 138, G_loss: 0.19714, step_acc: 11.53414, grid_scale: 3 / 5, strokes: 3 / 9
iteration step 139, G_loss: 0.19705, step_acc: 11.53790, grid_scale: 3 / 5, strokes: 3 / 9
iteration step 140, G_loss: 0.19696, step_acc: 11.53985, grid_scale: 3 / 5, strokes: 3 / 9
iteration step 141, G_loss: 0.19685, step_acc: 11.54392, grid_scale: 3 / 5, strokes: 3 / 9
iteration step 142, G_loss: 0.19673, step_acc: 11.54920, grid_scale: 3 / 5, strokes: 3 / 9
iteration step 143, G_loss: 0.19657, step_acc: 11.55398, grid_scale: 3 / 5, strokes: 3 / 9
iteration step 144, G_loss: 0.19641, step_acc: 11.55949, grid_scale: 3 / 5, strokes: 3 / 9
iteration step 145, G_loss: 0.19624, step_acc: 11.56529, grid_scale: 3 / 5, strokes: 3 / 9
iteration step 146, G_loss: 0.19607, step_acc: 11.57151, grid_scale: 3 / 5, strokes: 3 / 9
iteration step 147, G_loss: 0.19590, step_acc: 11.57530, grid_scale: 3 / 5, strokes: 3 / 9
iteration step 148, G_loss: 0.19578, step_acc: 11.57868, grid_scale: 3 / 5, strokes: 3 / 9
iteration step 149, G_loss: 0.19567, step_acc: 11.58367, grid_scale: 3 / 5, strokes: 3 / 9
iteration step 150, G_loss: 0.19555, step_acc: 11.58613, grid_scale: 3 / 5, strokes: 3 / 9
iteration step 151, G_loss: 0.19543, step_acc: 11.59010, grid_scale: 3 / 5, strokes: 3 / 9
iteration step 152, G_loss: 0.19533, step_acc: 11.59302, grid_scale: 3 / 5, strokes: 3 / 9
iteration step 153, G_loss: 0.19520, step_acc: 11.59807, grid_scale: 3 / 5, strokes: 3 / 9
iteration step 154, G_loss: 0.19506, step_acc: 11.60205, grid_scale: 3 / 5, strokes: 3 / 9
iteration step 155, G_loss: 0.19493, step_acc: 11.60824, grid_scale: 3 / 5, strokes: 3 / 9
iteration step 156, G_loss: 0.19479, step_acc: 11.61352, grid_scale: 3 / 5, strokes: 3 / 9
iteration step 157, G_loss: 0.19465, step_acc: 11.61714, grid_scale: 3 / 5, strokes: 3 / 9
iteration step 158, G_loss: 0.19456, step_acc: 11.62003, grid_scale: 3 / 5, strokes: 3 / 9
iteration step 159, G_loss: 0.19448, step_acc: 11.62351, grid_scale: 3 / 5, strokes: 3 / 9
iteration step 160, G_loss: 0.19438, step_acc: 11.62540, grid_scale: 3 / 5, strokes: 3 / 9
iteration step 161, G_loss: 0.19429, step_acc: 11.62945, grid_scale: 3 / 5, strokes: 3 / 9
iteration step 162, G_loss: 0.19419, step_acc: 11.63241, grid_scale: 3 / 5, strokes: 3 / 9
iteration step 163, G_loss: 0.19410, step_acc: 11.63458, grid_scale: 3 / 5, strokes: 3 / 9
iteration step 164, G_loss: 0.19402, step_acc: 11.63582, grid_scale: 3 / 5, strokes: 3 / 9
iteration step 165, G_loss: 0.19394, step_acc: 11.63734, grid_scale: 3 / 5, strokes: 4 / 9
iteration step 166, G_loss: 0.19388, step_acc: 11.63800, grid_scale: 3 / 5, strokes: 4 / 9
iteration step 167, G_loss: 0.19383, step_acc: 11.63969, grid_scale: 3 / 5, strokes: 4 / 9
iteration step 168, G_loss: 0.19376, step_acc: 11.66860, grid_scale: 3 / 5, strokes: 4 / 9
iteration step 169, G_loss: 0.19275, step_acc: 11.67659, grid_scale: 3 / 5, strokes: 4 / 9
iteration step 170, G_loss: 0.19254, step_acc: 11.68034, grid_scale: 3 / 5, strokes: 4 / 9
iteration step 171, G_loss: 0.19239, step_acc: 11.68564, grid_scale: 3 / 5, strokes: 4 / 9
iteration step 172, G_loss: 0.19227, step_acc: 11.68859, grid_scale: 3 / 5, strokes: 4 / 9
iteration step 173, G_loss: 0.19217, step_acc: 11.69161, grid_scale: 3 / 5, strokes: 4 / 9
iteration step 174, G_loss: 0.19209, step_acc: 11.69544, grid_scale: 3 / 5, strokes: 4 / 9
iteration step 175, G_loss: 0.19200, step_acc: 11.72913, grid_scale: 3 / 5, strokes: 4 / 9
iteration step 176, G_loss: 0.19116, step_acc: 11.72318, grid_scale: 3 / 5, strokes: 4 / 9
iteration step 177, G_loss: 0.19124, step_acc: 11.73887, grid_scale: 3 / 5, strokes: 4 / 9
iteration step 178, G_loss: 0.19074, step_acc: 11.74386, grid_scale: 3 / 5, strokes: 4 / 9
iteration step 179, G_loss: 0.19057, step_acc: 11.74872, grid_scale: 3 / 5, strokes: 4 / 9
iteration step 180, G_loss: 0.19041, step_acc: 11.75276, grid_scale: 3 / 5, strokes: 4 / 9
iteration step 181, G_loss: 0.19025, step_acc: 11.75736, grid_scale: 3 / 5, strokes: 4 / 9
iteration step 182, G_loss: 0.19012, step_acc: 11.76199, grid_scale: 3 / 5, strokes: 4 / 9
iteration step 183, G_loss: 0.19001, step_acc: 11.76584, grid_scale: 3 / 5, strokes: 4 / 9
iteration step 184, G_loss: 0.18990, step_acc: 11.77037, grid_scale: 3 / 5, strokes: 4 / 9
iteration step 185, G_loss: 0.18981, step_acc: 11.77452, grid_scale: 3 / 5, strokes: 4 / 9
iteration step 186, G_loss: 0.18971, step_acc: 11.77793, grid_scale: 3 / 5, strokes: 4 / 9
iteration step 187, G_loss: 0.18960, step_acc: 11.78168, grid_scale: 3 / 5, strokes: 4 / 9
iteration step 188, G_loss: 0.18949, step_acc: 11.79528, grid_scale: 3 / 5, strokes: 4 / 9
iteration step 189, G_loss: 0.18920, step_acc: 11.80740, grid_scale: 3 / 5, strokes: 4 / 9
iteration step 190, G_loss: 0.18890, step_acc: 11.81304, grid_scale: 3 / 5, strokes: 4 / 9
iteration step 191, G_loss: 0.18881, step_acc: 11.81664, grid_scale: 3 / 5, strokes: 4 / 9
iteration step 192, G_loss: 0.18875, step_acc: 11.81972, grid_scale: 3 / 5, strokes: 4 / 9
iteration step 193, G_loss: 0.18871, step_acc: 11.82242, grid_scale: 3 / 5, strokes: 4 / 9
iteration step 194, G_loss: 0.18867, step_acc: 11.82377, grid_scale: 3 / 5, strokes: 4 / 9
iteration step 195, G_loss: 0.18864, step_acc: 11.82603, grid_scale: 3 / 5, strokes: 4 / 9
iteration step 196, G_loss: 0.18861, step_acc: 11.82688, grid_scale: 3 / 5, strokes: 4 / 9
iteration step 197, G_loss: 0.18856, step_acc: 11.82882, grid_scale: 3 / 5, strokes: 4 / 9
iteration step 198, G_loss: 0.18853, step_acc: 11.83135, grid_scale: 3 / 5, strokes: 4 / 9
iteration step 199, G_loss: 0.18848, step_acc: 11.83331, grid_scale: 3 / 5, strokes: 4 / 9
iteration step 200, G_loss: 0.18842, step_acc: 11.83416, grid_scale: 3 / 5, strokes: 4 / 9
iteration step 201, G_loss: 0.18836, step_acc: 11.83681, grid_scale: 3 / 5, strokes: 4 / 9
iteration step 202, G_loss: 0.18831, step_acc: 11.83826, grid_scale: 3 / 5, strokes: 4 / 9
iteration step 203, G_loss: 0.18827, step_acc: 11.84202, grid_scale: 3 / 5, strokes: 4 / 9
iteration step 204, G_loss: 0.18820, step_acc: 11.84423, grid_scale: 3 / 5, strokes: 4 / 9
iteration step 205, G_loss: 0.18812, step_acc: 11.84926, grid_scale: 3 / 5, strokes: 4 / 9
iteration step 206, G_loss: 0.18803, step_acc: 11.85259, grid_scale: 3 / 5, strokes: 4 / 9
iteration step 207, G_loss: 0.18793, step_acc: 11.85842, grid_scale: 3 / 5, strokes: 4 / 9
iteration step 208, G_loss: 0.18781, step_acc: 11.86291, grid_scale: 3 / 5, strokes: 4 / 9
iteration step 209, G_loss: 0.18773, step_acc: 11.86502, grid_scale: 3 / 5, strokes: 4 / 9
iteration step 210, G_loss: 0.18769, step_acc: 11.86708, grid_scale: 3 / 5, strokes: 4 / 9
iteration step 211, G_loss: 0.18764, step_acc: 11.86899, grid_scale: 3 / 5, strokes: 4 / 9
iteration step 212, G_loss: 0.18761, step_acc: 11.86961, grid_scale: 3 / 5, strokes: 4 / 9
iteration step 213, G_loss: 0.18759, step_acc: 11.87117, grid_scale: 3 / 5, strokes: 4 / 9
iteration step 214, G_loss: 0.18755, step_acc: 11.87306, grid_scale: 3 / 5, strokes: 4 / 9
iteration step 215, G_loss: 0.18751, step_acc: 11.87562, grid_scale: 3 / 5, strokes: 4 / 9
iteration step 216, G_loss: 0.18746, step_acc: 11.87755, grid_scale: 3 / 5, strokes: 4 / 9
iteration step 217, G_loss: 0.18744, step_acc: 11.88160, grid_scale: 3 / 5, strokes: 4 / 9
iteration step 218, G_loss: 0.18733, step_acc: 11.88450, grid_scale: 3 / 5, strokes: 4 / 9
iteration step 219, G_loss: 0.18726, step_acc: 11.88710, grid_scale: 3 / 5, strokes: 4 / 9
iteration step 220, G_loss: 0.18721, step_acc: 11.88948, grid_scale: 3 / 5, strokes: 5 / 9
iteration step 221, G_loss: 0.18718, step_acc: 11.89106, grid_scale: 3 / 5, strokes: 5 / 9
iteration step 222, G_loss: 0.18716, step_acc: 11.89960, grid_scale: 3 / 5, strokes: 5 / 9
iteration step 223, G_loss: 0.18696, step_acc: 11.90849, grid_scale: 3 / 5, strokes: 5 / 9
iteration step 224, G_loss: 0.18664, step_acc: 11.91307, grid_scale: 3 / 5, strokes: 5 / 9
iteration step 225, G_loss: 0.18641, step_acc: 11.91304, grid_scale: 3 / 5, strokes: 5 / 9
iteration step 226, G_loss: 0.18628, step_acc: 11.91494, grid_scale: 3 / 5, strokes: 5 / 9
iteration step 227, G_loss: 0.18621, step_acc: 11.91666, grid_scale: 3 / 5, strokes: 5 / 9
iteration step 228, G_loss: 0.18611, step_acc: 11.91760, grid_scale: 3 / 5, strokes: 5 / 9
iteration step 229, G_loss: 0.18605, step_acc: 11.91734, grid_scale: 3 / 5, strokes: 5 / 9
iteration step 230, G_loss: 0.18598, step_acc: 11.91876, grid_scale: 3 / 5, strokes: 5 / 9
iteration step 231, G_loss: 0.18594, step_acc: 11.91730, grid_scale: 3 / 5, strokes: 5 / 9
iteration step 232, G_loss: 0.18590, step_acc: 11.92113, grid_scale: 3 / 5, strokes: 5 / 9
iteration step 233, G_loss: 0.18581, step_acc: 11.92120, grid_scale: 3 / 5, strokes: 5 / 9
iteration step 234, G_loss: 0.18575, step_acc: 11.92361, grid_scale: 3 / 5, strokes: 5 / 9
iteration step 235, G_loss: 0.18570, step_acc: 11.92455, grid_scale: 3 / 5, strokes: 5 / 9
iteration step 236, G_loss: 0.18559, step_acc: 11.92697, grid_scale: 3 / 5, strokes: 5 / 9
iteration step 237, G_loss: 0.18554, step_acc: 11.92897, grid_scale: 3 / 5, strokes: 5 / 9
iteration step 238, G_loss: 0.18549, step_acc: 11.93103, grid_scale: 3 / 5, strokes: 5 / 9
iteration step 239, G_loss: 0.18544, step_acc: 11.93350, grid_scale: 3 / 5, strokes: 5 / 9
iteration step 240, G_loss: 0.18537, step_acc: 11.93507, grid_scale: 3 / 5, strokes: 5 / 9
iteration step 241, G_loss: 0.18532, step_acc: 11.93726, grid_scale: 3 / 5, strokes: 5 / 9
iteration step 242, G_loss: 0.18527, step_acc: 11.94080, grid_scale: 3 / 5, strokes: 5 / 9
iteration step 243, G_loss: 0.18522, step_acc: 11.94153, grid_scale: 3 / 5, strokes: 5 / 9
iteration step 244, G_loss: 0.18515, step_acc: 11.94632, grid_scale: 3 / 5, strokes: 5 / 9
iteration step 245, G_loss: 0.18510, step_acc: 11.94571, grid_scale: 3 / 5, strokes: 5 / 9
iteration step 246, G_loss: 0.18505, step_acc: 11.94861, grid_scale: 3 / 5, strokes: 5 / 9
iteration step 247, G_loss: 0.18501, step_acc: 11.94937, grid_scale: 3 / 5, strokes: 5 / 9
iteration step 248, G_loss: 0.18497, step_acc: 11.95167, grid_scale: 3 / 5, strokes: 5 / 9
iteration step 249, G_loss: 0.18493, step_acc: 11.95103, grid_scale: 3 / 5, strokes: 5 / 9
iteration step 250, G_loss: 0.18491, step_acc: 11.95410, grid_scale: 3 / 5, strokes: 5 / 9
iteration step 251, G_loss: 0.18487, step_acc: 11.95435, grid_scale: 3 / 5, strokes: 5 / 9
iteration step 252, G_loss: 0.18482, step_acc: 11.95720, grid_scale: 3 / 5, strokes: 5 / 9
iteration step 253, G_loss: 0.18476, step_acc: 11.95660, grid_scale: 3 / 5, strokes: 5 / 9
iteration step 254, G_loss: 0.18470, step_acc: 11.95960, grid_scale: 3 / 5, strokes: 5 / 9
iteration step 255, G_loss: 0.18462, step_acc: 11.96053, grid_scale: 3 / 5, strokes: 5 / 9
iteration step 256, G_loss: 0.18457, step_acc: 11.96285, grid_scale: 3 / 5, strokes: 5 / 9
iteration step 257, G_loss: 0.18453, step_acc: 11.96389, grid_scale: 3 / 5, strokes: 5 / 9
iteration step 258, G_loss: 0.18448, step_acc: 11.96469, grid_scale: 3 / 5, strokes: 5 / 9
iteration step 259, G_loss: 0.18443, step_acc: 11.96554, grid_scale: 3 / 5, strokes: 5 / 9
iteration step 260, G_loss: 0.18439, step_acc: 11.96670, grid_scale: 3 / 5, strokes: 5 / 9
iteration step 261, G_loss: 0.18436, step_acc: 11.96753, grid_scale: 3 / 5, strokes: 5 / 9
iteration step 262, G_loss: 0.18433, step_acc: 11.96857, grid_scale: 3 / 5, strokes: 5 / 9
iteration step 263, G_loss: 0.18429, step_acc: 11.96915, grid_scale: 3 / 5, strokes: 5 / 9
iteration step 264, G_loss: 0.18424, step_acc: 11.97051, grid_scale: 3 / 5, strokes: 5 / 9
iteration step 265, G_loss: 0.18419, step_acc: 11.97041, grid_scale: 3 / 5, strokes: 5 / 9
iteration step 266, G_loss: 0.18415, step_acc: 11.97330, grid_scale: 3 / 5, strokes: 5 / 9
iteration step 267, G_loss: 0.18413, step_acc: 11.97163, grid_scale: 3 / 5, strokes: 5 / 9
iteration step 268, G_loss: 0.18412, step_acc: 11.97461, grid_scale: 3 / 5, strokes: 5 / 9
iteration step 269, G_loss: 0.18409, step_acc: 11.97268, grid_scale: 3 / 5, strokes: 5 / 9
iteration step 270, G_loss: 0.18407, step_acc: 11.97329, grid_scale: 3 / 5, strokes: 5 / 9
iteration step 271, G_loss: 0.18406, step_acc: 11.97412, grid_scale: 3 / 5, strokes: 5 / 9
iteration step 272, G_loss: 0.18403, step_acc: 11.97470, grid_scale: 3 / 5, strokes: 5 / 9
iteration step 273, G_loss: 0.18402, step_acc: 11.97397, grid_scale: 3 / 5, strokes: 5 / 9
iteration step 274, G_loss: 0.18401, step_acc: 11.97462, grid_scale: 3 / 5, strokes: 5 / 9
iteration step 275, G_loss: 0.18400, step_acc: 11.97482, grid_scale: 3 / 5, strokes: 6 / 9
iteration step 276, G_loss: 0.18399, step_acc: 11.97416, grid_scale: 3 / 5, strokes: 6 / 9
iteration step 277, G_loss: 0.18400, step_acc: 11.97377, grid_scale: 3 / 5, strokes: 6 / 9
iteration step 278, G_loss: 0.18400, step_acc: 11.97554, grid_scale: 3 / 5, strokes: 6 / 9
iteration step 279, G_loss: 0.18397, step_acc: 11.97506, grid_scale: 3 / 5, strokes: 6 / 9
iteration step 280, G_loss: 0.18396, step_acc: 11.97454, grid_scale: 3 / 5, strokes: 6 / 9
iteration step 281, G_loss: 0.18396, step_acc: 11.97659, grid_scale: 3 / 5, strokes: 6 / 9
iteration step 282, G_loss: 0.18396, step_acc: 11.97551, grid_scale: 3 / 5, strokes: 6 / 9
iteration step 283, G_loss: 0.18394, step_acc: 11.97590, grid_scale: 3 / 5, strokes: 6 / 9
iteration step 284, G_loss: 0.18392, step_acc: 11.97625, grid_scale: 3 / 5, strokes: 6 / 9
iteration step 285, G_loss: 0.18390, step_acc: 11.97731, grid_scale: 3 / 5, strokes: 6 / 9
iteration step 286, G_loss: 0.18387, step_acc: 11.98835, grid_scale: 3 / 5, strokes: 6 / 9
iteration step 287, G_loss: 0.18355, step_acc: 11.99576, grid_scale: 3 / 5, strokes: 6 / 9
iteration step 288, G_loss: 0.18341, step_acc: 12.00036, grid_scale: 3 / 5, strokes: 6 / 9
iteration step 289, G_loss: 0.18330, step_acc: 12.00181, grid_scale: 3 / 5, strokes: 6 / 9
iteration step 290, G_loss: 0.18326, step_acc: 12.00293, grid_scale: 3 / 5, strokes: 6 / 9
iteration step 291, G_loss: 0.18322, step_acc: 12.00679, grid_scale: 3 / 5, strokes: 6 / 9
iteration step 292, G_loss: 0.18316, step_acc: 12.01107, grid_scale: 3 / 5, strokes: 6 / 9
iteration step 293, G_loss: 0.18306, step_acc: 12.01754, grid_scale: 3 / 5, strokes: 6 / 9
iteration step 294, G_loss: 0.18296, step_acc: 12.02011, grid_scale: 3 / 5, strokes: 6 / 9
iteration step 295, G_loss: 0.18291, step_acc: 12.02637, grid_scale: 3 / 5, strokes: 6 / 9
iteration step 296, G_loss: 0.18272, step_acc: 12.05514, grid_scale: 3 / 5, strokes: 6 / 9
iteration step 297, G_loss: 0.18202, step_acc: 12.07180, grid_scale: 3 / 5, strokes: 6 / 9
iteration step 298, G_loss: 0.18174, step_acc: 12.07996, grid_scale: 3 / 5, strokes: 6 / 9
iteration step 299, G_loss: 0.18158, step_acc: 12.09153, grid_scale: 3 / 5, strokes: 6 / 9
iteration step 300, G_loss: 0.18138, step_acc: 12.09850, grid_scale: 3 / 5, strokes: 6 / 9
iteration step 301, G_loss: 0.18129, step_acc: 12.09970, grid_scale: 3 / 5, strokes: 6 / 9
iteration step 302, G_loss: 0.18123, step_acc: 12.10628, grid_scale: 3 / 5, strokes: 6 / 9
iteration step 303, G_loss: 0.18114, step_acc: 12.11225, grid_scale: 3 / 5, strokes: 6 / 9
iteration step 304, G_loss: 0.18103, step_acc: 12.11892, grid_scale: 3 / 5, strokes: 6 / 9
iteration step 305, G_loss: 0.18094, step_acc: 12.12273, grid_scale: 3 / 5, strokes: 6 / 9
iteration step 306, G_loss: 0.18084, step_acc: 12.12778, grid_scale: 3 / 5, strokes: 6 / 9
iteration step 307, G_loss: 0.18076, step_acc: 12.12760, grid_scale: 3 / 5, strokes: 6 / 9
iteration step 308, G_loss: 0.18069, step_acc: 12.13336, grid_scale: 3 / 5, strokes: 6 / 9
iteration step 309, G_loss: 0.18061, step_acc: 12.13540, grid_scale: 3 / 5, strokes: 6 / 9
iteration step 310, G_loss: 0.18051, step_acc: 12.14056, grid_scale: 3 / 5, strokes: 6 / 9
iteration step 311, G_loss: 0.18044, step_acc: 12.14229, grid_scale: 3 / 5, strokes: 6 / 9
iteration step 312, G_loss: 0.18038, step_acc: 12.14590, grid_scale: 3 / 5, strokes: 6 / 9
iteration step 313, G_loss: 0.18033, step_acc: 12.14689, grid_scale: 3 / 5, strokes: 6 / 9
iteration step 314, G_loss: 0.18027, step_acc: 12.15008, grid_scale: 3 / 5, strokes: 6 / 9
iteration step 315, G_loss: 0.18024, step_acc: 12.14978, grid_scale: 3 / 5, strokes: 6 / 9
iteration step 316, G_loss: 0.18020, step_acc: 12.15316, grid_scale: 3 / 5, strokes: 6 / 9
iteration step 317, G_loss: 0.18018, step_acc: 12.15259, grid_scale: 3 / 5, strokes: 6 / 9
iteration step 318, G_loss: 0.18014, step_acc: 12.15691, grid_scale: 3 / 5, strokes: 6 / 9
iteration step 319, G_loss: 0.18011, step_acc: 12.15592, grid_scale: 3 / 5, strokes: 6 / 9
iteration step 320, G_loss: 0.18006, step_acc: 12.16015, grid_scale: 3 / 5, strokes: 6 / 9
iteration step 321, G_loss: 0.18002, step_acc: 12.15937, grid_scale: 3 / 5, strokes: 6 / 9
iteration step 322, G_loss: 0.17997, step_acc: 12.16541, grid_scale: 3 / 5, strokes: 6 / 9
iteration step 323, G_loss: 0.17993, step_acc: 12.16676, grid_scale: 3 / 5, strokes: 6 / 9
iteration step 324, G_loss: 0.17983, step_acc: 12.17150, grid_scale: 3 / 5, strokes: 6 / 9
iteration step 325, G_loss: 0.17977, step_acc: 12.17155, grid_scale: 3 / 5, strokes: 6 / 9
iteration step 326, G_loss: 0.17971, step_acc: 12.17698, grid_scale: 3 / 5, strokes: 6 / 9
iteration step 327, G_loss: 0.17965, step_acc: 12.17715, grid_scale: 3 / 5, strokes: 6 / 9
iteration step 328, G_loss: 0.17959, step_acc: 12.18095, grid_scale: 3 / 5, strokes: 6 / 9
iteration step 329, G_loss: 0.17954, step_acc: 12.18123, grid_scale: 3 / 5, strokes: 6 / 9
iteration step 330, G_loss: 0.17949, step_acc: 12.18510, grid_scale: 3 / 5, strokes: 7 / 9
iteration step 331, G_loss: 0.17943, step_acc: 12.18523, grid_scale: 3 / 5, strokes: 7 / 9
iteration step 332, G_loss: 0.17938, step_acc: 12.19198, grid_scale: 3 / 5, strokes: 7 / 9
iteration step 333, G_loss: 0.17931, step_acc: 12.24145, grid_scale: 3 / 5, strokes: 7 / 9
iteration step 334, G_loss: 0.17821, step_acc: 12.24919, grid_scale: 3 / 5, strokes: 7 / 9
iteration step 335, G_loss: 0.17803, step_acc: 12.26992, grid_scale: 3 / 5, strokes: 7 / 9
iteration step 336, G_loss: 0.17752, step_acc: 12.31172, grid_scale: 3 / 5, strokes: 7 / 9
iteration step 337, G_loss: 0.17669, step_acc: 12.31779, grid_scale: 3 / 5, strokes: 7 / 9
iteration step 338, G_loss: 0.17644, step_acc: 12.32258, grid_scale: 3 / 5, strokes: 7 / 9
iteration step 339, G_loss: 0.17632, step_acc: 12.32450, grid_scale: 3 / 5, strokes: 7 / 9
iteration step 340, G_loss: 0.17620, step_acc: 12.32753, grid_scale: 3 / 5, strokes: 7 / 9
iteration step 341, G_loss: 0.17612, step_acc: 12.33058, grid_scale: 3 / 5, strokes: 7 / 9
iteration step 342, G_loss: 0.17604, step_acc: 12.33255, grid_scale: 3 / 5, strokes: 7 / 9
iteration step 343, G_loss: 0.17599, step_acc: 12.33575, grid_scale: 3 / 5, strokes: 7 / 9
iteration step 344, G_loss: 0.17590, step_acc: 12.33921, grid_scale: 3 / 5, strokes: 7 / 9
iteration step 345, G_loss: 0.17583, step_acc: 12.34109, grid_scale: 3 / 5, strokes: 7 / 9
iteration step 346, G_loss: 0.17577, step_acc: 12.34497, grid_scale: 3 / 5, strokes: 7 / 9
iteration step 347, G_loss: 0.17571, step_acc: 12.34531, grid_scale: 3 / 5, strokes: 7 / 9
iteration step 348, G_loss: 0.17565, step_acc: 12.34856, grid_scale: 3 / 5, strokes: 7 / 9
iteration step 349, G_loss: 0.17561, step_acc: 12.34985, grid_scale: 3 / 5, strokes: 7 / 9
iteration step 350, G_loss: 0.17554, step_acc: 12.35161, grid_scale: 3 / 5, strokes: 7 / 9
iteration step 351, G_loss: 0.17550, step_acc: 12.35556, grid_scale: 3 / 5, strokes: 7 / 9
iteration step 352, G_loss: 0.17543, step_acc: 12.35622, grid_scale: 3 / 5, strokes: 7 / 9
iteration step 353, G_loss: 0.17537, step_acc: 12.35873, grid_scale: 3 / 5, strokes: 7 / 9
iteration step 354, G_loss: 0.17535, step_acc: 12.35956, grid_scale: 3 / 5, strokes: 7 / 9
iteration step 355, G_loss: 0.17529, step_acc: 12.36293, grid_scale: 3 / 5, strokes: 7 / 9
iteration step 356, G_loss: 0.17526, step_acc: 12.36198, grid_scale: 3 / 5, strokes: 7 / 9
iteration step 357, G_loss: 0.17520, step_acc: 12.36751, grid_scale: 3 / 5, strokes: 7 / 9
iteration step 358, G_loss: 0.17516, step_acc: 12.36799, grid_scale: 3 / 5, strokes: 7 / 9
iteration step 359, G_loss: 0.17508, step_acc: 12.37110, grid_scale: 3 / 5, strokes: 7 / 9
iteration step 360, G_loss: 0.17502, step_acc: 12.37316, grid_scale: 3 / 5, strokes: 7 / 9
iteration step 361, G_loss: 0.17489, step_acc: 12.37669, grid_scale: 3 / 5, strokes: 7 / 9
iteration step 362, G_loss: 0.17483, step_acc: 12.38096, grid_scale: 3 / 5, strokes: 7 / 9
iteration step 363, G_loss: 0.17469, step_acc: 12.38586, grid_scale: 3 / 5, strokes: 7 / 9
iteration step 364, G_loss: 0.17460, step_acc: 12.38824, grid_scale: 3 / 5, strokes: 7 / 9
iteration step 365, G_loss: 0.17451, step_acc: 12.39267, grid_scale: 3 / 5, strokes: 7 / 9
iteration step 366, G_loss: 0.17441, step_acc: 12.39499, grid_scale: 3 / 5, strokes: 7 / 9
iteration step 367, G_loss: 0.17433, step_acc: 12.39980, grid_scale: 3 / 5, strokes: 7 / 9
iteration step 368, G_loss: 0.17425, step_acc: 12.40399, grid_scale: 3 / 5, strokes: 7 / 9
iteration step 369, G_loss: 0.17413, step_acc: 12.41057, grid_scale: 3 / 5, strokes: 7 / 9
iteration step 370, G_loss: 0.17398, step_acc: 12.41601, grid_scale: 3 / 5, strokes: 7 / 9
iteration step 371, G_loss: 0.17385, step_acc: 12.42053, grid_scale: 3 / 5, strokes: 7 / 9
iteration step 372, G_loss: 0.17371, step_acc: 12.42542, grid_scale: 3 / 5, strokes: 7 / 9
iteration step 373, G_loss: 0.17361, step_acc: 12.43063, grid_scale: 3 / 5, strokes: 7 / 9
iteration step 374, G_loss: 0.17349, step_acc: 12.43559, grid_scale: 3 / 5, strokes: 7 / 9
iteration step 375, G_loss: 0.17337, step_acc: 12.43828, grid_scale: 3 / 5, strokes: 7 / 9
iteration step 376, G_loss: 0.17325, step_acc: 12.44304, grid_scale: 3 / 5, strokes: 7 / 9
iteration step 377, G_loss: 0.17315, step_acc: 12.44547, grid_scale: 3 / 5, strokes: 7 / 9
iteration step 378, G_loss: 0.17302, step_acc: 12.45057, grid_scale: 3 / 5, strokes: 7 / 9
iteration step 379, G_loss: 0.17289, step_acc: 12.45618, grid_scale: 3 / 5, strokes: 7 / 9
iteration step 380, G_loss: 0.17274, step_acc: 12.46147, grid_scale: 3 / 5, strokes: 7 / 9
iteration step 381, G_loss: 0.17260, step_acc: 12.46777, grid_scale: 3 / 5, strokes: 7 / 9
iteration step 382, G_loss: 0.17241, step_acc: 12.47483, grid_scale: 3 / 5, strokes: 7 / 9
iteration step 383, G_loss: 0.17223, step_acc: 12.48309, grid_scale: 3 / 5, strokes: 7 / 9
iteration step 384, G_loss: 0.17202, step_acc: 12.48839, grid_scale: 3 / 5, strokes: 7 / 9
iteration step 385, G_loss: 0.17182, step_acc: 12.49382, grid_scale: 3 / 5, strokes: 8 / 9
iteration step 386, G_loss: 0.17167, step_acc: 12.49658, grid_scale: 3 / 5, strokes: 8 / 9
iteration step 387, G_loss: 0.17154, step_acc: 12.51661, grid_scale: 3 / 5, strokes: 8 / 9
iteration step 388, G_loss: 0.17108, step_acc: 12.52306, grid_scale: 3 / 5, strokes: 8 / 9
iteration step 389, G_loss: 0.17074, step_acc: 12.53360, grid_scale: 3 / 5, strokes: 8 / 9
iteration step 390, G_loss: 0.17044, step_acc: 12.53851, grid_scale: 3 / 5, strokes: 8 / 9
iteration step 391, G_loss: 0.17024, step_acc: 12.54564, grid_scale: 3 / 5, strokes: 8 / 9
iteration step 392, G_loss: 0.17008, step_acc: 12.55278, grid_scale: 3 / 5, strokes: 8 / 9
iteration step 393, G_loss: 0.16986, step_acc: 12.56179, grid_scale: 3 / 5, strokes: 8 / 9
iteration step 394, G_loss: 0.16961, step_acc: 12.56861, grid_scale: 3 / 5, strokes: 8 / 9
iteration step 395, G_loss: 0.16941, step_acc: 12.57541, grid_scale: 3 / 5, strokes: 8 / 9
iteration step 396, G_loss: 0.16923, step_acc: 12.58067, grid_scale: 3 / 5, strokes: 8 / 9
iteration step 397, G_loss: 0.16905, step_acc: 12.58710, grid_scale: 3 / 5, strokes: 8 / 9
iteration step 398, G_loss: 0.16890, step_acc: 12.59121, grid_scale: 3 / 5, strokes: 8 / 9
iteration step 399, G_loss: 0.16877, step_acc: 12.59882, grid_scale: 3 / 5, strokes: 8 / 9
iteration step 400, G_loss: 0.16861, step_acc: 12.60502, grid_scale: 3 / 5, strokes: 8 / 9
iteration step 401, G_loss: 0.16845, step_acc: 12.60871, grid_scale: 3 / 5, strokes: 8 / 9
iteration step 402, G_loss: 0.16835, step_acc: 12.61289, grid_scale: 3 / 5, strokes: 8 / 9
iteration step 403, G_loss: 0.16825, step_acc: 12.61639, grid_scale: 3 / 5, strokes: 8 / 9
iteration step 404, G_loss: 0.16815, step_acc: 12.62192, grid_scale: 3 / 5, strokes: 8 / 9
iteration step 405, G_loss: 0.16801, step_acc: 12.62552, grid_scale: 3 / 5, strokes: 8 / 9
iteration step 406, G_loss: 0.16787, step_acc: 12.63489, grid_scale: 3 / 5, strokes: 8 / 9
iteration step 407, G_loss: 0.16764, step_acc: 12.64194, grid_scale: 3 / 5, strokes: 8 / 9
iteration step 408, G_loss: 0.16744, step_acc: 12.65049, grid_scale: 3 / 5, strokes: 8 / 9
iteration step 409, G_loss: 0.16721, step_acc: 12.65362, grid_scale: 3 / 5, strokes: 8 / 9
iteration step 410, G_loss: 0.16710, step_acc: 12.65811, grid_scale: 3 / 5, strokes: 8 / 9
iteration step 411, G_loss: 0.16701, step_acc: 12.66002, grid_scale: 3 / 5, strokes: 8 / 9
iteration step 412, G_loss: 0.16693, step_acc: 12.66258, grid_scale: 3 / 5, strokes: 8 / 9
iteration step 413, G_loss: 0.16684, step_acc: 12.66699, grid_scale: 3 / 5, strokes: 8 / 9
iteration step 414, G_loss: 0.16675, step_acc: 12.67069, grid_scale: 3 / 5, strokes: 8 / 9
iteration step 415, G_loss: 0.16666, step_acc: 12.67296, grid_scale: 3 / 5, strokes: 8 / 9
iteration step 416, G_loss: 0.16656, step_acc: 12.67787, grid_scale: 3 / 5, strokes: 8 / 9
iteration step 417, G_loss: 0.16649, step_acc: 12.67878, grid_scale: 3 / 5, strokes: 8 / 9
iteration step 418, G_loss: 0.16639, step_acc: 12.68196, grid_scale: 3 / 5, strokes: 8 / 9
iteration step 419, G_loss: 0.16633, step_acc: 12.68366, grid_scale: 3 / 5, strokes: 8 / 9
iteration step 420, G_loss: 0.16628, step_acc: 12.68674, grid_scale: 3 / 5, strokes: 8 / 9
iteration step 421, G_loss: 0.16621, step_acc: 12.68745, grid_scale: 3 / 5, strokes: 8 / 9
iteration step 422, G_loss: 0.16615, step_acc: 12.69047, grid_scale: 3 / 5, strokes: 8 / 9
iteration step 423, G_loss: 0.16611, step_acc: 12.69124, grid_scale: 3 / 5, strokes: 8 / 9
iteration step 424, G_loss: 0.16605, step_acc: 12.69340, grid_scale: 3 / 5, strokes: 8 / 9
iteration step 425, G_loss: 0.16601, step_acc: 12.69283, grid_scale: 3 / 5, strokes: 8 / 9
iteration step 426, G_loss: 0.16598, step_acc: 12.69477, grid_scale: 3 / 5, strokes: 8 / 9
iteration step 427, G_loss: 0.16595, step_acc: 12.69433, grid_scale: 3 / 5, strokes: 8 / 9
iteration step 428, G_loss: 0.16591, step_acc: 12.69582, grid_scale: 3 / 5, strokes: 8 / 9
iteration step 429, G_loss: 0.16587, step_acc: 12.69579, grid_scale: 3 / 5, strokes: 8 / 9
iteration step 430, G_loss: 0.16584, step_acc: 12.69708, grid_scale: 3 / 5, strokes: 8 / 9
iteration step 431, G_loss: 0.16581, step_acc: 12.69705, grid_scale: 3 / 5, strokes: 8 / 9
iteration step 432, G_loss: 0.16578, step_acc: 12.69909, grid_scale: 3 / 5, strokes: 8 / 9
iteration step 433, G_loss: 0.16577, step_acc: 12.69791, grid_scale: 3 / 5, strokes: 8 / 9
iteration step 434, G_loss: 0.16572, step_acc: 12.69951, grid_scale: 3 / 5, strokes: 8 / 9
iteration step 435, G_loss: 0.16570, step_acc: 12.69957, grid_scale: 3 / 5, strokes: 8 / 9
iteration step 436, G_loss: 0.16568, step_acc: 12.70092, grid_scale: 3 / 5, strokes: 8 / 9
iteration step 437, G_loss: 0.16565, step_acc: 12.69950, grid_scale: 3 / 5, strokes: 8 / 9
iteration step 438, G_loss: 0.16563, step_acc: 12.70080, grid_scale: 3 / 5, strokes: 8 / 9
iteration step 439, G_loss: 0.16562, step_acc: 12.70131, grid_scale: 3 / 5, strokes: 8 / 9
iteration step 440, G_loss: 0.16562, step_acc: 12.70144, grid_scale: 3 / 5, strokes: 9 / 9
iteration step 441, G_loss: 0.16562, step_acc: 12.69906, grid_scale: 3 / 5, strokes: 9 / 9
iteration step 442, G_loss: 0.16561, step_acc: 12.70188, grid_scale: 3 / 5, strokes: 9 / 9
iteration step 443, G_loss: 0.16558, step_acc: 12.70359, grid_scale: 3 / 5, strokes: 9 / 9
iteration step 444, G_loss: 0.16554, step_acc: 12.70372, grid_scale: 3 / 5, strokes: 9 / 9
iteration step 445, G_loss: 0.16551, step_acc: 12.70363, grid_scale: 3 / 5, strokes: 9 / 9
iteration step 446, G_loss: 0.16550, step_acc: 12.70421, grid_scale: 3 / 5, strokes: 9 / 9
iteration step 447, G_loss: 0.16547, step_acc: 12.70603, grid_scale: 3 / 5, strokes: 9 / 9
iteration step 448, G_loss: 0.16543, step_acc: 12.70638, grid_scale: 3 / 5, strokes: 9 / 9
iteration step 449, G_loss: 0.16541, step_acc: 12.70702, grid_scale: 3 / 5, strokes: 9 / 9
iteration step 450, G_loss: 0.16539, step_acc: 12.70898, grid_scale: 3 / 5, strokes: 9 / 9
iteration step 451, G_loss: 0.16536, step_acc: 12.70966, grid_scale: 3 / 5, strokes: 9 / 9
iteration step 452, G_loss: 0.16533, step_acc: 12.71135, grid_scale: 3 / 5, strokes: 9 / 9
iteration step 453, G_loss: 0.16532, step_acc: 12.70951, grid_scale: 3 / 5, strokes: 9 / 9
iteration step 454, G_loss: 0.16530, step_acc: 12.71389, grid_scale: 3 / 5, strokes: 9 / 9
iteration step 455, G_loss: 0.16529, step_acc: 12.71236, grid_scale: 3 / 5, strokes: 9 / 9
iteration step 456, G_loss: 0.16527, step_acc: 12.71671, grid_scale: 3 / 5, strokes: 9 / 9
iteration step 457, G_loss: 0.16525, step_acc: 12.71617, grid_scale: 3 / 5, strokes: 9 / 9
iteration step 458, G_loss: 0.16521, step_acc: 12.71951, grid_scale: 3 / 5, strokes: 9 / 9
iteration step 459, G_loss: 0.16519, step_acc: 12.71921, grid_scale: 3 / 5, strokes: 9 / 9
iteration step 460, G_loss: 0.16515, step_acc: 12.72228, grid_scale: 3 / 5, strokes: 9 / 9
iteration step 461, G_loss: 0.16514, step_acc: 12.72095, grid_scale: 3 / 5, strokes: 9 / 9
iteration step 462, G_loss: 0.16510, step_acc: 12.72251, grid_scale: 3 / 5, strokes: 9 / 9
iteration step 463, G_loss: 0.16509, step_acc: 12.72205, grid_scale: 3 / 5, strokes: 9 / 9
iteration step 464, G_loss: 0.16506, step_acc: 12.72350, grid_scale: 3 / 5, strokes: 9 / 9
iteration step 465, G_loss: 0.16505, step_acc: 12.72249, grid_scale: 3 / 5, strokes: 9 / 9
iteration step 466, G_loss: 0.16503, step_acc: 12.72334, grid_scale: 3 / 5, strokes: 9 / 9
iteration step 467, G_loss: 0.16504, step_acc: 12.72313, grid_scale: 3 / 5, strokes: 9 / 9
iteration step 468, G_loss: 0.16502, step_acc: 12.72515, grid_scale: 3 / 5, strokes: 9 / 9
iteration step 469, G_loss: 0.16499, step_acc: 12.72428, grid_scale: 3 / 5, strokes: 9 / 9
iteration step 470, G_loss: 0.16497, step_acc: 12.72563, grid_scale: 3 / 5, strokes: 9 / 9
iteration step 471, G_loss: 0.16497, step_acc: 12.72577, grid_scale: 3 / 5, strokes: 9 / 9
iteration step 472, G_loss: 0.16496, step_acc: 12.72724, grid_scale: 3 / 5, strokes: 9 / 9
iteration step 473, G_loss: 0.16494, step_acc: 12.72579, grid_scale: 3 / 5, strokes: 9 / 9
iteration step 474, G_loss: 0.16493, step_acc: 12.72802, grid_scale: 3 / 5, strokes: 9 / 9
iteration step 475, G_loss: 0.16492, step_acc: 12.72699, grid_scale: 3 / 5, strokes: 9 / 9
iteration step 476, G_loss: 0.16491, step_acc: 12.72869, grid_scale: 3 / 5, strokes: 9 / 9
iteration step 477, G_loss: 0.16490, step_acc: 12.72759, grid_scale: 3 / 5, strokes: 9 / 9
iteration step 478, G_loss: 0.16490, step_acc: 12.72859, grid_scale: 3 / 5, strokes: 9 / 9
iteration step 479, G_loss: 0.16489, step_acc: 12.72875, grid_scale: 3 / 5, strokes: 9 / 9
iteration step 480, G_loss: 0.16488, step_acc: 12.72949, grid_scale: 3 / 5, strokes: 9 / 9
iteration step 481, G_loss: 0.16485, step_acc: 12.72795, grid_scale: 3 / 5, strokes: 9 / 9
iteration step 482, G_loss: 0.16486, step_acc: 12.72984, grid_scale: 3 / 5, strokes: 9 / 9
iteration step 483, G_loss: 0.16484, step_acc: 12.73003, grid_scale: 3 / 5, strokes: 9 / 9
iteration step 484, G_loss: 0.16484, step_acc: 12.73047, grid_scale: 3 / 5, strokes: 9 / 9
iteration step 485, G_loss: 0.16480, step_acc: 12.73001, grid_scale: 3 / 5, strokes: 9 / 9
iteration step 486, G_loss: 0.16480, step_acc: 12.73051, grid_scale: 3 / 5, strokes: 9 / 9
iteration step 487, G_loss: 0.16480, step_acc: 12.73103, grid_scale: 3 / 5, strokes: 9 / 9
iteration step 488, G_loss: 0.16480, step_acc: 12.73084, grid_scale: 3 / 5, strokes: 9 / 9
iteration step 489, G_loss: 0.16477, step_acc: 12.73230, grid_scale: 3 / 5, strokes: 9 / 9
iteration step 490, G_loss: 0.16478, step_acc: 12.73191, grid_scale: 3 / 5, strokes: 9 / 9
iteration step 491, G_loss: 0.16476, step_acc: 12.73198, grid_scale: 3 / 5, strokes: 9 / 9
iteration step 492, G_loss: 0.16476, step_acc: 12.73227, grid_scale: 3 / 5, strokes: 9 / 9
iteration step 493, G_loss: 0.16472, step_acc: 12.73440, grid_scale: 3 / 5, strokes: 9 / 9
iteration step 494, G_loss: 0.16470, step_acc: 12.73373, grid_scale: 3 / 5, strokes: 9 / 9
rendering canvas...
iteration step 0, G_loss: 0.16469, step_acc: 12.51390, grid_scale: 4 / 5, strokes: 1 / 9
iteration step 1, G_loss: 0.17256, step_acc: 12.51405, grid_scale: 4 / 5, strokes: 1 / 9
iteration step 2, G_loss: 0.17256, step_acc: 12.52030, grid_scale: 4 / 5, strokes: 1 / 9
iteration step 3, G_loss: 0.17241, step_acc: 12.52236, grid_scale: 4 / 5, strokes: 1 / 9
iteration step 4, G_loss: 0.17240, step_acc: 12.52414, grid_scale: 4 / 5, strokes: 1 / 9
iteration step 5, G_loss: 0.17234, step_acc: 12.52499, grid_scale: 4 / 5, strokes: 1 / 9
iteration step 6, G_loss: 0.17231, step_acc: 12.52546, grid_scale: 4 / 5, strokes: 1 / 9
iteration step 7, G_loss: 0.17229, step_acc: 12.52567, grid_scale: 4 / 5, strokes: 1 / 9
iteration step 8, G_loss: 0.17228, step_acc: 12.52596, grid_scale: 4 / 5, strokes: 1 / 9
iteration step 9, G_loss: 0.17227, step_acc: 12.52622, grid_scale: 4 / 5, strokes: 1 / 9
iteration step 10, G_loss: 0.17226, step_acc: 12.52628, grid_scale: 4 / 5, strokes: 1 / 9
iteration step 11, G_loss: 0.17226, step_acc: 12.52641, grid_scale: 4 / 5, strokes: 1 / 9
iteration step 12, G_loss: 0.17226, step_acc: 12.52669, grid_scale: 4 / 5, strokes: 1 / 9
iteration step 13, G_loss: 0.17225, step_acc: 12.52687, grid_scale: 4 / 5, strokes: 1 / 9
iteration step 14, G_loss: 0.17224, step_acc: 12.52603, grid_scale: 4 / 5, strokes: 1 / 9
iteration step 15, G_loss: 0.17225, step_acc: 12.52700, grid_scale: 4 / 5, strokes: 1 / 9
iteration step 16, G_loss: 0.17223, step_acc: 12.52724, grid_scale: 4 / 5, strokes: 1 / 9
iteration step 17, G_loss: 0.17222, step_acc: 12.52746, grid_scale: 4 / 5, strokes: 1 / 9
iteration step 18, G_loss: 0.17221, step_acc: 12.52762, grid_scale: 4 / 5, strokes: 1 / 9
iteration step 19, G_loss: 0.17221, step_acc: 12.52776, grid_scale: 4 / 5, strokes: 1 / 9
iteration step 20, G_loss: 0.17220, step_acc: 12.52786, grid_scale: 4 / 5, strokes: 1 / 9
iteration step 21, G_loss: 0.17220, step_acc: 12.52801, grid_scale: 4 / 5, strokes: 1 / 9
iteration step 22, G_loss: 0.17219, step_acc: 12.52805, grid_scale: 4 / 5, strokes: 1 / 9
iteration step 23, G_loss: 0.17219, step_acc: 12.52808, grid_scale: 4 / 5, strokes: 1 / 9
iteration step 24, G_loss: 0.17219, step_acc: 12.52810, grid_scale: 4 / 5, strokes: 1 / 9
iteration step 25, G_loss: 0.17219, step_acc: 12.52814, grid_scale: 4 / 5, strokes: 1 / 9
iteration step 26, G_loss: 0.17219, step_acc: 12.52817, grid_scale: 4 / 5, strokes: 1 / 9
iteration step 27, G_loss: 0.17219, step_acc: 12.52821, grid_scale: 4 / 5, strokes: 1 / 9
iteration step 28, G_loss: 0.17219, step_acc: 12.52823, grid_scale: 4 / 5, strokes: 1 / 9
iteration step 29, G_loss: 0.17219, step_acc: 12.52826, grid_scale: 4 / 5, strokes: 1 / 9
iteration step 30, G_loss: 0.17219, step_acc: 12.52829, grid_scale: 4 / 5, strokes: 1 / 9
iteration step 31, G_loss: 0.17219, step_acc: 12.52831, grid_scale: 4 / 5, strokes: 1 / 9
iteration step 32, G_loss: 0.17219, step_acc: 12.52836, grid_scale: 4 / 5, strokes: 1 / 9
iteration step 33, G_loss: 0.17219, step_acc: 12.52842, grid_scale: 4 / 5, strokes: 1 / 9
iteration step 34, G_loss: 0.17218, step_acc: 12.52860, grid_scale: 4 / 5, strokes: 1 / 9
iteration step 35, G_loss: 0.17218, step_acc: 12.52871, grid_scale: 4 / 5, strokes: 1 / 9
iteration step 36, G_loss: 0.17218, step_acc: 12.52885, grid_scale: 4 / 5, strokes: 1 / 9
iteration step 37, G_loss: 0.17217, step_acc: 12.52900, grid_scale: 4 / 5, strokes: 1 / 9
iteration step 38, G_loss: 0.17217, step_acc: 12.52908, grid_scale: 4 / 5, strokes: 1 / 9
iteration step 39, G_loss: 0.17217, step_acc: 12.52936, grid_scale: 4 / 5, strokes: 1 / 9
iteration step 40, G_loss: 0.17216, step_acc: 12.52955, grid_scale: 4 / 5, strokes: 1 / 9
iteration step 41, G_loss: 0.17215, step_acc: 12.52973, grid_scale: 4 / 5, strokes: 1 / 9
iteration step 42, G_loss: 0.17215, step_acc: 12.52983, grid_scale: 4 / 5, strokes: 1 / 9
iteration step 43, G_loss: 0.17215, step_acc: 12.52989, grid_scale: 4 / 5, strokes: 1 / 9
iteration step 44, G_loss: 0.17215, step_acc: 12.53000, grid_scale: 4 / 5, strokes: 1 / 9
iteration step 45, G_loss: 0.17215, step_acc: 12.53009, grid_scale: 4 / 5, strokes: 1 / 9
iteration step 46, G_loss: 0.17214, step_acc: 12.53019, grid_scale: 4 / 5, strokes: 1 / 9
iteration step 47, G_loss: 0.17214, step_acc: 12.53031, grid_scale: 4 / 5, strokes: 1 / 9
iteration step 48, G_loss: 0.17214, step_acc: 12.53038, grid_scale: 4 / 5, strokes: 1 / 9
iteration step 49, G_loss: 0.17214, step_acc: 12.53043, grid_scale: 4 / 5, strokes: 1 / 9
iteration step 50, G_loss: 0.17214, step_acc: 12.53047, grid_scale: 4 / 5, strokes: 1 / 9
iteration step 51, G_loss: 0.17214, step_acc: 12.53046, grid_scale: 4 / 5, strokes: 1 / 9
iteration step 52, G_loss: 0.17214, step_acc: 12.53050, grid_scale: 4 / 5, strokes: 1 / 9
iteration step 53, G_loss: 0.17213, step_acc: 12.53049, grid_scale: 4 / 5, strokes: 1 / 9
iteration step 54, G_loss: 0.17213, step_acc: 12.53052, grid_scale: 4 / 5, strokes: 1 / 9
iteration step 55, G_loss: 0.17213, step_acc: 12.53024, grid_scale: 4 / 5, strokes: 2 / 9
iteration step 56, G_loss: 0.17214, step_acc: 12.52844, grid_scale: 4 / 5, strokes: 2 / 9
iteration step 57, G_loss: 0.17218, step_acc: 12.52990, grid_scale: 4 / 5, strokes: 2 / 9
iteration step 58, G_loss: 0.17215, step_acc: 12.53033, grid_scale: 4 / 5, strokes: 2 / 9
iteration step 59, G_loss: 0.17214, step_acc: 12.53034, grid_scale: 4 / 5, strokes: 2 / 9
iteration step 60, G_loss: 0.17214, step_acc: 12.53039, grid_scale: 4 / 5, strokes: 2 / 9
iteration step 61, G_loss: 0.17213, step_acc: 12.53042, grid_scale: 4 / 5, strokes: 2 / 9
iteration step 62, G_loss: 0.17213, step_acc: 12.53042, grid_scale: 4 / 5, strokes: 2 / 9
iteration step 63, G_loss: 0.17213, step_acc: 12.53042, grid_scale: 4 / 5, strokes: 2 / 9
iteration step 64, G_loss: 0.17213, step_acc: 12.53046, grid_scale: 4 / 5, strokes: 2 / 9
iteration step 65, G_loss: 0.17213, step_acc: 12.53048, grid_scale: 4 / 5, strokes: 2 / 9
iteration step 66, G_loss: 0.17213, step_acc: 12.53047, grid_scale: 4 / 5, strokes: 2 / 9
iteration step 67, G_loss: 0.17213, step_acc: 12.53054, grid_scale: 4 / 5, strokes: 2 / 9
iteration step 68, G_loss: 0.17213, step_acc: 12.53052, grid_scale: 4 / 5, strokes: 2 / 9
iteration step 69, G_loss: 0.17213, step_acc: 12.53058, grid_scale: 4 / 5, strokes: 2 / 9
iteration step 70, G_loss: 0.17213, step_acc: 12.53055, grid_scale: 4 / 5, strokes: 2 / 9
iteration step 71, G_loss: 0.17213, step_acc: 12.53064, grid_scale: 4 / 5, strokes: 2 / 9
iteration step 72, G_loss: 0.17213, step_acc: 12.53061, grid_scale: 4 / 5, strokes: 2 / 9
iteration step 73, G_loss: 0.17213, step_acc: 12.53069, grid_scale: 4 / 5, strokes: 2 / 9
iteration step 74, G_loss: 0.17213, step_acc: 12.53067, grid_scale: 4 / 5, strokes: 2 / 9
iteration step 75, G_loss: 0.17213, step_acc: 12.53068, grid_scale: 4 / 5, strokes: 2 / 9
iteration step 76, G_loss: 0.17212, step_acc: 12.53073, grid_scale: 4 / 5, strokes: 2 / 9
iteration step 77, G_loss: 0.17212, step_acc: 12.53072, grid_scale: 4 / 5, strokes: 2 / 9
iteration step 78, G_loss: 0.17212, step_acc: 12.53071, grid_scale: 4 / 5, strokes: 2 / 9
iteration step 79, G_loss: 0.17212, step_acc: 12.53077, grid_scale: 4 / 5, strokes: 2 / 9
iteration step 80, G_loss: 0.17212, step_acc: 12.53074, grid_scale: 4 / 5, strokes: 2 / 9
iteration step 81, G_loss: 0.17212, step_acc: 12.53081, grid_scale: 4 / 5, strokes: 2 / 9
iteration step 82, G_loss: 0.17212, step_acc: 12.53080, grid_scale: 4 / 5, strokes: 2 / 9
iteration step 83, G_loss: 0.17212, step_acc: 12.53086, grid_scale: 4 / 5, strokes: 2 / 9
iteration step 84, G_loss: 0.17212, step_acc: 12.53086, grid_scale: 4 / 5, strokes: 2 / 9
iteration step 85, G_loss: 0.17212, step_acc: 12.53092, grid_scale: 4 / 5, strokes: 2 / 9
iteration step 86, G_loss: 0.17212, step_acc: 12.53095, grid_scale: 4 / 5, strokes: 2 / 9
iteration step 87, G_loss: 0.17212, step_acc: 12.53100, grid_scale: 4 / 5, strokes: 2 / 9
iteration step 88, G_loss: 0.17212, step_acc: 12.53095, grid_scale: 4 / 5, strokes: 2 / 9
iteration step 89, G_loss: 0.17212, step_acc: 12.53102, grid_scale: 4 / 5, strokes: 2 / 9
iteration step 90, G_loss: 0.17212, step_acc: 12.53096, grid_scale: 4 / 5, strokes: 2 / 9
iteration step 91, G_loss: 0.17212, step_acc: 12.53101, grid_scale: 4 / 5, strokes: 2 / 9
iteration step 92, G_loss: 0.17212, step_acc: 12.53099, grid_scale: 4 / 5, strokes: 2 / 9
iteration step 93, G_loss: 0.17212, step_acc: 12.53103, grid_scale: 4 / 5, strokes: 2 / 9
iteration step 94, G_loss: 0.17212, step_acc: 12.53107, grid_scale: 4 / 5, strokes: 2 / 9
iteration step 95, G_loss: 0.17212, step_acc: 12.53102, grid_scale: 4 / 5, strokes: 2 / 9
iteration step 96, G_loss: 0.17211, step_acc: 12.53106, grid_scale: 4 / 5, strokes: 2 / 9
iteration step 97, G_loss: 0.17211, step_acc: 12.53092, grid_scale: 4 / 5, strokes: 2 / 9
iteration step 98, G_loss: 0.17212, step_acc: 12.53109, grid_scale: 4 / 5, strokes: 2 / 9
iteration step 99, G_loss: 0.17211, step_acc: 12.53092, grid_scale: 4 / 5, strokes: 2 / 9
iteration step 100, G_loss: 0.17212, step_acc: 12.53108, grid_scale: 4 / 5, strokes: 2 / 9
iteration step 101, G_loss: 0.17211, step_acc: 12.53102, grid_scale: 4 / 5, strokes: 2 / 9
iteration step 102, G_loss: 0.17211, step_acc: 12.53105, grid_scale: 4 / 5, strokes: 2 / 9
iteration step 103, G_loss: 0.17211, step_acc: 12.53102, grid_scale: 4 / 5, strokes: 2 / 9
iteration step 104, G_loss: 0.17211, step_acc: 12.53112, grid_scale: 4 / 5, strokes: 2 / 9
iteration step 105, G_loss: 0.17211, step_acc: 12.53096, grid_scale: 4 / 5, strokes: 2 / 9
iteration step 106, G_loss: 0.17211, step_acc: 12.53107, grid_scale: 4 / 5, strokes: 2 / 9
iteration step 107, G_loss: 0.17211, step_acc: 12.53112, grid_scale: 4 / 5, strokes: 2 / 9
iteration step 108, G_loss: 0.17211, step_acc: 12.53095, grid_scale: 4 / 5, strokes: 2 / 9
iteration step 109, G_loss: 0.17211, step_acc: 12.53113, grid_scale: 4 / 5, strokes: 2 / 9
iteration step 110, G_loss: 0.17211, step_acc: 12.53086, grid_scale: 4 / 5, strokes: 3 / 9
iteration step 111, G_loss: 0.17212, step_acc: 12.53011, grid_scale: 4 / 5, strokes: 3 / 9
iteration step 112, G_loss: 0.17213, step_acc: 12.53116, grid_scale: 4 / 5, strokes: 3 / 9
iteration step 113, G_loss: 0.17211, step_acc: 12.53141, grid_scale: 4 / 5, strokes: 3 / 9
iteration step 114, G_loss: 0.17211, step_acc: 12.54860, grid_scale: 4 / 5, strokes: 3 / 9
iteration step 115, G_loss: 0.17180, step_acc: 12.57145, grid_scale: 4 / 5, strokes: 3 / 9
iteration step 116, G_loss: 0.17139, step_acc: 12.58541, grid_scale: 4 / 5, strokes: 3 / 9
iteration step 117, G_loss: 0.17112, step_acc: 12.59017, grid_scale: 4 / 5, strokes: 3 / 9
iteration step 118, G_loss: 0.17102, step_acc: 12.59436, grid_scale: 4 / 5, strokes: 3 / 9
iteration step 119, G_loss: 0.17093, step_acc: 12.59699, grid_scale: 4 / 5, strokes: 3 / 9
iteration step 120, G_loss: 0.17088, step_acc: 12.59972, grid_scale: 4 / 5, strokes: 3 / 9
iteration step 121, G_loss: 0.17083, step_acc: 12.60214, grid_scale: 4 / 5, strokes: 3 / 9
iteration step 122, G_loss: 0.17078, step_acc: 12.60426, grid_scale: 4 / 5, strokes: 3 / 9
iteration step 123, G_loss: 0.17074, step_acc: 12.60766, grid_scale: 4 / 5, strokes: 3 / 9
iteration step 124, G_loss: 0.17068, step_acc: 12.61033, grid_scale: 4 / 5, strokes: 3 / 9
iteration step 125, G_loss: 0.17064, step_acc: 12.61305, grid_scale: 4 / 5, strokes: 3 / 9
iteration step 126, G_loss: 0.17059, step_acc: 12.61378, grid_scale: 4 / 5, strokes: 3 / 9
iteration step 127, G_loss: 0.17057, step_acc: 12.61440, grid_scale: 4 / 5, strokes: 3 / 9
iteration step 128, G_loss: 0.17056, step_acc: 12.61610, grid_scale: 4 / 5, strokes: 3 / 9
iteration step 129, G_loss: 0.17053, step_acc: 12.63125, grid_scale: 4 / 5, strokes: 3 / 9
iteration step 130, G_loss: 0.17026, step_acc: 12.63230, grid_scale: 4 / 5, strokes: 3 / 9
iteration step 131, G_loss: 0.17022, step_acc: 12.63339, grid_scale: 4 / 5, strokes: 3 / 9
iteration step 132, G_loss: 0.17020, step_acc: 12.63436, grid_scale: 4 / 5, strokes: 3 / 9
iteration step 133, G_loss: 0.17017, step_acc: 12.63562, grid_scale: 4 / 5, strokes: 3 / 9
iteration step 134, G_loss: 0.17015, step_acc: 12.63617, grid_scale: 4 / 5, strokes: 3 / 9
iteration step 135, G_loss: 0.17014, step_acc: 12.63664, grid_scale: 4 / 5, strokes: 3 / 9
iteration step 136, G_loss: 0.17013, step_acc: 12.63712, grid_scale: 4 / 5, strokes: 3 / 9
iteration step 137, G_loss: 0.17013, step_acc: 12.63770, grid_scale: 4 / 5, strokes: 3 / 9
iteration step 138, G_loss: 0.17011, step_acc: 12.63879, grid_scale: 4 / 5, strokes: 3 / 9
iteration step 139, G_loss: 0.17009, step_acc: 12.63957, grid_scale: 4 / 5, strokes: 3 / 9
iteration step 140, G_loss: 0.17008, step_acc: 12.64001, grid_scale: 4 / 5, strokes: 3 / 9
iteration step 141, G_loss: 0.17008, step_acc: 12.64059, grid_scale: 4 / 5, strokes: 3 / 9
iteration step 142, G_loss: 0.17007, step_acc: 12.64108, grid_scale: 4 / 5, strokes: 3 / 9
iteration step 143, G_loss: 0.17006, step_acc: 12.64198, grid_scale: 4 / 5, strokes: 3 / 9
iteration step 144, G_loss: 0.17005, step_acc: 12.64256, grid_scale: 4 / 5, strokes: 3 / 9
iteration step 145, G_loss: 0.17004, step_acc: 12.64387, grid_scale: 4 / 5, strokes: 3 / 9
iteration step 146, G_loss: 0.17002, step_acc: 12.64556, grid_scale: 4 / 5, strokes: 3 / 9
iteration step 147, G_loss: 0.16999, step_acc: 12.64657, grid_scale: 4 / 5, strokes: 3 / 9
iteration step 148, G_loss: 0.16996, step_acc: 12.64798, grid_scale: 4 / 5, strokes: 3 / 9
iteration step 149, G_loss: 0.16994, step_acc: 12.64873, grid_scale: 4 / 5, strokes: 3 / 9
iteration step 150, G_loss: 0.16994, step_acc: 12.65076, grid_scale: 4 / 5, strokes: 3 / 9
iteration step 151, G_loss: 0.16988, step_acc: 12.65261, grid_scale: 4 / 5, strokes: 3 / 9
iteration step 152, G_loss: 0.16985, step_acc: 12.65385, grid_scale: 4 / 5, strokes: 3 / 9
iteration step 153, G_loss: 0.16982, step_acc: 12.65472, grid_scale: 4 / 5, strokes: 3 / 9
iteration step 154, G_loss: 0.16980, step_acc: 12.65543, grid_scale: 4 / 5, strokes: 3 / 9
iteration step 155, G_loss: 0.16980, step_acc: 12.65689, grid_scale: 4 / 5, strokes: 3 / 9
iteration step 156, G_loss: 0.16976, step_acc: 12.65798, grid_scale: 4 / 5, strokes: 3 / 9
iteration step 157, G_loss: 0.16974, step_acc: 12.65834, grid_scale: 4 / 5, strokes: 3 / 9
iteration step 158, G_loss: 0.16973, step_acc: 12.65960, grid_scale: 4 / 5, strokes: 3 / 9
iteration step 159, G_loss: 0.16970, step_acc: 12.66273, grid_scale: 4 / 5, strokes: 3 / 9
iteration step 160, G_loss: 0.16962, step_acc: 12.66871, grid_scale: 4 / 5, strokes: 3 / 9
iteration step 161, G_loss: 0.16945, step_acc: 12.67111, grid_scale: 4 / 5, strokes: 3 / 9
iteration step 162, G_loss: 0.16936, step_acc: 12.67196, grid_scale: 4 / 5, strokes: 3 / 9
iteration step 163, G_loss: 0.16933, step_acc: 12.67221, grid_scale: 4 / 5, strokes: 3 / 9
iteration step 164, G_loss: 0.16931, step_acc: 12.67278, grid_scale: 4 / 5, strokes: 3 / 9
iteration step 165, G_loss: 0.16930, step_acc: 12.67289, grid_scale: 4 / 5, strokes: 4 / 9
iteration step 166, G_loss: 0.16929, step_acc: 12.67274, grid_scale: 4 / 5, strokes: 4 / 9
iteration step 167, G_loss: 0.16929, step_acc: 12.67355, grid_scale: 4 / 5, strokes: 4 / 9
iteration step 168, G_loss: 0.16930, step_acc: 12.68506, grid_scale: 4 / 5, strokes: 4 / 9
iteration step 169, G_loss: 0.16906, step_acc: 12.68711, grid_scale: 4 / 5, strokes: 4 / 9
iteration step 170, G_loss: 0.16898, step_acc: 12.68600, grid_scale: 4 / 5, strokes: 4 / 9
iteration step 171, G_loss: 0.16898, step_acc: 12.68950, grid_scale: 4 / 5, strokes: 4 / 9
iteration step 172, G_loss: 0.16892, step_acc: 12.68954, grid_scale: 4 / 5, strokes: 4 / 9
iteration step 173, G_loss: 0.16891, step_acc: 12.68964, grid_scale: 4 / 5, strokes: 4 / 9
iteration step 174, G_loss: 0.16891, step_acc: 12.68972, grid_scale: 4 / 5, strokes: 4 / 9
iteration step 175, G_loss: 0.16890, step_acc: 12.69008, grid_scale: 4 / 5, strokes: 4 / 9
iteration step 176, G_loss: 0.16890, step_acc: 12.69055, grid_scale: 4 / 5, strokes: 4 / 9
iteration step 177, G_loss: 0.16889, step_acc: 12.69060, grid_scale: 4 / 5, strokes: 4 / 9
iteration step 178, G_loss: 0.16888, step_acc: 12.69157, grid_scale: 4 / 5, strokes: 4 / 9
iteration step 179, G_loss: 0.16888, step_acc: 12.69111, grid_scale: 4 / 5, strokes: 4 / 9
iteration step 180, G_loss: 0.16887, step_acc: 12.69218, grid_scale: 4 / 5, strokes: 4 / 9
iteration step 181, G_loss: 0.16886, step_acc: 12.69203, grid_scale: 4 / 5, strokes: 4 / 9
iteration step 182, G_loss: 0.16885, step_acc: 12.69293, grid_scale: 4 / 5, strokes: 4 / 9
iteration step 183, G_loss: 0.16885, step_acc: 12.69250, grid_scale: 4 / 5, strokes: 4 / 9
iteration step 184, G_loss: 0.16885, step_acc: 12.69397, grid_scale: 4 / 5, strokes: 4 / 9
iteration step 185, G_loss: 0.16883, step_acc: 12.69423, grid_scale: 4 / 5, strokes: 4 / 9
iteration step 186, G_loss: 0.16882, step_acc: 12.69459, grid_scale: 4 / 5, strokes: 4 / 9
iteration step 187, G_loss: 0.16881, step_acc: 12.69551, grid_scale: 4 / 5, strokes: 4 / 9
iteration step 188, G_loss: 0.16881, step_acc: 12.69563, grid_scale: 4 / 5, strokes: 4 / 9
iteration step 189, G_loss: 0.16880, step_acc: 12.69604, grid_scale: 4 / 5, strokes: 4 / 9
iteration step 190, G_loss: 0.16879, step_acc: 12.69726, grid_scale: 4 / 5, strokes: 4 / 9
iteration step 191, G_loss: 0.16877, step_acc: 12.69795, grid_scale: 4 / 5, strokes: 4 / 9
iteration step 192, G_loss: 0.16876, step_acc: 12.69895, grid_scale: 4 / 5, strokes: 4 / 9
iteration step 193, G_loss: 0.16874, step_acc: 12.69964, grid_scale: 4 / 5, strokes: 4 / 9
iteration step 194, G_loss: 0.16872, step_acc: 12.70034, grid_scale: 4 / 5, strokes: 4 / 9
iteration step 195, G_loss: 0.16871, step_acc: 12.70042, grid_scale: 4 / 5, strokes: 4 / 9
iteration step 196, G_loss: 0.16871, step_acc: 12.70134, grid_scale: 4 / 5, strokes: 4 / 9
iteration step 197, G_loss: 0.16870, step_acc: 12.70158, grid_scale: 4 / 5, strokes: 4 / 9
iteration step 198, G_loss: 0.16869, step_acc: 12.70243, grid_scale: 4 / 5, strokes: 4 / 9
iteration step 199, G_loss: 0.16868, step_acc: 12.70258, grid_scale: 4 / 5, strokes: 4 / 9
iteration step 200, G_loss: 0.16867, step_acc: 12.70344, grid_scale: 4 / 5, strokes: 4 / 9
iteration step 201, G_loss: 0.16865, step_acc: 12.70397, grid_scale: 4 / 5, strokes: 4 / 9
iteration step 202, G_loss: 0.16864, step_acc: 12.70438, grid_scale: 4 / 5, strokes: 4 / 9
iteration step 203, G_loss: 0.16864, step_acc: 12.70443, grid_scale: 4 / 5, strokes: 4 / 9
iteration step 204, G_loss: 0.16863, step_acc: 12.70491, grid_scale: 4 / 5, strokes: 4 / 9
iteration step 205, G_loss: 0.16863, step_acc: 12.70493, grid_scale: 4 / 5, strokes: 4 / 9
iteration step 206, G_loss: 0.16862, step_acc: 12.70525, grid_scale: 4 / 5, strokes: 4 / 9
iteration step 207, G_loss: 0.16861, step_acc: 12.70532, grid_scale: 4 / 5, strokes: 4 / 9
iteration step 208, G_loss: 0.16861, step_acc: 12.70555, grid_scale: 4 / 5, strokes: 4 / 9
iteration step 209, G_loss: 0.16860, step_acc: 12.70568, grid_scale: 4 / 5, strokes: 4 / 9
iteration step 210, G_loss: 0.16860, step_acc: 12.70607, grid_scale: 4 / 5, strokes: 4 / 9
iteration step 211, G_loss: 0.16859, step_acc: 12.70607, grid_scale: 4 / 5, strokes: 4 / 9
iteration step 212, G_loss: 0.16859, step_acc: 12.70628, grid_scale: 4 / 5, strokes: 4 / 9
iteration step 213, G_loss: 0.16859, step_acc: 12.70632, grid_scale: 4 / 5, strokes: 4 / 9
iteration step 214, G_loss: 0.16858, step_acc: 12.70675, grid_scale: 4 / 5, strokes: 4 / 9
iteration step 215, G_loss: 0.16858, step_acc: 12.70655, grid_scale: 4 / 5, strokes: 4 / 9
iteration step 216, G_loss: 0.16860, step_acc: 12.70674, grid_scale: 4 / 5, strokes: 4 / 9
iteration step 217, G_loss: 0.16858, step_acc: 12.70888, grid_scale: 4 / 5, strokes: 4 / 9
iteration step 218, G_loss: 0.16854, step_acc: 12.73148, grid_scale: 4 / 5, strokes: 4 / 9
iteration step 219, G_loss: 0.16817, step_acc: 12.73684, grid_scale: 4 / 5, strokes: 4 / 9
iteration step 220, G_loss: 0.16805, step_acc: 12.73738, grid_scale: 4 / 5, strokes: 5 / 9
iteration step 221, G_loss: 0.16802, step_acc: 12.73690, grid_scale: 4 / 5, strokes: 5 / 9
iteration step 222, G_loss: 0.16802, step_acc: 12.73818, grid_scale: 4 / 5, strokes: 5 / 9
iteration step 223, G_loss: 0.16798, step_acc: 12.74039, grid_scale: 4 / 5, strokes: 5 / 9
iteration step 224, G_loss: 0.16793, step_acc: 12.74173, grid_scale: 4 / 5, strokes: 5 / 9
iteration step 225, G_loss: 0.16789, step_acc: 12.74249, grid_scale: 4 / 5, strokes: 5 / 9
iteration step 226, G_loss: 0.16787, step_acc: 12.74407, grid_scale: 4 / 5, strokes: 5 / 9
iteration step 227, G_loss: 0.16785, step_acc: 12.74219, grid_scale: 4 / 5, strokes: 5 / 9
iteration step 228, G_loss: 0.16788, step_acc: 12.74474, grid_scale: 4 / 5, strokes: 5 / 9
iteration step 229, G_loss: 0.16783, step_acc: 12.74481, grid_scale: 4 / 5, strokes: 5 / 9
iteration step 230, G_loss: 0.16783, step_acc: 12.74551, grid_scale: 4 / 5, strokes: 5 / 9
iteration step 231, G_loss: 0.16782, step_acc: 12.74528, grid_scale: 4 / 5, strokes: 5 / 9
iteration step 232, G_loss: 0.16782, step_acc: 12.74689, grid_scale: 4 / 5, strokes: 5 / 9
iteration step 233, G_loss: 0.16779, step_acc: 12.74756, grid_scale: 4 / 5, strokes: 5 / 9
iteration step 234, G_loss: 0.16778, step_acc: 12.74826, grid_scale: 4 / 5, strokes: 5 / 9
iteration step 235, G_loss: 0.16777, step_acc: 12.74876, grid_scale: 4 / 5, strokes: 5 / 9
iteration step 236, G_loss: 0.16776, step_acc: 12.74963, grid_scale: 4 / 5, strokes: 5 / 9
iteration step 237, G_loss: 0.16775, step_acc: 12.74993, grid_scale: 4 / 5, strokes: 5 / 9
iteration step 238, G_loss: 0.16773, step_acc: 12.75061, grid_scale: 4 / 5, strokes: 5 / 9
iteration step 239, G_loss: 0.16772, step_acc: 12.75126, grid_scale: 4 / 5, strokes: 5 / 9
iteration step 240, G_loss: 0.16771, step_acc: 12.75238, grid_scale: 4 / 5, strokes: 5 / 9
iteration step 241, G_loss: 0.16769, step_acc: 12.75326, grid_scale: 4 / 5, strokes: 5 / 9
iteration step 242, G_loss: 0.16767, step_acc: 12.75547, grid_scale: 4 / 5, strokes: 5 / 9
iteration step 243, G_loss: 0.16762, step_acc: 12.75587, grid_scale: 4 / 5, strokes: 5 / 9
iteration step 244, G_loss: 0.16760, step_acc: 12.75654, grid_scale: 4 / 5, strokes: 5 / 9
iteration step 245, G_loss: 0.16759, step_acc: 12.75686, grid_scale: 4 / 5, strokes: 5 / 9
iteration step 246, G_loss: 0.16758, step_acc: 12.75725, grid_scale: 4 / 5, strokes: 5 / 9
iteration step 247, G_loss: 0.16756, step_acc: 12.75759, grid_scale: 4 / 5, strokes: 5 / 9
iteration step 248, G_loss: 0.16756, step_acc: 12.75800, grid_scale: 4 / 5, strokes: 5 / 9
iteration step 249, G_loss: 0.16754, step_acc: 12.75854, grid_scale: 4 / 5, strokes: 5 / 9
iteration step 250, G_loss: 0.16754, step_acc: 12.75947, grid_scale: 4 / 5, strokes: 5 / 9
iteration step 251, G_loss: 0.16752, step_acc: 12.76075, grid_scale: 4 / 5, strokes: 5 / 9
iteration step 252, G_loss: 0.16749, step_acc: 12.76217, grid_scale: 4 / 5, strokes: 5 / 9
iteration step 253, G_loss: 0.16747, step_acc: 12.76323, grid_scale: 4 / 5, strokes: 5 / 9
iteration step 254, G_loss: 0.16744, step_acc: 12.76406, grid_scale: 4 / 5, strokes: 5 / 9
iteration step 255, G_loss: 0.16741, step_acc: 12.76577, grid_scale: 4 / 5, strokes: 5 / 9
iteration step 256, G_loss: 0.16739, step_acc: 12.76669, grid_scale: 4 / 5, strokes: 5 / 9
iteration step 257, G_loss: 0.16736, step_acc: 12.76805, grid_scale: 4 / 5, strokes: 5 / 9
iteration step 258, G_loss: 0.16733, step_acc: 12.76898, grid_scale: 4 / 5, strokes: 5 / 9
iteration step 259, G_loss: 0.16731, step_acc: 12.77064, grid_scale: 4 / 5, strokes: 5 / 9
iteration step 260, G_loss: 0.16727, step_acc: 12.77261, grid_scale: 4 / 5, strokes: 5 / 9
iteration step 261, G_loss: 0.16724, step_acc: 12.77549, grid_scale: 4 / 5, strokes: 5 / 9
iteration step 262, G_loss: 0.16719, step_acc: 12.77997, grid_scale: 4 / 5, strokes: 5 / 9
iteration step 263, G_loss: 0.16713, step_acc: 12.78546, grid_scale: 4 / 5, strokes: 5 / 9
iteration step 264, G_loss: 0.16706, step_acc: 12.79248, grid_scale: 4 / 5, strokes: 5 / 9
iteration step 265, G_loss: 0.16698, step_acc: 12.80027, grid_scale: 4 / 5, strokes: 5 / 9
iteration step 266, G_loss: 0.16690, step_acc: 12.80851, grid_scale: 4 / 5, strokes: 5 / 9
iteration step 267, G_loss: 0.16680, step_acc: 12.81580, grid_scale: 4 / 5, strokes: 5 / 9
iteration step 268, G_loss: 0.16672, step_acc: 12.82809, grid_scale: 4 / 5, strokes: 5 / 9
iteration step 269, G_loss: 0.16658, step_acc: 12.84488, grid_scale: 4 / 5, strokes: 5 / 9
iteration step 270, G_loss: 0.16635, step_acc: 12.85504, grid_scale: 4 / 5, strokes: 5 / 9
iteration step 271, G_loss: 0.16621, step_acc: 12.86296, grid_scale: 4 / 5, strokes: 5 / 9
iteration step 272, G_loss: 0.16611, step_acc: 12.87069, grid_scale: 4 / 5, strokes: 5 / 9
iteration step 273, G_loss: 0.16599, step_acc: 12.87713, grid_scale: 4 / 5, strokes: 5 / 9
iteration step 274, G_loss: 0.16590, step_acc: 12.88352, grid_scale: 4 / 5, strokes: 5 / 9
iteration step 275, G_loss: 0.16581, step_acc: 12.88782, grid_scale: 4 / 5, strokes: 6 / 9
iteration step 276, G_loss: 0.16575, step_acc: 12.89284, grid_scale: 4 / 5, strokes: 6 / 9
iteration step 277, G_loss: 0.16567, step_acc: 12.89743, grid_scale: 4 / 5, strokes: 6 / 9
iteration step 278, G_loss: 0.16559, step_acc: 12.89725, grid_scale: 4 / 5, strokes: 6 / 9
iteration step 279, G_loss: 0.16558, step_acc: 12.90292, grid_scale: 4 / 5, strokes: 6 / 9
iteration step 280, G_loss: 0.16547, step_acc: 12.90517, grid_scale: 4 / 5, strokes: 6 / 9
iteration step 281, G_loss: 0.16542, step_acc: 12.90835, grid_scale: 4 / 5, strokes: 6 / 9
iteration step 282, G_loss: 0.16537, step_acc: 12.91119, grid_scale: 4 / 5, strokes: 6 / 9
iteration step 283, G_loss: 0.16531, step_acc: 12.91390, grid_scale: 4 / 5, strokes: 6 / 9
iteration step 284, G_loss: 0.16526, step_acc: 12.91600, grid_scale: 4 / 5, strokes: 6 / 9
iteration step 285, G_loss: 0.16522, step_acc: 12.91764, grid_scale: 4 / 5, strokes: 6 / 9
iteration step 286, G_loss: 0.16519, step_acc: 12.91955, grid_scale: 4 / 5, strokes: 6 / 9
iteration step 287, G_loss: 0.16516, step_acc: 12.92123, grid_scale: 4 / 5, strokes: 6 / 9
iteration step 288, G_loss: 0.16512, step_acc: 12.92279, grid_scale: 4 / 5, strokes: 6 / 9
iteration step 289, G_loss: 0.16510, step_acc: 12.92444, grid_scale: 4 / 5, strokes: 6 / 9
iteration step 290, G_loss: 0.16506, step_acc: 12.92598, grid_scale: 4 / 5, strokes: 6 / 9
iteration step 291, G_loss: 0.16504, step_acc: 12.92733, grid_scale: 4 / 5, strokes: 6 / 9
iteration step 292, G_loss: 0.16501, step_acc: 12.92917, grid_scale: 4 / 5, strokes: 6 / 9
iteration step 293, G_loss: 0.16498, step_acc: 12.93012, grid_scale: 4 / 5, strokes: 6 / 9
iteration step 294, G_loss: 0.16496, step_acc: 12.93207, grid_scale: 4 / 5, strokes: 6 / 9
iteration step 295, G_loss: 0.16493, step_acc: 12.93360, grid_scale: 4 / 5, strokes: 6 / 9
iteration step 296, G_loss: 0.16490, step_acc: 12.93479, grid_scale: 4 / 5, strokes: 6 / 9
iteration step 297, G_loss: 0.16488, step_acc: 12.93591, grid_scale: 4 / 5, strokes: 6 / 9
iteration step 298, G_loss: 0.16486, step_acc: 12.93723, grid_scale: 4 / 5, strokes: 6 / 9
iteration step 299, G_loss: 0.16483, step_acc: 12.93842, grid_scale: 4 / 5, strokes: 6 / 9
iteration step 300, G_loss: 0.16481, step_acc: 12.93957, grid_scale: 4 / 5, strokes: 6 / 9
iteration step 301, G_loss: 0.16479, step_acc: 12.94102, grid_scale: 4 / 5, strokes: 6 / 9
iteration step 302, G_loss: 0.16476, step_acc: 12.94166, grid_scale: 4 / 5, strokes: 6 / 9
iteration step 303, G_loss: 0.16474, step_acc: 12.94343, grid_scale: 4 / 5, strokes: 6 / 9
iteration step 304, G_loss: 0.16471, step_acc: 12.94443, grid_scale: 4 / 5, strokes: 6 / 9
iteration step 305, G_loss: 0.16469, step_acc: 12.94562, grid_scale: 4 / 5, strokes: 6 / 9
iteration step 306, G_loss: 0.16466, step_acc: 12.94684, grid_scale: 4 / 5, strokes: 6 / 9
iteration step 307, G_loss: 0.16465, step_acc: 12.94778, grid_scale: 4 / 5, strokes: 6 / 9
iteration step 308, G_loss: 0.16463, step_acc: 12.94963, grid_scale: 4 / 5, strokes: 6 / 9
iteration step 309, G_loss: 0.16460, step_acc: 12.95056, grid_scale: 4 / 5, strokes: 6 / 9
iteration step 310, G_loss: 0.16458, step_acc: 12.95263, grid_scale: 4 / 5, strokes: 6 / 9
iteration step 311, G_loss: 0.16455, step_acc: 12.95341, grid_scale: 4 / 5, strokes: 6 / 9
iteration step 312, G_loss: 0.16453, step_acc: 12.95561, grid_scale: 4 / 5, strokes: 6 / 9
iteration step 313, G_loss: 0.16451, step_acc: 12.95729, grid_scale: 4 / 5, strokes: 6 / 9
iteration step 314, G_loss: 0.16447, step_acc: 12.96045, grid_scale: 4 / 5, strokes: 6 / 9
iteration step 315, G_loss: 0.16443, step_acc: 12.96075, grid_scale: 4 / 5, strokes: 6 / 9
iteration step 316, G_loss: 0.16441, step_acc: 12.96207, grid_scale: 4 / 5, strokes: 6 / 9
iteration step 317, G_loss: 0.16440, step_acc: 12.96317, grid_scale: 4 / 5, strokes: 6 / 9
iteration step 318, G_loss: 0.16438, step_acc: 12.96504, grid_scale: 4 / 5, strokes: 6 / 9
iteration step 319, G_loss: 0.16435, step_acc: 12.96573, grid_scale: 4 / 5, strokes: 6 / 9
iteration step 320, G_loss: 0.16433, step_acc: 12.96704, grid_scale: 4 / 5, strokes: 6 / 9
iteration step 321, G_loss: 0.16432, step_acc: 12.96734, grid_scale: 4 / 5, strokes: 6 / 9
iteration step 322, G_loss: 0.16431, step_acc: 12.96827, grid_scale: 4 / 5, strokes: 6 / 9
iteration step 323, G_loss: 0.16430, step_acc: 12.96881, grid_scale: 4 / 5, strokes: 6 / 9
iteration step 324, G_loss: 0.16428, step_acc: 12.97050, grid_scale: 4 / 5, strokes: 6 / 9
iteration step 325, G_loss: 0.16425, step_acc: 12.97133, grid_scale: 4 / 5, strokes: 6 / 9
iteration step 326, G_loss: 0.16423, step_acc: 12.97224, grid_scale: 4 / 5, strokes: 6 / 9
iteration step 327, G_loss: 0.16422, step_acc: 12.97267, grid_scale: 4 / 5, strokes: 6 / 9
iteration step 328, G_loss: 0.16421, step_acc: 12.97396, grid_scale: 4 / 5, strokes: 6 / 9
iteration step 329, G_loss: 0.16419, step_acc: 12.97441, grid_scale: 4 / 5, strokes: 6 / 9
iteration step 330, G_loss: 0.16418, step_acc: 12.97486, grid_scale: 4 / 5, strokes: 7 / 9
iteration step 331, G_loss: 0.16417, step_acc: 12.97603, grid_scale: 4 / 5, strokes: 7 / 9
iteration step 332, G_loss: 0.16415, step_acc: 12.97683, grid_scale: 4 / 5, strokes: 7 / 9
iteration step 333, G_loss: 0.16413, step_acc: 12.97808, grid_scale: 4 / 5, strokes: 7 / 9
iteration step 334, G_loss: 0.16411, step_acc: 12.97892, grid_scale: 4 / 5, strokes: 7 / 9
iteration step 335, G_loss: 0.16410, step_acc: 12.97948, grid_scale: 4 / 5, strokes: 7 / 9
iteration step 336, G_loss: 0.16409, step_acc: 12.98254, grid_scale: 4 / 5, strokes: 7 / 9
iteration step 337, G_loss: 0.16401, step_acc: 12.98562, grid_scale: 4 / 5, strokes: 7 / 9
iteration step 338, G_loss: 0.16392, step_acc: 12.99027, grid_scale: 4 / 5, strokes: 7 / 9
iteration step 339, G_loss: 0.16378, step_acc: 12.99157, grid_scale: 4 / 5, strokes: 7 / 9
iteration step 340, G_loss: 0.16373, step_acc: 12.99340, grid_scale: 4 / 5, strokes: 7 / 9
iteration step 341, G_loss: 0.16368, step_acc: 12.99468, grid_scale: 4 / 5, strokes: 7 / 9
iteration step 342, G_loss: 0.16364, step_acc: 12.99585, grid_scale: 4 / 5, strokes: 7 / 9
iteration step 343, G_loss: 0.16361, step_acc: 12.99696, grid_scale: 4 / 5, strokes: 7 / 9
iteration step 344, G_loss: 0.16358, step_acc: 12.99824, grid_scale: 4 / 5, strokes: 7 / 9
iteration step 345, G_loss: 0.16355, step_acc: 12.99895, grid_scale: 4 / 5, strokes: 7 / 9
iteration step 346, G_loss: 0.16352, step_acc: 12.99929, grid_scale: 4 / 5, strokes: 7 / 9
iteration step 347, G_loss: 0.16351, step_acc: 13.00108, grid_scale: 4 / 5, strokes: 7 / 9
iteration step 348, G_loss: 0.16347, step_acc: 13.00237, grid_scale: 4 / 5, strokes: 7 / 9
iteration step 349, G_loss: 0.16344, step_acc: 13.00297, grid_scale: 4 / 5, strokes: 7 / 9
iteration step 350, G_loss: 0.16340, step_acc: 13.00484, grid_scale: 4 / 5, strokes: 7 / 9
iteration step 351, G_loss: 0.16337, step_acc: 13.00539, grid_scale: 4 / 5, strokes: 7 / 9
iteration step 352, G_loss: 0.16333, step_acc: 13.00693, grid_scale: 4 / 5, strokes: 7 / 9
iteration step 353, G_loss: 0.16331, step_acc: 13.00837, grid_scale: 4 / 5, strokes: 7 / 9
iteration step 354, G_loss: 0.16326, step_acc: 13.00955, grid_scale: 4 / 5, strokes: 7 / 9
iteration step 355, G_loss: 0.16324, step_acc: 13.01086, grid_scale: 4 / 5, strokes: 7 / 9
iteration step 356, G_loss: 0.16321, step_acc: 13.01212, grid_scale: 4 / 5, strokes: 7 / 9
iteration step 357, G_loss: 0.16318, step_acc: 13.01273, grid_scale: 4 / 5, strokes: 7 / 9
iteration step 358, G_loss: 0.16316, step_acc: 13.01336, grid_scale: 4 / 5, strokes: 7 / 9
iteration step 359, G_loss: 0.16315, step_acc: 13.01361, grid_scale: 4 / 5, strokes: 7 / 9
iteration step 360, G_loss: 0.16314, step_acc: 13.01540, grid_scale: 4 / 5, strokes: 7 / 9
iteration step 361, G_loss: 0.16311, step_acc: 13.01607, grid_scale: 4 / 5, strokes: 7 / 9
iteration step 362, G_loss: 0.16308, step_acc: 13.01742, grid_scale: 4 / 5, strokes: 7 / 9
iteration step 363, G_loss: 0.16306, step_acc: 13.01853, grid_scale: 4 / 5, strokes: 7 / 9
iteration step 364, G_loss: 0.16304, step_acc: 13.01986, grid_scale: 4 / 5, strokes: 7 / 9
iteration step 365, G_loss: 0.16300, step_acc: 13.02158, grid_scale: 4 / 5, strokes: 7 / 9
iteration step 366, G_loss: 0.16297, step_acc: 13.02322, grid_scale: 4 / 5, strokes: 7 / 9
iteration step 367, G_loss: 0.16294, step_acc: 13.02516, grid_scale: 4 / 5, strokes: 7 / 9
iteration step 368, G_loss: 0.16290, step_acc: 13.02790, grid_scale: 4 / 5, strokes: 7 / 9
iteration step 369, G_loss: 0.16286, step_acc: 13.03019, grid_scale: 4 / 5, strokes: 7 / 9
iteration step 370, G_loss: 0.16282, step_acc: 13.03297, grid_scale: 4 / 5, strokes: 7 / 9
iteration step 371, G_loss: 0.16277, step_acc: 13.03463, grid_scale: 4 / 5, strokes: 7 / 9
iteration step 372, G_loss: 0.16273, step_acc: 13.03612, grid_scale: 4 / 5, strokes: 7 / 9
iteration step 373, G_loss: 0.16271, step_acc: 13.03699, grid_scale: 4 / 5, strokes: 7 / 9
iteration step 374, G_loss: 0.16270, step_acc: 13.03757, grid_scale: 4 / 5, strokes: 7 / 9
iteration step 375, G_loss: 0.16269, step_acc: 13.03786, grid_scale: 4 / 5, strokes: 7 / 9
iteration step 376, G_loss: 0.16268, step_acc: 13.03844, grid_scale: 4 / 5, strokes: 7 / 9
iteration step 377, G_loss: 0.16267, step_acc: 13.03936, grid_scale: 4 / 5, strokes: 7 / 9
iteration step 378, G_loss: 0.16264, step_acc: 13.03870, grid_scale: 4 / 5, strokes: 7 / 9
iteration step 379, G_loss: 0.16263, step_acc: 13.03977, grid_scale: 4 / 5, strokes: 7 / 9
iteration step 380, G_loss: 0.16260, step_acc: 13.04042, grid_scale: 4 / 5, strokes: 7 / 9
iteration step 381, G_loss: 0.16259, step_acc: 13.04089, grid_scale: 4 / 5, strokes: 7 / 9
iteration step 382, G_loss: 0.16256, step_acc: 13.04308, grid_scale: 4 / 5, strokes: 7 / 9
iteration step 383, G_loss: 0.16254, step_acc: 13.04345, grid_scale: 4 / 5, strokes: 7 / 9
iteration step 384, G_loss: 0.16251, step_acc: 13.04438, grid_scale: 4 / 5, strokes: 7 / 9
iteration step 385, G_loss: 0.16248, step_acc: 13.04489, grid_scale: 4 / 5, strokes: 8 / 9
iteration step 386, G_loss: 0.16248, step_acc: 13.04555, grid_scale: 4 / 5, strokes: 8 / 9
iteration step 387, G_loss: 0.16246, step_acc: 13.06570, grid_scale: 4 / 5, strokes: 8 / 9
iteration step 388, G_loss: 0.16213, step_acc: 13.07899, grid_scale: 4 / 5, strokes: 8 / 9
iteration step 389, G_loss: 0.16169, step_acc: 13.08574, grid_scale: 4 / 5, strokes: 8 / 9
iteration step 390, G_loss: 0.16146, step_acc: 13.08567, grid_scale: 4 / 5, strokes: 8 / 9
iteration step 391, G_loss: 0.16153, step_acc: 13.08834, grid_scale: 4 / 5, strokes: 8 / 9
iteration step 392, G_loss: 0.16144, step_acc: 13.09053, grid_scale: 4 / 5, strokes: 8 / 9
iteration step 393, G_loss: 0.16134, step_acc: 13.09105, grid_scale: 4 / 5, strokes: 8 / 9
iteration step 394, G_loss: 0.16133, step_acc: 13.09314, grid_scale: 4 / 5, strokes: 8 / 9
iteration step 395, G_loss: 0.16128, step_acc: 13.09459, grid_scale: 4 / 5, strokes: 8 / 9
iteration step 396, G_loss: 0.16129, step_acc: 13.09662, grid_scale: 4 / 5, strokes: 8 / 9
iteration step 397, G_loss: 0.16121, step_acc: 13.09676, grid_scale: 4 / 5, strokes: 8 / 9
iteration step 398, G_loss: 0.16120, step_acc: 13.09897, grid_scale: 4 / 5, strokes: 8 / 9
iteration step 399, G_loss: 0.16115, step_acc: 13.10069, grid_scale: 4 / 5, strokes: 8 / 9
iteration step 400, G_loss: 0.16109, step_acc: 13.10284, grid_scale: 4 / 5, strokes: 8 / 9
iteration step 401, G_loss: 0.16104, step_acc: 13.10381, grid_scale: 4 / 5, strokes: 8 / 9
iteration step 402, G_loss: 0.16102, step_acc: 13.10655, grid_scale: 4 / 5, strokes: 8 / 9
iteration step 403, G_loss: 0.16094, step_acc: 13.11140, grid_scale: 4 / 5, strokes: 8 / 9
iteration step 404, G_loss: 0.16080, step_acc: 13.11427, grid_scale: 4 / 5, strokes: 8 / 9
iteration step 405, G_loss: 0.16074, step_acc: 13.11382, grid_scale: 4 / 5, strokes: 8 / 9
iteration step 406, G_loss: 0.16067, step_acc: 13.11586, grid_scale: 4 / 5, strokes: 8 / 9
iteration step 407, G_loss: 0.16066, step_acc: 13.11557, grid_scale: 4 / 5, strokes: 8 / 9
iteration step 408, G_loss: 0.16063, step_acc: 13.11658, grid_scale: 4 / 5, strokes: 8 / 9
iteration step 409, G_loss: 0.16062, step_acc: 13.11681, grid_scale: 4 / 5, strokes: 8 / 9
iteration step 410, G_loss: 0.16060, step_acc: 13.11821, grid_scale: 4 / 5, strokes: 8 / 9
iteration step 411, G_loss: 0.16058, step_acc: 13.11818, grid_scale: 4 / 5, strokes: 8 / 9
iteration step 412, G_loss: 0.16055, step_acc: 13.11907, grid_scale: 4 / 5, strokes: 8 / 9
iteration step 413, G_loss: 0.16055, step_acc: 13.11919, grid_scale: 4 / 5, strokes: 8 / 9
iteration step 414, G_loss: 0.16052, step_acc: 13.12018, grid_scale: 4 / 5, strokes: 8 / 9
iteration step 415, G_loss: 0.16052, step_acc: 13.11977, grid_scale: 4 / 5, strokes: 8 / 9
iteration step 416, G_loss: 0.16050, step_acc: 13.12121, grid_scale: 4 / 5, strokes: 8 / 9
iteration step 417, G_loss: 0.16049, step_acc: 13.11972, grid_scale: 4 / 5, strokes: 8 / 9
iteration step 418, G_loss: 0.16048, step_acc: 13.12172, grid_scale: 4 / 5, strokes: 8 / 9
iteration step 419, G_loss: 0.16047, step_acc: 13.12107, grid_scale: 4 / 5, strokes: 8 / 9
iteration step 420, G_loss: 0.16045, step_acc: 13.15146, grid_scale: 4 / 5, strokes: 8 / 9
iteration step 421, G_loss: 0.15969, step_acc: 13.17580, grid_scale: 4 / 5, strokes: 8 / 9
iteration step 422, G_loss: 0.15913, step_acc: 13.18234, grid_scale: 4 / 5, strokes: 8 / 9
iteration step 423, G_loss: 0.15897, step_acc: 13.19726, grid_scale: 4 / 5, strokes: 8 / 9
iteration step 424, G_loss: 0.15855, step_acc: 13.20840, grid_scale: 4 / 5, strokes: 8 / 9
iteration step 425, G_loss: 0.15823, step_acc: 13.21099, grid_scale: 4 / 5, strokes: 8 / 9
iteration step 426, G_loss: 0.15811, step_acc: 13.21575, grid_scale: 4 / 5, strokes: 8 / 9
iteration step 427, G_loss: 0.15800, step_acc: 13.21793, grid_scale: 4 / 5, strokes: 8 / 9
iteration step 428, G_loss: 0.15790, step_acc: 13.22106, grid_scale: 4 / 5, strokes: 8 / 9
iteration step 429, G_loss: 0.15781, step_acc: 13.22385, grid_scale: 4 / 5, strokes: 8 / 9
iteration step 430, G_loss: 0.15772, step_acc: 13.22616, grid_scale: 4 / 5, strokes: 8 / 9
iteration step 431, G_loss: 0.15765, step_acc: 13.22819, grid_scale: 4 / 5, strokes: 8 / 9
iteration step 432, G_loss: 0.15760, step_acc: 13.23762, grid_scale: 4 / 5, strokes: 8 / 9
iteration step 433, G_loss: 0.15729, step_acc: 13.23949, grid_scale: 4 / 5, strokes: 8 / 9
iteration step 434, G_loss: 0.15723, step_acc: 13.24061, grid_scale: 4 / 5, strokes: 8 / 9
iteration step 435, G_loss: 0.15718, step_acc: 13.24241, grid_scale: 4 / 5, strokes: 8 / 9
iteration step 436, G_loss: 0.15713, step_acc: 13.24489, grid_scale: 4 / 5, strokes: 8 / 9
iteration step 437, G_loss: 0.15708, step_acc: 13.24685, grid_scale: 4 / 5, strokes: 8 / 9
iteration step 438, G_loss: 0.15703, step_acc: 13.24892, grid_scale: 4 / 5, strokes: 8 / 9
iteration step 439, G_loss: 0.15699, step_acc: 13.25138, grid_scale: 4 / 5, strokes: 8 / 9
iteration step 440, G_loss: 0.15694, step_acc: 13.25275, grid_scale: 4 / 5, strokes: 9 / 9
iteration step 441, G_loss: 0.15688, step_acc: 13.25416, grid_scale: 4 / 5, strokes: 9 / 9
iteration step 442, G_loss: 0.15684, step_acc: 13.25911, grid_scale: 4 / 5, strokes: 9 / 9
iteration step 443, G_loss: 0.15671, step_acc: 13.26629, grid_scale: 4 / 5, strokes: 9 / 9
iteration step 444, G_loss: 0.15653, step_acc: 13.27754, grid_scale: 4 / 5, strokes: 9 / 9
iteration step 445, G_loss: 0.15614, step_acc: 13.27980, grid_scale: 4 / 5, strokes: 9 / 9
iteration step 446, G_loss: 0.15600, step_acc: 13.28435, grid_scale: 4 / 5, strokes: 9 / 9
iteration step 447, G_loss: 0.15589, step_acc: 13.28726, grid_scale: 4 / 5, strokes: 9 / 9
iteration step 448, G_loss: 0.15578, step_acc: 13.29136, grid_scale: 4 / 5, strokes: 9 / 9
iteration step 449, G_loss: 0.15566, step_acc: 13.29308, grid_scale: 4 / 5, strokes: 9 / 9
iteration step 450, G_loss: 0.15555, step_acc: 13.29680, grid_scale: 4 / 5, strokes: 9 / 9
iteration step 451, G_loss: 0.15545, step_acc: 13.29763, grid_scale: 4 / 5, strokes: 9 / 9
iteration step 452, G_loss: 0.15537, step_acc: 13.29990, grid_scale: 4 / 5, strokes: 9 / 9
iteration step 453, G_loss: 0.15532, step_acc: 13.30155, grid_scale: 4 / 5, strokes: 9 / 9
iteration step 454, G_loss: 0.15527, step_acc: 13.30140, grid_scale: 4 / 5, strokes: 9 / 9
iteration step 455, G_loss: 0.15523, step_acc: 13.30220, grid_scale: 4 / 5, strokes: 9 / 9
iteration step 456, G_loss: 0.15520, step_acc: 13.30393, grid_scale: 4 / 5, strokes: 9 / 9
iteration step 457, G_loss: 0.15516, step_acc: 13.30468, grid_scale: 4 / 5, strokes: 9 / 9
iteration step 458, G_loss: 0.15512, step_acc: 13.30551, grid_scale: 4 / 5, strokes: 9 / 9
iteration step 459, G_loss: 0.15508, step_acc: 13.30714, grid_scale: 4 / 5, strokes: 9 / 9
iteration step 460, G_loss: 0.15504, step_acc: 13.30711, grid_scale: 4 / 5, strokes: 9 / 9
iteration step 461, G_loss: 0.15500, step_acc: 13.30938, grid_scale: 4 / 5, strokes: 9 / 9
iteration step 462, G_loss: 0.15496, step_acc: 13.31023, grid_scale: 4 / 5, strokes: 9 / 9
iteration step 463, G_loss: 0.15491, step_acc: 13.31125, grid_scale: 4 / 5, strokes: 9 / 9
iteration step 464, G_loss: 0.15487, step_acc: 13.31322, grid_scale: 4 / 5, strokes: 9 / 9
iteration step 465, G_loss: 0.15483, step_acc: 13.31430, grid_scale: 4 / 5, strokes: 9 / 9
iteration step 466, G_loss: 0.15478, step_acc: 13.31749, grid_scale: 4 / 5, strokes: 9 / 9
iteration step 467, G_loss: 0.15470, step_acc: 13.32059, grid_scale: 4 / 5, strokes: 9 / 9
iteration step 468, G_loss: 0.15464, step_acc: 13.32186, grid_scale: 4 / 5, strokes: 9 / 9
iteration step 469, G_loss: 0.15458, step_acc: 13.32318, grid_scale: 4 / 5, strokes: 9 / 9
iteration step 470, G_loss: 0.15454, step_acc: 13.32336, grid_scale: 4 / 5, strokes: 9 / 9
iteration step 471, G_loss: 0.15450, step_acc: 13.32541, grid_scale: 4 / 5, strokes: 9 / 9
iteration step 472, G_loss: 0.15446, step_acc: 13.32588, grid_scale: 4 / 5, strokes: 9 / 9
iteration step 473, G_loss: 0.15441, step_acc: 13.32761, grid_scale: 4 / 5, strokes: 9 / 9
iteration step 474, G_loss: 0.15436, step_acc: 13.32820, grid_scale: 4 / 5, strokes: 9 / 9
iteration step 475, G_loss: 0.15432, step_acc: 13.32952, grid_scale: 4 / 5, strokes: 9 / 9
iteration step 476, G_loss: 0.15428, step_acc: 13.32992, grid_scale: 4 / 5, strokes: 9 / 9
iteration step 477, G_loss: 0.15425, step_acc: 13.33175, grid_scale: 4 / 5, strokes: 9 / 9
iteration step 478, G_loss: 0.15422, step_acc: 13.33019, grid_scale: 4 / 5, strokes: 9 / 9
iteration step 479, G_loss: 0.15422, step_acc: 13.33244, grid_scale: 4 / 5, strokes: 9 / 9
iteration step 480, G_loss: 0.15419, step_acc: 13.33124, grid_scale: 4 / 5, strokes: 9 / 9
iteration step 481, G_loss: 0.15419, step_acc: 13.33210, grid_scale: 4 / 5, strokes: 9 / 9
iteration step 482, G_loss: 0.15417, step_acc: 13.33213, grid_scale: 4 / 5, strokes: 9 / 9
iteration step 483, G_loss: 0.15416, step_acc: 13.33395, grid_scale: 4 / 5, strokes: 9 / 9
iteration step 484, G_loss: 0.15414, step_acc: 13.33308, grid_scale: 4 / 5, strokes: 9 / 9
iteration step 485, G_loss: 0.15412, step_acc: 13.33491, grid_scale: 4 / 5, strokes: 9 / 9
iteration step 486, G_loss: 0.15410, step_acc: 13.33403, grid_scale: 4 / 5, strokes: 9 / 9
iteration step 487, G_loss: 0.15409, step_acc: 13.33413, grid_scale: 4 / 5, strokes: 9 / 9
iteration step 488, G_loss: 0.15404, step_acc: 13.33524, grid_scale: 4 / 5, strokes: 9 / 9
iteration step 489, G_loss: 0.15397, step_acc: 13.33826, grid_scale: 4 / 5, strokes: 9 / 9
iteration step 490, G_loss: 0.15391, step_acc: 13.33831, grid_scale: 4 / 5, strokes: 9 / 9
iteration step 491, G_loss: 0.15388, step_acc: 13.33981, grid_scale: 4 / 5, strokes: 9 / 9
iteration step 492, G_loss: 0.15385, step_acc: 13.34001, grid_scale: 4 / 5, strokes: 9 / 9
iteration step 493, G_loss: 0.15382, step_acc: 13.34101, grid_scale: 4 / 5, strokes: 9 / 9
iteration step 494, G_loss: 0.15379, step_acc: 13.34192, grid_scale: 4 / 5, strokes: 9 / 9
rendering canvas...
iteration step 0, G_loss: 0.15377, step_acc: 12.97033, grid_scale: 5 / 5, strokes: 1 / 9
iteration step 1, G_loss: 0.16058, step_acc: 12.97007, grid_scale: 5 / 5, strokes: 1 / 9
iteration step 2, G_loss: 0.16058, step_acc: 12.99324, grid_scale: 5 / 5, strokes: 1 / 9
iteration step 3, G_loss: 0.16025, step_acc: 13.01054, grid_scale: 5 / 5, strokes: 1 / 9
iteration step 4, G_loss: 0.15989, step_acc: 13.01485, grid_scale: 5 / 5, strokes: 1 / 9
iteration step 5, G_loss: 0.15980, step_acc: 13.01553, grid_scale: 5 / 5, strokes: 1 / 9
iteration step 6, G_loss: 0.15977, step_acc: 13.01618, grid_scale: 5 / 5, strokes: 1 / 9
iteration step 7, G_loss: 0.15975, step_acc: 13.01658, grid_scale: 5 / 5, strokes: 1 / 9
iteration step 8, G_loss: 0.15973, step_acc: 13.01691, grid_scale: 5 / 5, strokes: 1 / 9
iteration step 9, G_loss: 0.15972, step_acc: 13.01711, grid_scale: 5 / 5, strokes: 1 / 9
iteration step 10, G_loss: 0.15971, step_acc: 13.01731, grid_scale: 5 / 5, strokes: 1 / 9
iteration step 11, G_loss: 0.15970, step_acc: 13.01755, grid_scale: 5 / 5, strokes: 1 / 9
iteration step 12, G_loss: 0.15969, step_acc: 13.01772, grid_scale: 5 / 5, strokes: 1 / 9
iteration step 13, G_loss: 0.15969, step_acc: 13.01793, grid_scale: 5 / 5, strokes: 1 / 9
iteration step 14, G_loss: 0.15968, step_acc: 13.01818, grid_scale: 5 / 5, strokes: 1 / 9
iteration step 15, G_loss: 0.15967, step_acc: 13.01846, grid_scale: 5 / 5, strokes: 1 / 9
iteration step 16, G_loss: 0.15966, step_acc: 13.01871, grid_scale: 5 / 5, strokes: 1 / 9
iteration step 17, G_loss: 0.15966, step_acc: 13.01900, grid_scale: 5 / 5, strokes: 1 / 9
iteration step 18, G_loss: 0.15964, step_acc: 13.01930, grid_scale: 5 / 5, strokes: 1 / 9
iteration step 19, G_loss: 0.15963, step_acc: 13.01959, grid_scale: 5 / 5, strokes: 1 / 9
iteration step 20, G_loss: 0.15962, step_acc: 13.01997, grid_scale: 5 / 5, strokes: 1 / 9
iteration step 21, G_loss: 0.15961, step_acc: 13.02167, grid_scale: 5 / 5, strokes: 1 / 9
iteration step 22, G_loss: 0.15955, step_acc: 13.02381, grid_scale: 5 / 5, strokes: 1 / 9
iteration step 23, G_loss: 0.15948, step_acc: 13.02425, grid_scale: 5 / 5, strokes: 1 / 9
iteration step 24, G_loss: 0.15946, step_acc: 13.02487, grid_scale: 5 / 5, strokes: 1 / 9
iteration step 25, G_loss: 0.15944, step_acc: 13.02552, grid_scale: 5 / 5, strokes: 1 / 9
iteration step 26, G_loss: 0.15942, step_acc: 13.02609, grid_scale: 5 / 5, strokes: 1 / 9
iteration step 27, G_loss: 0.15940, step_acc: 13.02672, grid_scale: 5 / 5, strokes: 1 / 9
iteration step 28, G_loss: 0.15938, step_acc: 13.02722, grid_scale: 5 / 5, strokes: 1 / 9
iteration step 29, G_loss: 0.15936, step_acc: 13.02772, grid_scale: 5 / 5, strokes: 1 / 9
iteration step 30, G_loss: 0.15934, step_acc: 13.02827, grid_scale: 5 / 5, strokes: 1 / 9
iteration step 31, G_loss: 0.15932, step_acc: 13.02893, grid_scale: 5 / 5, strokes: 1 / 9
iteration step 32, G_loss: 0.15929, step_acc: 13.02923, grid_scale: 5 / 5, strokes: 1 / 9
iteration step 33, G_loss: 0.15927, step_acc: 13.02936, grid_scale: 5 / 5, strokes: 1 / 9
iteration step 34, G_loss: 0.15927, step_acc: 13.02950, grid_scale: 5 / 5, strokes: 1 / 9
iteration step 35, G_loss: 0.15926, step_acc: 13.02965, grid_scale: 5 / 5, strokes: 1 / 9
iteration step 36, G_loss: 0.15925, step_acc: 13.02981, grid_scale: 5 / 5, strokes: 1 / 9
iteration step 37, G_loss: 0.15925, step_acc: 13.02994, grid_scale: 5 / 5, strokes: 1 / 9
iteration step 38, G_loss: 0.15924, step_acc: 13.03009, grid_scale: 5 / 5, strokes: 1 / 9
iteration step 39, G_loss: 0.15924, step_acc: 13.03023, grid_scale: 5 / 5, strokes: 1 / 9
iteration step 40, G_loss: 0.15923, step_acc: 13.03038, grid_scale: 5 / 5, strokes: 1 / 9
iteration step 41, G_loss: 0.15922, step_acc: 13.03057, grid_scale: 5 / 5, strokes: 1 / 9
iteration step 42, G_loss: 0.15922, step_acc: 13.03083, grid_scale: 5 / 5, strokes: 1 / 9
iteration step 43, G_loss: 0.15921, step_acc: 13.03111, grid_scale: 5 / 5, strokes: 1 / 9
iteration step 44, G_loss: 0.15920, step_acc: 13.03139, grid_scale: 5 / 5, strokes: 1 / 9
iteration step 45, G_loss: 0.15919, step_acc: 13.03163, grid_scale: 5 / 5, strokes: 1 / 9
iteration step 46, G_loss: 0.15918, step_acc: 13.03192, grid_scale: 5 / 5, strokes: 1 / 9
iteration step 47, G_loss: 0.15917, step_acc: 13.03223, grid_scale: 5 / 5, strokes: 1 / 9
iteration step 48, G_loss: 0.15916, step_acc: 13.03257, grid_scale: 5 / 5, strokes: 1 / 9
iteration step 49, G_loss: 0.15915, step_acc: 13.03288, grid_scale: 5 / 5, strokes: 1 / 9
iteration step 50, G_loss: 0.15914, step_acc: 13.03323, grid_scale: 5 / 5, strokes: 1 / 9
iteration step 51, G_loss: 0.15912, step_acc: 13.03358, grid_scale: 5 / 5, strokes: 1 / 9
iteration step 52, G_loss: 0.15911, step_acc: 13.03398, grid_scale: 5 / 5, strokes: 1 / 9
iteration step 53, G_loss: 0.15910, step_acc: 13.03440, grid_scale: 5 / 5, strokes: 1 / 9
iteration step 54, G_loss: 0.15909, step_acc: 13.03501, grid_scale: 5 / 5, strokes: 1 / 9
iteration step 55, G_loss: 0.15907, step_acc: 13.03533, grid_scale: 5 / 5, strokes: 2 / 9
iteration step 56, G_loss: 0.15905, step_acc: 13.03305, grid_scale: 5 / 5, strokes: 2 / 9
iteration step 57, G_loss: 0.15907, step_acc: 13.03734, grid_scale: 5 / 5, strokes: 2 / 9
iteration step 58, G_loss: 0.15901, step_acc: 13.06081, grid_scale: 5 / 5, strokes: 2 / 9
iteration step 59, G_loss: 0.15861, step_acc: 13.06404, grid_scale: 5 / 5, strokes: 2 / 9
iteration step 60, G_loss: 0.15853, step_acc: 13.06723, grid_scale: 5 / 5, strokes: 2 / 9
iteration step 61, G_loss: 0.15847, step_acc: 13.06817, grid_scale: 5 / 5, strokes: 2 / 9
iteration step 62, G_loss: 0.15844, step_acc: 13.06917, grid_scale: 5 / 5, strokes: 2 / 9
iteration step 63, G_loss: 0.15840, step_acc: 13.07315, grid_scale: 5 / 5, strokes: 2 / 9
iteration step 64, G_loss: 0.15834, step_acc: 13.07426, grid_scale: 5 / 5, strokes: 2 / 9
iteration step 65, G_loss: 0.15830, step_acc: 13.07526, grid_scale: 5 / 5, strokes: 2 / 9
iteration step 66, G_loss: 0.15828, step_acc: 13.07645, grid_scale: 5 / 5, strokes: 2 / 9
iteration step 67, G_loss: 0.15825, step_acc: 13.07777, grid_scale: 5 / 5, strokes: 2 / 9
iteration step 68, G_loss: 0.15821, step_acc: 13.07876, grid_scale: 5 / 5, strokes: 2 / 9
iteration step 69, G_loss: 0.15818, step_acc: 13.08000, grid_scale: 5 / 5, strokes: 2 / 9
iteration step 70, G_loss: 0.15813, step_acc: 13.08123, grid_scale: 5 / 5, strokes: 2 / 9
iteration step 71, G_loss: 0.15809, step_acc: 13.08217, grid_scale: 5 / 5, strokes: 2 / 9
iteration step 72, G_loss: 0.15806, step_acc: 13.08279, grid_scale: 5 / 5, strokes: 2 / 9
iteration step 73, G_loss: 0.15803, step_acc: 13.08354, grid_scale: 5 / 5, strokes: 2 / 9
iteration step 74, G_loss: 0.15801, step_acc: 13.08426, grid_scale: 5 / 5, strokes: 2 / 9
iteration step 75, G_loss: 0.15798, step_acc: 13.08490, grid_scale: 5 / 5, strokes: 2 / 9
iteration step 76, G_loss: 0.15796, step_acc: 13.08577, grid_scale: 5 / 5, strokes: 2 / 9
iteration step 77, G_loss: 0.15794, step_acc: 13.08669, grid_scale: 5 / 5, strokes: 2 / 9
iteration step 78, G_loss: 0.15791, step_acc: 13.08765, grid_scale: 5 / 5, strokes: 2 / 9
iteration step 79, G_loss: 0.15788, step_acc: 13.08872, grid_scale: 5 / 5, strokes: 2 / 9
iteration step 80, G_loss: 0.15785, step_acc: 13.08981, grid_scale: 5 / 5, strokes: 2 / 9
iteration step 81, G_loss: 0.15782, step_acc: 13.09130, grid_scale: 5 / 5, strokes: 2 / 9
iteration step 82, G_loss: 0.15779, step_acc: 13.09279, grid_scale: 5 / 5, strokes: 2 / 9
iteration step 83, G_loss: 0.15775, step_acc: 13.09444, grid_scale: 5 / 5, strokes: 2 / 9
iteration step 84, G_loss: 0.15771, step_acc: 13.09656, grid_scale: 5 / 5, strokes: 2 / 9
iteration step 85, G_loss: 0.15766, step_acc: 13.10809, grid_scale: 5 / 5, strokes: 2 / 9
iteration step 86, G_loss: 0.15743, step_acc: 13.10940, grid_scale: 5 / 5, strokes: 2 / 9
iteration step 87, G_loss: 0.15738, step_acc: 13.11076, grid_scale: 5 / 5, strokes: 2 / 9
iteration step 88, G_loss: 0.15733, step_acc: 13.11218, grid_scale: 5 / 5, strokes: 2 / 9
iteration step 89, G_loss: 0.15728, step_acc: 13.11367, grid_scale: 5 / 5, strokes: 2 / 9
iteration step 90, G_loss: 0.15724, step_acc: 13.11509, grid_scale: 5 / 5, strokes: 2 / 9
iteration step 91, G_loss: 0.15720, step_acc: 13.11674, grid_scale: 5 / 5, strokes: 2 / 9
iteration step 92, G_loss: 0.15716, step_acc: 13.11851, grid_scale: 5 / 5, strokes: 2 / 9
iteration step 93, G_loss: 0.15710, step_acc: 13.12032, grid_scale: 5 / 5, strokes: 2 / 9
iteration step 94, G_loss: 0.15705, step_acc: 13.12173, grid_scale: 5 / 5, strokes: 2 / 9
iteration step 95, G_loss: 0.15699, step_acc: 13.12321, grid_scale: 5 / 5, strokes: 2 / 9
iteration step 96, G_loss: 0.15694, step_acc: 13.12437, grid_scale: 5 / 5, strokes: 2 / 9
iteration step 97, G_loss: 0.15691, step_acc: 13.12564, grid_scale: 5 / 5, strokes: 2 / 9
iteration step 98, G_loss: 0.15687, step_acc: 13.12688, grid_scale: 5 / 5, strokes: 2 / 9
iteration step 99, G_loss: 0.15683, step_acc: 13.12812, grid_scale: 5 / 5, strokes: 2 / 9
iteration step 100, G_loss: 0.15679, step_acc: 13.12924, grid_scale: 5 / 5, strokes: 2 / 9
iteration step 101, G_loss: 0.15676, step_acc: 13.13034, grid_scale: 5 / 5, strokes: 2 / 9
iteration step 102, G_loss: 0.15672, step_acc: 13.13172, grid_scale: 5 / 5, strokes: 2 / 9
iteration step 103, G_loss: 0.15668, step_acc: 13.13310, grid_scale: 5 / 5, strokes: 2 / 9
iteration step 104, G_loss: 0.15664, step_acc: 13.13371, grid_scale: 5 / 5, strokes: 2 / 9
iteration step 105, G_loss: 0.15661, step_acc: 13.13477, grid_scale: 5 / 5, strokes: 2 / 9
iteration step 106, G_loss: 0.15658, step_acc: 13.13543, grid_scale: 5 / 5, strokes: 2 / 9
iteration step 107, G_loss: 0.15655, step_acc: 13.13632, grid_scale: 5 / 5, strokes: 2 / 9
iteration step 108, G_loss: 0.15653, step_acc: 13.13708, grid_scale: 5 / 5, strokes: 2 / 9
iteration step 109, G_loss: 0.15650, step_acc: 13.13791, grid_scale: 5 / 5, strokes: 2 / 9
iteration step 110, G_loss: 0.15647, step_acc: 13.13824, grid_scale: 5 / 5, strokes: 3 / 9
iteration step 111, G_loss: 0.15645, step_acc: 13.13791, grid_scale: 5 / 5, strokes: 3 / 9
iteration step 112, G_loss: 0.15645, step_acc: 13.21643, grid_scale: 5 / 5, strokes: 3 / 9
iteration step 113, G_loss: 0.15544, step_acc: 13.23955, grid_scale: 5 / 5, strokes: 3 / 9
iteration step 114, G_loss: 0.15502, step_acc: 13.25134, grid_scale: 5 / 5, strokes: 3 / 9
iteration step 115, G_loss: 0.15481, step_acc: 13.26147, grid_scale: 5 / 5, strokes: 3 / 9
iteration step 116, G_loss: 0.15457, step_acc: 13.26992, grid_scale: 5 / 5, strokes: 3 / 9
iteration step 117, G_loss: 0.15441, step_acc: 13.27855, grid_scale: 5 / 5, strokes: 3 / 9
iteration step 118, G_loss: 0.15424, step_acc: 13.28654, grid_scale: 5 / 5, strokes: 3 / 9
iteration step 119, G_loss: 0.15407, step_acc: 13.29595, grid_scale: 5 / 5, strokes: 3 / 9
iteration step 120, G_loss: 0.15391, step_acc: 13.30820, grid_scale: 5 / 5, strokes: 3 / 9
iteration step 121, G_loss: 0.15368, step_acc: 13.31980, grid_scale: 5 / 5, strokes: 3 / 9
iteration step 122, G_loss: 0.15347, step_acc: 13.33031, grid_scale: 5 / 5, strokes: 3 / 9
iteration step 123, G_loss: 0.15328, step_acc: 13.33621, grid_scale: 5 / 5, strokes: 3 / 9
iteration step 124, G_loss: 0.15314, step_acc: 13.34110, grid_scale: 5 / 5, strokes: 3 / 9
iteration step 125, G_loss: 0.15302, step_acc: 13.34549, grid_scale: 5 / 5, strokes: 3 / 9
iteration step 126, G_loss: 0.15292, step_acc: 13.35026, grid_scale: 5 / 5, strokes: 3 / 9
iteration step 127, G_loss: 0.15280, step_acc: 13.35399, grid_scale: 5 / 5, strokes: 3 / 9
iteration step 128, G_loss: 0.15272, step_acc: 13.35677, grid_scale: 5 / 5, strokes: 3 / 9
iteration step 129, G_loss: 0.15265, step_acc: 13.35930, grid_scale: 5 / 5, strokes: 3 / 9
iteration step 130, G_loss: 0.15258, step_acc: 13.36203, grid_scale: 5 / 5, strokes: 3 / 9
iteration step 131, G_loss: 0.15250, step_acc: 13.36474, grid_scale: 5 / 5, strokes: 3 / 9
iteration step 132, G_loss: 0.15243, step_acc: 13.36632, grid_scale: 5 / 5, strokes: 3 / 9
iteration step 133, G_loss: 0.15239, step_acc: 13.36887, grid_scale: 5 / 5, strokes: 3 / 9
iteration step 134, G_loss: 0.15234, step_acc: 13.37111, grid_scale: 5 / 5, strokes: 3 / 9
iteration step 135, G_loss: 0.15229, step_acc: 13.37337, grid_scale: 5 / 5, strokes: 3 / 9
iteration step 136, G_loss: 0.15224, step_acc: 13.37566, grid_scale: 5 / 5, strokes: 3 / 9
iteration step 137, G_loss: 0.15218, step_acc: 13.37767, grid_scale: 5 / 5, strokes: 3 / 9
iteration step 138, G_loss: 0.15214, step_acc: 13.37948, grid_scale: 5 / 5, strokes: 3 / 9
iteration step 139, G_loss: 0.15211, step_acc: 13.38068, grid_scale: 5 / 5, strokes: 3 / 9
iteration step 140, G_loss: 0.15208, step_acc: 13.38230, grid_scale: 5 / 5, strokes: 3 / 9
iteration step 141, G_loss: 0.15205, step_acc: 13.38351, grid_scale: 5 / 5, strokes: 3 / 9
iteration step 142, G_loss: 0.15202, step_acc: 13.38527, grid_scale: 5 / 5, strokes: 3 / 9
iteration step 143, G_loss: 0.15200, step_acc: 13.38562, grid_scale: 5 / 5, strokes: 3 / 9
iteration step 144, G_loss: 0.15197, step_acc: 13.38744, grid_scale: 5 / 5, strokes: 3 / 9
iteration step 145, G_loss: 0.15195, step_acc: 13.38874, grid_scale: 5 / 5, strokes: 3 / 9
iteration step 146, G_loss: 0.15192, step_acc: 13.39357, grid_scale: 5 / 5, strokes: 3 / 9
iteration step 147, G_loss: 0.15179, step_acc: 13.39646, grid_scale: 5 / 5, strokes: 3 / 9
iteration step 148, G_loss: 0.15172, step_acc: 13.39916, grid_scale: 5 / 5, strokes: 3 / 9
iteration step 149, G_loss: 0.15167, step_acc: 13.40079, grid_scale: 5 / 5, strokes: 3 / 9
iteration step 150, G_loss: 0.15163, step_acc: 13.40286, grid_scale: 5 / 5, strokes: 3 / 9
iteration step 151, G_loss: 0.15159, step_acc: 13.40411, grid_scale: 5 / 5, strokes: 3 / 9
iteration step 152, G_loss: 0.15156, step_acc: 13.40580, grid_scale: 5 / 5, strokes: 3 / 9
iteration step 153, G_loss: 0.15154, step_acc: 13.40679, grid_scale: 5 / 5, strokes: 3 / 9
iteration step 154, G_loss: 0.15151, step_acc: 13.40888, grid_scale: 5 / 5, strokes: 3 / 9
iteration step 155, G_loss: 0.15147, step_acc: 13.40980, grid_scale: 5 / 5, strokes: 3 / 9
iteration step 156, G_loss: 0.15144, step_acc: 13.41171, grid_scale: 5 / 5, strokes: 3 / 9
iteration step 157, G_loss: 0.15141, step_acc: 13.41267, grid_scale: 5 / 5, strokes: 3 / 9
iteration step 158, G_loss: 0.15138, step_acc: 13.41454, grid_scale: 5 / 5, strokes: 3 / 9
iteration step 159, G_loss: 0.15134, step_acc: 13.41548, grid_scale: 5 / 5, strokes: 3 / 9
iteration step 160, G_loss: 0.15132, step_acc: 13.41719, grid_scale: 5 / 5, strokes: 3 / 9
iteration step 161, G_loss: 0.15128, step_acc: 13.41799, grid_scale: 5 / 5, strokes: 3 / 9
iteration step 162, G_loss: 0.15126, step_acc: 13.41933, grid_scale: 5 / 5, strokes: 3 / 9
iteration step 163, G_loss: 0.15124, step_acc: 13.42015, grid_scale: 5 / 5, strokes: 3 / 9
iteration step 164, G_loss: 0.15121, step_acc: 13.42174, grid_scale: 5 / 5, strokes: 3 / 9
iteration step 165, G_loss: 0.15117, step_acc: 13.42244, grid_scale: 5 / 5, strokes: 4 / 9
iteration step 166, G_loss: 0.15115, step_acc: 13.42350, grid_scale: 5 / 5, strokes: 4 / 9
iteration step 167, G_loss: 0.15113, step_acc: 13.43379, grid_scale: 5 / 5, strokes: 4 / 9
iteration step 168, G_loss: 0.15088, step_acc: 13.43859, grid_scale: 5 / 5, strokes: 4 / 9
iteration step 169, G_loss: 0.15068, step_acc: 13.44067, grid_scale: 5 / 5, strokes: 4 / 9
iteration step 170, G_loss: 0.15062, step_acc: 13.44200, grid_scale: 5 / 5, strokes: 4 / 9
iteration step 171, G_loss: 0.15059, step_acc: 13.44298, grid_scale: 5 / 5, strokes: 4 / 9
iteration step 172, G_loss: 0.15056, step_acc: 13.44467, grid_scale: 5 / 5, strokes: 4 / 9
iteration step 173, G_loss: 0.15052, step_acc: 13.44596, grid_scale: 5 / 5, strokes: 4 / 9
iteration step 174, G_loss: 0.15048, step_acc: 13.44746, grid_scale: 5 / 5, strokes: 4 / 9
iteration step 175, G_loss: 0.15044, step_acc: 13.44853, grid_scale: 5 / 5, strokes: 4 / 9
iteration step 176, G_loss: 0.15041, step_acc: 13.45010, grid_scale: 5 / 5, strokes: 4 / 9
iteration step 177, G_loss: 0.15037, step_acc: 13.45161, grid_scale: 5 / 5, strokes: 4 / 9
iteration step 178, G_loss: 0.15033, step_acc: 13.45344, grid_scale: 5 / 5, strokes: 4 / 9
iteration step 179, G_loss: 0.15029, step_acc: 13.45487, grid_scale: 5 / 5, strokes: 4 / 9
iteration step 180, G_loss: 0.15025, step_acc: 13.45674, grid_scale: 5 / 5, strokes: 4 / 9
iteration step 181, G_loss: 0.15022, step_acc: 13.45803, grid_scale: 5 / 5, strokes: 4 / 9
iteration step 182, G_loss: 0.15019, step_acc: 13.45992, grid_scale: 5 / 5, strokes: 4 / 9
iteration step 183, G_loss: 0.15013, step_acc: 13.46125, grid_scale: 5 / 5, strokes: 4 / 9
iteration step 184, G_loss: 0.15010, step_acc: 13.46249, grid_scale: 5 / 5, strokes: 4 / 9
iteration step 185, G_loss: 0.15006, step_acc: 13.46404, grid_scale: 5 / 5, strokes: 4 / 9
iteration step 186, G_loss: 0.15003, step_acc: 13.46530, grid_scale: 5 / 5, strokes: 4 / 9
iteration step 187, G_loss: 0.15000, step_acc: 13.46655, grid_scale: 5 / 5, strokes: 4 / 9
iteration step 188, G_loss: 0.14998, step_acc: 13.46779, grid_scale: 5 / 5, strokes: 4 / 9
iteration step 189, G_loss: 0.14995, step_acc: 13.46879, grid_scale: 5 / 5, strokes: 4 / 9
iteration step 190, G_loss: 0.14992, step_acc: 13.47019, grid_scale: 5 / 5, strokes: 4 / 9
iteration step 191, G_loss: 0.14990, step_acc: 13.47150, grid_scale: 5 / 5, strokes: 4 / 9
iteration step 192, G_loss: 0.14987, step_acc: 13.47275, grid_scale: 5 / 5, strokes: 4 / 9
iteration step 193, G_loss: 0.14985, step_acc: 13.47362, grid_scale: 5 / 5, strokes: 4 / 9
iteration step 194, G_loss: 0.14982, step_acc: 13.47468, grid_scale: 5 / 5, strokes: 4 / 9
iteration step 195, G_loss: 0.14979, step_acc: 13.47581, grid_scale: 5 / 5, strokes: 4 / 9
iteration step 196, G_loss: 0.14976, step_acc: 13.47696, grid_scale: 5 / 5, strokes: 4 / 9
iteration step 197, G_loss: 0.14973, step_acc: 13.47786, grid_scale: 5 / 5, strokes: 4 / 9
iteration step 198, G_loss: 0.14971, step_acc: 13.47867, grid_scale: 5 / 5, strokes: 4 / 9
iteration step 199, G_loss: 0.14969, step_acc: 13.47932, grid_scale: 5 / 5, strokes: 4 / 9
iteration step 200, G_loss: 0.14967, step_acc: 13.48041, grid_scale: 5 / 5, strokes: 4 / 9
iteration step 201, G_loss: 0.14964, step_acc: 13.48139, grid_scale: 5 / 5, strokes: 4 / 9
iteration step 202, G_loss: 0.14962, step_acc: 13.48192, grid_scale: 5 / 5, strokes: 4 / 9
iteration step 203, G_loss: 0.14961, step_acc: 13.48271, grid_scale: 5 / 5, strokes: 4 / 9
iteration step 204, G_loss: 0.14959, step_acc: 13.48336, grid_scale: 5 / 5, strokes: 4 / 9
iteration step 205, G_loss: 0.14957, step_acc: 13.48423, grid_scale: 5 / 5, strokes: 4 / 9
iteration step 206, G_loss: 0.14955, step_acc: 13.48484, grid_scale: 5 / 5, strokes: 4 / 9
iteration step 207, G_loss: 0.14954, step_acc: 13.48568, grid_scale: 5 / 5, strokes: 4 / 9
iteration step 208, G_loss: 0.14952, step_acc: 13.48617, grid_scale: 5 / 5, strokes: 4 / 9
iteration step 209, G_loss: 0.14951, step_acc: 13.48734, grid_scale: 5 / 5, strokes: 4 / 9
iteration step 210, G_loss: 0.14949, step_acc: 13.48869, grid_scale: 5 / 5, strokes: 4 / 9
iteration step 211, G_loss: 0.14947, step_acc: 13.48968, grid_scale: 5 / 5, strokes: 4 / 9
iteration step 212, G_loss: 0.14944, step_acc: 13.49035, grid_scale: 5 / 5, strokes: 4 / 9
iteration step 213, G_loss: 0.14942, step_acc: 13.49163, grid_scale: 5 / 5, strokes: 4 / 9
iteration step 214, G_loss: 0.14940, step_acc: 13.49282, grid_scale: 5 / 5, strokes: 4 / 9
iteration step 215, G_loss: 0.14937, step_acc: 13.49375, grid_scale: 5 / 5, strokes: 4 / 9
iteration step 216, G_loss: 0.14935, step_acc: 13.49511, grid_scale: 5 / 5, strokes: 4 / 9
iteration step 217, G_loss: 0.14932, step_acc: 13.49604, grid_scale: 5 / 5, strokes: 4 / 9
iteration step 218, G_loss: 0.14929, step_acc: 13.49706, grid_scale: 5 / 5, strokes: 4 / 9
iteration step 219, G_loss: 0.14926, step_acc: 13.49831, grid_scale: 5 / 5, strokes: 4 / 9
iteration step 220, G_loss: 0.14924, step_acc: 13.49895, grid_scale: 5 / 5, strokes: 5 / 9
iteration step 221, G_loss: 0.14922, step_acc: 13.50001, grid_scale: 5 / 5, strokes: 5 / 9
iteration step 222, G_loss: 0.14919, step_acc: 13.50060, grid_scale: 5 / 5, strokes: 5 / 9
iteration step 223, G_loss: 0.14917, step_acc: 13.50190, grid_scale: 5 / 5, strokes: 5 / 9
iteration step 224, G_loss: 0.14913, step_acc: 13.50210, grid_scale: 5 / 5, strokes: 5 / 9
iteration step 225, G_loss: 0.14912, step_acc: 13.50341, grid_scale: 5 / 5, strokes: 5 / 9
iteration step 226, G_loss: 0.14908, step_acc: 13.50415, grid_scale: 5 / 5, strokes: 5 / 9
iteration step 227, G_loss: 0.14906, step_acc: 13.50508, grid_scale: 5 / 5, strokes: 5 / 9
iteration step 228, G_loss: 0.14903, step_acc: 13.50563, grid_scale: 5 / 5, strokes: 5 / 9
iteration step 229, G_loss: 0.14901, step_acc: 13.50644, grid_scale: 5 / 5, strokes: 5 / 9
iteration step 230, G_loss: 0.14899, step_acc: 13.50722, grid_scale: 5 / 5, strokes: 5 / 9
iteration step 231, G_loss: 0.14897, step_acc: 13.50790, grid_scale: 5 / 5, strokes: 5 / 9
iteration step 232, G_loss: 0.14894, step_acc: 13.50959, grid_scale: 5 / 5, strokes: 5 / 9
iteration step 233, G_loss: 0.14891, step_acc: 13.51028, grid_scale: 5 / 5, strokes: 5 / 9
iteration step 234, G_loss: 0.14888, step_acc: 13.51180, grid_scale: 5 / 5, strokes: 5 / 9
iteration step 235, G_loss: 0.14886, step_acc: 13.51216, grid_scale: 5 / 5, strokes: 5 / 9
iteration step 236, G_loss: 0.14884, step_acc: 13.51256, grid_scale: 5 / 5, strokes: 5 / 9
iteration step 237, G_loss: 0.14882, step_acc: 13.51314, grid_scale: 5 / 5, strokes: 5 / 9
iteration step 238, G_loss: 0.14881, step_acc: 13.51362, grid_scale: 5 / 5, strokes: 5 / 9
iteration step 239, G_loss: 0.14880, step_acc: 13.51437, grid_scale: 5 / 5, strokes: 5 / 9
iteration step 240, G_loss: 0.14878, step_acc: 13.51485, grid_scale: 5 / 5, strokes: 5 / 9
iteration step 241, G_loss: 0.14876, step_acc: 13.51559, grid_scale: 5 / 5, strokes: 5 / 9
iteration step 242, G_loss: 0.14875, step_acc: 13.51585, grid_scale: 5 / 5, strokes: 5 / 9
iteration step 243, G_loss: 0.14874, step_acc: 13.51627, grid_scale: 5 / 5, strokes: 5 / 9
iteration step 244, G_loss: 0.14872, step_acc: 13.51707, grid_scale: 5 / 5, strokes: 5 / 9
iteration step 245, G_loss: 0.14870, step_acc: 13.51782, grid_scale: 5 / 5, strokes: 5 / 9
iteration step 246, G_loss: 0.14868, step_acc: 13.51919, grid_scale: 5 / 5, strokes: 5 / 9
iteration step 247, G_loss: 0.14866, step_acc: 13.52034, grid_scale: 5 / 5, strokes: 5 / 9
iteration step 248, G_loss: 0.14864, step_acc: 13.52160, grid_scale: 5 / 5, strokes: 5 / 9
iteration step 249, G_loss: 0.14861, step_acc: 13.52241, grid_scale: 5 / 5, strokes: 5 / 9
iteration step 250, G_loss: 0.14859, step_acc: 13.52301, grid_scale: 5 / 5, strokes: 5 / 9
iteration step 251, G_loss: 0.14856, step_acc: 13.52449, grid_scale: 5 / 5, strokes: 5 / 9
iteration step 252, G_loss: 0.14853, step_acc: 13.52515, grid_scale: 5 / 5, strokes: 5 / 9
iteration step 253, G_loss: 0.14850, step_acc: 13.52642, grid_scale: 5 / 5, strokes: 5 / 9
iteration step 254, G_loss: 0.14847, step_acc: 13.52674, grid_scale: 5 / 5, strokes: 5 / 9
iteration step 255, G_loss: 0.14844, step_acc: 13.52817, grid_scale: 5 / 5, strokes: 5 / 9
iteration step 256, G_loss: 0.14841, step_acc: 13.52885, grid_scale: 5 / 5, strokes: 5 / 9
iteration step 257, G_loss: 0.14838, step_acc: 13.53033, grid_scale: 5 / 5, strokes: 5 / 9
iteration step 258, G_loss: 0.14835, step_acc: 13.53121, grid_scale: 5 / 5, strokes: 5 / 9
iteration step 259, G_loss: 0.14830, step_acc: 13.53317, grid_scale: 5 / 5, strokes: 5 / 9
iteration step 260, G_loss: 0.14825, step_acc: 13.53411, grid_scale: 5 / 5, strokes: 5 / 9
iteration step 261, G_loss: 0.14819, step_acc: 13.53564, grid_scale: 5 / 5, strokes: 5 / 9
iteration step 262, G_loss: 0.14815, step_acc: 13.53695, grid_scale: 5 / 5, strokes: 5 / 9
iteration step 263, G_loss: 0.14811, step_acc: 13.53782, grid_scale: 5 / 5, strokes: 5 / 9
iteration step 264, G_loss: 0.14809, step_acc: 13.53891, grid_scale: 5 / 5, strokes: 5 / 9
iteration step 265, G_loss: 0.14806, step_acc: 13.53934, grid_scale: 5 / 5, strokes: 5 / 9
iteration step 266, G_loss: 0.14803, step_acc: 13.54059, grid_scale: 5 / 5, strokes: 5 / 9
iteration step 267, G_loss: 0.14801, step_acc: 13.54111, grid_scale: 5 / 5, strokes: 5 / 9
iteration step 268, G_loss: 0.14798, step_acc: 13.54213, grid_scale: 5 / 5, strokes: 5 / 9
iteration step 269, G_loss: 0.14795, step_acc: 13.54287, grid_scale: 5 / 5, strokes: 5 / 9
iteration step 270, G_loss: 0.14793, step_acc: 13.54377, grid_scale: 5 / 5, strokes: 5 / 9
iteration step 271, G_loss: 0.14791, step_acc: 13.54479, grid_scale: 5 / 5, strokes: 5 / 9
iteration step 272, G_loss: 0.14789, step_acc: 13.54548, grid_scale: 5 / 5, strokes: 5 / 9
iteration step 273, G_loss: 0.14788, step_acc: 13.54629, grid_scale: 5 / 5, strokes: 5 / 9
iteration step 274, G_loss: 0.14786, step_acc: 13.54763, grid_scale: 5 / 5, strokes: 5 / 9
iteration step 275, G_loss: 0.14783, step_acc: 13.54799, grid_scale: 5 / 5, strokes: 6 / 9
iteration step 276, G_loss: 0.14781, step_acc: 13.54940, grid_scale: 5 / 5, strokes: 6 / 9
iteration step 277, G_loss: 0.14780, step_acc: 13.57060, grid_scale: 5 / 5, strokes: 6 / 9
iteration step 278, G_loss: 0.14752, step_acc: 13.57522, grid_scale: 5 / 5, strokes: 6 / 9
iteration step 279, G_loss: 0.14740, step_acc: 13.58170, grid_scale: 5 / 5, strokes: 6 / 9
iteration step 280, G_loss: 0.14724, step_acc: 13.60519, grid_scale: 5 / 5, strokes: 6 / 9
iteration step 281, G_loss: 0.14682, step_acc: 13.61091, grid_scale: 5 / 5, strokes: 6 / 9
iteration step 282, G_loss: 0.14668, step_acc: 13.61587, grid_scale: 5 / 5, strokes: 6 / 9
iteration step 283, G_loss: 0.14656, step_acc: 13.61993, grid_scale: 5 / 5, strokes: 6 / 9
iteration step 284, G_loss: 0.14645, step_acc: 13.62416, grid_scale: 5 / 5, strokes: 6 / 9
iteration step 285, G_loss: 0.14635, step_acc: 13.62702, grid_scale: 5 / 5, strokes: 6 / 9
iteration step 286, G_loss: 0.14627, step_acc: 13.63045, grid_scale: 5 / 5, strokes: 6 / 9
iteration step 287, G_loss: 0.14619, step_acc: 13.63370, grid_scale: 5 / 5, strokes: 6 / 9
iteration step 288, G_loss: 0.14611, step_acc: 13.63776, grid_scale: 5 / 5, strokes: 6 / 9
iteration step 289, G_loss: 0.14602, step_acc: 13.64017, grid_scale: 5 / 5, strokes: 6 / 9
iteration step 290, G_loss: 0.14594, step_acc: 13.64374, grid_scale: 5 / 5, strokes: 6 / 9
iteration step 291, G_loss: 0.14589, step_acc: 13.64495, grid_scale: 5 / 5, strokes: 6 / 9
iteration step 292, G_loss: 0.14583, step_acc: 13.64782, grid_scale: 5 / 5, strokes: 6 / 9
iteration step 293, G_loss: 0.14577, step_acc: 13.64979, grid_scale: 5 / 5, strokes: 6 / 9
iteration step 294, G_loss: 0.14571, step_acc: 13.65170, grid_scale: 5 / 5, strokes: 6 / 9
iteration step 295, G_loss: 0.14566, step_acc: 13.65304, grid_scale: 5 / 5, strokes: 6 / 9
iteration step 296, G_loss: 0.14561, step_acc: 13.65506, grid_scale: 5 / 5, strokes: 6 / 9
iteration step 297, G_loss: 0.14555, step_acc: 13.65684, grid_scale: 5 / 5, strokes: 6 / 9
iteration step 298, G_loss: 0.14550, step_acc: 13.65851, grid_scale: 5 / 5, strokes: 6 / 9
iteration step 299, G_loss: 0.14546, step_acc: 13.65995, grid_scale: 5 / 5, strokes: 6 / 9
iteration step 300, G_loss: 0.14542, step_acc: 13.66272, grid_scale: 5 / 5, strokes: 6 / 9
iteration step 301, G_loss: 0.14537, step_acc: 13.66459, grid_scale: 5 / 5, strokes: 6 / 9
iteration step 302, G_loss: 0.14533, step_acc: 13.66696, grid_scale: 5 / 5, strokes: 6 / 9
iteration step 303, G_loss: 0.14531, step_acc: 13.66853, grid_scale: 5 / 5, strokes: 6 / 9
iteration step 304, G_loss: 0.14527, step_acc: 13.66999, grid_scale: 5 / 5, strokes: 6 / 9
iteration step 305, G_loss: 0.14524, step_acc: 13.67081, grid_scale: 5 / 5, strokes: 6 / 9
iteration step 306, G_loss: 0.14522, step_acc: 13.67220, grid_scale: 5 / 5, strokes: 6 / 9
iteration step 307, G_loss: 0.14520, step_acc: 13.67501, grid_scale: 5 / 5, strokes: 6 / 9
iteration step 308, G_loss: 0.14513, step_acc: 13.68517, grid_scale: 5 / 5, strokes: 6 / 9
iteration step 309, G_loss: 0.14494, step_acc: 13.68611, grid_scale: 5 / 5, strokes: 6 / 9
iteration step 310, G_loss: 0.14490, step_acc: 13.68698, grid_scale: 5 / 5, strokes: 6 / 9
iteration step 311, G_loss: 0.14486, step_acc: 13.68790, grid_scale: 5 / 5, strokes: 6 / 9
iteration step 312, G_loss: 0.14483, step_acc: 13.68867, grid_scale: 5 / 5, strokes: 6 / 9
iteration step 313, G_loss: 0.14480, step_acc: 13.68929, grid_scale: 5 / 5, strokes: 6 / 9
iteration step 314, G_loss: 0.14477, step_acc: 13.69033, grid_scale: 5 / 5, strokes: 6 / 9
iteration step 315, G_loss: 0.14475, step_acc: 13.69331, grid_scale: 5 / 5, strokes: 6 / 9
iteration step 316, G_loss: 0.14468, step_acc: 13.69685, grid_scale: 5 / 5, strokes: 6 / 9
iteration step 317, G_loss: 0.14458, step_acc: 13.69641, grid_scale: 5 / 5, strokes: 6 / 9
iteration step 318, G_loss: 0.14457, step_acc: 13.69841, grid_scale: 5 / 5, strokes: 6 / 9
iteration step 319, G_loss: 0.14453, step_acc: 13.69805, grid_scale: 5 / 5, strokes: 6 / 9
iteration step 320, G_loss: 0.14451, step_acc: 13.69981, grid_scale: 5 / 5, strokes: 6 / 9
iteration step 321, G_loss: 0.14448, step_acc: 13.70017, grid_scale: 5 / 5, strokes: 6 / 9
iteration step 322, G_loss: 0.14445, step_acc: 13.70107, grid_scale: 5 / 5, strokes: 6 / 9
iteration step 323, G_loss: 0.14443, step_acc: 13.70105, grid_scale: 5 / 5, strokes: 6 / 9
iteration step 324, G_loss: 0.14441, step_acc: 13.70222, grid_scale: 5 / 5, strokes: 6 / 9
iteration step 325, G_loss: 0.14440, step_acc: 13.70150, grid_scale: 5 / 5, strokes: 6 / 9
iteration step 326, G_loss: 0.14438, step_acc: 13.70318, grid_scale: 5 / 5, strokes: 6 / 9
iteration step 327, G_loss: 0.14437, step_acc: 13.70286, grid_scale: 5 / 5, strokes: 6 / 9
iteration step 328, G_loss: 0.14434, step_acc: 13.70402, grid_scale: 5 / 5, strokes: 6 / 9
iteration step 329, G_loss: 0.14432, step_acc: 13.70364, grid_scale: 5 / 5, strokes: 6 / 9
iteration step 330, G_loss: 0.14430, step_acc: 13.70435, grid_scale: 5 / 5, strokes: 7 / 9
iteration step 331, G_loss: 0.14429, step_acc: 13.70382, grid_scale: 5 / 5, strokes: 7 / 9
iteration step 332, G_loss: 0.14429, step_acc: 13.70460, grid_scale: 5 / 5, strokes: 7 / 9
iteration step 333, G_loss: 0.14428, step_acc: 13.70517, grid_scale: 5 / 5, strokes: 7 / 9
iteration step 334, G_loss: 0.14425, step_acc: 13.70579, grid_scale: 5 / 5, strokes: 7 / 9
iteration step 335, G_loss: 0.14423, step_acc: 13.70604, grid_scale: 5 / 5, strokes: 7 / 9
iteration step 336, G_loss: 0.14420, step_acc: 13.70715, grid_scale: 5 / 5, strokes: 7 / 9
iteration step 337, G_loss: 0.14418, step_acc: 13.70724, grid_scale: 5 / 5, strokes: 7 / 9
iteration step 338, G_loss: 0.14416, step_acc: 13.70805, grid_scale: 5 / 5, strokes: 7 / 9
iteration step 339, G_loss: 0.14415, step_acc: 13.70818, grid_scale: 5 / 5, strokes: 7 / 9
iteration step 340, G_loss: 0.14413, step_acc: 13.70853, grid_scale: 5 / 5, strokes: 7 / 9
iteration step 341, G_loss: 0.14411, step_acc: 13.70883, grid_scale: 5 / 5, strokes: 7 / 9
iteration step 342, G_loss: 0.14411, step_acc: 13.70988, grid_scale: 5 / 5, strokes: 7 / 9
iteration step 343, G_loss: 0.14410, step_acc: 13.70987, grid_scale: 5 / 5, strokes: 7 / 9
iteration step 344, G_loss: 0.14407, step_acc: 13.71131, grid_scale: 5 / 5, strokes: 7 / 9
iteration step 345, G_loss: 0.14404, step_acc: 13.71154, grid_scale: 5 / 5, strokes: 7 / 9
iteration step 346, G_loss: 0.14404, step_acc: 13.71296, grid_scale: 5 / 5, strokes: 7 / 9
iteration step 347, G_loss: 0.14397, step_acc: 13.71430, grid_scale: 5 / 5, strokes: 7 / 9
iteration step 348, G_loss: 0.14395, step_acc: 13.71492, grid_scale: 5 / 5, strokes: 7 / 9
iteration step 349, G_loss: 0.14390, step_acc: 13.71622, grid_scale: 5 / 5, strokes: 7 / 9
iteration step 350, G_loss: 0.14388, step_acc: 13.71599, grid_scale: 5 / 5, strokes: 7 / 9
iteration step 351, G_loss: 0.14386, step_acc: 13.71671, grid_scale: 5 / 5, strokes: 7 / 9
iteration step 352, G_loss: 0.14384, step_acc: 13.71678, grid_scale: 5 / 5, strokes: 7 / 9
iteration step 353, G_loss: 0.14383, step_acc: 13.71758, grid_scale: 5 / 5, strokes: 7 / 9
iteration step 354, G_loss: 0.14383, step_acc: 13.71750, grid_scale: 5 / 5, strokes: 7 / 9
iteration step 355, G_loss: 0.14380, step_acc: 13.71841, grid_scale: 5 / 5, strokes: 7 / 9
iteration step 356, G_loss: 0.14379, step_acc: 13.71837, grid_scale: 5 / 5, strokes: 7 / 9
iteration step 357, G_loss: 0.14377, step_acc: 13.71919, grid_scale: 5 / 5, strokes: 7 / 9
iteration step 358, G_loss: 0.14375, step_acc: 13.71925, grid_scale: 5 / 5, strokes: 7 / 9
iteration step 359, G_loss: 0.14374, step_acc: 13.71994, grid_scale: 5 / 5, strokes: 7 / 9
iteration step 360, G_loss: 0.14374, step_acc: 13.72004, grid_scale: 5 / 5, strokes: 7 / 9
iteration step 361, G_loss: 0.14372, step_acc: 13.72396, grid_scale: 5 / 5, strokes: 7 / 9
iteration step 362, G_loss: 0.14364, step_acc: 13.72569, grid_scale: 5 / 5, strokes: 7 / 9
iteration step 363, G_loss: 0.14359, step_acc: 13.72716, grid_scale: 5 / 5, strokes: 7 / 9
iteration step 364, G_loss: 0.14355, step_acc: 13.72910, grid_scale: 5 / 5, strokes: 7 / 9
iteration step 365, G_loss: 0.14351, step_acc: 13.73044, grid_scale: 5 / 5, strokes: 7 / 9
iteration step 366, G_loss: 0.14347, step_acc: 13.73121, grid_scale: 5 / 5, strokes: 7 / 9
iteration step 367, G_loss: 0.14344, step_acc: 13.73210, grid_scale: 5 / 5, strokes: 7 / 9
iteration step 368, G_loss: 0.14341, step_acc: 13.73348, grid_scale: 5 / 5, strokes: 7 / 9
iteration step 369, G_loss: 0.14337, step_acc: 13.73429, grid_scale: 5 / 5, strokes: 7 / 9
iteration step 370, G_loss: 0.14335, step_acc: 13.73471, grid_scale: 5 / 5, strokes: 7 / 9
iteration step 371, G_loss: 0.14331, step_acc: 13.73644, grid_scale: 5 / 5, strokes: 7 / 9
iteration step 372, G_loss: 0.14328, step_acc: 13.73773, grid_scale: 5 / 5, strokes: 7 / 9
iteration step 373, G_loss: 0.14323, step_acc: 13.73856, grid_scale: 5 / 5, strokes: 7 / 9
iteration step 374, G_loss: 0.14321, step_acc: 13.73928, grid_scale: 5 / 5, strokes: 7 / 9
iteration step 375, G_loss: 0.14319, step_acc: 13.73918, grid_scale: 5 / 5, strokes: 7 / 9
iteration step 376, G_loss: 0.14315, step_acc: 13.74032, grid_scale: 5 / 5, strokes: 7 / 9
iteration step 377, G_loss: 0.14313, step_acc: 13.74063, grid_scale: 5 / 5, strokes: 7 / 9
iteration step 378, G_loss: 0.14311, step_acc: 13.74129, grid_scale: 5 / 5, strokes: 7 / 9
iteration step 379, G_loss: 0.14310, step_acc: 13.74196, grid_scale: 5 / 5, strokes: 7 / 9
iteration step 380, G_loss: 0.14308, step_acc: 13.74215, grid_scale: 5 / 5, strokes: 7 / 9
iteration step 381, G_loss: 0.14307, step_acc: 13.74288, grid_scale: 5 / 5, strokes: 7 / 9
iteration step 382, G_loss: 0.14306, step_acc: 13.74269, grid_scale: 5 / 5, strokes: 7 / 9
iteration step 383, G_loss: 0.14306, step_acc: 13.74335, grid_scale: 5 / 5, strokes: 7 / 9
iteration step 384, G_loss: 0.14305, step_acc: 13.74388, grid_scale: 5 / 5, strokes: 7 / 9
iteration step 385, G_loss: 0.14305, step_acc: 13.74343, grid_scale: 5 / 5, strokes: 8 / 9
iteration step 386, G_loss: 0.14305, step_acc: 13.74283, grid_scale: 5 / 5, strokes: 8 / 9
iteration step 387, G_loss: 0.14303, step_acc: 13.76606, grid_scale: 5 / 5, strokes: 8 / 9
iteration step 388, G_loss: 0.14274, step_acc: 13.77587, grid_scale: 5 / 5, strokes: 8 / 9
iteration step 389, G_loss: 0.14249, step_acc: 13.78180, grid_scale: 5 / 5, strokes: 8 / 9
iteration step 390, G_loss: 0.14233, step_acc: 13.78532, grid_scale: 5 / 5, strokes: 8 / 9
iteration step 391, G_loss: 0.14228, step_acc: 13.78087, grid_scale: 5 / 5, strokes: 8 / 9
iteration step 392, G_loss: 0.14232, step_acc: 13.78363, grid_scale: 5 / 5, strokes: 8 / 9
iteration step 393, G_loss: 0.14226, step_acc: 13.78960, grid_scale: 5 / 5, strokes: 8 / 9
iteration step 394, G_loss: 0.14216, step_acc: 13.79285, grid_scale: 5 / 5, strokes: 8 / 9
iteration step 395, G_loss: 0.14213, step_acc: 13.79921, grid_scale: 5 / 5, strokes: 8 / 9
iteration step 396, G_loss: 0.14198, step_acc: 13.80279, grid_scale: 5 / 5, strokes: 8 / 9
iteration step 397, G_loss: 0.14192, step_acc: 13.80392, grid_scale: 5 / 5, strokes: 8 / 9
iteration step 398, G_loss: 0.14186, step_acc: 13.80678, grid_scale: 5 / 5, strokes: 8 / 9
iteration step 399, G_loss: 0.14182, step_acc: 13.80620, grid_scale: 5 / 5, strokes: 8 / 9
iteration step 400, G_loss: 0.14178, step_acc: 13.80956, grid_scale: 5 / 5, strokes: 8 / 9
iteration step 401, G_loss: 0.14172, step_acc: 13.81063, grid_scale: 5 / 5, strokes: 8 / 9
iteration step 402, G_loss: 0.14167, step_acc: 13.81232, grid_scale: 5 / 5, strokes: 8 / 9
iteration step 403, G_loss: 0.14164, step_acc: 13.81318, grid_scale: 5 / 5, strokes: 8 / 9
iteration step 404, G_loss: 0.14159, step_acc: 13.81604, grid_scale: 5 / 5, strokes: 8 / 9
iteration step 405, G_loss: 0.14155, step_acc: 13.81662, grid_scale: 5 / 5, strokes: 8 / 9
iteration step 406, G_loss: 0.14151, step_acc: 13.81956, grid_scale: 5 / 5, strokes: 8 / 9
iteration step 407, G_loss: 0.14147, step_acc: 13.81976, grid_scale: 5 / 5, strokes: 8 / 9
iteration step 408, G_loss: 0.14144, step_acc: 13.82185, grid_scale: 5 / 5, strokes: 8 / 9
iteration step 409, G_loss: 0.14142, step_acc: 13.82176, grid_scale: 5 / 5, strokes: 8 / 9
iteration step 410, G_loss: 0.14141, step_acc: 13.82393, grid_scale: 5 / 5, strokes: 8 / 9
iteration step 411, G_loss: 0.14138, step_acc: 13.82361, grid_scale: 5 / 5, strokes: 8 / 9
iteration step 412, G_loss: 0.14136, step_acc: 13.82576, grid_scale: 5 / 5, strokes: 8 / 9
iteration step 413, G_loss: 0.14133, step_acc: 13.82605, grid_scale: 5 / 5, strokes: 8 / 9
iteration step 414, G_loss: 0.14131, step_acc: 13.82788, grid_scale: 5 / 5, strokes: 8 / 9
iteration step 415, G_loss: 0.14128, step_acc: 13.82762, grid_scale: 5 / 5, strokes: 8 / 9
iteration step 416, G_loss: 0.14128, step_acc: 13.82908, grid_scale: 5 / 5, strokes: 8 / 9
iteration step 417, G_loss: 0.14126, step_acc: 13.82912, grid_scale: 5 / 5, strokes: 8 / 9
iteration step 418, G_loss: 0.14124, step_acc: 13.83150, grid_scale: 5 / 5, strokes: 8 / 9
iteration step 419, G_loss: 0.14122, step_acc: 13.83099, grid_scale: 5 / 5, strokes: 8 / 9
iteration step 420, G_loss: 0.14121, step_acc: 13.83251, grid_scale: 5 / 5, strokes: 8 / 9
iteration step 421, G_loss: 0.14119, step_acc: 13.83212, grid_scale: 5 / 5, strokes: 8 / 9
iteration step 422, G_loss: 0.14118, step_acc: 13.83331, grid_scale: 5 / 5, strokes: 8 / 9
iteration step 423, G_loss: 0.14117, step_acc: 13.83327, grid_scale: 5 / 5, strokes: 8 / 9
iteration step 424, G_loss: 0.14117, step_acc: 13.83396, grid_scale: 5 / 5, strokes: 8 / 9
iteration step 425, G_loss: 0.14116, step_acc: 13.83459, grid_scale: 5 / 5, strokes: 8 / 9
iteration step 426, G_loss: 0.14116, step_acc: 13.83448, grid_scale: 5 / 5, strokes: 8 / 9
iteration step 427, G_loss: 0.14115, step_acc: 13.83564, grid_scale: 5 / 5, strokes: 8 / 9
iteration step 428, G_loss: 0.14115, step_acc: 13.83584, grid_scale: 5 / 5, strokes: 8 / 9
iteration step 429, G_loss: 0.14113, step_acc: 13.83699, grid_scale: 5 / 5, strokes: 8 / 9
iteration step 430, G_loss: 0.14113, step_acc: 13.83689, grid_scale: 5 / 5, strokes: 8 / 9
iteration step 431, G_loss: 0.14112, step_acc: 13.83821, grid_scale: 5 / 5, strokes: 8 / 9
iteration step 432, G_loss: 0.14111, step_acc: 13.83858, grid_scale: 5 / 5, strokes: 8 / 9
iteration step 433, G_loss: 0.14109, step_acc: 13.83993, grid_scale: 5 / 5, strokes: 8 / 9
iteration step 434, G_loss: 0.14108, step_acc: 13.84029, grid_scale: 5 / 5, strokes: 8 / 9
iteration step 435, G_loss: 0.14107, step_acc: 13.84216, grid_scale: 5 / 5, strokes: 8 / 9
iteration step 436, G_loss: 0.14106, step_acc: 13.84198, grid_scale: 5 / 5, strokes: 8 / 9
iteration step 437, G_loss: 0.14105, step_acc: 13.84388, grid_scale: 5 / 5, strokes: 8 / 9
iteration step 438, G_loss: 0.14103, step_acc: 13.84427, grid_scale: 5 / 5, strokes: 8 / 9
iteration step 439, G_loss: 0.14103, step_acc: 13.84590, grid_scale: 5 / 5, strokes: 8 / 9
iteration step 440, G_loss: 0.14102, step_acc: 13.84787, grid_scale: 5 / 5, strokes: 9 / 9
iteration step 441, G_loss: 0.14099, step_acc: 13.84889, grid_scale: 5 / 5, strokes: 9 / 9
iteration step 442, G_loss: 0.14100, step_acc: 13.87892, grid_scale: 5 / 5, strokes: 9 / 9
iteration step 443, G_loss: 0.14062, step_acc: 13.89554, grid_scale: 5 / 5, strokes: 9 / 9
iteration step 444, G_loss: 0.14043, step_acc: 13.90220, grid_scale: 5 / 5, strokes: 9 / 9
iteration step 445, G_loss: 0.14031, step_acc: 13.90758, grid_scale: 5 / 5, strokes: 9 / 9
iteration step 446, G_loss: 0.14024, step_acc: 13.91112, grid_scale: 5 / 5, strokes: 9 / 9
iteration step 447, G_loss: 0.14018, step_acc: 13.91534, grid_scale: 5 / 5, strokes: 9 / 9
iteration step 448, G_loss: 0.14013, step_acc: 13.91752, grid_scale: 5 / 5, strokes: 9 / 9
iteration step 449, G_loss: 0.14007, step_acc: 13.92138, grid_scale: 5 / 5, strokes: 9 / 9
iteration step 450, G_loss: 0.14004, step_acc: 13.92557, grid_scale: 5 / 5, strokes: 9 / 9
iteration step 451, G_loss: 0.13999, step_acc: 13.93262, grid_scale: 5 / 5, strokes: 9 / 9
iteration step 452, G_loss: 0.13991, step_acc: 13.93703, grid_scale: 5 / 5, strokes: 9 / 9
iteration step 453, G_loss: 0.13984, step_acc: 13.94931, grid_scale: 5 / 5, strokes: 9 / 9
iteration step 454, G_loss: 0.13970, step_acc: 13.95398, grid_scale: 5 / 5, strokes: 9 / 9
iteration step 455, G_loss: 0.13964, step_acc: 13.95731, grid_scale: 5 / 5, strokes: 9 / 9
iteration step 456, G_loss: 0.13958, step_acc: 13.96460, grid_scale: 5 / 5, strokes: 9 / 9
iteration step 457, G_loss: 0.13942, step_acc: 13.96939, grid_scale: 5 / 5, strokes: 9 / 9
iteration step 458, G_loss: 0.13937, step_acc: 13.97306, grid_scale: 5 / 5, strokes: 9 / 9
iteration step 459, G_loss: 0.13927, step_acc: 13.97651, grid_scale: 5 / 5, strokes: 9 / 9
iteration step 460, G_loss: 0.13921, step_acc: 13.97847, grid_scale: 5 / 5, strokes: 9 / 9
iteration step 461, G_loss: 0.13918, step_acc: 13.97545, grid_scale: 5 / 5, strokes: 9 / 9
iteration step 462, G_loss: 0.13929, step_acc: 13.98085, grid_scale: 5 / 5, strokes: 9 / 9
iteration step 463, G_loss: 0.13915, step_acc: 13.98218, grid_scale: 5 / 5, strokes: 9 / 9
iteration step 464, G_loss: 0.13913, step_acc: 13.98287, grid_scale: 5 / 5, strokes: 9 / 9
iteration step 465, G_loss: 0.13912, step_acc: 13.98384, grid_scale: 5 / 5, strokes: 9 / 9
iteration step 466, G_loss: 0.13911, step_acc: 13.98488, grid_scale: 5 / 5, strokes: 9 / 9
iteration step 467, G_loss: 0.13908, step_acc: 13.98563, grid_scale: 5 / 5, strokes: 9 / 9
iteration step 468, G_loss: 0.13908, step_acc: 13.98594, grid_scale: 5 / 5, strokes: 9 / 9
iteration step 469, G_loss: 0.13908, step_acc: 13.98753, grid_scale: 5 / 5, strokes: 9 / 9
iteration step 470, G_loss: 0.13906, step_acc: 13.98792, grid_scale: 5 / 5, strokes: 9 / 9
iteration step 471, G_loss: 0.13904, step_acc: 13.98893, grid_scale: 5 / 5, strokes: 9 / 9
iteration step 472, G_loss: 0.13905, step_acc: 13.98956, grid_scale: 5 / 5, strokes: 9 / 9
iteration step 473, G_loss: 0.13902, step_acc: 13.99055, grid_scale: 5 / 5, strokes: 9 / 9
iteration step 474, G_loss: 0.13901, step_acc: 13.99073, grid_scale: 5 / 5, strokes: 9 / 9
iteration step 475, G_loss: 0.13899, step_acc: 13.99166, grid_scale: 5 / 5, strokes: 9 / 9
iteration step 476, G_loss: 0.13898, step_acc: 13.99243, grid_scale: 5 / 5, strokes: 9 / 9
iteration step 477, G_loss: 0.13897, step_acc: 13.99262, grid_scale: 5 / 5, strokes: 9 / 9
iteration step 478, G_loss: 0.13896, step_acc: 13.99471, grid_scale: 5 / 5, strokes: 9 / 9
iteration step 479, G_loss: 0.13894, step_acc: 13.99459, grid_scale: 5 / 5, strokes: 9 / 9
iteration step 480, G_loss: 0.13892, step_acc: 13.99708, grid_scale: 5 / 5, strokes: 9 / 9
iteration step 481, G_loss: 0.13889, step_acc: 13.99771, grid_scale: 5 / 5, strokes: 9 / 9
iteration step 482, G_loss: 0.13886, step_acc: 13.99987, grid_scale: 5 / 5, strokes: 9 / 9
iteration step 483, G_loss: 0.13883, step_acc: 14.00096, grid_scale: 5 / 5, strokes: 9 / 9
iteration step 484, G_loss: 0.13880, step_acc: 14.00298, grid_scale: 5 / 5, strokes: 9 / 9
iteration step 485, G_loss: 0.13878, step_acc: 14.00438, grid_scale: 5 / 5, strokes: 9 / 9
iteration step 486, G_loss: 0.13875, step_acc: 14.00585, grid_scale: 5 / 5, strokes: 9 / 9
iteration step 487, G_loss: 0.13872, step_acc: 14.00785, grid_scale: 5 / 5, strokes: 9 / 9
iteration step 488, G_loss: 0.13870, step_acc: 14.00834, grid_scale: 5 / 5, strokes: 9 / 9
iteration step 489, G_loss: 0.13868, step_acc: 14.01000, grid_scale: 5 / 5, strokes: 9 / 9
iteration step 490, G_loss: 0.13866, step_acc: 14.01161, grid_scale: 5 / 5, strokes: 9 / 9
iteration step 491, G_loss: 0.13863, step_acc: 14.01278, grid_scale: 5 / 5, strokes: 9 / 9
iteration step 492, G_loss: 0.13861, step_acc: 14.01369, grid_scale: 5 / 5, strokes: 9 / 9
iteration step 493, G_loss: 0.13859, step_acc: 14.01659, grid_scale: 5 / 5, strokes: 9 / 9
iteration step 494, G_loss: 0.13856, step_acc: 14.01817, grid_scale: 5 / 5, strokes: 9 / 9
rendering canvas...
saving stroke parameters...
rendering canvas...
saving input photo...
saving final rendered result...
OpenCV: FFMPEG: tag 0x5634504d/'MP4V' is not supported with codec id 12 and format 'mp4 / MP4 (MPEG-4 Part 14)'
OpenCV: FFMPEG: fallback to use tag 0x7634706d/'mp4v'
