initialize network with normal
loading renderer from pre-trained checkpoint...
begin drawing...
iteration step 0, G_loss: 0.00000, step_acc: 3.36642, grid_scale: 1 / 5, strokes: 1 / 9
iteration step 1, G_loss: 0.62502, step_acc: 3.38361, grid_scale: 1 / 5, strokes: 1 / 9
iteration step 2, G_loss: 0.62320, step_acc: 3.42471, grid_scale: 1 / 5, strokes: 1 / 9
iteration step 3, G_loss: 0.61946, step_acc: 3.46418, grid_scale: 1 / 5, strokes: 1 / 9
iteration step 4, G_loss: 0.61534, step_acc: 3.50501, grid_scale: 1 / 5, strokes: 1 / 9
iteration step 5, G_loss: 0.61117, step_acc: 3.53292, grid_scale: 1 / 5, strokes: 1 / 9
iteration step 6, G_loss: 0.60842, step_acc: 3.55215, grid_scale: 1 / 5, strokes: 1 / 9
iteration step 7, G_loss: 0.60657, step_acc: 3.57192, grid_scale: 1 / 5, strokes: 1 / 9
iteration step 8, G_loss: 0.60463, step_acc: 3.58694, grid_scale: 1 / 5, strokes: 1 / 9
iteration step 9, G_loss: 0.60288, step_acc: 3.59005, grid_scale: 1 / 5, strokes: 1 / 9
iteration step 10, G_loss: 0.60230, step_acc: 3.59792, grid_scale: 1 / 5, strokes: 1 / 9
iteration step 11, G_loss: 0.60132, step_acc: 3.60484, grid_scale: 1 / 5, strokes: 1 / 9
iteration step 12, G_loss: 0.60047, step_acc: 3.61658, grid_scale: 1 / 5, strokes: 1 / 9
iteration step 13, G_loss: 0.59920, step_acc: 3.65097, grid_scale: 1 / 5, strokes: 1 / 9
iteration step 14, G_loss: 0.59645, step_acc: 3.66400, grid_scale: 1 / 5, strokes: 1 / 9
iteration step 15, G_loss: 0.59473, step_acc: 3.66728, grid_scale: 1 / 5, strokes: 1 / 9
iteration step 16, G_loss: 0.59457, step_acc: 3.67974, grid_scale: 1 / 5, strokes: 1 / 9
iteration step 17, G_loss: 0.59259, step_acc: 3.68439, grid_scale: 1 / 5, strokes: 1 / 9
iteration step 18, G_loss: 0.59208, step_acc: 3.68609, grid_scale: 1 / 5, strokes: 1 / 9
iteration step 19, G_loss: 0.59174, step_acc: 3.68951, grid_scale: 1 / 5, strokes: 1 / 9
iteration step 20, G_loss: 0.59122, step_acc: 3.69439, grid_scale: 1 / 5, strokes: 1 / 9
iteration step 21, G_loss: 0.59058, step_acc: 3.70116, grid_scale: 1 / 5, strokes: 1 / 9
iteration step 22, G_loss: 0.58976, step_acc: 3.71323, grid_scale: 1 / 5, strokes: 1 / 9
iteration step 23, G_loss: 0.58861, step_acc: 3.72882, grid_scale: 1 / 5, strokes: 1 / 9
iteration step 24, G_loss: 0.58705, step_acc: 3.73660, grid_scale: 1 / 5, strokes: 1 / 9
iteration step 25, G_loss: 0.58603, step_acc: 3.74426, grid_scale: 1 / 5, strokes: 1 / 9
iteration step 26, G_loss: 0.58526, step_acc: 3.76059, grid_scale: 1 / 5, strokes: 1 / 9
iteration step 27, G_loss: 0.58386, step_acc: 3.77786, grid_scale: 1 / 5, strokes: 1 / 9
iteration step 28, G_loss: 0.58214, step_acc: 3.78443, grid_scale: 1 / 5, strokes: 1 / 9
iteration step 29, G_loss: 0.58130, step_acc: 3.79496, grid_scale: 1 / 5, strokes: 1 / 9
iteration step 30, G_loss: 0.58033, step_acc: 3.80662, grid_scale: 1 / 5, strokes: 1 / 9
iteration step 31, G_loss: 0.57915, step_acc: 3.81863, grid_scale: 1 / 5, strokes: 1 / 9
iteration step 32, G_loss: 0.57794, step_acc: 3.82891, grid_scale: 1 / 5, strokes: 1 / 9
iteration step 33, G_loss: 0.57681, step_acc: 3.83666, grid_scale: 1 / 5, strokes: 1 / 9
iteration step 34, G_loss: 0.57595, step_acc: 3.84947, grid_scale: 1 / 5, strokes: 1 / 9
iteration step 35, G_loss: 0.57472, step_acc: 3.87455, grid_scale: 1 / 5, strokes: 1 / 9
iteration step 36, G_loss: 0.57243, step_acc: 3.88822, grid_scale: 1 / 5, strokes: 1 / 9
iteration step 37, G_loss: 0.57092, step_acc: 3.90263, grid_scale: 1 / 5, strokes: 1 / 9
iteration step 38, G_loss: 0.56960, step_acc: 3.91683, grid_scale: 1 / 5, strokes: 1 / 9
iteration step 39, G_loss: 0.56823, step_acc: 3.93537, grid_scale: 1 / 5, strokes: 1 / 9
iteration step 40, G_loss: 0.56660, step_acc: 3.95536, grid_scale: 1 / 5, strokes: 1 / 9
iteration step 41, G_loss: 0.56466, step_acc: 3.97149, grid_scale: 1 / 5, strokes: 1 / 9
iteration step 42, G_loss: 0.56309, step_acc: 3.98336, grid_scale: 1 / 5, strokes: 1 / 9
iteration step 43, G_loss: 0.56186, step_acc: 3.99011, grid_scale: 1 / 5, strokes: 1 / 9
iteration step 44, G_loss: 0.56115, step_acc: 3.99496, grid_scale: 1 / 5, strokes: 1 / 9
iteration step 45, G_loss: 0.56053, step_acc: 3.99989, grid_scale: 1 / 5, strokes: 1 / 9
iteration step 46, G_loss: 0.55994, step_acc: 4.00848, grid_scale: 1 / 5, strokes: 1 / 9
iteration step 47, G_loss: 0.55922, step_acc: 4.01979, grid_scale: 1 / 5, strokes: 1 / 9
iteration step 48, G_loss: 0.55813, step_acc: 4.02859, grid_scale: 1 / 5, strokes: 1 / 9
iteration step 49, G_loss: 0.55728, step_acc: 4.03277, grid_scale: 1 / 5, strokes: 1 / 9
iteration step 50, G_loss: 0.55663, step_acc: 4.03742, grid_scale: 1 / 5, strokes: 1 / 9
iteration step 51, G_loss: 0.55607, step_acc: 4.04317, grid_scale: 1 / 5, strokes: 1 / 9
iteration step 52, G_loss: 0.55528, step_acc: 4.04801, grid_scale: 1 / 5, strokes: 1 / 9
iteration step 53, G_loss: 0.55474, step_acc: 4.05494, grid_scale: 1 / 5, strokes: 1 / 9
iteration step 54, G_loss: 0.55396, step_acc: 4.06614, grid_scale: 1 / 5, strokes: 1 / 9
iteration step 55, G_loss: 0.55329, step_acc: 4.11775, grid_scale: 1 / 5, strokes: 2 / 9
iteration step 56, G_loss: 0.54912, step_acc: 4.14480, grid_scale: 1 / 5, strokes: 2 / 9
iteration step 57, G_loss: 0.54659, step_acc: 4.17897, grid_scale: 1 / 5, strokes: 2 / 9
iteration step 58, G_loss: 0.54403, step_acc: 4.20319, grid_scale: 1 / 5, strokes: 2 / 9
iteration step 59, G_loss: 0.54150, step_acc: 4.23300, grid_scale: 1 / 5, strokes: 2 / 9
iteration step 60, G_loss: 0.53875, step_acc: 4.26007, grid_scale: 1 / 5, strokes: 2 / 9
iteration step 61, G_loss: 0.53643, step_acc: 4.29192, grid_scale: 1 / 5, strokes: 2 / 9
iteration step 62, G_loss: 0.53380, step_acc: 4.32606, grid_scale: 1 / 5, strokes: 2 / 9
iteration step 63, G_loss: 0.53083, step_acc: 4.35652, grid_scale: 1 / 5, strokes: 2 / 9
iteration step 64, G_loss: 0.52831, step_acc: 4.39839, grid_scale: 1 / 5, strokes: 2 / 9
iteration step 65, G_loss: 0.52510, step_acc: 4.42000, grid_scale: 1 / 5, strokes: 2 / 9
iteration step 66, G_loss: 0.52316, step_acc: 4.44284, grid_scale: 1 / 5, strokes: 2 / 9
iteration step 67, G_loss: 0.52112, step_acc: 4.46615, grid_scale: 1 / 5, strokes: 2 / 9
iteration step 68, G_loss: 0.51907, step_acc: 4.49346, grid_scale: 1 / 5, strokes: 2 / 9
iteration step 69, G_loss: 0.51676, step_acc: 4.52230, grid_scale: 1 / 5, strokes: 2 / 9
iteration step 70, G_loss: 0.51465, step_acc: 4.55914, grid_scale: 1 / 5, strokes: 2 / 9
iteration step 71, G_loss: 0.51194, step_acc: 4.58840, grid_scale: 1 / 5, strokes: 2 / 9
iteration step 72, G_loss: 0.50979, step_acc: 4.61996, grid_scale: 1 / 5, strokes: 2 / 9
iteration step 73, G_loss: 0.50752, step_acc: 4.63997, grid_scale: 1 / 5, strokes: 2 / 9
iteration step 74, G_loss: 0.50580, step_acc: 4.67079, grid_scale: 1 / 5, strokes: 2 / 9
iteration step 75, G_loss: 0.50374, step_acc: 4.71253, grid_scale: 1 / 5, strokes: 2 / 9
iteration step 76, G_loss: 0.50091, step_acc: 4.75713, grid_scale: 1 / 5, strokes: 2 / 9
iteration step 77, G_loss: 0.49770, step_acc: 4.78974, grid_scale: 1 / 5, strokes: 2 / 9
iteration step 78, G_loss: 0.49506, step_acc: 4.82303, grid_scale: 1 / 5, strokes: 2 / 9
iteration step 79, G_loss: 0.49220, step_acc: 4.85046, grid_scale: 1 / 5, strokes: 2 / 9
iteration step 80, G_loss: 0.48953, step_acc: 4.86688, grid_scale: 1 / 5, strokes: 2 / 9
iteration step 81, G_loss: 0.48773, step_acc: 4.88426, grid_scale: 1 / 5, strokes: 2 / 9
iteration step 82, G_loss: 0.48593, step_acc: 4.90304, grid_scale: 1 / 5, strokes: 2 / 9
iteration step 83, G_loss: 0.48435, step_acc: 4.92854, grid_scale: 1 / 5, strokes: 2 / 9
iteration step 84, G_loss: 0.48234, step_acc: 4.95108, grid_scale: 1 / 5, strokes: 2 / 9
iteration step 85, G_loss: 0.48044, step_acc: 4.97123, grid_scale: 1 / 5, strokes: 2 / 9
iteration step 86, G_loss: 0.47873, step_acc: 4.98560, grid_scale: 1 / 5, strokes: 2 / 9
iteration step 87, G_loss: 0.47753, step_acc: 4.99113, grid_scale: 1 / 5, strokes: 2 / 9
iteration step 88, G_loss: 0.47656, step_acc: 4.99560, grid_scale: 1 / 5, strokes: 2 / 9
iteration step 89, G_loss: 0.47603, step_acc: 5.00137, grid_scale: 1 / 5, strokes: 2 / 9
iteration step 90, G_loss: 0.47538, step_acc: 5.00728, grid_scale: 1 / 5, strokes: 2 / 9
iteration step 91, G_loss: 0.47481, step_acc: 5.01709, grid_scale: 1 / 5, strokes: 2 / 9
iteration step 92, G_loss: 0.47419, step_acc: 5.02625, grid_scale: 1 / 5, strokes: 2 / 9
iteration step 93, G_loss: 0.47347, step_acc: 5.04575, grid_scale: 1 / 5, strokes: 2 / 9
iteration step 94, G_loss: 0.47212, step_acc: 5.05599, grid_scale: 1 / 5, strokes: 2 / 9
iteration step 95, G_loss: 0.47127, step_acc: 5.06273, grid_scale: 1 / 5, strokes: 2 / 9
iteration step 96, G_loss: 0.47068, step_acc: 5.07610, grid_scale: 1 / 5, strokes: 2 / 9
iteration step 97, G_loss: 0.46974, step_acc: 5.08688, grid_scale: 1 / 5, strokes: 2 / 9
iteration step 98, G_loss: 0.46891, step_acc: 5.10010, grid_scale: 1 / 5, strokes: 2 / 9
iteration step 99, G_loss: 0.46807, step_acc: 5.10757, grid_scale: 1 / 5, strokes: 2 / 9
iteration step 100, G_loss: 0.46738, step_acc: 5.11403, grid_scale: 1 / 5, strokes: 2 / 9
iteration step 101, G_loss: 0.46681, step_acc: 5.12192, grid_scale: 1 / 5, strokes: 2 / 9
iteration step 102, G_loss: 0.46618, step_acc: 5.12626, grid_scale: 1 / 5, strokes: 2 / 9
iteration step 103, G_loss: 0.46569, step_acc: 5.12976, grid_scale: 1 / 5, strokes: 2 / 9
iteration step 104, G_loss: 0.46525, step_acc: 5.13189, grid_scale: 1 / 5, strokes: 2 / 9
iteration step 105, G_loss: 0.46495, step_acc: 5.14106, grid_scale: 1 / 5, strokes: 2 / 9
iteration step 106, G_loss: 0.46435, step_acc: 5.15213, grid_scale: 1 / 5, strokes: 2 / 9
iteration step 107, G_loss: 0.46355, step_acc: 5.16406, grid_scale: 1 / 5, strokes: 2 / 9
iteration step 108, G_loss: 0.46241, step_acc: 5.17873, grid_scale: 1 / 5, strokes: 2 / 9
iteration step 109, G_loss: 0.46147, step_acc: 5.17845, grid_scale: 1 / 5, strokes: 2 / 9
iteration step 110, G_loss: 0.46105, step_acc: 5.15127, grid_scale: 1 / 5, strokes: 3 / 9
iteration step 111, G_loss: 0.46145, step_acc: 5.17876, grid_scale: 1 / 5, strokes: 3 / 9
iteration step 112, G_loss: 0.45957, step_acc: 5.18679, grid_scale: 1 / 5, strokes: 3 / 9
iteration step 113, G_loss: 0.45811, step_acc: 5.21683, grid_scale: 1 / 5, strokes: 3 / 9
iteration step 114, G_loss: 0.45650, step_acc: 5.23555, grid_scale: 1 / 5, strokes: 3 / 9
iteration step 115, G_loss: 0.45476, step_acc: 5.24036, grid_scale: 1 / 5, strokes: 3 / 9
iteration step 116, G_loss: 0.45434, step_acc: 5.25521, grid_scale: 1 / 5, strokes: 3 / 9
iteration step 117, G_loss: 0.45302, step_acc: 5.28870, grid_scale: 1 / 5, strokes: 3 / 9
iteration step 118, G_loss: 0.45122, step_acc: 5.31337, grid_scale: 1 / 5, strokes: 3 / 9
iteration step 119, G_loss: 0.44964, step_acc: 5.32480, grid_scale: 1 / 5, strokes: 3 / 9
iteration step 120, G_loss: 0.44860, step_acc: 5.35010, grid_scale: 1 / 5, strokes: 3 / 9
iteration step 121, G_loss: 0.44712, step_acc: 5.39953, grid_scale: 1 / 5, strokes: 3 / 9
iteration step 122, G_loss: 0.44472, step_acc: 5.42301, grid_scale: 1 / 5, strokes: 3 / 9
iteration step 123, G_loss: 0.44290, step_acc: 5.44009, grid_scale: 1 / 5, strokes: 3 / 9
iteration step 124, G_loss: 0.44115, step_acc: 5.46923, grid_scale: 1 / 5, strokes: 3 / 9
iteration step 125, G_loss: 0.43947, step_acc: 5.50067, grid_scale: 1 / 5, strokes: 3 / 9
iteration step 126, G_loss: 0.43750, step_acc: 5.53349, grid_scale: 1 / 5, strokes: 3 / 9
iteration step 127, G_loss: 0.43552, step_acc: 5.55264, grid_scale: 1 / 5, strokes: 3 / 9
iteration step 128, G_loss: 0.43403, step_acc: 5.57770, grid_scale: 1 / 5, strokes: 3 / 9
iteration step 129, G_loss: 0.43246, step_acc: 5.60817, grid_scale: 1 / 5, strokes: 3 / 9
iteration step 130, G_loss: 0.43038, step_acc: 5.64599, grid_scale: 1 / 5, strokes: 3 / 9
iteration step 131, G_loss: 0.42803, step_acc: 5.66710, grid_scale: 1 / 5, strokes: 3 / 9
iteration step 132, G_loss: 0.42633, step_acc: 5.69756, grid_scale: 1 / 5, strokes: 3 / 9
iteration step 133, G_loss: 0.42443, step_acc: 5.73228, grid_scale: 1 / 5, strokes: 3 / 9
iteration step 134, G_loss: 0.42208, step_acc: 5.76796, grid_scale: 1 / 5, strokes: 3 / 9
iteration step 135, G_loss: 0.41966, step_acc: 5.80234, grid_scale: 1 / 5, strokes: 3 / 9
iteration step 136, G_loss: 0.41719, step_acc: 5.82070, grid_scale: 1 / 5, strokes: 3 / 9
iteration step 137, G_loss: 0.41589, step_acc: 5.83599, grid_scale: 1 / 5, strokes: 3 / 9
iteration step 138, G_loss: 0.41482, step_acc: 5.85299, grid_scale: 1 / 5, strokes: 3 / 9
iteration step 139, G_loss: 0.41357, step_acc: 5.86165, grid_scale: 1 / 5, strokes: 3 / 9
iteration step 140, G_loss: 0.41254, step_acc: 5.87425, grid_scale: 1 / 5, strokes: 3 / 9
iteration step 141, G_loss: 0.41177, step_acc: 5.87899, grid_scale: 1 / 5, strokes: 3 / 9
iteration step 142, G_loss: 0.41112, step_acc: 5.88884, grid_scale: 1 / 5, strokes: 3 / 9
iteration step 143, G_loss: 0.41037, step_acc: 5.90492, grid_scale: 1 / 5, strokes: 3 / 9
iteration step 144, G_loss: 0.40913, step_acc: 5.94637, grid_scale: 1 / 5, strokes: 3 / 9
iteration step 145, G_loss: 0.40665, step_acc: 5.97638, grid_scale: 1 / 5, strokes: 3 / 9
iteration step 146, G_loss: 0.40438, step_acc: 5.98854, grid_scale: 1 / 5, strokes: 3 / 9
iteration step 147, G_loss: 0.40326, step_acc: 6.00358, grid_scale: 1 / 5, strokes: 3 / 9
iteration step 148, G_loss: 0.40230, step_acc: 6.01244, grid_scale: 1 / 5, strokes: 3 / 9
iteration step 149, G_loss: 0.40139, step_acc: 6.02056, grid_scale: 1 / 5, strokes: 3 / 9
iteration step 150, G_loss: 0.40068, step_acc: 6.03254, grid_scale: 1 / 5, strokes: 3 / 9
iteration step 151, G_loss: 0.39961, step_acc: 6.05949, grid_scale: 1 / 5, strokes: 3 / 9
iteration step 152, G_loss: 0.39797, step_acc: 6.08371, grid_scale: 1 / 5, strokes: 3 / 9
iteration step 153, G_loss: 0.39629, step_acc: 6.10584, grid_scale: 1 / 5, strokes: 3 / 9
iteration step 154, G_loss: 0.39469, step_acc: 6.12580, grid_scale: 1 / 5, strokes: 3 / 9
iteration step 155, G_loss: 0.39331, step_acc: 6.13612, grid_scale: 1 / 5, strokes: 3 / 9
iteration step 156, G_loss: 0.39242, step_acc: 6.15185, grid_scale: 1 / 5, strokes: 3 / 9
iteration step 157, G_loss: 0.39143, step_acc: 6.17802, grid_scale: 1 / 5, strokes: 3 / 9
iteration step 158, G_loss: 0.38976, step_acc: 6.20168, grid_scale: 1 / 5, strokes: 3 / 9
iteration step 159, G_loss: 0.38820, step_acc: 6.23574, grid_scale: 1 / 5, strokes: 3 / 9
iteration step 160, G_loss: 0.38604, step_acc: 6.27420, grid_scale: 1 / 5, strokes: 3 / 9
iteration step 161, G_loss: 0.38396, step_acc: 6.29171, grid_scale: 1 / 5, strokes: 3 / 9
iteration step 162, G_loss: 0.38279, step_acc: 6.32481, grid_scale: 1 / 5, strokes: 3 / 9
iteration step 163, G_loss: 0.38100, step_acc: 6.33917, grid_scale: 1 / 5, strokes: 3 / 9
iteration step 164, G_loss: 0.38007, step_acc: 6.36144, grid_scale: 1 / 5, strokes: 3 / 9
iteration step 165, G_loss: 0.37884, step_acc: 6.40009, grid_scale: 1 / 5, strokes: 4 / 9
iteration step 166, G_loss: 0.37644, step_acc: 6.43597, grid_scale: 1 / 5, strokes: 4 / 9
iteration step 167, G_loss: 0.37421, step_acc: 6.48720, grid_scale: 1 / 5, strokes: 4 / 9
iteration step 168, G_loss: 0.37154, step_acc: 6.56551, grid_scale: 1 / 5, strokes: 4 / 9
iteration step 169, G_loss: 0.36758, step_acc: 6.63839, grid_scale: 1 / 5, strokes: 4 / 9
iteration step 170, G_loss: 0.36384, step_acc: 6.71802, grid_scale: 1 / 5, strokes: 4 / 9
iteration step 171, G_loss: 0.35973, step_acc: 6.80155, grid_scale: 1 / 5, strokes: 4 / 9
iteration step 172, G_loss: 0.35515, step_acc: 6.85328, grid_scale: 1 / 5, strokes: 4 / 9
iteration step 173, G_loss: 0.35203, step_acc: 6.89396, grid_scale: 1 / 5, strokes: 4 / 9
iteration step 174, G_loss: 0.34940, step_acc: 6.92308, grid_scale: 1 / 5, strokes: 4 / 9
iteration step 175, G_loss: 0.34732, step_acc: 6.95743, grid_scale: 1 / 5, strokes: 4 / 9
iteration step 176, G_loss: 0.34531, step_acc: 6.99997, grid_scale: 1 / 5, strokes: 4 / 9
iteration step 177, G_loss: 0.34287, step_acc: 7.03080, grid_scale: 1 / 5, strokes: 4 / 9
iteration step 178, G_loss: 0.34084, step_acc: 7.05180, grid_scale: 1 / 5, strokes: 4 / 9
iteration step 179, G_loss: 0.33947, step_acc: 7.06700, grid_scale: 1 / 5, strokes: 4 / 9
iteration step 180, G_loss: 0.33832, step_acc: 7.10024, grid_scale: 1 / 5, strokes: 4 / 9
iteration step 181, G_loss: 0.33666, step_acc: 7.13345, grid_scale: 1 / 5, strokes: 4 / 9
iteration step 182, G_loss: 0.33503, step_acc: 7.16310, grid_scale: 1 / 5, strokes: 4 / 9
iteration step 183, G_loss: 0.33365, step_acc: 7.18217, grid_scale: 1 / 5, strokes: 4 / 9
iteration step 184, G_loss: 0.33256, step_acc: 7.20994, grid_scale: 1 / 5, strokes: 4 / 9
iteration step 185, G_loss: 0.33114, step_acc: 7.24497, grid_scale: 1 / 5, strokes: 4 / 9
iteration step 186, G_loss: 0.32931, step_acc: 7.28132, grid_scale: 1 / 5, strokes: 4 / 9
iteration step 187, G_loss: 0.32757, step_acc: 7.32148, grid_scale: 1 / 5, strokes: 4 / 9
iteration step 188, G_loss: 0.32565, step_acc: 7.37501, grid_scale: 1 / 5, strokes: 4 / 9
iteration step 189, G_loss: 0.32353, step_acc: 7.40273, grid_scale: 1 / 5, strokes: 4 / 9
iteration step 190, G_loss: 0.32206, step_acc: 7.42734, grid_scale: 1 / 5, strokes: 4 / 9
iteration step 191, G_loss: 0.32084, step_acc: 7.44587, grid_scale: 1 / 5, strokes: 4 / 9
iteration step 192, G_loss: 0.31985, step_acc: 7.46855, grid_scale: 1 / 5, strokes: 4 / 9
iteration step 193, G_loss: 0.31848, step_acc: 7.48852, grid_scale: 1 / 5, strokes: 4 / 9
iteration step 194, G_loss: 0.31730, step_acc: 7.50624, grid_scale: 1 / 5, strokes: 4 / 9
iteration step 195, G_loss: 0.31609, step_acc: 7.52301, grid_scale: 1 / 5, strokes: 4 / 9
iteration step 196, G_loss: 0.31523, step_acc: 7.54160, grid_scale: 1 / 5, strokes: 4 / 9
iteration step 197, G_loss: 0.31428, step_acc: 7.55188, grid_scale: 1 / 5, strokes: 4 / 9
iteration step 198, G_loss: 0.31363, step_acc: 7.56647, grid_scale: 1 / 5, strokes: 4 / 9
iteration step 199, G_loss: 0.31276, step_acc: 7.58479, grid_scale: 1 / 5, strokes: 4 / 9
iteration step 200, G_loss: 0.31171, step_acc: 7.60724, grid_scale: 1 / 5, strokes: 4 / 9
iteration step 201, G_loss: 0.31085, step_acc: 7.61083, grid_scale: 1 / 5, strokes: 4 / 9
iteration step 202, G_loss: 0.31032, step_acc: 7.62409, grid_scale: 1 / 5, strokes: 4 / 9
iteration step 203, G_loss: 0.30964, step_acc: 7.63005, grid_scale: 1 / 5, strokes: 4 / 9
iteration step 204, G_loss: 0.30901, step_acc: 7.65224, grid_scale: 1 / 5, strokes: 4 / 9
iteration step 205, G_loss: 0.30813, step_acc: 7.67167, grid_scale: 1 / 5, strokes: 4 / 9
iteration step 206, G_loss: 0.30733, step_acc: 7.67844, grid_scale: 1 / 5, strokes: 4 / 9
iteration step 207, G_loss: 0.30676, step_acc: 7.68608, grid_scale: 1 / 5, strokes: 4 / 9
iteration step 208, G_loss: 0.30632, step_acc: 7.71111, grid_scale: 1 / 5, strokes: 4 / 9
iteration step 209, G_loss: 0.30528, step_acc: 7.74773, grid_scale: 1 / 5, strokes: 4 / 9
iteration step 210, G_loss: 0.30395, step_acc: 7.76223, grid_scale: 1 / 5, strokes: 4 / 9
iteration step 211, G_loss: 0.30312, step_acc: 7.77417, grid_scale: 1 / 5, strokes: 4 / 9
iteration step 212, G_loss: 0.30255, step_acc: 7.79589, grid_scale: 1 / 5, strokes: 4 / 9
iteration step 213, G_loss: 0.30172, step_acc: 7.81540, grid_scale: 1 / 5, strokes: 4 / 9
iteration step 214, G_loss: 0.30088, step_acc: 7.82852, grid_scale: 1 / 5, strokes: 4 / 9
iteration step 215, G_loss: 0.30037, step_acc: 7.83764, grid_scale: 1 / 5, strokes: 4 / 9
iteration step 216, G_loss: 0.29974, step_acc: 7.84463, grid_scale: 1 / 5, strokes: 4 / 9
iteration step 217, G_loss: 0.29937, step_acc: 7.84724, grid_scale: 1 / 5, strokes: 4 / 9
iteration step 218, G_loss: 0.29908, step_acc: 7.85360, grid_scale: 1 / 5, strokes: 4 / 9
iteration step 219, G_loss: 0.29877, step_acc: 7.86074, grid_scale: 1 / 5, strokes: 4 / 9
iteration step 220, G_loss: 0.29854, step_acc: 7.89096, grid_scale: 1 / 5, strokes: 5 / 9
iteration step 221, G_loss: 0.29467, step_acc: 7.96257, grid_scale: 1 / 5, strokes: 5 / 9
iteration step 222, G_loss: 0.29177, step_acc: 8.05282, grid_scale: 1 / 5, strokes: 5 / 9
iteration step 223, G_loss: 0.28815, step_acc: 8.09788, grid_scale: 1 / 5, strokes: 5 / 9
iteration step 224, G_loss: 0.28571, step_acc: 8.14257, grid_scale: 1 / 5, strokes: 5 / 9
iteration step 225, G_loss: 0.28337, step_acc: 8.19419, grid_scale: 1 / 5, strokes: 5 / 9
iteration step 226, G_loss: 0.28107, step_acc: 8.24910, grid_scale: 1 / 5, strokes: 5 / 9
iteration step 227, G_loss: 0.27809, step_acc: 8.27271, grid_scale: 1 / 5, strokes: 5 / 9
iteration step 228, G_loss: 0.27669, step_acc: 8.29850, grid_scale: 1 / 5, strokes: 5 / 9
iteration step 229, G_loss: 0.27518, step_acc: 8.33482, grid_scale: 1 / 5, strokes: 5 / 9
iteration step 230, G_loss: 0.27308, step_acc: 8.34317, grid_scale: 1 / 5, strokes: 5 / 9
iteration step 231, G_loss: 0.27215, step_acc: 8.36094, grid_scale: 1 / 5, strokes: 5 / 9
iteration step 232, G_loss: 0.27127, step_acc: 8.37999, grid_scale: 1 / 5, strokes: 5 / 9
iteration step 233, G_loss: 0.27011, step_acc: 8.40590, grid_scale: 1 / 5, strokes: 5 / 9
iteration step 234, G_loss: 0.26901, step_acc: 8.42816, grid_scale: 1 / 5, strokes: 5 / 9
iteration step 235, G_loss: 0.26811, step_acc: 8.43398, grid_scale: 1 / 5, strokes: 5 / 9
iteration step 236, G_loss: 0.26756, step_acc: 8.44477, grid_scale: 1 / 5, strokes: 5 / 9
iteration step 237, G_loss: 0.26731, step_acc: 8.43699, grid_scale: 1 / 5, strokes: 5 / 9
iteration step 238, G_loss: 0.26713, step_acc: 8.45326, grid_scale: 1 / 5, strokes: 5 / 9
iteration step 239, G_loss: 0.26659, step_acc: 8.45635, grid_scale: 1 / 5, strokes: 5 / 9
iteration step 240, G_loss: 0.26633, step_acc: 8.46755, grid_scale: 1 / 5, strokes: 5 / 9
iteration step 241, G_loss: 0.26601, step_acc: 8.48063, grid_scale: 1 / 5, strokes: 5 / 9
iteration step 242, G_loss: 0.26593, step_acc: 8.49057, grid_scale: 1 / 5, strokes: 5 / 9
iteration step 243, G_loss: 0.26541, step_acc: 8.50366, grid_scale: 1 / 5, strokes: 5 / 9
iteration step 244, G_loss: 0.26508, step_acc: 8.51472, grid_scale: 1 / 5, strokes: 5 / 9
iteration step 245, G_loss: 0.26475, step_acc: 8.53735, grid_scale: 1 / 5, strokes: 5 / 9
iteration step 246, G_loss: 0.26426, step_acc: 8.55556, grid_scale: 1 / 5, strokes: 5 / 9
iteration step 247, G_loss: 0.26353, step_acc: 8.58834, grid_scale: 1 / 5, strokes: 5 / 9
iteration step 248, G_loss: 0.26270, step_acc: 8.64456, grid_scale: 1 / 5, strokes: 5 / 9
iteration step 249, G_loss: 0.26107, step_acc: 8.65941, grid_scale: 1 / 5, strokes: 5 / 9
iteration step 250, G_loss: 0.26068, step_acc: 8.67354, grid_scale: 1 / 5, strokes: 5 / 9
iteration step 251, G_loss: 0.26034, step_acc: 8.67764, grid_scale: 1 / 5, strokes: 5 / 9
iteration step 252, G_loss: 0.25999, step_acc: 8.68525, grid_scale: 1 / 5, strokes: 5 / 9
iteration step 253, G_loss: 0.25978, step_acc: 8.69337, grid_scale: 1 / 5, strokes: 5 / 9
iteration step 254, G_loss: 0.25951, step_acc: 8.70329, grid_scale: 1 / 5, strokes: 5 / 9
iteration step 255, G_loss: 0.25914, step_acc: 8.71500, grid_scale: 1 / 5, strokes: 5 / 9
iteration step 256, G_loss: 0.25880, step_acc: 8.73901, grid_scale: 1 / 5, strokes: 5 / 9
iteration step 257, G_loss: 0.25808, step_acc: 8.79999, grid_scale: 1 / 5, strokes: 5 / 9
iteration step 258, G_loss: 0.25612, step_acc: 8.86670, grid_scale: 1 / 5, strokes: 5 / 9
iteration step 259, G_loss: 0.25382, step_acc: 8.89608, grid_scale: 1 / 5, strokes: 5 / 9
iteration step 260, G_loss: 0.25272, step_acc: 8.92350, grid_scale: 1 / 5, strokes: 5 / 9
iteration step 261, G_loss: 0.25191, step_acc: 8.94759, grid_scale: 1 / 5, strokes: 5 / 9
iteration step 262, G_loss: 0.25108, step_acc: 8.99277, grid_scale: 1 / 5, strokes: 5 / 9
iteration step 263, G_loss: 0.25008, step_acc: 9.02549, grid_scale: 1 / 5, strokes: 5 / 9
iteration step 264, G_loss: 0.24912, step_acc: 9.04328, grid_scale: 1 / 5, strokes: 5 / 9
iteration step 265, G_loss: 0.24853, step_acc: 9.06127, grid_scale: 1 / 5, strokes: 5 / 9
iteration step 266, G_loss: 0.24795, step_acc: 9.08503, grid_scale: 1 / 5, strokes: 5 / 9
iteration step 267, G_loss: 0.24727, step_acc: 9.14313, grid_scale: 1 / 5, strokes: 5 / 9
iteration step 268, G_loss: 0.24565, step_acc: 9.19735, grid_scale: 1 / 5, strokes: 5 / 9
iteration step 269, G_loss: 0.24405, step_acc: 9.23499, grid_scale: 1 / 5, strokes: 5 / 9
iteration step 270, G_loss: 0.24259, step_acc: 9.28992, grid_scale: 1 / 5, strokes: 5 / 9
iteration step 271, G_loss: 0.24077, step_acc: 9.38241, grid_scale: 1 / 5, strokes: 5 / 9
iteration step 272, G_loss: 0.23797, step_acc: 9.44706, grid_scale: 1 / 5, strokes: 5 / 9
iteration step 273, G_loss: 0.23600, step_acc: 9.47504, grid_scale: 1 / 5, strokes: 5 / 9
iteration step 274, G_loss: 0.23480, step_acc: 9.50194, grid_scale: 1 / 5, strokes: 5 / 9
iteration step 275, G_loss: 0.23381, step_acc: 9.57918, grid_scale: 1 / 5, strokes: 6 / 9
iteration step 276, G_loss: 0.23060, step_acc: 9.65450, grid_scale: 1 / 5, strokes: 6 / 9
iteration step 277, G_loss: 0.22804, step_acc: 9.77318, grid_scale: 1 / 5, strokes: 6 / 9
iteration step 278, G_loss: 0.22461, step_acc: 9.87010, grid_scale: 1 / 5, strokes: 6 / 9
iteration step 279, G_loss: 0.22185, step_acc: 9.98513, grid_scale: 1 / 5, strokes: 6 / 9
iteration step 280, G_loss: 0.21850, step_acc: 10.24626, grid_scale: 1 / 5, strokes: 6 / 9
iteration step 281, G_loss: 0.21192, step_acc: 10.40174, grid_scale: 1 / 5, strokes: 6 / 9
iteration step 282, G_loss: 0.20750, step_acc: 10.53607, grid_scale: 1 / 5, strokes: 6 / 9
iteration step 283, G_loss: 0.20342, step_acc: 10.65129, grid_scale: 1 / 5, strokes: 6 / 9
iteration step 284, G_loss: 0.20048, step_acc: 10.77341, grid_scale: 1 / 5, strokes: 6 / 9
iteration step 285, G_loss: 0.19720, step_acc: 10.90293, grid_scale: 1 / 5, strokes: 6 / 9
iteration step 286, G_loss: 0.19400, step_acc: 11.03075, grid_scale: 1 / 5, strokes: 6 / 9
iteration step 287, G_loss: 0.19133, step_acc: 11.12656, grid_scale: 1 / 5, strokes: 6 / 9
iteration step 288, G_loss: 0.18897, step_acc: 11.20697, grid_scale: 1 / 5, strokes: 6 / 9
iteration step 289, G_loss: 0.18715, step_acc: 11.26273, grid_scale: 1 / 5, strokes: 6 / 9
iteration step 290, G_loss: 0.18561, step_acc: 11.31975, grid_scale: 1 / 5, strokes: 6 / 9
iteration step 291, G_loss: 0.18452, step_acc: 11.38957, grid_scale: 1 / 5, strokes: 6 / 9
iteration step 292, G_loss: 0.18262, step_acc: 11.44273, grid_scale: 1 / 5, strokes: 6 / 9
iteration step 293, G_loss: 0.18134, step_acc: 11.48632, grid_scale: 1 / 5, strokes: 6 / 9
iteration step 294, G_loss: 0.18017, step_acc: 11.50932, grid_scale: 1 / 5, strokes: 6 / 9
iteration step 295, G_loss: 0.17949, step_acc: 11.53387, grid_scale: 1 / 5, strokes: 6 / 9
iteration step 296, G_loss: 0.17861, step_acc: 11.54943, grid_scale: 1 / 5, strokes: 6 / 9
iteration step 297, G_loss: 0.17791, step_acc: 11.56362, grid_scale: 1 / 5, strokes: 6 / 9
iteration step 298, G_loss: 0.17733, step_acc: 11.57388, grid_scale: 1 / 5, strokes: 6 / 9
iteration step 299, G_loss: 0.17689, step_acc: 11.59064, grid_scale: 1 / 5, strokes: 6 / 9
iteration step 300, G_loss: 0.17643, step_acc: 11.59958, grid_scale: 1 / 5, strokes: 6 / 9
iteration step 301, G_loss: 0.17612, step_acc: 11.61596, grid_scale: 1 / 5, strokes: 6 / 9
iteration step 302, G_loss: 0.17567, step_acc: 11.64684, grid_scale: 1 / 5, strokes: 6 / 9
iteration step 303, G_loss: 0.17503, step_acc: 11.67938, grid_scale: 1 / 5, strokes: 6 / 9
iteration step 304, G_loss: 0.17444, step_acc: 11.69330, grid_scale: 1 / 5, strokes: 6 / 9
iteration step 305, G_loss: 0.17387, step_acc: 11.75321, grid_scale: 1 / 5, strokes: 6 / 9
iteration step 306, G_loss: 0.17287, step_acc: 11.77966, grid_scale: 1 / 5, strokes: 6 / 9
iteration step 307, G_loss: 0.17215, step_acc: 11.81264, grid_scale: 1 / 5, strokes: 6 / 9
iteration step 308, G_loss: 0.17144, step_acc: 11.83925, grid_scale: 1 / 5, strokes: 6 / 9
iteration step 309, G_loss: 0.17080, step_acc: 11.86866, grid_scale: 1 / 5, strokes: 6 / 9
iteration step 310, G_loss: 0.17027, step_acc: 11.89279, grid_scale: 1 / 5, strokes: 6 / 9
iteration step 311, G_loss: 0.16964, step_acc: 11.93613, grid_scale: 1 / 5, strokes: 6 / 9
iteration step 312, G_loss: 0.16893, step_acc: 11.97117, grid_scale: 1 / 5, strokes: 6 / 9
iteration step 313, G_loss: 0.16822, step_acc: 12.01416, grid_scale: 1 / 5, strokes: 6 / 9
iteration step 314, G_loss: 0.16742, step_acc: 12.05763, grid_scale: 1 / 5, strokes: 6 / 9
iteration step 315, G_loss: 0.16660, step_acc: 12.10653, grid_scale: 1 / 5, strokes: 6 / 9
iteration step 316, G_loss: 0.16578, step_acc: 12.14818, grid_scale: 1 / 5, strokes: 6 / 9
iteration step 317, G_loss: 0.16509, step_acc: 12.18688, grid_scale: 1 / 5, strokes: 6 / 9
iteration step 318, G_loss: 0.16466, step_acc: 12.19936, grid_scale: 1 / 5, strokes: 6 / 9
iteration step 319, G_loss: 0.16433, step_acc: 12.21003, grid_scale: 1 / 5, strokes: 6 / 9
iteration step 320, G_loss: 0.16413, step_acc: 12.20908, grid_scale: 1 / 5, strokes: 6 / 9
iteration step 321, G_loss: 0.16403, step_acc: 12.22533, grid_scale: 1 / 5, strokes: 6 / 9
iteration step 322, G_loss: 0.16380, step_acc: 12.22456, grid_scale: 1 / 5, strokes: 6 / 9
iteration step 323, G_loss: 0.16372, step_acc: 12.23222, grid_scale: 1 / 5, strokes: 6 / 9
iteration step 324, G_loss: 0.16349, step_acc: 12.23335, grid_scale: 1 / 5, strokes: 6 / 9
iteration step 325, G_loss: 0.16335, step_acc: 12.23566, grid_scale: 1 / 5, strokes: 6 / 9
iteration step 326, G_loss: 0.16328, step_acc: 12.25204, grid_scale: 1 / 5, strokes: 6 / 9
iteration step 327, G_loss: 0.16303, step_acc: 12.25961, grid_scale: 1 / 5, strokes: 6 / 9
iteration step 328, G_loss: 0.16288, step_acc: 12.27230, grid_scale: 1 / 5, strokes: 6 / 9
iteration step 329, G_loss: 0.16270, step_acc: 12.27785, grid_scale: 1 / 5, strokes: 6 / 9
iteration step 330, G_loss: 0.16252, step_acc: 12.25543, grid_scale: 1 / 5, strokes: 7 / 9
iteration step 331, G_loss: 0.16238, step_acc: 12.31824, grid_scale: 1 / 5, strokes: 7 / 9
iteration step 332, G_loss: 0.16159, step_acc: 12.40373, grid_scale: 1 / 5, strokes: 7 / 9
iteration step 333, G_loss: 0.16029, step_acc: 12.43947, grid_scale: 1 / 5, strokes: 7 / 9
iteration step 334, G_loss: 0.15954, step_acc: 12.46631, grid_scale: 1 / 5, strokes: 7 / 9
iteration step 335, G_loss: 0.15914, step_acc: 12.49009, grid_scale: 1 / 5, strokes: 7 / 9
iteration step 336, G_loss: 0.15843, step_acc: 12.52399, grid_scale: 1 / 5, strokes: 7 / 9
iteration step 337, G_loss: 0.15813, step_acc: 12.54387, grid_scale: 1 / 5, strokes: 7 / 9
iteration step 338, G_loss: 0.15784, step_acc: 12.59084, grid_scale: 1 / 5, strokes: 7 / 9
iteration step 339, G_loss: 0.15750, step_acc: 12.62666, grid_scale: 1 / 5, strokes: 7 / 9
iteration step 340, G_loss: 0.15696, step_acc: 12.66103, grid_scale: 1 / 5, strokes: 7 / 9
iteration step 341, G_loss: 0.15654, step_acc: 12.66602, grid_scale: 1 / 5, strokes: 7 / 9
iteration step 342, G_loss: 0.15631, step_acc: 12.69356, grid_scale: 1 / 5, strokes: 7 / 9
iteration step 343, G_loss: 0.15616, step_acc: 12.71907, grid_scale: 1 / 5, strokes: 7 / 9
iteration step 344, G_loss: 0.15568, step_acc: 12.75717, grid_scale: 1 / 5, strokes: 7 / 9
iteration step 345, G_loss: 0.15529, step_acc: 12.78774, grid_scale: 1 / 5, strokes: 7 / 9
iteration step 346, G_loss: 0.15472, step_acc: 12.80949, grid_scale: 1 / 5, strokes: 7 / 9
iteration step 347, G_loss: 0.15453, step_acc: 12.81095, grid_scale: 1 / 5, strokes: 7 / 9
iteration step 348, G_loss: 0.15444, step_acc: 12.82455, grid_scale: 1 / 5, strokes: 7 / 9
iteration step 349, G_loss: 0.15437, step_acc: 12.82114, grid_scale: 1 / 5, strokes: 7 / 9
iteration step 350, G_loss: 0.15415, step_acc: 12.85279, grid_scale: 1 / 5, strokes: 7 / 9
iteration step 351, G_loss: 0.15406, step_acc: 12.86432, grid_scale: 1 / 5, strokes: 7 / 9
iteration step 352, G_loss: 0.15377, step_acc: 12.87520, grid_scale: 1 / 5, strokes: 7 / 9
iteration step 353, G_loss: 0.15353, step_acc: 12.87917, grid_scale: 1 / 5, strokes: 7 / 9
iteration step 354, G_loss: 0.15340, step_acc: 12.90853, grid_scale: 1 / 5, strokes: 7 / 9
iteration step 355, G_loss: 0.15312, step_acc: 12.97808, grid_scale: 1 / 5, strokes: 7 / 9
iteration step 356, G_loss: 0.15246, step_acc: 13.03885, grid_scale: 1 / 5, strokes: 7 / 9
iteration step 357, G_loss: 0.15202, step_acc: 13.10662, grid_scale: 1 / 5, strokes: 7 / 9
iteration step 358, G_loss: 0.15132, step_acc: 13.11816, grid_scale: 1 / 5, strokes: 7 / 9
iteration step 359, G_loss: 0.15109, step_acc: 13.13211, grid_scale: 1 / 5, strokes: 7 / 9
iteration step 360, G_loss: 0.15089, step_acc: 13.17248, grid_scale: 1 / 5, strokes: 7 / 9
iteration step 361, G_loss: 0.15055, step_acc: 13.17799, grid_scale: 1 / 5, strokes: 7 / 9
iteration step 362, G_loss: 0.15029, step_acc: 13.23945, grid_scale: 1 / 5, strokes: 7 / 9
iteration step 363, G_loss: 0.14996, step_acc: 13.27592, grid_scale: 1 / 5, strokes: 7 / 9
iteration step 364, G_loss: 0.14951, step_acc: 13.33223, grid_scale: 1 / 5, strokes: 7 / 9
iteration step 365, G_loss: 0.14900, step_acc: 13.35535, grid_scale: 1 / 5, strokes: 7 / 9
iteration step 366, G_loss: 0.14865, step_acc: 13.36618, grid_scale: 1 / 5, strokes: 7 / 9
iteration step 367, G_loss: 0.14864, step_acc: 13.40091, grid_scale: 1 / 5, strokes: 7 / 9
iteration step 368, G_loss: 0.14815, step_acc: 13.43050, grid_scale: 1 / 5, strokes: 7 / 9
iteration step 369, G_loss: 0.14787, step_acc: 13.45592, grid_scale: 1 / 5, strokes: 7 / 9
iteration step 370, G_loss: 0.14779, step_acc: 13.46513, grid_scale: 1 / 5, strokes: 7 / 9
iteration step 371, G_loss: 0.14763, step_acc: 13.46929, grid_scale: 1 / 5, strokes: 7 / 9
iteration step 372, G_loss: 0.14736, step_acc: 13.48394, grid_scale: 1 / 5, strokes: 7 / 9
iteration step 373, G_loss: 0.14727, step_acc: 13.49267, grid_scale: 1 / 5, strokes: 7 / 9
iteration step 374, G_loss: 0.14710, step_acc: 13.50281, grid_scale: 1 / 5, strokes: 7 / 9
iteration step 375, G_loss: 0.14697, step_acc: 13.50360, grid_scale: 1 / 5, strokes: 7 / 9
iteration step 376, G_loss: 0.14690, step_acc: 13.51338, grid_scale: 1 / 5, strokes: 7 / 9
iteration step 377, G_loss: 0.14674, step_acc: 13.52014, grid_scale: 1 / 5, strokes: 7 / 9
iteration step 378, G_loss: 0.14646, step_acc: 13.51982, grid_scale: 1 / 5, strokes: 7 / 9
iteration step 379, G_loss: 0.14630, step_acc: 13.53407, grid_scale: 1 / 5, strokes: 7 / 9
iteration step 380, G_loss: 0.14623, step_acc: 13.53585, grid_scale: 1 / 5, strokes: 7 / 9
iteration step 381, G_loss: 0.14616, step_acc: 13.53822, grid_scale: 1 / 5, strokes: 7 / 9
iteration step 382, G_loss: 0.14617, step_acc: 13.54724, grid_scale: 1 / 5, strokes: 7 / 9
iteration step 383, G_loss: 0.14589, step_acc: 13.55195, grid_scale: 1 / 5, strokes: 7 / 9
iteration step 384, G_loss: 0.14581, step_acc: 13.56094, grid_scale: 1 / 5, strokes: 7 / 9
iteration step 385, G_loss: 0.14574, step_acc: 13.85571, grid_scale: 1 / 5, strokes: 8 / 9
iteration step 386, G_loss: 0.14139, step_acc: 14.08560, grid_scale: 1 / 5, strokes: 8 / 9
iteration step 387, G_loss: 0.13796, step_acc: 14.30102, grid_scale: 1 / 5, strokes: 8 / 9
iteration step 388, G_loss: 0.13560, step_acc: 14.45780, grid_scale: 1 / 5, strokes: 8 / 9
iteration step 389, G_loss: 0.13362, step_acc: 14.58126, grid_scale: 1 / 5, strokes: 8 / 9
iteration step 390, G_loss: 0.13263, step_acc: 14.63300, grid_scale: 1 / 5, strokes: 8 / 9
iteration step 391, G_loss: 0.13114, step_acc: 14.73823, grid_scale: 1 / 5, strokes: 8 / 9
iteration step 392, G_loss: 0.13002, step_acc: 14.78741, grid_scale: 1 / 5, strokes: 8 / 9
iteration step 393, G_loss: 0.12926, step_acc: 14.82756, grid_scale: 1 / 5, strokes: 8 / 9
iteration step 394, G_loss: 0.12865, step_acc: 14.85296, grid_scale: 1 / 5, strokes: 8 / 9
iteration step 395, G_loss: 0.12812, step_acc: 14.87659, grid_scale: 1 / 5, strokes: 8 / 9
iteration step 396, G_loss: 0.12766, step_acc: 14.89286, grid_scale: 1 / 5, strokes: 8 / 9
iteration step 397, G_loss: 0.12731, step_acc: 14.90684, grid_scale: 1 / 5, strokes: 8 / 9
iteration step 398, G_loss: 0.12708, step_acc: 14.91516, grid_scale: 1 / 5, strokes: 8 / 9
iteration step 399, G_loss: 0.12684, step_acc: 14.92990, grid_scale: 1 / 5, strokes: 8 / 9
iteration step 400, G_loss: 0.12650, step_acc: 14.94371, grid_scale: 1 / 5, strokes: 8 / 9
iteration step 401, G_loss: 0.12631, step_acc: 14.96348, grid_scale: 1 / 5, strokes: 8 / 9
iteration step 402, G_loss: 0.12599, step_acc: 14.98179, grid_scale: 1 / 5, strokes: 8 / 9
iteration step 403, G_loss: 0.12565, step_acc: 15.00109, grid_scale: 1 / 5, strokes: 8 / 9
iteration step 404, G_loss: 0.12546, step_acc: 15.00790, grid_scale: 1 / 5, strokes: 8 / 9
iteration step 405, G_loss: 0.12522, step_acc: 15.01965, grid_scale: 1 / 5, strokes: 8 / 9
iteration step 406, G_loss: 0.12511, step_acc: 15.01939, grid_scale: 1 / 5, strokes: 8 / 9
iteration step 407, G_loss: 0.12499, step_acc: 15.02860, grid_scale: 1 / 5, strokes: 8 / 9
iteration step 408, G_loss: 0.12495, step_acc: 15.02998, grid_scale: 1 / 5, strokes: 8 / 9
iteration step 409, G_loss: 0.12488, step_acc: 15.02853, grid_scale: 1 / 5, strokes: 8 / 9
iteration step 410, G_loss: 0.12493, step_acc: 15.03811, grid_scale: 1 / 5, strokes: 8 / 9
iteration step 411, G_loss: 0.12482, step_acc: 15.05604, grid_scale: 1 / 5, strokes: 8 / 9
iteration step 412, G_loss: 0.12461, step_acc: 15.06296, grid_scale: 1 / 5, strokes: 8 / 9
iteration step 413, G_loss: 0.12444, step_acc: 15.07380, grid_scale: 1 / 5, strokes: 8 / 9
iteration step 414, G_loss: 0.12426, step_acc: 15.09185, grid_scale: 1 / 5, strokes: 8 / 9
iteration step 415, G_loss: 0.12406, step_acc: 15.11250, grid_scale: 1 / 5, strokes: 8 / 9
iteration step 416, G_loss: 0.12380, step_acc: 15.12524, grid_scale: 1 / 5, strokes: 8 / 9
iteration step 417, G_loss: 0.12368, step_acc: 15.13628, grid_scale: 1 / 5, strokes: 8 / 9
iteration step 418, G_loss: 0.12348, step_acc: 15.15557, grid_scale: 1 / 5, strokes: 8 / 9
iteration step 419, G_loss: 0.12333, step_acc: 15.16498, grid_scale: 1 / 5, strokes: 8 / 9
iteration step 420, G_loss: 0.12312, step_acc: 15.19126, grid_scale: 1 / 5, strokes: 8 / 9
iteration step 421, G_loss: 0.12282, step_acc: 15.20352, grid_scale: 1 / 5, strokes: 8 / 9
iteration step 422, G_loss: 0.12257, step_acc: 15.23869, grid_scale: 1 / 5, strokes: 8 / 9
iteration step 423, G_loss: 0.12227, step_acc: 15.25533, grid_scale: 1 / 5, strokes: 8 / 9
iteration step 424, G_loss: 0.12198, step_acc: 15.28951, grid_scale: 1 / 5, strokes: 8 / 9
iteration step 425, G_loss: 0.12162, step_acc: 15.29691, grid_scale: 1 / 5, strokes: 8 / 9
iteration step 426, G_loss: 0.12133, step_acc: 15.30689, grid_scale: 1 / 5, strokes: 8 / 9
iteration step 427, G_loss: 0.12119, step_acc: 15.30646, grid_scale: 1 / 5, strokes: 8 / 9
iteration step 428, G_loss: 0.12107, step_acc: 15.31469, grid_scale: 1 / 5, strokes: 8 / 9
iteration step 429, G_loss: 0.12087, step_acc: 15.31516, grid_scale: 1 / 5, strokes: 8 / 9
iteration step 430, G_loss: 0.12082, step_acc: 15.32567, grid_scale: 1 / 5, strokes: 8 / 9
iteration step 431, G_loss: 0.12078, step_acc: 15.32383, grid_scale: 1 / 5, strokes: 8 / 9
iteration step 432, G_loss: 0.12070, step_acc: 15.33212, grid_scale: 1 / 5, strokes: 8 / 9
iteration step 433, G_loss: 0.12071, step_acc: 15.33337, grid_scale: 1 / 5, strokes: 8 / 9
iteration step 434, G_loss: 0.12065, step_acc: 15.33800, grid_scale: 1 / 5, strokes: 8 / 9
iteration step 435, G_loss: 0.12065, step_acc: 15.34196, grid_scale: 1 / 5, strokes: 8 / 9
iteration step 436, G_loss: 0.12052, step_acc: 15.34618, grid_scale: 1 / 5, strokes: 8 / 9
iteration step 437, G_loss: 0.12046, step_acc: 15.35403, grid_scale: 1 / 5, strokes: 8 / 9
iteration step 438, G_loss: 0.12028, step_acc: 15.36209, grid_scale: 1 / 5, strokes: 8 / 9
iteration step 439, G_loss: 0.12028, step_acc: 15.37199, grid_scale: 1 / 5, strokes: 8 / 9
iteration step 440, G_loss: 0.12003, step_acc: 15.56154, grid_scale: 1 / 5, strokes: 9 / 9
iteration step 441, G_loss: 0.11830, step_acc: 15.65516, grid_scale: 1 / 5, strokes: 9 / 9
iteration step 442, G_loss: 0.11700, step_acc: 15.72353, grid_scale: 1 / 5, strokes: 9 / 9
iteration step 443, G_loss: 0.11613, step_acc: 15.78241, grid_scale: 1 / 5, strokes: 9 / 9
iteration step 444, G_loss: 0.11516, step_acc: 15.86352, grid_scale: 1 / 5, strokes: 9 / 9
iteration step 445, G_loss: 0.11424, step_acc: 15.89532, grid_scale: 1 / 5, strokes: 9 / 9
iteration step 446, G_loss: 0.11351, step_acc: 15.96927, grid_scale: 1 / 5, strokes: 9 / 9
iteration step 447, G_loss: 0.11280, step_acc: 15.97969, grid_scale: 1 / 5, strokes: 9 / 9
iteration step 448, G_loss: 0.11233, step_acc: 16.04464, grid_scale: 1 / 5, strokes: 9 / 9
iteration step 449, G_loss: 0.11192, step_acc: 16.05684, grid_scale: 1 / 5, strokes: 9 / 9
iteration step 450, G_loss: 0.11147, step_acc: 16.08838, grid_scale: 1 / 5, strokes: 9 / 9
iteration step 451, G_loss: 0.11120, step_acc: 16.05549, grid_scale: 1 / 5, strokes: 9 / 9
iteration step 452, G_loss: 0.11121, step_acc: 16.15461, grid_scale: 1 / 5, strokes: 9 / 9
iteration step 453, G_loss: 0.11043, step_acc: 16.17346, grid_scale: 1 / 5, strokes: 9 / 9
iteration step 454, G_loss: 0.11002, step_acc: 16.19168, grid_scale: 1 / 5, strokes: 9 / 9
iteration step 455, G_loss: 0.10992, step_acc: 16.19459, grid_scale: 1 / 5, strokes: 9 / 9
iteration step 456, G_loss: 0.10978, step_acc: 16.21440, grid_scale: 1 / 5, strokes: 9 / 9
iteration step 457, G_loss: 0.10969, step_acc: 16.19866, grid_scale: 1 / 5, strokes: 9 / 9
iteration step 458, G_loss: 0.10958, step_acc: 16.23142, grid_scale: 1 / 5, strokes: 9 / 9
iteration step 459, G_loss: 0.10954, step_acc: 16.20964, grid_scale: 1 / 5, strokes: 9 / 9
iteration step 460, G_loss: 0.10942, step_acc: 16.24979, grid_scale: 1 / 5, strokes: 9 / 9
iteration step 461, G_loss: 0.10934, step_acc: 16.23040, grid_scale: 1 / 5, strokes: 9 / 9
iteration step 462, G_loss: 0.10911, step_acc: 16.27423, grid_scale: 1 / 5, strokes: 9 / 9
iteration step 463, G_loss: 0.10889, step_acc: 16.26614, grid_scale: 1 / 5, strokes: 9 / 9
iteration step 464, G_loss: 0.10874, step_acc: 16.29519, grid_scale: 1 / 5, strokes: 9 / 9
iteration step 465, G_loss: 0.10863, step_acc: 16.28960, grid_scale: 1 / 5, strokes: 9 / 9
iteration step 466, G_loss: 0.10841, step_acc: 16.32167, grid_scale: 1 / 5, strokes: 9 / 9
iteration step 467, G_loss: 0.10833, step_acc: 16.32982, grid_scale: 1 / 5, strokes: 9 / 9
iteration step 468, G_loss: 0.10801, step_acc: 16.33555, grid_scale: 1 / 5, strokes: 9 / 9
iteration step 469, G_loss: 0.10785, step_acc: 16.34309, grid_scale: 1 / 5, strokes: 9 / 9
iteration step 470, G_loss: 0.10775, step_acc: 16.33016, grid_scale: 1 / 5, strokes: 9 / 9
iteration step 471, G_loss: 0.10773, step_acc: 16.35269, grid_scale: 1 / 5, strokes: 9 / 9
iteration step 472, G_loss: 0.10765, step_acc: 16.35849, grid_scale: 1 / 5, strokes: 9 / 9
iteration step 473, G_loss: 0.10750, step_acc: 16.36717, grid_scale: 1 / 5, strokes: 9 / 9
iteration step 474, G_loss: 0.10739, step_acc: 16.36285, grid_scale: 1 / 5, strokes: 9 / 9
iteration step 475, G_loss: 0.10732, step_acc: 16.36108, grid_scale: 1 / 5, strokes: 9 / 9
iteration step 476, G_loss: 0.10727, step_acc: 16.37707, grid_scale: 1 / 5, strokes: 9 / 9
iteration step 477, G_loss: 0.10724, step_acc: 16.36769, grid_scale: 1 / 5, strokes: 9 / 9
iteration step 478, G_loss: 0.10709, step_acc: 16.38379, grid_scale: 1 / 5, strokes: 9 / 9
iteration step 479, G_loss: 0.10709, step_acc: 16.35819, grid_scale: 1 / 5, strokes: 9 / 9
iteration step 480, G_loss: 0.10706, step_acc: 16.38750, grid_scale: 1 / 5, strokes: 9 / 9
iteration step 481, G_loss: 0.10706, step_acc: 16.36702, grid_scale: 1 / 5, strokes: 9 / 9
iteration step 482, G_loss: 0.10702, step_acc: 16.39159, grid_scale: 1 / 5, strokes: 9 / 9
iteration step 483, G_loss: 0.10705, step_acc: 16.37463, grid_scale: 1 / 5, strokes: 9 / 9
iteration step 484, G_loss: 0.10695, step_acc: 16.38456, grid_scale: 1 / 5, strokes: 9 / 9
iteration step 485, G_loss: 0.10695, step_acc: 16.37154, grid_scale: 1 / 5, strokes: 9 / 9
iteration step 486, G_loss: 0.10700, step_acc: 16.38345, grid_scale: 1 / 5, strokes: 9 / 9
iteration step 487, G_loss: 0.10689, step_acc: 16.36174, grid_scale: 1 / 5, strokes: 9 / 9
iteration step 488, G_loss: 0.10702, step_acc: 16.39169, grid_scale: 1 / 5, strokes: 9 / 9
iteration step 489, G_loss: 0.10695, step_acc: 16.39028, grid_scale: 1 / 5, strokes: 9 / 9
iteration step 490, G_loss: 0.10687, step_acc: 16.39644, grid_scale: 1 / 5, strokes: 9 / 9
iteration step 491, G_loss: 0.10686, step_acc: 16.39292, grid_scale: 1 / 5, strokes: 9 / 9
iteration step 492, G_loss: 0.10691, step_acc: 16.39391, grid_scale: 1 / 5, strokes: 9 / 9
iteration step 493, G_loss: 0.10681, step_acc: 16.40072, grid_scale: 1 / 5, strokes: 9 / 9
iteration step 494, G_loss: 0.10681, step_acc: 16.39718, grid_scale: 1 / 5, strokes: 9 / 9
rendering canvas...
iteration step 0, G_loss: 0.10682, step_acc: 14.18498, grid_scale: 2 / 5, strokes: 1 / 9
iteration step 1, G_loss: 0.13035, step_acc: 14.22126, grid_scale: 2 / 5, strokes: 1 / 9
iteration step 2, G_loss: 0.12988, step_acc: 14.24382, grid_scale: 2 / 5, strokes: 1 / 9
iteration step 3, G_loss: 0.12958, step_acc: 14.27171, grid_scale: 2 / 5, strokes: 1 / 9
iteration step 4, G_loss: 0.12923, step_acc: 14.29625, grid_scale: 2 / 5, strokes: 1 / 9
iteration step 5, G_loss: 0.12900, step_acc: 14.31209, grid_scale: 2 / 5, strokes: 1 / 9
iteration step 6, G_loss: 0.12885, step_acc: 14.33246, grid_scale: 2 / 5, strokes: 1 / 9
iteration step 7, G_loss: 0.12862, step_acc: 14.34868, grid_scale: 2 / 5, strokes: 1 / 9
iteration step 8, G_loss: 0.12845, step_acc: 14.35994, grid_scale: 2 / 5, strokes: 1 / 9
iteration step 9, G_loss: 0.12832, step_acc: 14.36972, grid_scale: 2 / 5, strokes: 1 / 9
iteration step 10, G_loss: 0.12820, step_acc: 14.38122, grid_scale: 2 / 5, strokes: 1 / 9
iteration step 11, G_loss: 0.12809, step_acc: 14.38983, grid_scale: 2 / 5, strokes: 1 / 9
iteration step 12, G_loss: 0.12798, step_acc: 14.40164, grid_scale: 2 / 5, strokes: 1 / 9
iteration step 13, G_loss: 0.12786, step_acc: 14.40342, grid_scale: 2 / 5, strokes: 1 / 9
iteration step 14, G_loss: 0.12790, step_acc: 14.40676, grid_scale: 2 / 5, strokes: 1 / 9
iteration step 15, G_loss: 0.12779, step_acc: 14.41553, grid_scale: 2 / 5, strokes: 1 / 9
iteration step 16, G_loss: 0.12770, step_acc: 14.41486, grid_scale: 2 / 5, strokes: 1 / 9
iteration step 17, G_loss: 0.12768, step_acc: 14.42116, grid_scale: 2 / 5, strokes: 1 / 9
iteration step 18, G_loss: 0.12761, step_acc: 14.42232, grid_scale: 2 / 5, strokes: 1 / 9
iteration step 19, G_loss: 0.12760, step_acc: 14.42345, grid_scale: 2 / 5, strokes: 1 / 9
iteration step 20, G_loss: 0.12757, step_acc: 14.42944, grid_scale: 2 / 5, strokes: 1 / 9
iteration step 21, G_loss: 0.12753, step_acc: 14.42652, grid_scale: 2 / 5, strokes: 1 / 9
iteration step 22, G_loss: 0.12752, step_acc: 14.43135, grid_scale: 2 / 5, strokes: 1 / 9
iteration step 23, G_loss: 0.12745, step_acc: 14.43223, grid_scale: 2 / 5, strokes: 1 / 9
iteration step 24, G_loss: 0.12744, step_acc: 14.43355, grid_scale: 2 / 5, strokes: 1 / 9
iteration step 25, G_loss: 0.12744, step_acc: 14.43397, grid_scale: 2 / 5, strokes: 1 / 9
iteration step 26, G_loss: 0.12741, step_acc: 14.43703, grid_scale: 2 / 5, strokes: 1 / 9
iteration step 27, G_loss: 0.12739, step_acc: 14.43647, grid_scale: 2 / 5, strokes: 1 / 9
iteration step 28, G_loss: 0.12738, step_acc: 14.43715, grid_scale: 2 / 5, strokes: 1 / 9
iteration step 29, G_loss: 0.12737, step_acc: 14.43829, grid_scale: 2 / 5, strokes: 1 / 9
iteration step 30, G_loss: 0.12734, step_acc: 14.43963, grid_scale: 2 / 5, strokes: 1 / 9
iteration step 31, G_loss: 0.12733, step_acc: 14.44028, grid_scale: 2 / 5, strokes: 1 / 9
iteration step 32, G_loss: 0.12731, step_acc: 14.44357, grid_scale: 2 / 5, strokes: 1 / 9
iteration step 33, G_loss: 0.12726, step_acc: 14.44548, grid_scale: 2 / 5, strokes: 1 / 9
iteration step 34, G_loss: 0.12724, step_acc: 14.44668, grid_scale: 2 / 5, strokes: 1 / 9
iteration step 35, G_loss: 0.12723, step_acc: 14.44782, grid_scale: 2 / 5, strokes: 1 / 9
iteration step 36, G_loss: 0.12722, step_acc: 14.44656, grid_scale: 2 / 5, strokes: 1 / 9
iteration step 37, G_loss: 0.12722, step_acc: 14.44944, grid_scale: 2 / 5, strokes: 1 / 9
iteration step 38, G_loss: 0.12720, step_acc: 14.44966, grid_scale: 2 / 5, strokes: 1 / 9
iteration step 39, G_loss: 0.12718, step_acc: 14.45071, grid_scale: 2 / 5, strokes: 1 / 9
iteration step 40, G_loss: 0.12716, step_acc: 14.45074, grid_scale: 2 / 5, strokes: 1 / 9
iteration step 41, G_loss: 0.12716, step_acc: 14.45218, grid_scale: 2 / 5, strokes: 1 / 9
iteration step 42, G_loss: 0.12713, step_acc: 14.45235, grid_scale: 2 / 5, strokes: 1 / 9
iteration step 43, G_loss: 0.12713, step_acc: 14.45368, grid_scale: 2 / 5, strokes: 1 / 9
iteration step 44, G_loss: 0.12712, step_acc: 14.45417, grid_scale: 2 / 5, strokes: 1 / 9
iteration step 45, G_loss: 0.12711, step_acc: 14.45641, grid_scale: 2 / 5, strokes: 1 / 9
iteration step 46, G_loss: 0.12709, step_acc: 14.45772, grid_scale: 2 / 5, strokes: 1 / 9
iteration step 47, G_loss: 0.12709, step_acc: 14.45934, grid_scale: 2 / 5, strokes: 1 / 9
iteration step 48, G_loss: 0.12708, step_acc: 14.46072, grid_scale: 2 / 5, strokes: 1 / 9
iteration step 49, G_loss: 0.12707, step_acc: 14.46282, grid_scale: 2 / 5, strokes: 1 / 9
iteration step 50, G_loss: 0.12705, step_acc: 14.46396, grid_scale: 2 / 5, strokes: 1 / 9
iteration step 51, G_loss: 0.12705, step_acc: 14.46474, grid_scale: 2 / 5, strokes: 1 / 9
iteration step 52, G_loss: 0.12705, step_acc: 14.46568, grid_scale: 2 / 5, strokes: 1 / 9
iteration step 53, G_loss: 0.12703, step_acc: 14.46763, grid_scale: 2 / 5, strokes: 1 / 9
iteration step 54, G_loss: 0.12703, step_acc: 14.46644, grid_scale: 2 / 5, strokes: 1 / 9
iteration step 55, G_loss: 0.12703, step_acc: 14.53926, grid_scale: 2 / 5, strokes: 2 / 9
iteration step 56, G_loss: 0.12631, step_acc: 14.57933, grid_scale: 2 / 5, strokes: 2 / 9
iteration step 57, G_loss: 0.12592, step_acc: 14.60044, grid_scale: 2 / 5, strokes: 2 / 9
iteration step 58, G_loss: 0.12549, step_acc: 14.61218, grid_scale: 2 / 5, strokes: 2 / 9
iteration step 59, G_loss: 0.12534, step_acc: 14.62192, grid_scale: 2 / 5, strokes: 2 / 9
iteration step 60, G_loss: 0.12516, step_acc: 14.63928, grid_scale: 2 / 5, strokes: 2 / 9
iteration step 61, G_loss: 0.12487, step_acc: 14.65890, grid_scale: 2 / 5, strokes: 2 / 9
iteration step 62, G_loss: 0.12457, step_acc: 14.66960, grid_scale: 2 / 5, strokes: 2 / 9
iteration step 63, G_loss: 0.12433, step_acc: 14.67957, grid_scale: 2 / 5, strokes: 2 / 9
iteration step 64, G_loss: 0.12419, step_acc: 14.68970, grid_scale: 2 / 5, strokes: 2 / 9
iteration step 65, G_loss: 0.12402, step_acc: 14.70043, grid_scale: 2 / 5, strokes: 2 / 9
iteration step 66, G_loss: 0.12386, step_acc: 14.70854, grid_scale: 2 / 5, strokes: 2 / 9
iteration step 67, G_loss: 0.12368, step_acc: 14.71650, grid_scale: 2 / 5, strokes: 2 / 9
iteration step 68, G_loss: 0.12358, step_acc: 14.71899, grid_scale: 2 / 5, strokes: 2 / 9
iteration step 69, G_loss: 0.12350, step_acc: 14.72840, grid_scale: 2 / 5, strokes: 2 / 9
iteration step 70, G_loss: 0.12333, step_acc: 14.73817, grid_scale: 2 / 5, strokes: 2 / 9
iteration step 71, G_loss: 0.12320, step_acc: 14.74747, grid_scale: 2 / 5, strokes: 2 / 9
iteration step 72, G_loss: 0.12307, step_acc: 14.75640, grid_scale: 2 / 5, strokes: 2 / 9
iteration step 73, G_loss: 0.12295, step_acc: 14.77006, grid_scale: 2 / 5, strokes: 2 / 9
iteration step 74, G_loss: 0.12280, step_acc: 14.77328, grid_scale: 2 / 5, strokes: 2 / 9
iteration step 75, G_loss: 0.12269, step_acc: 14.78228, grid_scale: 2 / 5, strokes: 2 / 9
iteration step 76, G_loss: 0.12256, step_acc: 14.78643, grid_scale: 2 / 5, strokes: 2 / 9
iteration step 77, G_loss: 0.12246, step_acc: 14.79867, grid_scale: 2 / 5, strokes: 2 / 9
iteration step 78, G_loss: 0.12231, step_acc: 14.80099, grid_scale: 2 / 5, strokes: 2 / 9
iteration step 79, G_loss: 0.12225, step_acc: 14.80747, grid_scale: 2 / 5, strokes: 2 / 9
iteration step 80, G_loss: 0.12216, step_acc: 14.81183, grid_scale: 2 / 5, strokes: 2 / 9
iteration step 81, G_loss: 0.12208, step_acc: 14.81990, grid_scale: 2 / 5, strokes: 2 / 9
iteration step 82, G_loss: 0.12200, step_acc: 14.81472, grid_scale: 2 / 5, strokes: 2 / 9
iteration step 83, G_loss: 0.12200, step_acc: 14.82353, grid_scale: 2 / 5, strokes: 2 / 9
iteration step 84, G_loss: 0.12196, step_acc: 14.82444, grid_scale: 2 / 5, strokes: 2 / 9
iteration step 85, G_loss: 0.12185, step_acc: 14.83970, grid_scale: 2 / 5, strokes: 2 / 9
iteration step 86, G_loss: 0.12165, step_acc: 14.84675, grid_scale: 2 / 5, strokes: 2 / 9
iteration step 87, G_loss: 0.12152, step_acc: 14.85517, grid_scale: 2 / 5, strokes: 2 / 9
iteration step 88, G_loss: 0.12142, step_acc: 14.85926, grid_scale: 2 / 5, strokes: 2 / 9
iteration step 89, G_loss: 0.12131, step_acc: 14.86577, grid_scale: 2 / 5, strokes: 2 / 9
iteration step 90, G_loss: 0.12125, step_acc: 14.86972, grid_scale: 2 / 5, strokes: 2 / 9
iteration step 91, G_loss: 0.12112, step_acc: 14.87803, grid_scale: 2 / 5, strokes: 2 / 9
iteration step 92, G_loss: 0.12105, step_acc: 14.88166, grid_scale: 2 / 5, strokes: 2 / 9
iteration step 93, G_loss: 0.12095, step_acc: 14.89180, grid_scale: 2 / 5, strokes: 2 / 9
iteration step 94, G_loss: 0.12089, step_acc: 14.89513, grid_scale: 2 / 5, strokes: 2 / 9
iteration step 95, G_loss: 0.12072, step_acc: 14.90494, grid_scale: 2 / 5, strokes: 2 / 9
iteration step 96, G_loss: 0.12061, step_acc: 14.91046, grid_scale: 2 / 5, strokes: 2 / 9
iteration step 97, G_loss: 0.12050, step_acc: 14.92324, grid_scale: 2 / 5, strokes: 2 / 9
iteration step 98, G_loss: 0.12038, step_acc: 14.92920, grid_scale: 2 / 5, strokes: 2 / 9
iteration step 99, G_loss: 0.12024, step_acc: 14.93626, grid_scale: 2 / 5, strokes: 2 / 9
iteration step 100, G_loss: 0.12016, step_acc: 14.94157, grid_scale: 2 / 5, strokes: 2 / 9
iteration step 101, G_loss: 0.12004, step_acc: 14.94417, grid_scale: 2 / 5, strokes: 2 / 9
iteration step 102, G_loss: 0.11999, step_acc: 14.94575, grid_scale: 2 / 5, strokes: 2 / 9
iteration step 103, G_loss: 0.11995, step_acc: 14.95095, grid_scale: 2 / 5, strokes: 2 / 9
iteration step 104, G_loss: 0.11991, step_acc: 14.95203, grid_scale: 2 / 5, strokes: 2 / 9
iteration step 105, G_loss: 0.11986, step_acc: 14.95527, grid_scale: 2 / 5, strokes: 2 / 9
iteration step 106, G_loss: 0.11979, step_acc: 14.95503, grid_scale: 2 / 5, strokes: 2 / 9
iteration step 107, G_loss: 0.11978, step_acc: 14.95936, grid_scale: 2 / 5, strokes: 2 / 9
iteration step 108, G_loss: 0.11972, step_acc: 14.96012, grid_scale: 2 / 5, strokes: 2 / 9
iteration step 109, G_loss: 0.11967, step_acc: 14.96509, grid_scale: 2 / 5, strokes: 2 / 9
iteration step 110, G_loss: 0.11962, step_acc: 15.12943, grid_scale: 2 / 5, strokes: 3 / 9
iteration step 111, G_loss: 0.11777, step_acc: 15.23461, grid_scale: 2 / 5, strokes: 3 / 9
iteration step 112, G_loss: 0.11655, step_acc: 15.30026, grid_scale: 2 / 5, strokes: 3 / 9
iteration step 113, G_loss: 0.11597, step_acc: 15.37878, grid_scale: 2 / 5, strokes: 3 / 9
iteration step 114, G_loss: 0.11510, step_acc: 15.46094, grid_scale: 2 / 5, strokes: 3 / 9
iteration step 115, G_loss: 0.11418, step_acc: 15.50563, grid_scale: 2 / 5, strokes: 3 / 9
iteration step 116, G_loss: 0.11363, step_acc: 15.54221, grid_scale: 2 / 5, strokes: 3 / 9
iteration step 117, G_loss: 0.11318, step_acc: 15.57174, grid_scale: 2 / 5, strokes: 3 / 9
iteration step 118, G_loss: 0.11276, step_acc: 15.59143, grid_scale: 2 / 5, strokes: 3 / 9
iteration step 119, G_loss: 0.11241, step_acc: 15.60675, grid_scale: 2 / 5, strokes: 3 / 9
iteration step 120, G_loss: 0.11217, step_acc: 15.61604, grid_scale: 2 / 5, strokes: 3 / 9
iteration step 121, G_loss: 0.11205, step_acc: 15.61347, grid_scale: 2 / 5, strokes: 3 / 9
iteration step 122, G_loss: 0.11203, step_acc: 15.61763, grid_scale: 2 / 5, strokes: 3 / 9
iteration step 123, G_loss: 0.11194, step_acc: 15.62202, grid_scale: 2 / 5, strokes: 3 / 9
iteration step 124, G_loss: 0.11178, step_acc: 15.63136, grid_scale: 2 / 5, strokes: 3 / 9
iteration step 125, G_loss: 0.11171, step_acc: 15.62978, grid_scale: 2 / 5, strokes: 3 / 9
iteration step 126, G_loss: 0.11164, step_acc: 15.63437, grid_scale: 2 / 5, strokes: 3 / 9
iteration step 127, G_loss: 0.11161, step_acc: 15.63441, grid_scale: 2 / 5, strokes: 3 / 9
iteration step 128, G_loss: 0.11157, step_acc: 15.64225, grid_scale: 2 / 5, strokes: 3 / 9
iteration step 129, G_loss: 0.11150, step_acc: 15.64018, grid_scale: 2 / 5, strokes: 3 / 9
iteration step 130, G_loss: 0.11146, step_acc: 15.64658, grid_scale: 2 / 5, strokes: 3 / 9
iteration step 131, G_loss: 0.11142, step_acc: 15.64464, grid_scale: 2 / 5, strokes: 3 / 9
iteration step 132, G_loss: 0.11137, step_acc: 15.65051, grid_scale: 2 / 5, strokes: 3 / 9
iteration step 133, G_loss: 0.11135, step_acc: 15.65186, grid_scale: 2 / 5, strokes: 3 / 9
iteration step 134, G_loss: 0.11127, step_acc: 15.65918, grid_scale: 2 / 5, strokes: 3 / 9
iteration step 135, G_loss: 0.11119, step_acc: 15.65706, grid_scale: 2 / 5, strokes: 3 / 9
iteration step 136, G_loss: 0.11115, step_acc: 15.66398, grid_scale: 2 / 5, strokes: 3 / 9
iteration step 137, G_loss: 0.11113, step_acc: 15.65479, grid_scale: 2 / 5, strokes: 3 / 9
iteration step 138, G_loss: 0.11115, step_acc: 15.66966, grid_scale: 2 / 5, strokes: 3 / 9
iteration step 139, G_loss: 0.11101, step_acc: 15.66832, grid_scale: 2 / 5, strokes: 3 / 9
iteration step 140, G_loss: 0.11097, step_acc: 15.66776, grid_scale: 2 / 5, strokes: 3 / 9
iteration step 141, G_loss: 0.11093, step_acc: 15.67431, grid_scale: 2 / 5, strokes: 3 / 9
iteration step 142, G_loss: 0.11089, step_acc: 15.67557, grid_scale: 2 / 5, strokes: 3 / 9
iteration step 143, G_loss: 0.11085, step_acc: 15.67312, grid_scale: 2 / 5, strokes: 3 / 9
iteration step 144, G_loss: 0.11084, step_acc: 15.67684, grid_scale: 2 / 5, strokes: 3 / 9
iteration step 145, G_loss: 0.11079, step_acc: 15.67465, grid_scale: 2 / 5, strokes: 3 / 9
iteration step 146, G_loss: 0.11080, step_acc: 15.67437, grid_scale: 2 / 5, strokes: 3 / 9
iteration step 147, G_loss: 0.11073, step_acc: 15.67893, grid_scale: 2 / 5, strokes: 3 / 9
iteration step 148, G_loss: 0.11070, step_acc: 15.67852, grid_scale: 2 / 5, strokes: 3 / 9
iteration step 149, G_loss: 0.11067, step_acc: 15.68017, grid_scale: 2 / 5, strokes: 3 / 9
iteration step 150, G_loss: 0.11068, step_acc: 15.67514, grid_scale: 2 / 5, strokes: 3 / 9
iteration step 151, G_loss: 0.11066, step_acc: 15.68238, grid_scale: 2 / 5, strokes: 3 / 9
iteration step 152, G_loss: 0.11067, step_acc: 15.68293, grid_scale: 2 / 5, strokes: 3 / 9
iteration step 153, G_loss: 0.11065, step_acc: 15.68297, grid_scale: 2 / 5, strokes: 3 / 9
iteration step 154, G_loss: 0.11064, step_acc: 15.68421, grid_scale: 2 / 5, strokes: 3 / 9
iteration step 155, G_loss: 0.11060, step_acc: 15.68490, grid_scale: 2 / 5, strokes: 3 / 9
iteration step 156, G_loss: 0.11062, step_acc: 15.68610, grid_scale: 2 / 5, strokes: 3 / 9
iteration step 157, G_loss: 0.11058, step_acc: 15.68499, grid_scale: 2 / 5, strokes: 3 / 9
iteration step 158, G_loss: 0.11060, step_acc: 15.68782, grid_scale: 2 / 5, strokes: 3 / 9
iteration step 159, G_loss: 0.11057, step_acc: 15.69063, grid_scale: 2 / 5, strokes: 3 / 9
iteration step 160, G_loss: 0.11049, step_acc: 15.69074, grid_scale: 2 / 5, strokes: 3 / 9
iteration step 161, G_loss: 0.11048, step_acc: 15.69169, grid_scale: 2 / 5, strokes: 3 / 9
iteration step 162, G_loss: 0.11046, step_acc: 15.69262, grid_scale: 2 / 5, strokes: 3 / 9
iteration step 163, G_loss: 0.11045, step_acc: 15.69456, grid_scale: 2 / 5, strokes: 3 / 9
iteration step 164, G_loss: 0.11041, step_acc: 15.69429, grid_scale: 2 / 5, strokes: 3 / 9
iteration step 165, G_loss: 0.11042, step_acc: 15.80844, grid_scale: 2 / 5, strokes: 4 / 9
iteration step 166, G_loss: 0.10941, step_acc: 15.85096, grid_scale: 2 / 5, strokes: 4 / 9
iteration step 167, G_loss: 0.10875, step_acc: 15.87408, grid_scale: 2 / 5, strokes: 4 / 9
iteration step 168, G_loss: 0.10838, step_acc: 15.88823, grid_scale: 2 / 5, strokes: 4 / 9
iteration step 169, G_loss: 0.10830, step_acc: 15.90342, grid_scale: 2 / 5, strokes: 4 / 9
iteration step 170, G_loss: 0.10798, step_acc: 15.91456, grid_scale: 2 / 5, strokes: 4 / 9
iteration step 171, G_loss: 0.10789, step_acc: 15.92713, grid_scale: 2 / 5, strokes: 4 / 9
iteration step 172, G_loss: 0.10757, step_acc: 15.94588, grid_scale: 2 / 5, strokes: 4 / 9
iteration step 173, G_loss: 0.10737, step_acc: 15.95660, grid_scale: 2 / 5, strokes: 4 / 9
iteration step 174, G_loss: 0.10718, step_acc: 15.96816, grid_scale: 2 / 5, strokes: 4 / 9
iteration step 175, G_loss: 0.10697, step_acc: 15.97665, grid_scale: 2 / 5, strokes: 4 / 9
iteration step 176, G_loss: 0.10674, step_acc: 15.98993, grid_scale: 2 / 5, strokes: 4 / 9
iteration step 177, G_loss: 0.10655, step_acc: 15.99933, grid_scale: 2 / 5, strokes: 4 / 9
iteration step 178, G_loss: 0.10635, step_acc: 16.00016, grid_scale: 2 / 5, strokes: 4 / 9
iteration step 179, G_loss: 0.10628, step_acc: 16.00288, grid_scale: 2 / 5, strokes: 4 / 9
iteration step 180, G_loss: 0.10621, step_acc: 16.01349, grid_scale: 2 / 5, strokes: 4 / 9
iteration step 181, G_loss: 0.10609, step_acc: 16.01493, grid_scale: 2 / 5, strokes: 4 / 9
iteration step 182, G_loss: 0.10602, step_acc: 16.01769, grid_scale: 2 / 5, strokes: 4 / 9
iteration step 183, G_loss: 0.10597, step_acc: 16.01590, grid_scale: 2 / 5, strokes: 4 / 9
iteration step 184, G_loss: 0.10592, step_acc: 16.02398, grid_scale: 2 / 5, strokes: 4 / 9
iteration step 185, G_loss: 0.10582, step_acc: 16.02564, grid_scale: 2 / 5, strokes: 4 / 9
iteration step 186, G_loss: 0.10578, step_acc: 16.02725, grid_scale: 2 / 5, strokes: 4 / 9
iteration step 187, G_loss: 0.10571, step_acc: 16.03245, grid_scale: 2 / 5, strokes: 4 / 9
iteration step 188, G_loss: 0.10564, step_acc: 16.03459, grid_scale: 2 / 5, strokes: 4 / 9
iteration step 189, G_loss: 0.10559, step_acc: 16.04078, grid_scale: 2 / 5, strokes: 4 / 9
iteration step 190, G_loss: 0.10555, step_acc: 16.03899, grid_scale: 2 / 5, strokes: 4 / 9
iteration step 191, G_loss: 0.10548, step_acc: 16.04092, grid_scale: 2 / 5, strokes: 4 / 9
iteration step 192, G_loss: 0.10544, step_acc: 16.04410, grid_scale: 2 / 5, strokes: 4 / 9
iteration step 193, G_loss: 0.10541, step_acc: 16.04255, grid_scale: 2 / 5, strokes: 4 / 9
iteration step 194, G_loss: 0.10541, step_acc: 16.04418, grid_scale: 2 / 5, strokes: 4 / 9
iteration step 195, G_loss: 0.10541, step_acc: 16.04522, grid_scale: 2 / 5, strokes: 4 / 9
iteration step 196, G_loss: 0.10536, step_acc: 16.04769, grid_scale: 2 / 5, strokes: 4 / 9
iteration step 197, G_loss: 0.10531, step_acc: 16.04692, grid_scale: 2 / 5, strokes: 4 / 9
iteration step 198, G_loss: 0.10532, step_acc: 16.04584, grid_scale: 2 / 5, strokes: 4 / 9
iteration step 199, G_loss: 0.10531, step_acc: 16.04568, grid_scale: 2 / 5, strokes: 4 / 9
iteration step 200, G_loss: 0.10533, step_acc: 16.04743, grid_scale: 2 / 5, strokes: 4 / 9
iteration step 201, G_loss: 0.10528, step_acc: 16.05275, grid_scale: 2 / 5, strokes: 4 / 9
iteration step 202, G_loss: 0.10524, step_acc: 16.05131, grid_scale: 2 / 5, strokes: 4 / 9
iteration step 203, G_loss: 0.10520, step_acc: 16.05614, grid_scale: 2 / 5, strokes: 4 / 9
iteration step 204, G_loss: 0.10518, step_acc: 16.05181, grid_scale: 2 / 5, strokes: 4 / 9
iteration step 205, G_loss: 0.10517, step_acc: 16.05552, grid_scale: 2 / 5, strokes: 4 / 9
iteration step 206, G_loss: 0.10518, step_acc: 16.05421, grid_scale: 2 / 5, strokes: 4 / 9
iteration step 207, G_loss: 0.10511, step_acc: 16.06052, grid_scale: 2 / 5, strokes: 4 / 9
iteration step 208, G_loss: 0.10510, step_acc: 16.05390, grid_scale: 2 / 5, strokes: 4 / 9
iteration step 209, G_loss: 0.10510, step_acc: 16.05686, grid_scale: 2 / 5, strokes: 4 / 9
iteration step 210, G_loss: 0.10511, step_acc: 16.05577, grid_scale: 2 / 5, strokes: 4 / 9
iteration step 211, G_loss: 0.10506, step_acc: 16.05805, grid_scale: 2 / 5, strokes: 4 / 9
iteration step 212, G_loss: 0.10506, step_acc: 16.05708, grid_scale: 2 / 5, strokes: 4 / 9
iteration step 213, G_loss: 0.10501, step_acc: 16.05826, grid_scale: 2 / 5, strokes: 4 / 9
iteration step 214, G_loss: 0.10499, step_acc: 16.05886, grid_scale: 2 / 5, strokes: 4 / 9
iteration step 215, G_loss: 0.10500, step_acc: 16.05647, grid_scale: 2 / 5, strokes: 4 / 9
iteration step 216, G_loss: 0.10499, step_acc: 16.05781, grid_scale: 2 / 5, strokes: 4 / 9
iteration step 217, G_loss: 0.10497, step_acc: 16.06005, grid_scale: 2 / 5, strokes: 4 / 9
iteration step 218, G_loss: 0.10495, step_acc: 16.05696, grid_scale: 2 / 5, strokes: 4 / 9
iteration step 219, G_loss: 0.10493, step_acc: 16.05935, grid_scale: 2 / 5, strokes: 4 / 9
iteration step 220, G_loss: 0.10490, step_acc: 16.06838, grid_scale: 2 / 5, strokes: 5 / 9
iteration step 221, G_loss: 0.10476, step_acc: 16.13512, grid_scale: 2 / 5, strokes: 5 / 9
iteration step 222, G_loss: 0.10430, step_acc: 16.18726, grid_scale: 2 / 5, strokes: 5 / 9
iteration step 223, G_loss: 0.10389, step_acc: 16.21996, grid_scale: 2 / 5, strokes: 5 / 9
iteration step 224, G_loss: 0.10366, step_acc: 16.24683, grid_scale: 2 / 5, strokes: 5 / 9
iteration step 225, G_loss: 0.10336, step_acc: 16.26305, grid_scale: 2 / 5, strokes: 5 / 9
iteration step 226, G_loss: 0.10308, step_acc: 16.26977, grid_scale: 2 / 5, strokes: 5 / 9
iteration step 227, G_loss: 0.10295, step_acc: 16.30019, grid_scale: 2 / 5, strokes: 5 / 9
iteration step 228, G_loss: 0.10273, step_acc: 16.31199, grid_scale: 2 / 5, strokes: 5 / 9
iteration step 229, G_loss: 0.10260, step_acc: 16.32251, grid_scale: 2 / 5, strokes: 5 / 9
iteration step 230, G_loss: 0.10242, step_acc: 16.33289, grid_scale: 2 / 5, strokes: 5 / 9
iteration step 231, G_loss: 0.10228, step_acc: 16.34959, grid_scale: 2 / 5, strokes: 5 / 9
iteration step 232, G_loss: 0.10214, step_acc: 16.35849, grid_scale: 2 / 5, strokes: 5 / 9
iteration step 233, G_loss: 0.10203, step_acc: 16.36781, grid_scale: 2 / 5, strokes: 5 / 9
iteration step 234, G_loss: 0.10190, step_acc: 16.37819, grid_scale: 2 / 5, strokes: 5 / 9
iteration step 235, G_loss: 0.10169, step_acc: 16.39131, grid_scale: 2 / 5, strokes: 5 / 9
iteration step 236, G_loss: 0.10150, step_acc: 16.39603, grid_scale: 2 / 5, strokes: 5 / 9
iteration step 237, G_loss: 0.10135, step_acc: 16.40494, grid_scale: 2 / 5, strokes: 5 / 9
iteration step 238, G_loss: 0.10121, step_acc: 16.41764, grid_scale: 2 / 5, strokes: 5 / 9
iteration step 239, G_loss: 0.10107, step_acc: 16.42985, grid_scale: 2 / 5, strokes: 5 / 9
iteration step 240, G_loss: 0.10092, step_acc: 16.43312, grid_scale: 2 / 5, strokes: 5 / 9
iteration step 241, G_loss: 0.10082, step_acc: 16.44757, grid_scale: 2 / 5, strokes: 5 / 9
iteration step 242, G_loss: 0.10074, step_acc: 16.45549, grid_scale: 2 / 5, strokes: 5 / 9
iteration step 243, G_loss: 0.10063, step_acc: 16.45786, grid_scale: 2 / 5, strokes: 5 / 9
iteration step 244, G_loss: 0.10054, step_acc: 16.46126, grid_scale: 2 / 5, strokes: 5 / 9
iteration step 245, G_loss: 0.10047, step_acc: 16.46050, grid_scale: 2 / 5, strokes: 5 / 9
iteration step 246, G_loss: 0.10041, step_acc: 16.46503, grid_scale: 2 / 5, strokes: 5 / 9
iteration step 247, G_loss: 0.10031, step_acc: 16.46486, grid_scale: 2 / 5, strokes: 5 / 9
iteration step 248, G_loss: 0.10027, step_acc: 16.46974, grid_scale: 2 / 5, strokes: 5 / 9
iteration step 249, G_loss: 0.10024, step_acc: 16.47297, grid_scale: 2 / 5, strokes: 5 / 9
iteration step 250, G_loss: 0.10022, step_acc: 16.47803, grid_scale: 2 / 5, strokes: 5 / 9
iteration step 251, G_loss: 0.10018, step_acc: 16.47844, grid_scale: 2 / 5, strokes: 5 / 9
iteration step 252, G_loss: 0.10013, step_acc: 16.48318, grid_scale: 2 / 5, strokes: 5 / 9
iteration step 253, G_loss: 0.10011, step_acc: 16.48247, grid_scale: 2 / 5, strokes: 5 / 9
iteration step 254, G_loss: 0.10008, step_acc: 16.48581, grid_scale: 2 / 5, strokes: 5 / 9
iteration step 255, G_loss: 0.10002, step_acc: 16.48745, grid_scale: 2 / 5, strokes: 5 / 9
iteration step 256, G_loss: 0.09998, step_acc: 16.48553, grid_scale: 2 / 5, strokes: 5 / 9
iteration step 257, G_loss: 0.09996, step_acc: 16.49208, grid_scale: 2 / 5, strokes: 5 / 9
iteration step 258, G_loss: 0.09989, step_acc: 16.49738, grid_scale: 2 / 5, strokes: 5 / 9
iteration step 259, G_loss: 0.09987, step_acc: 16.49946, grid_scale: 2 / 5, strokes: 5 / 9
iteration step 260, G_loss: 0.09982, step_acc: 16.50139, grid_scale: 2 / 5, strokes: 5 / 9
iteration step 261, G_loss: 0.09979, step_acc: 16.50165, grid_scale: 2 / 5, strokes: 5 / 9
iteration step 262, G_loss: 0.09974, step_acc: 16.50746, grid_scale: 2 / 5, strokes: 5 / 9
iteration step 263, G_loss: 0.09971, step_acc: 16.50898, grid_scale: 2 / 5, strokes: 5 / 9
iteration step 264, G_loss: 0.09967, step_acc: 16.50893, grid_scale: 2 / 5, strokes: 5 / 9
iteration step 265, G_loss: 0.09965, step_acc: 16.51302, grid_scale: 2 / 5, strokes: 5 / 9
iteration step 266, G_loss: 0.09959, step_acc: 16.51467, grid_scale: 2 / 5, strokes: 5 / 9
iteration step 267, G_loss: 0.09950, step_acc: 16.51679, grid_scale: 2 / 5, strokes: 5 / 9
iteration step 268, G_loss: 0.09952, step_acc: 16.52079, grid_scale: 2 / 5, strokes: 5 / 9
iteration step 269, G_loss: 0.09943, step_acc: 16.52035, grid_scale: 2 / 5, strokes: 5 / 9
iteration step 270, G_loss: 0.09943, step_acc: 16.52866, grid_scale: 2 / 5, strokes: 5 / 9
iteration step 271, G_loss: 0.09941, step_acc: 16.52970, grid_scale: 2 / 5, strokes: 5 / 9
iteration step 272, G_loss: 0.09933, step_acc: 16.53533, grid_scale: 2 / 5, strokes: 5 / 9
iteration step 273, G_loss: 0.09926, step_acc: 16.53503, grid_scale: 2 / 5, strokes: 5 / 9
iteration step 274, G_loss: 0.09921, step_acc: 16.54130, grid_scale: 2 / 5, strokes: 5 / 9
iteration step 275, G_loss: 0.09917, step_acc: 16.56841, grid_scale: 2 / 5, strokes: 6 / 9
iteration step 276, G_loss: 0.09910, step_acc: 16.56961, grid_scale: 2 / 5, strokes: 6 / 9
iteration step 277, G_loss: 0.09911, step_acc: 16.59348, grid_scale: 2 / 5, strokes: 6 / 9
iteration step 278, G_loss: 0.09885, step_acc: 16.61319, grid_scale: 2 / 5, strokes: 6 / 9
iteration step 279, G_loss: 0.09869, step_acc: 16.62321, grid_scale: 2 / 5, strokes: 6 / 9
iteration step 280, G_loss: 0.09861, step_acc: 16.63427, grid_scale: 2 / 5, strokes: 6 / 9
iteration step 281, G_loss: 0.09852, step_acc: 16.64626, grid_scale: 2 / 5, strokes: 6 / 9
iteration step 282, G_loss: 0.09837, step_acc: 16.65115, grid_scale: 2 / 5, strokes: 6 / 9
iteration step 283, G_loss: 0.09831, step_acc: 16.66290, grid_scale: 2 / 5, strokes: 6 / 9
iteration step 284, G_loss: 0.09816, step_acc: 16.66982, grid_scale: 2 / 5, strokes: 6 / 9
iteration step 285, G_loss: 0.09812, step_acc: 16.68410, grid_scale: 2 / 5, strokes: 6 / 9
iteration step 286, G_loss: 0.09802, step_acc: 16.69606, grid_scale: 2 / 5, strokes: 6 / 9
iteration step 287, G_loss: 0.09791, step_acc: 16.70519, grid_scale: 2 / 5, strokes: 6 / 9
iteration step 288, G_loss: 0.09783, step_acc: 16.71627, grid_scale: 2 / 5, strokes: 6 / 9
iteration step 289, G_loss: 0.09777, step_acc: 16.72863, grid_scale: 2 / 5, strokes: 6 / 9
iteration step 290, G_loss: 0.09765, step_acc: 16.74374, grid_scale: 2 / 5, strokes: 6 / 9
iteration step 291, G_loss: 0.09752, step_acc: 16.76084, grid_scale: 2 / 5, strokes: 6 / 9
iteration step 292, G_loss: 0.09743, step_acc: 16.77365, grid_scale: 2 / 5, strokes: 6 / 9
iteration step 293, G_loss: 0.09729, step_acc: 16.77789, grid_scale: 2 / 5, strokes: 6 / 9
iteration step 294, G_loss: 0.09722, step_acc: 16.78340, grid_scale: 2 / 5, strokes: 6 / 9
iteration step 295, G_loss: 0.09717, step_acc: 16.79169, grid_scale: 2 / 5, strokes: 6 / 9
iteration step 296, G_loss: 0.09704, step_acc: 16.80079, grid_scale: 2 / 5, strokes: 6 / 9
iteration step 297, G_loss: 0.09696, step_acc: 16.81392, grid_scale: 2 / 5, strokes: 6 / 9
iteration step 298, G_loss: 0.09683, step_acc: 16.83526, grid_scale: 2 / 5, strokes: 6 / 9
iteration step 299, G_loss: 0.09666, step_acc: 16.85933, grid_scale: 2 / 5, strokes: 6 / 9
iteration step 300, G_loss: 0.09646, step_acc: 16.86628, grid_scale: 2 / 5, strokes: 6 / 9
iteration step 301, G_loss: 0.09633, step_acc: 16.87960, grid_scale: 2 / 5, strokes: 6 / 9
iteration step 302, G_loss: 0.09611, step_acc: 16.89473, grid_scale: 2 / 5, strokes: 6 / 9
iteration step 303, G_loss: 0.09596, step_acc: 16.89826, grid_scale: 2 / 5, strokes: 6 / 9
iteration step 304, G_loss: 0.09586, step_acc: 16.90714, grid_scale: 2 / 5, strokes: 6 / 9
iteration step 305, G_loss: 0.09580, step_acc: 16.91155, grid_scale: 2 / 5, strokes: 6 / 9
iteration step 306, G_loss: 0.09569, step_acc: 16.92048, grid_scale: 2 / 5, strokes: 6 / 9
iteration step 307, G_loss: 0.09562, step_acc: 16.92213, grid_scale: 2 / 5, strokes: 6 / 9
iteration step 308, G_loss: 0.09557, step_acc: 16.93240, grid_scale: 2 / 5, strokes: 6 / 9
iteration step 309, G_loss: 0.09552, step_acc: 16.94251, grid_scale: 2 / 5, strokes: 6 / 9
iteration step 310, G_loss: 0.09545, step_acc: 16.95680, grid_scale: 2 / 5, strokes: 6 / 9
iteration step 311, G_loss: 0.09531, step_acc: 16.95546, grid_scale: 2 / 5, strokes: 6 / 9
iteration step 312, G_loss: 0.09529, step_acc: 16.95907, grid_scale: 2 / 5, strokes: 6 / 9
iteration step 313, G_loss: 0.09529, step_acc: 16.95831, grid_scale: 2 / 5, strokes: 6 / 9
iteration step 314, G_loss: 0.09526, step_acc: 16.96811, grid_scale: 2 / 5, strokes: 6 / 9
iteration step 315, G_loss: 0.09521, step_acc: 16.96996, grid_scale: 2 / 5, strokes: 6 / 9
iteration step 316, G_loss: 0.09512, step_acc: 16.98274, grid_scale: 2 / 5, strokes: 6 / 9
iteration step 317, G_loss: 0.09506, step_acc: 16.98542, grid_scale: 2 / 5, strokes: 6 / 9
iteration step 318, G_loss: 0.09494, step_acc: 16.99971, grid_scale: 2 / 5, strokes: 6 / 9
iteration step 319, G_loss: 0.09480, step_acc: 17.01236, grid_scale: 2 / 5, strokes: 6 / 9
iteration step 320, G_loss: 0.09463, step_acc: 17.03211, grid_scale: 2 / 5, strokes: 6 / 9
iteration step 321, G_loss: 0.09440, step_acc: 17.04016, grid_scale: 2 / 5, strokes: 6 / 9
iteration step 322, G_loss: 0.09433, step_acc: 17.05221, grid_scale: 2 / 5, strokes: 6 / 9
iteration step 323, G_loss: 0.09423, step_acc: 17.06264, grid_scale: 2 / 5, strokes: 6 / 9
iteration step 324, G_loss: 0.09407, step_acc: 17.07590, grid_scale: 2 / 5, strokes: 6 / 9
iteration step 325, G_loss: 0.09394, step_acc: 17.08251, grid_scale: 2 / 5, strokes: 6 / 9
iteration step 326, G_loss: 0.09384, step_acc: 17.09280, grid_scale: 2 / 5, strokes: 6 / 9
iteration step 327, G_loss: 0.09372, step_acc: 17.09080, grid_scale: 2 / 5, strokes: 6 / 9
iteration step 328, G_loss: 0.09369, step_acc: 17.09954, grid_scale: 2 / 5, strokes: 6 / 9
iteration step 329, G_loss: 0.09364, step_acc: 17.10791, grid_scale: 2 / 5, strokes: 6 / 9
iteration step 330, G_loss: 0.09347, step_acc: 17.13785, grid_scale: 2 / 5, strokes: 7 / 9
iteration step 331, G_loss: 0.09330, step_acc: 17.14191, grid_scale: 2 / 5, strokes: 7 / 9
iteration step 332, G_loss: 0.09317, step_acc: 17.16227, grid_scale: 2 / 5, strokes: 7 / 9
iteration step 333, G_loss: 0.09294, step_acc: 17.19859, grid_scale: 2 / 5, strokes: 7 / 9
iteration step 334, G_loss: 0.09257, step_acc: 17.22016, grid_scale: 2 / 5, strokes: 7 / 9
iteration step 335, G_loss: 0.09234, step_acc: 17.24287, grid_scale: 2 / 5, strokes: 7 / 9
iteration step 336, G_loss: 0.09210, step_acc: 17.26969, grid_scale: 2 / 5, strokes: 7 / 9
iteration step 337, G_loss: 0.09185, step_acc: 17.29782, grid_scale: 2 / 5, strokes: 7 / 9
iteration step 338, G_loss: 0.09160, step_acc: 17.32952, grid_scale: 2 / 5, strokes: 7 / 9
iteration step 339, G_loss: 0.09137, step_acc: 17.35823, grid_scale: 2 / 5, strokes: 7 / 9
iteration step 340, G_loss: 0.09109, step_acc: 17.39822, grid_scale: 2 / 5, strokes: 7 / 9
iteration step 341, G_loss: 0.09084, step_acc: 17.41049, grid_scale: 2 / 5, strokes: 7 / 9
iteration step 342, G_loss: 0.09060, step_acc: 17.43886, grid_scale: 2 / 5, strokes: 7 / 9
iteration step 343, G_loss: 0.09043, step_acc: 17.45364, grid_scale: 2 / 5, strokes: 7 / 9
iteration step 344, G_loss: 0.09022, step_acc: 17.48589, grid_scale: 2 / 5, strokes: 7 / 9
iteration step 345, G_loss: 0.08999, step_acc: 17.48916, grid_scale: 2 / 5, strokes: 7 / 9
iteration step 346, G_loss: 0.08985, step_acc: 17.50837, grid_scale: 2 / 5, strokes: 7 / 9
iteration step 347, G_loss: 0.08978, step_acc: 17.50839, grid_scale: 2 / 5, strokes: 7 / 9
iteration step 348, G_loss: 0.08962, step_acc: 17.52105, grid_scale: 2 / 5, strokes: 7 / 9
iteration step 349, G_loss: 0.08955, step_acc: 17.52086, grid_scale: 2 / 5, strokes: 7 / 9
iteration step 350, G_loss: 0.08949, step_acc: 17.53325, grid_scale: 2 / 5, strokes: 7 / 9
iteration step 351, G_loss: 0.08942, step_acc: 17.53211, grid_scale: 2 / 5, strokes: 7 / 9
iteration step 352, G_loss: 0.08940, step_acc: 17.53808, grid_scale: 2 / 5, strokes: 7 / 9
iteration step 353, G_loss: 0.08932, step_acc: 17.54026, grid_scale: 2 / 5, strokes: 7 / 9
iteration step 354, G_loss: 0.08923, step_acc: 17.54739, grid_scale: 2 / 5, strokes: 7 / 9
iteration step 355, G_loss: 0.08918, step_acc: 17.54716, grid_scale: 2 / 5, strokes: 7 / 9
iteration step 356, G_loss: 0.08908, step_acc: 17.54942, grid_scale: 2 / 5, strokes: 7 / 9
iteration step 357, G_loss: 0.08914, step_acc: 17.55229, grid_scale: 2 / 5, strokes: 7 / 9
iteration step 358, G_loss: 0.08904, step_acc: 17.55256, grid_scale: 2 / 5, strokes: 7 / 9
iteration step 359, G_loss: 0.08900, step_acc: 17.55976, grid_scale: 2 / 5, strokes: 7 / 9
iteration step 360, G_loss: 0.08894, step_acc: 17.55425, grid_scale: 2 / 5, strokes: 7 / 9
iteration step 361, G_loss: 0.08894, step_acc: 17.56352, grid_scale: 2 / 5, strokes: 7 / 9
iteration step 362, G_loss: 0.08886, step_acc: 17.56653, grid_scale: 2 / 5, strokes: 7 / 9
iteration step 363, G_loss: 0.08883, step_acc: 17.56424, grid_scale: 2 / 5, strokes: 7 / 9
iteration step 364, G_loss: 0.08877, step_acc: 17.56808, grid_scale: 2 / 5, strokes: 7 / 9
iteration step 365, G_loss: 0.08873, step_acc: 17.56671, grid_scale: 2 / 5, strokes: 7 / 9
iteration step 366, G_loss: 0.08866, step_acc: 17.57407, grid_scale: 2 / 5, strokes: 7 / 9
iteration step 367, G_loss: 0.08862, step_acc: 17.58160, grid_scale: 2 / 5, strokes: 7 / 9
iteration step 368, G_loss: 0.08852, step_acc: 17.58166, grid_scale: 2 / 5, strokes: 7 / 9
iteration step 369, G_loss: 0.08850, step_acc: 17.58633, grid_scale: 2 / 5, strokes: 7 / 9
iteration step 370, G_loss: 0.08839, step_acc: 17.59203, grid_scale: 2 / 5, strokes: 7 / 9
iteration step 371, G_loss: 0.08838, step_acc: 17.58759, grid_scale: 2 / 5, strokes: 7 / 9
iteration step 372, G_loss: 0.08836, step_acc: 17.59196, grid_scale: 2 / 5, strokes: 7 / 9
iteration step 373, G_loss: 0.08831, step_acc: 17.60475, grid_scale: 2 / 5, strokes: 7 / 9
iteration step 374, G_loss: 0.08810, step_acc: 17.61412, grid_scale: 2 / 5, strokes: 7 / 9
iteration step 375, G_loss: 0.08800, step_acc: 17.62267, grid_scale: 2 / 5, strokes: 7 / 9
iteration step 376, G_loss: 0.08795, step_acc: 17.63221, grid_scale: 2 / 5, strokes: 7 / 9
iteration step 377, G_loss: 0.08784, step_acc: 17.63492, grid_scale: 2 / 5, strokes: 7 / 9
iteration step 378, G_loss: 0.08777, step_acc: 17.64303, grid_scale: 2 / 5, strokes: 7 / 9
iteration step 379, G_loss: 0.08775, step_acc: 17.65933, grid_scale: 2 / 5, strokes: 7 / 9
iteration step 380, G_loss: 0.08760, step_acc: 17.66031, grid_scale: 2 / 5, strokes: 7 / 9
iteration step 381, G_loss: 0.08754, step_acc: 17.67464, grid_scale: 2 / 5, strokes: 7 / 9
iteration step 382, G_loss: 0.08746, step_acc: 17.69089, grid_scale: 2 / 5, strokes: 7 / 9
iteration step 383, G_loss: 0.08737, step_acc: 17.71096, grid_scale: 2 / 5, strokes: 7 / 9
iteration step 384, G_loss: 0.08720, step_acc: 17.71879, grid_scale: 2 / 5, strokes: 7 / 9
iteration step 385, G_loss: 0.08714, step_acc: 17.73668, grid_scale: 2 / 5, strokes: 8 / 9
iteration step 386, G_loss: 0.08704, step_acc: 17.75820, grid_scale: 2 / 5, strokes: 8 / 9
iteration step 387, G_loss: 0.08678, step_acc: 17.79595, grid_scale: 2 / 5, strokes: 8 / 9
iteration step 388, G_loss: 0.08639, step_acc: 17.80254, grid_scale: 2 / 5, strokes: 8 / 9
iteration step 389, G_loss: 0.08627, step_acc: 17.82990, grid_scale: 2 / 5, strokes: 8 / 9
iteration step 390, G_loss: 0.08610, step_acc: 17.84193, grid_scale: 2 / 5, strokes: 8 / 9
iteration step 391, G_loss: 0.08588, step_acc: 17.87524, grid_scale: 2 / 5, strokes: 8 / 9
iteration step 392, G_loss: 0.08558, step_acc: 17.90605, grid_scale: 2 / 5, strokes: 8 / 9
iteration step 393, G_loss: 0.08524, step_acc: 17.92414, grid_scale: 2 / 5, strokes: 8 / 9
iteration step 394, G_loss: 0.08503, step_acc: 17.95712, grid_scale: 2 / 5, strokes: 8 / 9
iteration step 395, G_loss: 0.08493, step_acc: 17.99224, grid_scale: 2 / 5, strokes: 8 / 9
iteration step 396, G_loss: 0.08449, step_acc: 18.03202, grid_scale: 2 / 5, strokes: 8 / 9
iteration step 397, G_loss: 0.08424, step_acc: 18.05466, grid_scale: 2 / 5, strokes: 8 / 9
iteration step 398, G_loss: 0.08398, step_acc: 18.08817, grid_scale: 2 / 5, strokes: 8 / 9
iteration step 399, G_loss: 0.08375, step_acc: 18.11695, grid_scale: 2 / 5, strokes: 8 / 9
iteration step 400, G_loss: 0.08363, step_acc: 18.11795, grid_scale: 2 / 5, strokes: 8 / 9
iteration step 401, G_loss: 0.08347, step_acc: 18.15096, grid_scale: 2 / 5, strokes: 8 / 9
iteration step 402, G_loss: 0.08324, step_acc: 18.15589, grid_scale: 2 / 5, strokes: 8 / 9
iteration step 403, G_loss: 0.08313, step_acc: 18.18739, grid_scale: 2 / 5, strokes: 8 / 9
iteration step 404, G_loss: 0.08285, step_acc: 18.19155, grid_scale: 2 / 5, strokes: 8 / 9
iteration step 405, G_loss: 0.08281, step_acc: 18.20356, grid_scale: 2 / 5, strokes: 8 / 9
iteration step 406, G_loss: 0.08269, step_acc: 18.21205, grid_scale: 2 / 5, strokes: 8 / 9
iteration step 407, G_loss: 0.08256, step_acc: 18.21640, grid_scale: 2 / 5, strokes: 8 / 9
iteration step 408, G_loss: 0.08246, step_acc: 18.22953, grid_scale: 2 / 5, strokes: 8 / 9
iteration step 409, G_loss: 0.08237, step_acc: 18.23305, grid_scale: 2 / 5, strokes: 8 / 9
iteration step 410, G_loss: 0.08225, step_acc: 18.25022, grid_scale: 2 / 5, strokes: 8 / 9
iteration step 411, G_loss: 0.08215, step_acc: 18.24987, grid_scale: 2 / 5, strokes: 8 / 9
iteration step 412, G_loss: 0.08210, step_acc: 18.25472, grid_scale: 2 / 5, strokes: 8 / 9
iteration step 413, G_loss: 0.08206, step_acc: 18.25776, grid_scale: 2 / 5, strokes: 8 / 9
iteration step 414, G_loss: 0.08196, step_acc: 18.26925, grid_scale: 2 / 5, strokes: 8 / 9
iteration step 415, G_loss: 0.08195, step_acc: 18.27412, grid_scale: 2 / 5, strokes: 8 / 9
iteration step 416, G_loss: 0.08185, step_acc: 18.28791, grid_scale: 2 / 5, strokes: 8 / 9
iteration step 417, G_loss: 0.08176, step_acc: 18.29179, grid_scale: 2 / 5, strokes: 8 / 9
iteration step 418, G_loss: 0.08168, step_acc: 18.30620, grid_scale: 2 / 5, strokes: 8 / 9
iteration step 419, G_loss: 0.08163, step_acc: 18.31141, grid_scale: 2 / 5, strokes: 8 / 9
iteration step 420, G_loss: 0.08160, step_acc: 18.32137, grid_scale: 2 / 5, strokes: 8 / 9
iteration step 421, G_loss: 0.08147, step_acc: 18.32366, grid_scale: 2 / 5, strokes: 8 / 9
iteration step 422, G_loss: 0.08138, step_acc: 18.33327, grid_scale: 2 / 5, strokes: 8 / 9
iteration step 423, G_loss: 0.08133, step_acc: 18.32992, grid_scale: 2 / 5, strokes: 8 / 9
iteration step 424, G_loss: 0.08132, step_acc: 18.34733, grid_scale: 2 / 5, strokes: 8 / 9
iteration step 425, G_loss: 0.08126, step_acc: 18.34045, grid_scale: 2 / 5, strokes: 8 / 9
iteration step 426, G_loss: 0.08123, step_acc: 18.34669, grid_scale: 2 / 5, strokes: 8 / 9
iteration step 427, G_loss: 0.08118, step_acc: 18.35500, grid_scale: 2 / 5, strokes: 8 / 9
iteration step 428, G_loss: 0.08118, step_acc: 18.35138, grid_scale: 2 / 5, strokes: 8 / 9
iteration step 429, G_loss: 0.08116, step_acc: 18.35550, grid_scale: 2 / 5, strokes: 8 / 9
iteration step 430, G_loss: 0.08113, step_acc: 18.34690, grid_scale: 2 / 5, strokes: 8 / 9
iteration step 431, G_loss: 0.08114, step_acc: 18.35955, grid_scale: 2 / 5, strokes: 8 / 9
iteration step 432, G_loss: 0.08111, step_acc: 18.36072, grid_scale: 2 / 5, strokes: 8 / 9
iteration step 433, G_loss: 0.08112, step_acc: 18.36144, grid_scale: 2 / 5, strokes: 8 / 9
iteration step 434, G_loss: 0.08109, step_acc: 18.36779, grid_scale: 2 / 5, strokes: 8 / 9
iteration step 435, G_loss: 0.08109, step_acc: 18.36262, grid_scale: 2 / 5, strokes: 8 / 9
iteration step 436, G_loss: 0.08110, step_acc: 18.36190, grid_scale: 2 / 5, strokes: 8 / 9
iteration step 437, G_loss: 0.08110, step_acc: 18.36626, grid_scale: 2 / 5, strokes: 8 / 9
iteration step 438, G_loss: 0.08107, step_acc: 18.36075, grid_scale: 2 / 5, strokes: 8 / 9
iteration step 439, G_loss: 0.08108, step_acc: 18.36679, grid_scale: 2 / 5, strokes: 8 / 9
iteration step 440, G_loss: 0.08111, step_acc: 18.36679, grid_scale: 2 / 5, strokes: 9 / 9
iteration step 441, G_loss: 0.08094, step_acc: 18.39369, grid_scale: 2 / 5, strokes: 9 / 9
iteration step 442, G_loss: 0.08068, step_acc: 18.40236, grid_scale: 2 / 5, strokes: 9 / 9
iteration step 443, G_loss: 0.08059, step_acc: 18.41970, grid_scale: 2 / 5, strokes: 9 / 9
iteration step 444, G_loss: 0.08047, step_acc: 18.41840, grid_scale: 2 / 5, strokes: 9 / 9
iteration step 445, G_loss: 0.08047, step_acc: 18.42990, grid_scale: 2 / 5, strokes: 9 / 9
iteration step 446, G_loss: 0.08045, step_acc: 18.43060, grid_scale: 2 / 5, strokes: 9 / 9
iteration step 447, G_loss: 0.08038, step_acc: 18.43053, grid_scale: 2 / 5, strokes: 9 / 9
iteration step 448, G_loss: 0.08037, step_acc: 18.44538, grid_scale: 2 / 5, strokes: 9 / 9
iteration step 449, G_loss: 0.08025, step_acc: 18.45045, grid_scale: 2 / 5, strokes: 9 / 9
iteration step 450, G_loss: 0.08023, step_acc: 18.45255, grid_scale: 2 / 5, strokes: 9 / 9
iteration step 451, G_loss: 0.08020, step_acc: 18.45129, grid_scale: 2 / 5, strokes: 9 / 9
iteration step 452, G_loss: 0.08008, step_acc: 18.46691, grid_scale: 2 / 5, strokes: 9 / 9
iteration step 453, G_loss: 0.08002, step_acc: 18.46874, grid_scale: 2 / 5, strokes: 9 / 9
iteration step 454, G_loss: 0.07992, step_acc: 18.47952, grid_scale: 2 / 5, strokes: 9 / 9
iteration step 455, G_loss: 0.07991, step_acc: 18.48608, grid_scale: 2 / 5, strokes: 9 / 9
iteration step 456, G_loss: 0.07987, step_acc: 18.49582, grid_scale: 2 / 5, strokes: 9 / 9
iteration step 457, G_loss: 0.07980, step_acc: 18.49555, grid_scale: 2 / 5, strokes: 9 / 9
iteration step 458, G_loss: 0.07979, step_acc: 18.51093, grid_scale: 2 / 5, strokes: 9 / 9
iteration step 459, G_loss: 0.07972, step_acc: 18.51599, grid_scale: 2 / 5, strokes: 9 / 9
iteration step 460, G_loss: 0.07963, step_acc: 18.51278, grid_scale: 2 / 5, strokes: 9 / 9
iteration step 461, G_loss: 0.07960, step_acc: 18.52684, grid_scale: 2 / 5, strokes: 9 / 9
iteration step 462, G_loss: 0.07956, step_acc: 18.52790, grid_scale: 2 / 5, strokes: 9 / 9
iteration step 463, G_loss: 0.07944, step_acc: 18.54286, grid_scale: 2 / 5, strokes: 9 / 9
iteration step 464, G_loss: 0.07941, step_acc: 18.54090, grid_scale: 2 / 5, strokes: 9 / 9
iteration step 465, G_loss: 0.07932, step_acc: 18.54727, grid_scale: 2 / 5, strokes: 9 / 9
iteration step 466, G_loss: 0.07925, step_acc: 18.54525, grid_scale: 2 / 5, strokes: 9 / 9
iteration step 467, G_loss: 0.07929, step_acc: 18.56104, grid_scale: 2 / 5, strokes: 9 / 9
iteration step 468, G_loss: 0.07923, step_acc: 18.55112, grid_scale: 2 / 5, strokes: 9 / 9
iteration step 469, G_loss: 0.07920, step_acc: 18.55901, grid_scale: 2 / 5, strokes: 9 / 9
iteration step 470, G_loss: 0.07914, step_acc: 18.56574, grid_scale: 2 / 5, strokes: 9 / 9
iteration step 471, G_loss: 0.07910, step_acc: 18.56502, grid_scale: 2 / 5, strokes: 9 / 9
iteration step 472, G_loss: 0.07910, step_acc: 18.57486, grid_scale: 2 / 5, strokes: 9 / 9
iteration step 473, G_loss: 0.07910, step_acc: 18.57160, grid_scale: 2 / 5, strokes: 9 / 9
iteration step 474, G_loss: 0.07911, step_acc: 18.58831, grid_scale: 2 / 5, strokes: 9 / 9
iteration step 475, G_loss: 0.07900, step_acc: 18.59916, grid_scale: 2 / 5, strokes: 9 / 9
iteration step 476, G_loss: 0.07893, step_acc: 18.59145, grid_scale: 2 / 5, strokes: 9 / 9
iteration step 477, G_loss: 0.07890, step_acc: 18.60177, grid_scale: 2 / 5, strokes: 9 / 9
iteration step 478, G_loss: 0.07887, step_acc: 18.60821, grid_scale: 2 / 5, strokes: 9 / 9
iteration step 479, G_loss: 0.07883, step_acc: 18.63108, grid_scale: 2 / 5, strokes: 9 / 9
iteration step 480, G_loss: 0.07873, step_acc: 18.63037, grid_scale: 2 / 5, strokes: 9 / 9
iteration step 481, G_loss: 0.07873, step_acc: 18.63505, grid_scale: 2 / 5, strokes: 9 / 9
iteration step 482, G_loss: 0.07866, step_acc: 18.64521, grid_scale: 2 / 5, strokes: 9 / 9
iteration step 483, G_loss: 0.07859, step_acc: 18.65190, grid_scale: 2 / 5, strokes: 9 / 9
iteration step 484, G_loss: 0.07849, step_acc: 18.66012, grid_scale: 2 / 5, strokes: 9 / 9
iteration step 485, G_loss: 0.07847, step_acc: 18.66986, grid_scale: 2 / 5, strokes: 9 / 9
iteration step 486, G_loss: 0.07837, step_acc: 18.67180, grid_scale: 2 / 5, strokes: 9 / 9
iteration step 487, G_loss: 0.07835, step_acc: 18.68183, grid_scale: 2 / 5, strokes: 9 / 9
iteration step 488, G_loss: 0.07827, step_acc: 18.68502, grid_scale: 2 / 5, strokes: 9 / 9
iteration step 489, G_loss: 0.07827, step_acc: 18.69002, grid_scale: 2 / 5, strokes: 9 / 9
iteration step 490, G_loss: 0.07820, step_acc: 18.69305, grid_scale: 2 / 5, strokes: 9 / 9
iteration step 491, G_loss: 0.07815, step_acc: 18.69620, grid_scale: 2 / 5, strokes: 9 / 9
iteration step 492, G_loss: 0.07810, step_acc: 18.69180, grid_scale: 2 / 5, strokes: 9 / 9
iteration step 493, G_loss: 0.07805, step_acc: 18.70234, grid_scale: 2 / 5, strokes: 9 / 9
iteration step 494, G_loss: 0.07798, step_acc: 18.70426, grid_scale: 2 / 5, strokes: 9 / 9
rendering canvas...
iteration step 0, G_loss: 0.07797, step_acc: 16.44063, grid_scale: 3 / 5, strokes: 1 / 9
iteration step 1, G_loss: 0.09786, step_acc: 16.50018, grid_scale: 3 / 5, strokes: 1 / 9
iteration step 2, G_loss: 0.09750, step_acc: 16.53995, grid_scale: 3 / 5, strokes: 1 / 9
iteration step 3, G_loss: 0.09711, step_acc: 16.55026, grid_scale: 3 / 5, strokes: 1 / 9
iteration step 4, G_loss: 0.09701, step_acc: 16.58009, grid_scale: 3 / 5, strokes: 1 / 9
iteration step 5, G_loss: 0.09674, step_acc: 16.59724, grid_scale: 3 / 5, strokes: 1 / 9
iteration step 6, G_loss: 0.09658, step_acc: 16.60561, grid_scale: 3 / 5, strokes: 1 / 9
iteration step 7, G_loss: 0.09644, step_acc: 16.62179, grid_scale: 3 / 5, strokes: 1 / 9
iteration step 8, G_loss: 0.09627, step_acc: 16.63450, grid_scale: 3 / 5, strokes: 1 / 9
iteration step 9, G_loss: 0.09612, step_acc: 16.64553, grid_scale: 3 / 5, strokes: 1 / 9
iteration step 10, G_loss: 0.09600, step_acc: 16.66307, grid_scale: 3 / 5, strokes: 1 / 9
iteration step 11, G_loss: 0.09587, step_acc: 16.69297, grid_scale: 3 / 5, strokes: 1 / 9
iteration step 12, G_loss: 0.09567, step_acc: 16.72318, grid_scale: 3 / 5, strokes: 1 / 9
iteration step 13, G_loss: 0.09549, step_acc: 16.74081, grid_scale: 3 / 5, strokes: 1 / 9
iteration step 14, G_loss: 0.09530, step_acc: 16.75486, grid_scale: 3 / 5, strokes: 1 / 9
iteration step 15, G_loss: 0.09520, step_acc: 16.76428, grid_scale: 3 / 5, strokes: 1 / 9
iteration step 16, G_loss: 0.09506, step_acc: 16.77029, grid_scale: 3 / 5, strokes: 1 / 9
iteration step 17, G_loss: 0.09506, step_acc: 16.76932, grid_scale: 3 / 5, strokes: 1 / 9
iteration step 18, G_loss: 0.09500, step_acc: 16.77783, grid_scale: 3 / 5, strokes: 1 / 9
iteration step 19, G_loss: 0.09496, step_acc: 16.77899, grid_scale: 3 / 5, strokes: 1 / 9
iteration step 20, G_loss: 0.09490, step_acc: 16.78386, grid_scale: 3 / 5, strokes: 1 / 9
iteration step 21, G_loss: 0.09488, step_acc: 16.78801, grid_scale: 3 / 5, strokes: 1 / 9
iteration step 22, G_loss: 0.09482, step_acc: 16.79236, grid_scale: 3 / 5, strokes: 1 / 9
iteration step 23, G_loss: 0.09477, step_acc: 16.79375, grid_scale: 3 / 5, strokes: 1 / 9
iteration step 24, G_loss: 0.09477, step_acc: 16.79567, grid_scale: 3 / 5, strokes: 1 / 9
iteration step 25, G_loss: 0.09474, step_acc: 16.79967, grid_scale: 3 / 5, strokes: 1 / 9
iteration step 26, G_loss: 0.09469, step_acc: 16.80103, grid_scale: 3 / 5, strokes: 1 / 9
iteration step 27, G_loss: 0.09466, step_acc: 16.80646, grid_scale: 3 / 5, strokes: 1 / 9
iteration step 28, G_loss: 0.09461, step_acc: 16.80692, grid_scale: 3 / 5, strokes: 1 / 9
iteration step 29, G_loss: 0.09457, step_acc: 16.81023, grid_scale: 3 / 5, strokes: 1 / 9
iteration step 30, G_loss: 0.09455, step_acc: 16.81149, grid_scale: 3 / 5, strokes: 1 / 9
iteration step 31, G_loss: 0.09453, step_acc: 16.81388, grid_scale: 3 / 5, strokes: 1 / 9
iteration step 32, G_loss: 0.09450, step_acc: 16.81811, grid_scale: 3 / 5, strokes: 1 / 9
iteration step 33, G_loss: 0.09445, step_acc: 16.82145, grid_scale: 3 / 5, strokes: 1 / 9
iteration step 34, G_loss: 0.09442, step_acc: 16.82327, grid_scale: 3 / 5, strokes: 1 / 9
iteration step 35, G_loss: 0.09439, step_acc: 16.82472, grid_scale: 3 / 5, strokes: 1 / 9
iteration step 36, G_loss: 0.09437, step_acc: 16.82584, grid_scale: 3 / 5, strokes: 1 / 9
iteration step 37, G_loss: 0.09435, step_acc: 16.82760, grid_scale: 3 / 5, strokes: 1 / 9
iteration step 38, G_loss: 0.09433, step_acc: 16.82763, grid_scale: 3 / 5, strokes: 1 / 9
iteration step 39, G_loss: 0.09433, step_acc: 16.83099, grid_scale: 3 / 5, strokes: 1 / 9
iteration step 40, G_loss: 0.09429, step_acc: 16.83169, grid_scale: 3 / 5, strokes: 1 / 9
iteration step 41, G_loss: 0.09426, step_acc: 16.83151, grid_scale: 3 / 5, strokes: 1 / 9
iteration step 42, G_loss: 0.09426, step_acc: 16.83386, grid_scale: 3 / 5, strokes: 1 / 9
iteration step 43, G_loss: 0.09421, step_acc: 16.83663, grid_scale: 3 / 5, strokes: 1 / 9
iteration step 44, G_loss: 0.09417, step_acc: 16.83904, grid_scale: 3 / 5, strokes: 1 / 9
iteration step 45, G_loss: 0.09414, step_acc: 16.84130, grid_scale: 3 / 5, strokes: 1 / 9
iteration step 46, G_loss: 0.09412, step_acc: 16.84164, grid_scale: 3 / 5, strokes: 1 / 9
iteration step 47, G_loss: 0.09408, step_acc: 16.84408, grid_scale: 3 / 5, strokes: 1 / 9
iteration step 48, G_loss: 0.09407, step_acc: 16.84160, grid_scale: 3 / 5, strokes: 1 / 9
iteration step 49, G_loss: 0.09405, step_acc: 16.84478, grid_scale: 3 / 5, strokes: 1 / 9
iteration step 50, G_loss: 0.09404, step_acc: 16.84682, grid_scale: 3 / 5, strokes: 1 / 9
iteration step 51, G_loss: 0.09400, step_acc: 16.84812, grid_scale: 3 / 5, strokes: 1 / 9
iteration step 52, G_loss: 0.09399, step_acc: 16.84961, grid_scale: 3 / 5, strokes: 1 / 9
iteration step 53, G_loss: 0.09396, step_acc: 16.84846, grid_scale: 3 / 5, strokes: 1 / 9
iteration step 54, G_loss: 0.09396, step_acc: 16.84994, grid_scale: 3 / 5, strokes: 1 / 9
iteration step 55, G_loss: 0.09395, step_acc: 16.93484, grid_scale: 3 / 5, strokes: 2 / 9
iteration step 56, G_loss: 0.09351, step_acc: 17.00445, grid_scale: 3 / 5, strokes: 2 / 9
iteration step 57, G_loss: 0.09271, step_acc: 17.05244, grid_scale: 3 / 5, strokes: 2 / 9
iteration step 58, G_loss: 0.09225, step_acc: 17.09132, grid_scale: 3 / 5, strokes: 2 / 9
iteration step 59, G_loss: 0.09189, step_acc: 17.10712, grid_scale: 3 / 5, strokes: 2 / 9
iteration step 60, G_loss: 0.09162, step_acc: 17.14041, grid_scale: 3 / 5, strokes: 2 / 9
iteration step 61, G_loss: 0.09136, step_acc: 17.15449, grid_scale: 3 / 5, strokes: 2 / 9
iteration step 62, G_loss: 0.09116, step_acc: 17.17383, grid_scale: 3 / 5, strokes: 2 / 9
iteration step 63, G_loss: 0.09095, step_acc: 17.18844, grid_scale: 3 / 5, strokes: 2 / 9
iteration step 64, G_loss: 0.09076, step_acc: 17.19996, grid_scale: 3 / 5, strokes: 2 / 9
iteration step 65, G_loss: 0.09064, step_acc: 17.20973, grid_scale: 3 / 5, strokes: 2 / 9
iteration step 66, G_loss: 0.09052, step_acc: 17.21466, grid_scale: 3 / 5, strokes: 2 / 9
iteration step 67, G_loss: 0.09048, step_acc: 17.22219, grid_scale: 3 / 5, strokes: 2 / 9
iteration step 68, G_loss: 0.09036, step_acc: 17.23195, grid_scale: 3 / 5, strokes: 2 / 9
iteration step 69, G_loss: 0.09027, step_acc: 17.23771, grid_scale: 3 / 5, strokes: 2 / 9
iteration step 70, G_loss: 0.09020, step_acc: 17.24686, grid_scale: 3 / 5, strokes: 2 / 9
iteration step 71, G_loss: 0.09009, step_acc: 17.25862, grid_scale: 3 / 5, strokes: 2 / 9
iteration step 72, G_loss: 0.08997, step_acc: 17.26101, grid_scale: 3 / 5, strokes: 2 / 9
iteration step 73, G_loss: 0.08988, step_acc: 17.27699, grid_scale: 3 / 5, strokes: 2 / 9
iteration step 74, G_loss: 0.08978, step_acc: 17.28851, grid_scale: 3 / 5, strokes: 2 / 9
iteration step 75, G_loss: 0.08967, step_acc: 17.29364, grid_scale: 3 / 5, strokes: 2 / 9
iteration step 76, G_loss: 0.08959, step_acc: 17.29894, grid_scale: 3 / 5, strokes: 2 / 9
iteration step 77, G_loss: 0.08954, step_acc: 17.30192, grid_scale: 3 / 5, strokes: 2 / 9
iteration step 78, G_loss: 0.08951, step_acc: 17.31179, grid_scale: 3 / 5, strokes: 2 / 9
iteration step 79, G_loss: 0.08942, step_acc: 17.32096, grid_scale: 3 / 5, strokes: 2 / 9
iteration step 80, G_loss: 0.08933, step_acc: 17.33279, grid_scale: 3 / 5, strokes: 2 / 9
iteration step 81, G_loss: 0.08922, step_acc: 17.34703, grid_scale: 3 / 5, strokes: 2 / 9
iteration step 82, G_loss: 0.08911, step_acc: 17.36129, grid_scale: 3 / 5, strokes: 2 / 9
iteration step 83, G_loss: 0.08900, step_acc: 17.36294, grid_scale: 3 / 5, strokes: 2 / 9
iteration step 84, G_loss: 0.08895, step_acc: 17.37536, grid_scale: 3 / 5, strokes: 2 / 9
iteration step 85, G_loss: 0.08890, step_acc: 17.37943, grid_scale: 3 / 5, strokes: 2 / 9
iteration step 86, G_loss: 0.08884, step_acc: 17.38101, grid_scale: 3 / 5, strokes: 2 / 9
iteration step 87, G_loss: 0.08880, step_acc: 17.38438, grid_scale: 3 / 5, strokes: 2 / 9
iteration step 88, G_loss: 0.08876, step_acc: 17.38745, grid_scale: 3 / 5, strokes: 2 / 9
iteration step 89, G_loss: 0.08873, step_acc: 17.38798, grid_scale: 3 / 5, strokes: 2 / 9
iteration step 90, G_loss: 0.08872, step_acc: 17.39075, grid_scale: 3 / 5, strokes: 2 / 9
iteration step 91, G_loss: 0.08871, step_acc: 17.39006, grid_scale: 3 / 5, strokes: 2 / 9
iteration step 92, G_loss: 0.08867, step_acc: 17.39245, grid_scale: 3 / 5, strokes: 2 / 9
iteration step 93, G_loss: 0.08863, step_acc: 17.39387, grid_scale: 3 / 5, strokes: 2 / 9
iteration step 94, G_loss: 0.08861, step_acc: 17.39637, grid_scale: 3 / 5, strokes: 2 / 9
iteration step 95, G_loss: 0.08859, step_acc: 17.39654, grid_scale: 3 / 5, strokes: 2 / 9
iteration step 96, G_loss: 0.08857, step_acc: 17.40318, grid_scale: 3 / 5, strokes: 2 / 9
iteration step 97, G_loss: 0.08852, step_acc: 17.40346, grid_scale: 3 / 5, strokes: 2 / 9
iteration step 98, G_loss: 0.08851, step_acc: 17.40633, grid_scale: 3 / 5, strokes: 2 / 9
iteration step 99, G_loss: 0.08850, step_acc: 17.40380, grid_scale: 3 / 5, strokes: 2 / 9
iteration step 100, G_loss: 0.08850, step_acc: 17.41058, grid_scale: 3 / 5, strokes: 2 / 9
iteration step 101, G_loss: 0.08847, step_acc: 17.41000, grid_scale: 3 / 5, strokes: 2 / 9
iteration step 102, G_loss: 0.08845, step_acc: 17.41339, grid_scale: 3 / 5, strokes: 2 / 9
iteration step 103, G_loss: 0.08843, step_acc: 17.41523, grid_scale: 3 / 5, strokes: 2 / 9
iteration step 104, G_loss: 0.08841, step_acc: 17.41772, grid_scale: 3 / 5, strokes: 2 / 9
iteration step 105, G_loss: 0.08837, step_acc: 17.42333, grid_scale: 3 / 5, strokes: 2 / 9
iteration step 106, G_loss: 0.08833, step_acc: 17.42331, grid_scale: 3 / 5, strokes: 2 / 9
iteration step 107, G_loss: 0.08829, step_acc: 17.43103, grid_scale: 3 / 5, strokes: 2 / 9
iteration step 108, G_loss: 0.08824, step_acc: 17.43252, grid_scale: 3 / 5, strokes: 2 / 9
iteration step 109, G_loss: 0.08821, step_acc: 17.44068, grid_scale: 3 / 5, strokes: 2 / 9
iteration step 110, G_loss: 0.08814, step_acc: 17.49194, grid_scale: 3 / 5, strokes: 3 / 9
iteration step 111, G_loss: 0.08771, step_acc: 17.51195, grid_scale: 3 / 5, strokes: 3 / 9
iteration step 112, G_loss: 0.08748, step_acc: 17.52768, grid_scale: 3 / 5, strokes: 3 / 9
iteration step 113, G_loss: 0.08727, step_acc: 17.54905, grid_scale: 3 / 5, strokes: 3 / 9
iteration step 114, G_loss: 0.08704, step_acc: 17.56975, grid_scale: 3 / 5, strokes: 3 / 9
iteration step 115, G_loss: 0.08680, step_acc: 17.59152, grid_scale: 3 / 5, strokes: 3 / 9
iteration step 116, G_loss: 0.08658, step_acc: 17.60702, grid_scale: 3 / 5, strokes: 3 / 9
iteration step 117, G_loss: 0.08645, step_acc: 17.63128, grid_scale: 3 / 5, strokes: 3 / 9
iteration step 118, G_loss: 0.08619, step_acc: 17.65188, grid_scale: 3 / 5, strokes: 3 / 9
iteration step 119, G_loss: 0.08597, step_acc: 17.67002, grid_scale: 3 / 5, strokes: 3 / 9
iteration step 120, G_loss: 0.08575, step_acc: 17.68813, grid_scale: 3 / 5, strokes: 3 / 9
iteration step 121, G_loss: 0.08559, step_acc: 17.71152, grid_scale: 3 / 5, strokes: 3 / 9
iteration step 122, G_loss: 0.08538, step_acc: 17.72874, grid_scale: 3 / 5, strokes: 3 / 9
iteration step 123, G_loss: 0.08517, step_acc: 17.74872, grid_scale: 3 / 5, strokes: 3 / 9
iteration step 124, G_loss: 0.08498, step_acc: 17.75504, grid_scale: 3 / 5, strokes: 3 / 9
iteration step 125, G_loss: 0.08483, step_acc: 17.76455, grid_scale: 3 / 5, strokes: 3 / 9
iteration step 126, G_loss: 0.08477, step_acc: 17.76623, grid_scale: 3 / 5, strokes: 3 / 9
iteration step 127, G_loss: 0.08470, step_acc: 17.78130, grid_scale: 3 / 5, strokes: 3 / 9
iteration step 128, G_loss: 0.08453, step_acc: 17.78572, grid_scale: 3 / 5, strokes: 3 / 9
iteration step 129, G_loss: 0.08444, step_acc: 17.79171, grid_scale: 3 / 5, strokes: 3 / 9
iteration step 130, G_loss: 0.08435, step_acc: 17.80144, grid_scale: 3 / 5, strokes: 3 / 9
iteration step 131, G_loss: 0.08426, step_acc: 17.80266, grid_scale: 3 / 5, strokes: 3 / 9
iteration step 132, G_loss: 0.08420, step_acc: 17.80890, grid_scale: 3 / 5, strokes: 3 / 9
iteration step 133, G_loss: 0.08414, step_acc: 17.81416, grid_scale: 3 / 5, strokes: 3 / 9
iteration step 134, G_loss: 0.08406, step_acc: 17.82171, grid_scale: 3 / 5, strokes: 3 / 9
iteration step 135, G_loss: 0.08396, step_acc: 17.82210, grid_scale: 3 / 5, strokes: 3 / 9
iteration step 136, G_loss: 0.08392, step_acc: 17.82306, grid_scale: 3 / 5, strokes: 3 / 9
iteration step 137, G_loss: 0.08392, step_acc: 17.82405, grid_scale: 3 / 5, strokes: 3 / 9
iteration step 138, G_loss: 0.08388, step_acc: 17.82809, grid_scale: 3 / 5, strokes: 3 / 9
iteration step 139, G_loss: 0.08385, step_acc: 17.82979, grid_scale: 3 / 5, strokes: 3 / 9
iteration step 140, G_loss: 0.08382, step_acc: 17.83060, grid_scale: 3 / 5, strokes: 3 / 9
iteration step 141, G_loss: 0.08377, step_acc: 17.83502, grid_scale: 3 / 5, strokes: 3 / 9
iteration step 142, G_loss: 0.08373, step_acc: 17.83440, grid_scale: 3 / 5, strokes: 3 / 9
iteration step 143, G_loss: 0.08372, step_acc: 17.83659, grid_scale: 3 / 5, strokes: 3 / 9
iteration step 144, G_loss: 0.08367, step_acc: 17.83917, grid_scale: 3 / 5, strokes: 3 / 9
iteration step 145, G_loss: 0.08362, step_acc: 17.84155, grid_scale: 3 / 5, strokes: 3 / 9
iteration step 146, G_loss: 0.08356, step_acc: 17.84603, grid_scale: 3 / 5, strokes: 3 / 9
iteration step 147, G_loss: 0.08351, step_acc: 17.84854, grid_scale: 3 / 5, strokes: 3 / 9
iteration step 148, G_loss: 0.08347, step_acc: 17.85401, grid_scale: 3 / 5, strokes: 3 / 9
iteration step 149, G_loss: 0.08345, step_acc: 17.85086, grid_scale: 3 / 5, strokes: 3 / 9
iteration step 150, G_loss: 0.08341, step_acc: 17.85242, grid_scale: 3 / 5, strokes: 3 / 9
iteration step 151, G_loss: 0.08340, step_acc: 17.85326, grid_scale: 3 / 5, strokes: 3 / 9
iteration step 152, G_loss: 0.08338, step_acc: 17.85367, grid_scale: 3 / 5, strokes: 3 / 9
iteration step 153, G_loss: 0.08335, step_acc: 17.85924, grid_scale: 3 / 5, strokes: 3 / 9
iteration step 154, G_loss: 0.08332, step_acc: 17.85852, grid_scale: 3 / 5, strokes: 3 / 9
iteration step 155, G_loss: 0.08329, step_acc: 17.86092, grid_scale: 3 / 5, strokes: 3 / 9
iteration step 156, G_loss: 0.08329, step_acc: 17.85674, grid_scale: 3 / 5, strokes: 3 / 9
iteration step 157, G_loss: 0.08329, step_acc: 17.86723, grid_scale: 3 / 5, strokes: 3 / 9
iteration step 158, G_loss: 0.08324, step_acc: 17.86236, grid_scale: 3 / 5, strokes: 3 / 9
iteration step 159, G_loss: 0.08323, step_acc: 17.86532, grid_scale: 3 / 5, strokes: 3 / 9
iteration step 160, G_loss: 0.08323, step_acc: 17.86308, grid_scale: 3 / 5, strokes: 3 / 9
iteration step 161, G_loss: 0.08320, step_acc: 17.86521, grid_scale: 3 / 5, strokes: 3 / 9
iteration step 162, G_loss: 0.08319, step_acc: 17.86689, grid_scale: 3 / 5, strokes: 3 / 9
iteration step 163, G_loss: 0.08319, step_acc: 17.86603, grid_scale: 3 / 5, strokes: 3 / 9
iteration step 164, G_loss: 0.08316, step_acc: 17.87083, grid_scale: 3 / 5, strokes: 3 / 9
iteration step 165, G_loss: 0.08315, step_acc: 17.91022, grid_scale: 3 / 5, strokes: 4 / 9
iteration step 166, G_loss: 0.08276, step_acc: 17.95436, grid_scale: 3 / 5, strokes: 4 / 9
iteration step 167, G_loss: 0.08231, step_acc: 17.97754, grid_scale: 3 / 5, strokes: 4 / 9
iteration step 168, G_loss: 0.08204, step_acc: 18.01739, grid_scale: 3 / 5, strokes: 4 / 9
iteration step 169, G_loss: 0.08163, step_acc: 18.03342, grid_scale: 3 / 5, strokes: 4 / 9
iteration step 170, G_loss: 0.08143, step_acc: 18.04929, grid_scale: 3 / 5, strokes: 4 / 9
iteration step 171, G_loss: 0.08124, step_acc: 18.05852, grid_scale: 3 / 5, strokes: 4 / 9
iteration step 172, G_loss: 0.08112, step_acc: 18.07532, grid_scale: 3 / 5, strokes: 4 / 9
iteration step 173, G_loss: 0.08092, step_acc: 18.08758, grid_scale: 3 / 5, strokes: 4 / 9
iteration step 174, G_loss: 0.08080, step_acc: 18.09890, grid_scale: 3 / 5, strokes: 4 / 9
iteration step 175, G_loss: 0.08065, step_acc: 18.10989, grid_scale: 3 / 5, strokes: 4 / 9
iteration step 176, G_loss: 0.08054, step_acc: 18.12132, grid_scale: 3 / 5, strokes: 4 / 9
iteration step 177, G_loss: 0.08042, step_acc: 18.13047, grid_scale: 3 / 5, strokes: 4 / 9
iteration step 178, G_loss: 0.08030, step_acc: 18.13907, grid_scale: 3 / 5, strokes: 4 / 9
iteration step 179, G_loss: 0.08020, step_acc: 18.14745, grid_scale: 3 / 5, strokes: 4 / 9
iteration step 180, G_loss: 0.08011, step_acc: 18.15020, grid_scale: 3 / 5, strokes: 4 / 9
iteration step 181, G_loss: 0.08003, step_acc: 18.16143, grid_scale: 3 / 5, strokes: 4 / 9
iteration step 182, G_loss: 0.07997, step_acc: 18.15779, grid_scale: 3 / 5, strokes: 4 / 9
iteration step 183, G_loss: 0.07992, step_acc: 18.16555, grid_scale: 3 / 5, strokes: 4 / 9
iteration step 184, G_loss: 0.07988, step_acc: 18.16150, grid_scale: 3 / 5, strokes: 4 / 9
iteration step 185, G_loss: 0.07987, step_acc: 18.16609, grid_scale: 3 / 5, strokes: 4 / 9
iteration step 186, G_loss: 0.07981, step_acc: 18.16898, grid_scale: 3 / 5, strokes: 4 / 9
iteration step 187, G_loss: 0.07975, step_acc: 18.17313, grid_scale: 3 / 5, strokes: 4 / 9
iteration step 188, G_loss: 0.07969, step_acc: 18.17501, grid_scale: 3 / 5, strokes: 4 / 9
iteration step 189, G_loss: 0.07966, step_acc: 18.17956, grid_scale: 3 / 5, strokes: 4 / 9
iteration step 190, G_loss: 0.07958, step_acc: 18.18236, grid_scale: 3 / 5, strokes: 4 / 9
iteration step 191, G_loss: 0.07955, step_acc: 18.18463, grid_scale: 3 / 5, strokes: 4 / 9
iteration step 192, G_loss: 0.07948, step_acc: 18.19153, grid_scale: 3 / 5, strokes: 4 / 9
iteration step 193, G_loss: 0.07946, step_acc: 18.18659, grid_scale: 3 / 5, strokes: 4 / 9
iteration step 194, G_loss: 0.07942, step_acc: 18.19171, grid_scale: 3 / 5, strokes: 4 / 9
iteration step 195, G_loss: 0.07940, step_acc: 18.19194, grid_scale: 3 / 5, strokes: 4 / 9
iteration step 196, G_loss: 0.07935, step_acc: 18.19324, grid_scale: 3 / 5, strokes: 4 / 9
iteration step 197, G_loss: 0.07934, step_acc: 18.19573, grid_scale: 3 / 5, strokes: 4 / 9
iteration step 198, G_loss: 0.07933, step_acc: 18.19765, grid_scale: 3 / 5, strokes: 4 / 9
iteration step 199, G_loss: 0.07929, step_acc: 18.19941, grid_scale: 3 / 5, strokes: 4 / 9
iteration step 200, G_loss: 0.07923, step_acc: 18.19765, grid_scale: 3 / 5, strokes: 4 / 9
iteration step 201, G_loss: 0.07921, step_acc: 18.20030, grid_scale: 3 / 5, strokes: 4 / 9
iteration step 202, G_loss: 0.07918, step_acc: 18.20151, grid_scale: 3 / 5, strokes: 4 / 9
iteration step 203, G_loss: 0.07918, step_acc: 18.20137, grid_scale: 3 / 5, strokes: 4 / 9
iteration step 204, G_loss: 0.07916, step_acc: 18.20651, grid_scale: 3 / 5, strokes: 4 / 9
iteration step 205, G_loss: 0.07917, step_acc: 18.20848, grid_scale: 3 / 5, strokes: 4 / 9
iteration step 206, G_loss: 0.07909, step_acc: 18.21239, grid_scale: 3 / 5, strokes: 4 / 9
iteration step 207, G_loss: 0.07904, step_acc: 18.21872, grid_scale: 3 / 5, strokes: 4 / 9
iteration step 208, G_loss: 0.07898, step_acc: 18.21898, grid_scale: 3 / 5, strokes: 4 / 9
iteration step 209, G_loss: 0.07896, step_acc: 18.22103, grid_scale: 3 / 5, strokes: 4 / 9
iteration step 210, G_loss: 0.07895, step_acc: 18.21985, grid_scale: 3 / 5, strokes: 4 / 9
iteration step 211, G_loss: 0.07890, step_acc: 18.22145, grid_scale: 3 / 5, strokes: 4 / 9
iteration step 212, G_loss: 0.07890, step_acc: 18.22177, grid_scale: 3 / 5, strokes: 4 / 9
iteration step 213, G_loss: 0.07889, step_acc: 18.22229, grid_scale: 3 / 5, strokes: 4 / 9
iteration step 214, G_loss: 0.07886, step_acc: 18.22392, grid_scale: 3 / 5, strokes: 4 / 9
iteration step 215, G_loss: 0.07884, step_acc: 18.22436, grid_scale: 3 / 5, strokes: 4 / 9
iteration step 216, G_loss: 0.07883, step_acc: 18.22277, grid_scale: 3 / 5, strokes: 4 / 9
iteration step 217, G_loss: 0.07881, step_acc: 18.23127, grid_scale: 3 / 5, strokes: 4 / 9
iteration step 218, G_loss: 0.07880, step_acc: 18.22093, grid_scale: 3 / 5, strokes: 4 / 9
iteration step 219, G_loss: 0.07880, step_acc: 18.22943, grid_scale: 3 / 5, strokes: 4 / 9
iteration step 220, G_loss: 0.07877, step_acc: 18.24222, grid_scale: 3 / 5, strokes: 5 / 9
iteration step 221, G_loss: 0.07883, step_acc: 18.25820, grid_scale: 3 / 5, strokes: 5 / 9
iteration step 222, G_loss: 0.07864, step_acc: 18.28629, grid_scale: 3 / 5, strokes: 5 / 9
iteration step 223, G_loss: 0.07844, step_acc: 18.30375, grid_scale: 3 / 5, strokes: 5 / 9
iteration step 224, G_loss: 0.07824, step_acc: 18.31604, grid_scale: 3 / 5, strokes: 5 / 9
iteration step 225, G_loss: 0.07819, step_acc: 18.33528, grid_scale: 3 / 5, strokes: 5 / 9
iteration step 226, G_loss: 0.07801, step_acc: 18.34234, grid_scale: 3 / 5, strokes: 5 / 9
iteration step 227, G_loss: 0.07792, step_acc: 18.35382, grid_scale: 3 / 5, strokes: 5 / 9
iteration step 228, G_loss: 0.07783, step_acc: 18.35895, grid_scale: 3 / 5, strokes: 5 / 9
iteration step 229, G_loss: 0.07775, step_acc: 18.37625, grid_scale: 3 / 5, strokes: 5 / 9
iteration step 230, G_loss: 0.07771, step_acc: 18.37717, grid_scale: 3 / 5, strokes: 5 / 9
iteration step 231, G_loss: 0.07757, step_acc: 18.39407, grid_scale: 3 / 5, strokes: 5 / 9
iteration step 232, G_loss: 0.07746, step_acc: 18.39910, grid_scale: 3 / 5, strokes: 5 / 9
iteration step 233, G_loss: 0.07732, step_acc: 18.41105, grid_scale: 3 / 5, strokes: 5 / 9
iteration step 234, G_loss: 0.07724, step_acc: 18.41854, grid_scale: 3 / 5, strokes: 5 / 9
iteration step 235, G_loss: 0.07713, step_acc: 18.41782, grid_scale: 3 / 5, strokes: 5 / 9
iteration step 236, G_loss: 0.07707, step_acc: 18.42422, grid_scale: 3 / 5, strokes: 5 / 9
iteration step 237, G_loss: 0.07698, step_acc: 18.43833, grid_scale: 3 / 5, strokes: 5 / 9
iteration step 238, G_loss: 0.07689, step_acc: 18.44362, grid_scale: 3 / 5, strokes: 5 / 9
iteration step 239, G_loss: 0.07676, step_acc: 18.45473, grid_scale: 3 / 5, strokes: 5 / 9
iteration step 240, G_loss: 0.07667, step_acc: 18.45757, grid_scale: 3 / 5, strokes: 5 / 9
iteration step 241, G_loss: 0.07655, step_acc: 18.46809, grid_scale: 3 / 5, strokes: 5 / 9
iteration step 242, G_loss: 0.07646, step_acc: 18.47246, grid_scale: 3 / 5, strokes: 5 / 9
iteration step 243, G_loss: 0.07640, step_acc: 18.47702, grid_scale: 3 / 5, strokes: 5 / 9
iteration step 244, G_loss: 0.07632, step_acc: 18.48675, grid_scale: 3 / 5, strokes: 5 / 9
iteration step 245, G_loss: 0.07621, step_acc: 18.49226, grid_scale: 3 / 5, strokes: 5 / 9
iteration step 246, G_loss: 0.07613, step_acc: 18.50264, grid_scale: 3 / 5, strokes: 5 / 9
iteration step 247, G_loss: 0.07604, step_acc: 18.50142, grid_scale: 3 / 5, strokes: 5 / 9
iteration step 248, G_loss: 0.07598, step_acc: 18.51433, grid_scale: 3 / 5, strokes: 5 / 9
iteration step 249, G_loss: 0.07589, step_acc: 18.51070, grid_scale: 3 / 5, strokes: 5 / 9
iteration step 250, G_loss: 0.07582, step_acc: 18.51966, grid_scale: 3 / 5, strokes: 5 / 9
iteration step 251, G_loss: 0.07576, step_acc: 18.52109, grid_scale: 3 / 5, strokes: 5 / 9
iteration step 252, G_loss: 0.07572, step_acc: 18.52972, grid_scale: 3 / 5, strokes: 5 / 9
iteration step 253, G_loss: 0.07562, step_acc: 18.52828, grid_scale: 3 / 5, strokes: 5 / 9
iteration step 254, G_loss: 0.07561, step_acc: 18.53120, grid_scale: 3 / 5, strokes: 5 / 9
iteration step 255, G_loss: 0.07556, step_acc: 18.53228, grid_scale: 3 / 5, strokes: 5 / 9
iteration step 256, G_loss: 0.07554, step_acc: 18.53433, grid_scale: 3 / 5, strokes: 5 / 9
iteration step 257, G_loss: 0.07549, step_acc: 18.54033, grid_scale: 3 / 5, strokes: 5 / 9
iteration step 258, G_loss: 0.07547, step_acc: 18.53709, grid_scale: 3 / 5, strokes: 5 / 9
iteration step 259, G_loss: 0.07541, step_acc: 18.54371, grid_scale: 3 / 5, strokes: 5 / 9
iteration step 260, G_loss: 0.07540, step_acc: 18.54171, grid_scale: 3 / 5, strokes: 5 / 9
iteration step 261, G_loss: 0.07535, step_acc: 18.54852, grid_scale: 3 / 5, strokes: 5 / 9
iteration step 262, G_loss: 0.07529, step_acc: 18.54826, grid_scale: 3 / 5, strokes: 5 / 9
iteration step 263, G_loss: 0.07529, step_acc: 18.54651, grid_scale: 3 / 5, strokes: 5 / 9
iteration step 264, G_loss: 0.07525, step_acc: 18.55111, grid_scale: 3 / 5, strokes: 5 / 9
iteration step 265, G_loss: 0.07522, step_acc: 18.55308, grid_scale: 3 / 5, strokes: 5 / 9
iteration step 266, G_loss: 0.07518, step_acc: 18.55446, grid_scale: 3 / 5, strokes: 5 / 9
iteration step 267, G_loss: 0.07516, step_acc: 18.56029, grid_scale: 3 / 5, strokes: 5 / 9
iteration step 268, G_loss: 0.07513, step_acc: 18.55750, grid_scale: 3 / 5, strokes: 5 / 9
iteration step 269, G_loss: 0.07511, step_acc: 18.55966, grid_scale: 3 / 5, strokes: 5 / 9
iteration step 270, G_loss: 0.07510, step_acc: 18.56176, grid_scale: 3 / 5, strokes: 5 / 9
iteration step 271, G_loss: 0.07505, step_acc: 18.56308, grid_scale: 3 / 5, strokes: 5 / 9
iteration step 272, G_loss: 0.07501, step_acc: 18.56430, grid_scale: 3 / 5, strokes: 5 / 9
iteration step 273, G_loss: 0.07498, step_acc: 18.56889, grid_scale: 3 / 5, strokes: 5 / 9
iteration step 274, G_loss: 0.07494, step_acc: 18.57070, grid_scale: 3 / 5, strokes: 5 / 9
iteration step 275, G_loss: 0.07488, step_acc: 18.58818, grid_scale: 3 / 5, strokes: 6 / 9
iteration step 276, G_loss: 0.07474, step_acc: 18.61499, grid_scale: 3 / 5, strokes: 6 / 9
iteration step 277, G_loss: 0.07446, step_acc: 18.66033, grid_scale: 3 / 5, strokes: 6 / 9
iteration step 278, G_loss: 0.07405, step_acc: 18.68749, grid_scale: 3 / 5, strokes: 6 / 9
iteration step 279, G_loss: 0.07385, step_acc: 18.71172, grid_scale: 3 / 5, strokes: 6 / 9
iteration step 280, G_loss: 0.07358, step_acc: 18.72794, grid_scale: 3 / 5, strokes: 6 / 9
iteration step 281, G_loss: 0.07349, step_acc: 18.74081, grid_scale: 3 / 5, strokes: 6 / 9
iteration step 282, G_loss: 0.07330, step_acc: 18.75950, grid_scale: 3 / 5, strokes: 6 / 9
iteration step 283, G_loss: 0.07319, step_acc: 18.77780, grid_scale: 3 / 5, strokes: 6 / 9
iteration step 284, G_loss: 0.07306, step_acc: 18.79618, grid_scale: 3 / 5, strokes: 6 / 9
iteration step 285, G_loss: 0.07291, step_acc: 18.80201, grid_scale: 3 / 5, strokes: 6 / 9
iteration step 286, G_loss: 0.07280, step_acc: 18.82348, grid_scale: 3 / 5, strokes: 6 / 9
iteration step 287, G_loss: 0.07271, step_acc: 18.82122, grid_scale: 3 / 5, strokes: 6 / 9
iteration step 288, G_loss: 0.07260, step_acc: 18.83621, grid_scale: 3 / 5, strokes: 6 / 9
iteration step 289, G_loss: 0.07254, step_acc: 18.84475, grid_scale: 3 / 5, strokes: 6 / 9
iteration step 290, G_loss: 0.07243, step_acc: 18.84897, grid_scale: 3 / 5, strokes: 6 / 9
iteration step 291, G_loss: 0.07237, step_acc: 18.85244, grid_scale: 3 / 5, strokes: 6 / 9
iteration step 292, G_loss: 0.07230, step_acc: 18.86169, grid_scale: 3 / 5, strokes: 6 / 9
iteration step 293, G_loss: 0.07225, step_acc: 18.86116, grid_scale: 3 / 5, strokes: 6 / 9
iteration step 294, G_loss: 0.07213, step_acc: 18.86852, grid_scale: 3 / 5, strokes: 6 / 9
iteration step 295, G_loss: 0.07208, step_acc: 18.87098, grid_scale: 3 / 5, strokes: 6 / 9
iteration step 296, G_loss: 0.07202, step_acc: 18.89132, grid_scale: 3 / 5, strokes: 6 / 9
iteration step 297, G_loss: 0.07188, step_acc: 18.90107, grid_scale: 3 / 5, strokes: 6 / 9
iteration step 298, G_loss: 0.07179, step_acc: 18.91498, grid_scale: 3 / 5, strokes: 6 / 9
iteration step 299, G_loss: 0.07169, step_acc: 18.92364, grid_scale: 3 / 5, strokes: 6 / 9
iteration step 300, G_loss: 0.07159, step_acc: 18.93097, grid_scale: 3 / 5, strokes: 6 / 9
iteration step 301, G_loss: 0.07153, step_acc: 18.93587, grid_scale: 3 / 5, strokes: 6 / 9
iteration step 302, G_loss: 0.07144, step_acc: 18.95187, grid_scale: 3 / 5, strokes: 6 / 9
iteration step 303, G_loss: 0.07135, step_acc: 18.95326, grid_scale: 3 / 5, strokes: 6 / 9
iteration step 304, G_loss: 0.07130, step_acc: 18.96003, grid_scale: 3 / 5, strokes: 6 / 9
iteration step 305, G_loss: 0.07128, step_acc: 18.95827, grid_scale: 3 / 5, strokes: 6 / 9
iteration step 306, G_loss: 0.07123, step_acc: 18.97080, grid_scale: 3 / 5, strokes: 6 / 9
iteration step 307, G_loss: 0.07118, step_acc: 18.96550, grid_scale: 3 / 5, strokes: 6 / 9
iteration step 308, G_loss: 0.07114, step_acc: 18.98379, grid_scale: 3 / 5, strokes: 6 / 9
iteration step 309, G_loss: 0.07107, step_acc: 18.97302, grid_scale: 3 / 5, strokes: 6 / 9
iteration step 310, G_loss: 0.07101, step_acc: 18.99070, grid_scale: 3 / 5, strokes: 6 / 9
iteration step 311, G_loss: 0.07093, step_acc: 18.98893, grid_scale: 3 / 5, strokes: 6 / 9
iteration step 312, G_loss: 0.07084, step_acc: 18.99765, grid_scale: 3 / 5, strokes: 6 / 9
iteration step 313, G_loss: 0.07083, step_acc: 18.99201, grid_scale: 3 / 5, strokes: 6 / 9
iteration step 314, G_loss: 0.07080, step_acc: 19.00074, grid_scale: 3 / 5, strokes: 6 / 9
iteration step 315, G_loss: 0.07073, step_acc: 19.00265, grid_scale: 3 / 5, strokes: 6 / 9
iteration step 316, G_loss: 0.07068, step_acc: 19.01209, grid_scale: 3 / 5, strokes: 6 / 9
iteration step 317, G_loss: 0.07062, step_acc: 19.00510, grid_scale: 3 / 5, strokes: 6 / 9
iteration step 318, G_loss: 0.07059, step_acc: 19.01449, grid_scale: 3 / 5, strokes: 6 / 9
iteration step 319, G_loss: 0.07058, step_acc: 19.01643, grid_scale: 3 / 5, strokes: 6 / 9
iteration step 320, G_loss: 0.07049, step_acc: 19.02282, grid_scale: 3 / 5, strokes: 6 / 9
iteration step 321, G_loss: 0.07043, step_acc: 19.01934, grid_scale: 3 / 5, strokes: 6 / 9
iteration step 322, G_loss: 0.07040, step_acc: 19.02777, grid_scale: 3 / 5, strokes: 6 / 9
iteration step 323, G_loss: 0.07041, step_acc: 19.02455, grid_scale: 3 / 5, strokes: 6 / 9
iteration step 324, G_loss: 0.07042, step_acc: 19.02644, grid_scale: 3 / 5, strokes: 6 / 9
iteration step 325, G_loss: 0.07037, step_acc: 19.02755, grid_scale: 3 / 5, strokes: 6 / 9
iteration step 326, G_loss: 0.07038, step_acc: 19.03137, grid_scale: 3 / 5, strokes: 6 / 9
iteration step 327, G_loss: 0.07034, step_acc: 19.03646, grid_scale: 3 / 5, strokes: 6 / 9
iteration step 328, G_loss: 0.07030, step_acc: 19.03163, grid_scale: 3 / 5, strokes: 6 / 9
iteration step 329, G_loss: 0.07030, step_acc: 19.03723, grid_scale: 3 / 5, strokes: 6 / 9
iteration step 330, G_loss: 0.07026, step_acc: 19.11067, grid_scale: 3 / 5, strokes: 7 / 9
iteration step 331, G_loss: 0.07047, step_acc: 19.18956, grid_scale: 3 / 5, strokes: 7 / 9
iteration step 332, G_loss: 0.07002, step_acc: 19.22451, grid_scale: 3 / 5, strokes: 7 / 9
iteration step 333, G_loss: 0.06973, step_acc: 19.24910, grid_scale: 3 / 5, strokes: 7 / 9
iteration step 334, G_loss: 0.06954, step_acc: 19.27248, grid_scale: 3 / 5, strokes: 7 / 9
iteration step 335, G_loss: 0.06944, step_acc: 19.26915, grid_scale: 3 / 5, strokes: 7 / 9
iteration step 336, G_loss: 0.06940, step_acc: 19.29179, grid_scale: 3 / 5, strokes: 7 / 9
iteration step 337, G_loss: 0.06924, step_acc: 19.29430, grid_scale: 3 / 5, strokes: 7 / 9
iteration step 338, G_loss: 0.06917, step_acc: 19.30899, grid_scale: 3 / 5, strokes: 7 / 9
iteration step 339, G_loss: 0.06909, step_acc: 19.30152, grid_scale: 3 / 5, strokes: 7 / 9
iteration step 340, G_loss: 0.06908, step_acc: 19.31834, grid_scale: 3 / 5, strokes: 7 / 9
iteration step 341, G_loss: 0.06899, step_acc: 19.32219, grid_scale: 3 / 5, strokes: 7 / 9
iteration step 342, G_loss: 0.06894, step_acc: 19.32980, grid_scale: 3 / 5, strokes: 7 / 9
iteration step 343, G_loss: 0.06891, step_acc: 19.32944, grid_scale: 3 / 5, strokes: 7 / 9
iteration step 344, G_loss: 0.06888, step_acc: 19.33650, grid_scale: 3 / 5, strokes: 7 / 9
iteration step 345, G_loss: 0.06887, step_acc: 19.33905, grid_scale: 3 / 5, strokes: 7 / 9
iteration step 346, G_loss: 0.06882, step_acc: 19.34176, grid_scale: 3 / 5, strokes: 7 / 9
iteration step 347, G_loss: 0.06882, step_acc: 19.34633, grid_scale: 3 / 5, strokes: 7 / 9
iteration step 348, G_loss: 0.06879, step_acc: 19.34138, grid_scale: 3 / 5, strokes: 7 / 9
iteration step 349, G_loss: 0.06880, step_acc: 19.34949, grid_scale: 3 / 5, strokes: 7 / 9
iteration step 350, G_loss: 0.06871, step_acc: 19.35117, grid_scale: 3 / 5, strokes: 7 / 9
iteration step 351, G_loss: 0.06872, step_acc: 19.35358, grid_scale: 3 / 5, strokes: 7 / 9
iteration step 352, G_loss: 0.06869, step_acc: 19.35530, grid_scale: 3 / 5, strokes: 7 / 9
iteration step 353, G_loss: 0.06872, step_acc: 19.35028, grid_scale: 3 / 5, strokes: 7 / 9
iteration step 354, G_loss: 0.06872, step_acc: 19.35990, grid_scale: 3 / 5, strokes: 7 / 9
iteration step 355, G_loss: 0.06865, step_acc: 19.35277, grid_scale: 3 / 5, strokes: 7 / 9
iteration step 356, G_loss: 0.06867, step_acc: 19.36232, grid_scale: 3 / 5, strokes: 7 / 9
iteration step 357, G_loss: 0.06863, step_acc: 19.35854, grid_scale: 3 / 5, strokes: 7 / 9
iteration step 358, G_loss: 0.06860, step_acc: 19.37036, grid_scale: 3 / 5, strokes: 7 / 9
iteration step 359, G_loss: 0.06858, step_acc: 19.35812, grid_scale: 3 / 5, strokes: 7 / 9
iteration step 360, G_loss: 0.06860, step_acc: 19.36468, grid_scale: 3 / 5, strokes: 7 / 9
iteration step 361, G_loss: 0.06859, step_acc: 19.36587, grid_scale: 3 / 5, strokes: 7 / 9
iteration step 362, G_loss: 0.06855, step_acc: 19.36621, grid_scale: 3 / 5, strokes: 7 / 9
iteration step 363, G_loss: 0.06856, step_acc: 19.36434, grid_scale: 3 / 5, strokes: 7 / 9
iteration step 364, G_loss: 0.06859, step_acc: 19.36486, grid_scale: 3 / 5, strokes: 7 / 9
iteration step 365, G_loss: 0.06858, step_acc: 19.37343, grid_scale: 3 / 5, strokes: 7 / 9
iteration step 366, G_loss: 0.06851, step_acc: 19.37207, grid_scale: 3 / 5, strokes: 7 / 9
iteration step 367, G_loss: 0.06854, step_acc: 19.36798, grid_scale: 3 / 5, strokes: 7 / 9
iteration step 368, G_loss: 0.06854, step_acc: 19.38265, grid_scale: 3 / 5, strokes: 7 / 9
iteration step 369, G_loss: 0.06845, step_acc: 19.37378, grid_scale: 3 / 5, strokes: 7 / 9
iteration step 370, G_loss: 0.06847, step_acc: 19.38039, grid_scale: 3 / 5, strokes: 7 / 9
iteration step 371, G_loss: 0.06849, step_acc: 19.37783, grid_scale: 3 / 5, strokes: 7 / 9
iteration step 372, G_loss: 0.06843, step_acc: 19.39153, grid_scale: 3 / 5, strokes: 7 / 9
iteration step 373, G_loss: 0.06842, step_acc: 19.38076, grid_scale: 3 / 5, strokes: 7 / 9
iteration step 374, G_loss: 0.06841, step_acc: 19.39090, grid_scale: 3 / 5, strokes: 7 / 9
iteration step 375, G_loss: 0.06838, step_acc: 19.38256, grid_scale: 3 / 5, strokes: 7 / 9
iteration step 376, G_loss: 0.06837, step_acc: 19.39082, grid_scale: 3 / 5, strokes: 7 / 9
iteration step 377, G_loss: 0.06836, step_acc: 19.38905, grid_scale: 3 / 5, strokes: 7 / 9
iteration step 378, G_loss: 0.06833, step_acc: 19.38961, grid_scale: 3 / 5, strokes: 7 / 9
iteration step 379, G_loss: 0.06832, step_acc: 19.39455, grid_scale: 3 / 5, strokes: 7 / 9
iteration step 380, G_loss: 0.06831, step_acc: 19.38876, grid_scale: 3 / 5, strokes: 7 / 9
iteration step 381, G_loss: 0.06832, step_acc: 19.39006, grid_scale: 3 / 5, strokes: 7 / 9
iteration step 382, G_loss: 0.06836, step_acc: 19.39348, grid_scale: 3 / 5, strokes: 7 / 9
iteration step 383, G_loss: 0.06834, step_acc: 19.39284, grid_scale: 3 / 5, strokes: 7 / 9
iteration step 384, G_loss: 0.06830, step_acc: 19.39464, grid_scale: 3 / 5, strokes: 7 / 9
iteration step 385, G_loss: 0.06830, step_acc: 19.44140, grid_scale: 3 / 5, strokes: 8 / 9
iteration step 386, G_loss: 0.06815, step_acc: 19.49587, grid_scale: 3 / 5, strokes: 8 / 9
iteration step 387, G_loss: 0.06785, step_acc: 19.54793, grid_scale: 3 / 5, strokes: 8 / 9
iteration step 388, G_loss: 0.06747, step_acc: 19.57539, grid_scale: 3 / 5, strokes: 8 / 9
iteration step 389, G_loss: 0.06724, step_acc: 19.58279, grid_scale: 3 / 5, strokes: 8 / 9
iteration step 390, G_loss: 0.06715, step_acc: 19.61821, grid_scale: 3 / 5, strokes: 8 / 9
iteration step 391, G_loss: 0.06697, step_acc: 19.61901, grid_scale: 3 / 5, strokes: 8 / 9
iteration step 392, G_loss: 0.06687, step_acc: 19.64056, grid_scale: 3 / 5, strokes: 8 / 9
iteration step 393, G_loss: 0.06678, step_acc: 19.63450, grid_scale: 3 / 5, strokes: 8 / 9
iteration step 394, G_loss: 0.06669, step_acc: 19.65525, grid_scale: 3 / 5, strokes: 8 / 9
iteration step 395, G_loss: 0.06655, step_acc: 19.65563, grid_scale: 3 / 5, strokes: 8 / 9
iteration step 396, G_loss: 0.06651, step_acc: 19.66359, grid_scale: 3 / 5, strokes: 8 / 9
iteration step 397, G_loss: 0.06652, step_acc: 19.66670, grid_scale: 3 / 5, strokes: 8 / 9
iteration step 398, G_loss: 0.06639, step_acc: 19.66757, grid_scale: 3 / 5, strokes: 8 / 9
iteration step 399, G_loss: 0.06637, step_acc: 19.67156, grid_scale: 3 / 5, strokes: 8 / 9
iteration step 400, G_loss: 0.06634, step_acc: 19.67384, grid_scale: 3 / 5, strokes: 8 / 9
iteration step 401, G_loss: 0.06629, step_acc: 19.68286, grid_scale: 3 / 5, strokes: 8 / 9
iteration step 402, G_loss: 0.06624, step_acc: 19.67892, grid_scale: 3 / 5, strokes: 8 / 9
iteration step 403, G_loss: 0.06619, step_acc: 19.68923, grid_scale: 3 / 5, strokes: 8 / 9
iteration step 404, G_loss: 0.06616, step_acc: 19.69180, grid_scale: 3 / 5, strokes: 8 / 9
iteration step 405, G_loss: 0.06612, step_acc: 19.68803, grid_scale: 3 / 5, strokes: 8 / 9
iteration step 406, G_loss: 0.06613, step_acc: 19.69401, grid_scale: 3 / 5, strokes: 8 / 9
iteration step 407, G_loss: 0.06608, step_acc: 19.69440, grid_scale: 3 / 5, strokes: 8 / 9
iteration step 408, G_loss: 0.06606, step_acc: 19.69904, grid_scale: 3 / 5, strokes: 8 / 9
iteration step 409, G_loss: 0.06601, step_acc: 19.69995, grid_scale: 3 / 5, strokes: 8 / 9
iteration step 410, G_loss: 0.06597, step_acc: 19.70670, grid_scale: 3 / 5, strokes: 8 / 9
iteration step 411, G_loss: 0.06597, step_acc: 19.69895, grid_scale: 3 / 5, strokes: 8 / 9
iteration step 412, G_loss: 0.06596, step_acc: 19.71229, grid_scale: 3 / 5, strokes: 8 / 9
iteration step 413, G_loss: 0.06595, step_acc: 19.71420, grid_scale: 3 / 5, strokes: 8 / 9
iteration step 414, G_loss: 0.06589, step_acc: 19.72060, grid_scale: 3 / 5, strokes: 8 / 9
iteration step 415, G_loss: 0.06587, step_acc: 19.72178, grid_scale: 3 / 5, strokes: 8 / 9
iteration step 416, G_loss: 0.06584, step_acc: 19.72847, grid_scale: 3 / 5, strokes: 8 / 9
iteration step 417, G_loss: 0.06583, step_acc: 19.72562, grid_scale: 3 / 5, strokes: 8 / 9
iteration step 418, G_loss: 0.06583, step_acc: 19.72460, grid_scale: 3 / 5, strokes: 8 / 9
iteration step 419, G_loss: 0.06584, step_acc: 19.73264, grid_scale: 3 / 5, strokes: 8 / 9
iteration step 420, G_loss: 0.06577, step_acc: 19.73110, grid_scale: 3 / 5, strokes: 8 / 9
iteration step 421, G_loss: 0.06575, step_acc: 19.73748, grid_scale: 3 / 5, strokes: 8 / 9
iteration step 422, G_loss: 0.06573, step_acc: 19.73484, grid_scale: 3 / 5, strokes: 8 / 9
iteration step 423, G_loss: 0.06570, step_acc: 19.73793, grid_scale: 3 / 5, strokes: 8 / 9
iteration step 424, G_loss: 0.06567, step_acc: 19.74043, grid_scale: 3 / 5, strokes: 8 / 9
iteration step 425, G_loss: 0.06566, step_acc: 19.73886, grid_scale: 3 / 5, strokes: 8 / 9
iteration step 426, G_loss: 0.06566, step_acc: 19.74508, grid_scale: 3 / 5, strokes: 8 / 9
iteration step 427, G_loss: 0.06562, step_acc: 19.74484, grid_scale: 3 / 5, strokes: 8 / 9
iteration step 428, G_loss: 0.06560, step_acc: 19.74598, grid_scale: 3 / 5, strokes: 8 / 9
iteration step 429, G_loss: 0.06560, step_acc: 19.75423, grid_scale: 3 / 5, strokes: 8 / 9
iteration step 430, G_loss: 0.06556, step_acc: 19.75594, grid_scale: 3 / 5, strokes: 8 / 9
iteration step 431, G_loss: 0.06554, step_acc: 19.75207, grid_scale: 3 / 5, strokes: 8 / 9
iteration step 432, G_loss: 0.06553, step_acc: 19.75344, grid_scale: 3 / 5, strokes: 8 / 9
iteration step 433, G_loss: 0.06553, step_acc: 19.76141, grid_scale: 3 / 5, strokes: 8 / 9
iteration step 434, G_loss: 0.06547, step_acc: 19.75276, grid_scale: 3 / 5, strokes: 8 / 9
iteration step 435, G_loss: 0.06550, step_acc: 19.76354, grid_scale: 3 / 5, strokes: 8 / 9
iteration step 436, G_loss: 0.06549, step_acc: 19.75949, grid_scale: 3 / 5, strokes: 8 / 9
iteration step 437, G_loss: 0.06548, step_acc: 19.76569, grid_scale: 3 / 5, strokes: 8 / 9
iteration step 438, G_loss: 0.06543, step_acc: 19.75486, grid_scale: 3 / 5, strokes: 8 / 9
iteration step 439, G_loss: 0.06546, step_acc: 19.77017, grid_scale: 3 / 5, strokes: 8 / 9
iteration step 440, G_loss: 0.06546, step_acc: 19.74748, grid_scale: 3 / 5, strokes: 9 / 9
iteration step 441, G_loss: 0.06544, step_acc: 19.81138, grid_scale: 3 / 5, strokes: 9 / 9
iteration step 442, G_loss: 0.06501, step_acc: 19.82520, grid_scale: 3 / 5, strokes: 9 / 9
iteration step 443, G_loss: 0.06493, step_acc: 19.85912, grid_scale: 3 / 5, strokes: 9 / 9
iteration step 444, G_loss: 0.06473, step_acc: 19.85530, grid_scale: 3 / 5, strokes: 9 / 9
iteration step 445, G_loss: 0.06465, step_acc: 19.88437, grid_scale: 3 / 5, strokes: 9 / 9
iteration step 446, G_loss: 0.06457, step_acc: 19.88605, grid_scale: 3 / 5, strokes: 9 / 9
iteration step 447, G_loss: 0.06445, step_acc: 19.90060, grid_scale: 3 / 5, strokes: 9 / 9
iteration step 448, G_loss: 0.06437, step_acc: 19.90132, grid_scale: 3 / 5, strokes: 9 / 9
iteration step 449, G_loss: 0.06429, step_acc: 19.91698, grid_scale: 3 / 5, strokes: 9 / 9
iteration step 450, G_loss: 0.06423, step_acc: 19.91827, grid_scale: 3 / 5, strokes: 9 / 9
iteration step 451, G_loss: 0.06425, step_acc: 19.94655, grid_scale: 3 / 5, strokes: 9 / 9
iteration step 452, G_loss: 0.06406, step_acc: 19.94251, grid_scale: 3 / 5, strokes: 9 / 9
iteration step 453, G_loss: 0.06400, step_acc: 19.95184, grid_scale: 3 / 5, strokes: 9 / 9
iteration step 454, G_loss: 0.06404, step_acc: 19.95790, grid_scale: 3 / 5, strokes: 9 / 9
iteration step 455, G_loss: 0.06394, step_acc: 19.96341, grid_scale: 3 / 5, strokes: 9 / 9
iteration step 456, G_loss: 0.06390, step_acc: 19.96222, grid_scale: 3 / 5, strokes: 9 / 9
iteration step 457, G_loss: 0.06387, step_acc: 19.97223, grid_scale: 3 / 5, strokes: 9 / 9
iteration step 458, G_loss: 0.06388, step_acc: 19.96979, grid_scale: 3 / 5, strokes: 9 / 9
iteration step 459, G_loss: 0.06383, step_acc: 19.97546, grid_scale: 3 / 5, strokes: 9 / 9
iteration step 460, G_loss: 0.06379, step_acc: 19.97237, grid_scale: 3 / 5, strokes: 9 / 9
iteration step 461, G_loss: 0.06378, step_acc: 19.97920, grid_scale: 3 / 5, strokes: 9 / 9
iteration step 462, G_loss: 0.06376, step_acc: 19.98571, grid_scale: 3 / 5, strokes: 9 / 9
iteration step 463, G_loss: 0.06372, step_acc: 19.98407, grid_scale: 3 / 5, strokes: 9 / 9
iteration step 464, G_loss: 0.06363, step_acc: 19.98576, grid_scale: 3 / 5, strokes: 9 / 9
iteration step 465, G_loss: 0.06366, step_acc: 19.98539, grid_scale: 3 / 5, strokes: 9 / 9
iteration step 466, G_loss: 0.06365, step_acc: 19.98647, grid_scale: 3 / 5, strokes: 9 / 9
iteration step 467, G_loss: 0.06362, step_acc: 19.99452, grid_scale: 3 / 5, strokes: 9 / 9
iteration step 468, G_loss: 0.06359, step_acc: 20.00007, grid_scale: 3 / 5, strokes: 9 / 9
iteration step 469, G_loss: 0.06357, step_acc: 19.98570, grid_scale: 3 / 5, strokes: 9 / 9
iteration step 470, G_loss: 0.06359, step_acc: 19.99874, grid_scale: 3 / 5, strokes: 9 / 9
iteration step 471, G_loss: 0.06355, step_acc: 20.00423, grid_scale: 3 / 5, strokes: 9 / 9
iteration step 472, G_loss: 0.06351, step_acc: 20.00481, grid_scale: 3 / 5, strokes: 9 / 9
iteration step 473, G_loss: 0.06355, step_acc: 20.00036, grid_scale: 3 / 5, strokes: 9 / 9
iteration step 474, G_loss: 0.06351, step_acc: 20.00873, grid_scale: 3 / 5, strokes: 9 / 9
iteration step 475, G_loss: 0.06350, step_acc: 20.01000, grid_scale: 3 / 5, strokes: 9 / 9
iteration step 476, G_loss: 0.06348, step_acc: 20.01383, grid_scale: 3 / 5, strokes: 9 / 9
iteration step 477, G_loss: 0.06346, step_acc: 20.01688, grid_scale: 3 / 5, strokes: 9 / 9
iteration step 478, G_loss: 0.06342, step_acc: 20.02159, grid_scale: 3 / 5, strokes: 9 / 9
iteration step 479, G_loss: 0.06342, step_acc: 20.02534, grid_scale: 3 / 5, strokes: 9 / 9
iteration step 480, G_loss: 0.06337, step_acc: 20.02650, grid_scale: 3 / 5, strokes: 9 / 9
iteration step 481, G_loss: 0.06336, step_acc: 20.03207, grid_scale: 3 / 5, strokes: 9 / 9
iteration step 482, G_loss: 0.06335, step_acc: 20.02403, grid_scale: 3 / 5, strokes: 9 / 9
iteration step 483, G_loss: 0.06338, step_acc: 20.03049, grid_scale: 3 / 5, strokes: 9 / 9
iteration step 484, G_loss: 0.06335, step_acc: 20.02874, grid_scale: 3 / 5, strokes: 9 / 9
iteration step 485, G_loss: 0.06336, step_acc: 20.03221, grid_scale: 3 / 5, strokes: 9 / 9
iteration step 486, G_loss: 0.06334, step_acc: 20.02916, grid_scale: 3 / 5, strokes: 9 / 9
iteration step 487, G_loss: 0.06335, step_acc: 20.04182, grid_scale: 3 / 5, strokes: 9 / 9
iteration step 488, G_loss: 0.06330, step_acc: 20.03788, grid_scale: 3 / 5, strokes: 9 / 9
iteration step 489, G_loss: 0.06329, step_acc: 20.03743, grid_scale: 3 / 5, strokes: 9 / 9
iteration step 490, G_loss: 0.06327, step_acc: 20.04593, grid_scale: 3 / 5, strokes: 9 / 9
iteration step 491, G_loss: 0.06327, step_acc: 20.04565, grid_scale: 3 / 5, strokes: 9 / 9
iteration step 492, G_loss: 0.06326, step_acc: 20.05108, grid_scale: 3 / 5, strokes: 9 / 9
iteration step 493, G_loss: 0.06323, step_acc: 20.05278, grid_scale: 3 / 5, strokes: 9 / 9
iteration step 494, G_loss: 0.06321, step_acc: 20.05333, grid_scale: 3 / 5, strokes: 9 / 9
rendering canvas...
iteration step 0, G_loss: 0.06325, step_acc: 18.40126, grid_scale: 4 / 5, strokes: 1 / 9
iteration step 1, G_loss: 0.07565, step_acc: 18.41616, grid_scale: 4 / 5, strokes: 1 / 9
iteration step 2, G_loss: 0.07546, step_acc: 18.43533, grid_scale: 4 / 5, strokes: 1 / 9
iteration step 3, G_loss: 0.07527, step_acc: 18.45301, grid_scale: 4 / 5, strokes: 1 / 9
iteration step 4, G_loss: 0.07511, step_acc: 18.46268, grid_scale: 4 / 5, strokes: 1 / 9
iteration step 5, G_loss: 0.07503, step_acc: 18.47346, grid_scale: 4 / 5, strokes: 1 / 9
iteration step 6, G_loss: 0.07494, step_acc: 18.48073, grid_scale: 4 / 5, strokes: 1 / 9
iteration step 7, G_loss: 0.07487, step_acc: 18.48838, grid_scale: 4 / 5, strokes: 1 / 9
iteration step 8, G_loss: 0.07481, step_acc: 18.49419, grid_scale: 4 / 5, strokes: 1 / 9
iteration step 9, G_loss: 0.07475, step_acc: 18.50140, grid_scale: 4 / 5, strokes: 1 / 9
iteration step 10, G_loss: 0.07471, step_acc: 18.51486, grid_scale: 4 / 5, strokes: 1 / 9
iteration step 11, G_loss: 0.07461, step_acc: 18.52634, grid_scale: 4 / 5, strokes: 1 / 9
iteration step 12, G_loss: 0.07455, step_acc: 18.53131, grid_scale: 4 / 5, strokes: 1 / 9
iteration step 13, G_loss: 0.07452, step_acc: 18.53426, grid_scale: 4 / 5, strokes: 1 / 9
iteration step 14, G_loss: 0.07450, step_acc: 18.53367, grid_scale: 4 / 5, strokes: 1 / 9
iteration step 15, G_loss: 0.07447, step_acc: 18.53911, grid_scale: 4 / 5, strokes: 1 / 9
iteration step 16, G_loss: 0.07443, step_acc: 18.54202, grid_scale: 4 / 5, strokes: 1 / 9
iteration step 17, G_loss: 0.07440, step_acc: 18.54372, grid_scale: 4 / 5, strokes: 1 / 9
iteration step 18, G_loss: 0.07437, step_acc: 18.54486, grid_scale: 4 / 5, strokes: 1 / 9
iteration step 19, G_loss: 0.07435, step_acc: 18.54441, grid_scale: 4 / 5, strokes: 1 / 9
iteration step 20, G_loss: 0.07435, step_acc: 18.54811, grid_scale: 4 / 5, strokes: 1 / 9
iteration step 21, G_loss: 0.07432, step_acc: 18.54976, grid_scale: 4 / 5, strokes: 1 / 9
iteration step 22, G_loss: 0.07427, step_acc: 18.55200, grid_scale: 4 / 5, strokes: 1 / 9
iteration step 23, G_loss: 0.07424, step_acc: 18.55336, grid_scale: 4 / 5, strokes: 1 / 9
iteration step 24, G_loss: 0.07423, step_acc: 18.55429, grid_scale: 4 / 5, strokes: 1 / 9
iteration step 25, G_loss: 0.07421, step_acc: 18.55545, grid_scale: 4 / 5, strokes: 1 / 9
iteration step 26, G_loss: 0.07420, step_acc: 18.55536, grid_scale: 4 / 5, strokes: 1 / 9
iteration step 27, G_loss: 0.07419, step_acc: 18.55533, grid_scale: 4 / 5, strokes: 1 / 9
iteration step 28, G_loss: 0.07418, step_acc: 18.55694, grid_scale: 4 / 5, strokes: 1 / 9
iteration step 29, G_loss: 0.07415, step_acc: 18.55799, grid_scale: 4 / 5, strokes: 1 / 9
iteration step 30, G_loss: 0.07413, step_acc: 18.55831, grid_scale: 4 / 5, strokes: 1 / 9
iteration step 31, G_loss: 0.07413, step_acc: 18.55873, grid_scale: 4 / 5, strokes: 1 / 9
iteration step 32, G_loss: 0.07411, step_acc: 18.56040, grid_scale: 4 / 5, strokes: 1 / 9
iteration step 33, G_loss: 0.07410, step_acc: 18.56154, grid_scale: 4 / 5, strokes: 1 / 9
iteration step 34, G_loss: 0.07409, step_acc: 18.56157, grid_scale: 4 / 5, strokes: 1 / 9
iteration step 35, G_loss: 0.07407, step_acc: 18.56128, grid_scale: 4 / 5, strokes: 1 / 9
iteration step 36, G_loss: 0.07407, step_acc: 18.56252, grid_scale: 4 / 5, strokes: 1 / 9
iteration step 37, G_loss: 0.07407, step_acc: 18.56234, grid_scale: 4 / 5, strokes: 1 / 9
iteration step 38, G_loss: 0.07405, step_acc: 18.56392, grid_scale: 4 / 5, strokes: 1 / 9
iteration step 39, G_loss: 0.07405, step_acc: 18.56464, grid_scale: 4 / 5, strokes: 1 / 9
iteration step 40, G_loss: 0.07403, step_acc: 18.56638, grid_scale: 4 / 5, strokes: 1 / 9
iteration step 41, G_loss: 0.07401, step_acc: 18.56647, grid_scale: 4 / 5, strokes: 1 / 9
iteration step 42, G_loss: 0.07401, step_acc: 18.56700, grid_scale: 4 / 5, strokes: 1 / 9
iteration step 43, G_loss: 0.07400, step_acc: 18.56776, grid_scale: 4 / 5, strokes: 1 / 9
iteration step 44, G_loss: 0.07399, step_acc: 18.56937, grid_scale: 4 / 5, strokes: 1 / 9
iteration step 45, G_loss: 0.07399, step_acc: 18.57236, grid_scale: 4 / 5, strokes: 1 / 9
iteration step 46, G_loss: 0.07395, step_acc: 18.57375, grid_scale: 4 / 5, strokes: 1 / 9
iteration step 47, G_loss: 0.07393, step_acc: 18.57559, grid_scale: 4 / 5, strokes: 1 / 9
iteration step 48, G_loss: 0.07392, step_acc: 18.57374, grid_scale: 4 / 5, strokes: 1 / 9
iteration step 49, G_loss: 0.07393, step_acc: 18.57805, grid_scale: 4 / 5, strokes: 1 / 9
iteration step 50, G_loss: 0.07390, step_acc: 18.57808, grid_scale: 4 / 5, strokes: 1 / 9
iteration step 51, G_loss: 0.07388, step_acc: 18.57860, grid_scale: 4 / 5, strokes: 1 / 9
iteration step 52, G_loss: 0.07387, step_acc: 18.58011, grid_scale: 4 / 5, strokes: 1 / 9
iteration step 53, G_loss: 0.07385, step_acc: 18.58102, grid_scale: 4 / 5, strokes: 1 / 9
iteration step 54, G_loss: 0.07384, step_acc: 18.58296, grid_scale: 4 / 5, strokes: 1 / 9
iteration step 55, G_loss: 0.07383, step_acc: 18.64471, grid_scale: 4 / 5, strokes: 2 / 9
iteration step 56, G_loss: 0.07363, step_acc: 18.70075, grid_scale: 4 / 5, strokes: 2 / 9
iteration step 57, G_loss: 0.07321, step_acc: 18.74285, grid_scale: 4 / 5, strokes: 2 / 9
iteration step 58, G_loss: 0.07281, step_acc: 18.76637, grid_scale: 4 / 5, strokes: 2 / 9
iteration step 59, G_loss: 0.07261, step_acc: 18.78527, grid_scale: 4 / 5, strokes: 2 / 9
iteration step 60, G_loss: 0.07237, step_acc: 18.80544, grid_scale: 4 / 5, strokes: 2 / 9
iteration step 61, G_loss: 0.07216, step_acc: 18.82195, grid_scale: 4 / 5, strokes: 2 / 9
iteration step 62, G_loss: 0.07196, step_acc: 18.83656, grid_scale: 4 / 5, strokes: 2 / 9
iteration step 63, G_loss: 0.07185, step_acc: 18.84231, grid_scale: 4 / 5, strokes: 2 / 9
iteration step 64, G_loss: 0.07178, step_acc: 18.85977, grid_scale: 4 / 5, strokes: 2 / 9
iteration step 65, G_loss: 0.07165, step_acc: 18.86798, grid_scale: 4 / 5, strokes: 2 / 9
iteration step 66, G_loss: 0.07158, step_acc: 18.87545, grid_scale: 4 / 5, strokes: 2 / 9
iteration step 67, G_loss: 0.07152, step_acc: 18.88756, grid_scale: 4 / 5, strokes: 2 / 9
iteration step 68, G_loss: 0.07141, step_acc: 18.89231, grid_scale: 4 / 5, strokes: 2 / 9
iteration step 69, G_loss: 0.07136, step_acc: 18.89999, grid_scale: 4 / 5, strokes: 2 / 9
iteration step 70, G_loss: 0.07130, step_acc: 18.90591, grid_scale: 4 / 5, strokes: 2 / 9
iteration step 71, G_loss: 0.07125, step_acc: 18.91765, grid_scale: 4 / 5, strokes: 2 / 9
iteration step 72, G_loss: 0.07115, step_acc: 18.92357, grid_scale: 4 / 5, strokes: 2 / 9
iteration step 73, G_loss: 0.07110, step_acc: 18.92950, grid_scale: 4 / 5, strokes: 2 / 9
iteration step 74, G_loss: 0.07104, step_acc: 18.93701, grid_scale: 4 / 5, strokes: 2 / 9
iteration step 75, G_loss: 0.07096, step_acc: 18.94222, grid_scale: 4 / 5, strokes: 2 / 9
iteration step 76, G_loss: 0.07091, step_acc: 18.95025, grid_scale: 4 / 5, strokes: 2 / 9
iteration step 77, G_loss: 0.07086, step_acc: 18.95235, grid_scale: 4 / 5, strokes: 2 / 9
iteration step 78, G_loss: 0.07082, step_acc: 18.95576, grid_scale: 4 / 5, strokes: 2 / 9
iteration step 79, G_loss: 0.07079, step_acc: 18.95976, grid_scale: 4 / 5, strokes: 2 / 9
iteration step 80, G_loss: 0.07077, step_acc: 18.96260, grid_scale: 4 / 5, strokes: 2 / 9
iteration step 81, G_loss: 0.07074, step_acc: 18.96551, grid_scale: 4 / 5, strokes: 2 / 9
iteration step 82, G_loss: 0.07071, step_acc: 18.97122, grid_scale: 4 / 5, strokes: 2 / 9
iteration step 83, G_loss: 0.07066, step_acc: 18.97540, grid_scale: 4 / 5, strokes: 2 / 9
iteration step 84, G_loss: 0.07062, step_acc: 18.98016, grid_scale: 4 / 5, strokes: 2 / 9
iteration step 85, G_loss: 0.07057, step_acc: 18.98318, grid_scale: 4 / 5, strokes: 2 / 9
iteration step 86, G_loss: 0.07055, step_acc: 18.98368, grid_scale: 4 / 5, strokes: 2 / 9
iteration step 87, G_loss: 0.07054, step_acc: 18.98752, grid_scale: 4 / 5, strokes: 2 / 9
iteration step 88, G_loss: 0.07051, step_acc: 18.99017, grid_scale: 4 / 5, strokes: 2 / 9
iteration step 89, G_loss: 0.07048, step_acc: 18.99081, grid_scale: 4 / 5, strokes: 2 / 9
iteration step 90, G_loss: 0.07047, step_acc: 18.99432, grid_scale: 4 / 5, strokes: 2 / 9
iteration step 91, G_loss: 0.07044, step_acc: 18.99602, grid_scale: 4 / 5, strokes: 2 / 9
iteration step 92, G_loss: 0.07043, step_acc: 18.99630, grid_scale: 4 / 5, strokes: 2 / 9
iteration step 93, G_loss: 0.07041, step_acc: 18.99809, grid_scale: 4 / 5, strokes: 2 / 9
iteration step 94, G_loss: 0.07039, step_acc: 19.00217, grid_scale: 4 / 5, strokes: 2 / 9
iteration step 95, G_loss: 0.07036, step_acc: 19.00135, grid_scale: 4 / 5, strokes: 2 / 9
iteration step 96, G_loss: 0.07036, step_acc: 19.00352, grid_scale: 4 / 5, strokes: 2 / 9
iteration step 97, G_loss: 0.07034, step_acc: 19.00606, grid_scale: 4 / 5, strokes: 2 / 9
iteration step 98, G_loss: 0.07032, step_acc: 19.00983, grid_scale: 4 / 5, strokes: 2 / 9
iteration step 99, G_loss: 0.07028, step_acc: 19.01043, grid_scale: 4 / 5, strokes: 2 / 9
iteration step 100, G_loss: 0.07028, step_acc: 19.01068, grid_scale: 4 / 5, strokes: 2 / 9
iteration step 101, G_loss: 0.07027, step_acc: 19.01247, grid_scale: 4 / 5, strokes: 2 / 9
iteration step 102, G_loss: 0.07025, step_acc: 19.01378, grid_scale: 4 / 5, strokes: 2 / 9
iteration step 103, G_loss: 0.07024, step_acc: 19.01396, grid_scale: 4 / 5, strokes: 2 / 9
iteration step 104, G_loss: 0.07024, step_acc: 19.01598, grid_scale: 4 / 5, strokes: 2 / 9
iteration step 105, G_loss: 0.07022, step_acc: 19.01525, grid_scale: 4 / 5, strokes: 2 / 9
iteration step 106, G_loss: 0.07022, step_acc: 19.01636, grid_scale: 4 / 5, strokes: 2 / 9
iteration step 107, G_loss: 0.07021, step_acc: 19.01717, grid_scale: 4 / 5, strokes: 2 / 9
iteration step 108, G_loss: 0.07019, step_acc: 19.01828, grid_scale: 4 / 5, strokes: 2 / 9
iteration step 109, G_loss: 0.07018, step_acc: 19.01807, grid_scale: 4 / 5, strokes: 2 / 9
iteration step 110, G_loss: 0.07017, step_acc: 19.06144, grid_scale: 4 / 5, strokes: 3 / 9
iteration step 111, G_loss: 0.07003, step_acc: 19.10837, grid_scale: 4 / 5, strokes: 3 / 9
iteration step 112, G_loss: 0.06971, step_acc: 19.13561, grid_scale: 4 / 5, strokes: 3 / 9
iteration step 113, G_loss: 0.06952, step_acc: 19.14779, grid_scale: 4 / 5, strokes: 3 / 9
iteration step 114, G_loss: 0.06942, step_acc: 19.15943, grid_scale: 4 / 5, strokes: 3 / 9
iteration step 115, G_loss: 0.06937, step_acc: 19.17772, grid_scale: 4 / 5, strokes: 3 / 9
iteration step 116, G_loss: 0.06924, step_acc: 19.19234, grid_scale: 4 / 5, strokes: 3 / 9
iteration step 117, G_loss: 0.06919, step_acc: 19.19783, grid_scale: 4 / 5, strokes: 3 / 9
iteration step 118, G_loss: 0.06910, step_acc: 19.21206, grid_scale: 4 / 5, strokes: 3 / 9
iteration step 119, G_loss: 0.06901, step_acc: 19.21927, grid_scale: 4 / 5, strokes: 3 / 9
iteration step 120, G_loss: 0.06894, step_acc: 19.22749, grid_scale: 4 / 5, strokes: 3 / 9
iteration step 121, G_loss: 0.06888, step_acc: 19.23465, grid_scale: 4 / 5, strokes: 3 / 9
iteration step 122, G_loss: 0.06880, step_acc: 19.24369, grid_scale: 4 / 5, strokes: 3 / 9
iteration step 123, G_loss: 0.06872, step_acc: 19.24714, grid_scale: 4 / 5, strokes: 3 / 9
iteration step 124, G_loss: 0.06871, step_acc: 19.24864, grid_scale: 4 / 5, strokes: 3 / 9
iteration step 125, G_loss: 0.06866, step_acc: 19.25265, grid_scale: 4 / 5, strokes: 3 / 9
iteration step 126, G_loss: 0.06863, step_acc: 19.25718, grid_scale: 4 / 5, strokes: 3 / 9
iteration step 127, G_loss: 0.06860, step_acc: 19.25999, grid_scale: 4 / 5, strokes: 3 / 9
iteration step 128, G_loss: 0.06856, step_acc: 19.26479, grid_scale: 4 / 5, strokes: 3 / 9
iteration step 129, G_loss: 0.06853, step_acc: 19.26682, grid_scale: 4 / 5, strokes: 3 / 9
iteration step 130, G_loss: 0.06851, step_acc: 19.27050, grid_scale: 4 / 5, strokes: 3 / 9
iteration step 131, G_loss: 0.06848, step_acc: 19.27545, grid_scale: 4 / 5, strokes: 3 / 9
iteration step 132, G_loss: 0.06844, step_acc: 19.27607, grid_scale: 4 / 5, strokes: 3 / 9
iteration step 133, G_loss: 0.06842, step_acc: 19.28140, grid_scale: 4 / 5, strokes: 3 / 9
iteration step 134, G_loss: 0.06840, step_acc: 19.28250, grid_scale: 4 / 5, strokes: 3 / 9
iteration step 135, G_loss: 0.06836, step_acc: 19.28545, grid_scale: 4 / 5, strokes: 3 / 9
iteration step 136, G_loss: 0.06832, step_acc: 19.28691, grid_scale: 4 / 5, strokes: 3 / 9
iteration step 137, G_loss: 0.06830, step_acc: 19.28819, grid_scale: 4 / 5, strokes: 3 / 9
iteration step 138, G_loss: 0.06828, step_acc: 19.29096, grid_scale: 4 / 5, strokes: 3 / 9
iteration step 139, G_loss: 0.06827, step_acc: 19.29416, grid_scale: 4 / 5, strokes: 3 / 9
iteration step 140, G_loss: 0.06825, step_acc: 19.29381, grid_scale: 4 / 5, strokes: 3 / 9
iteration step 141, G_loss: 0.06821, step_acc: 19.29898, grid_scale: 4 / 5, strokes: 3 / 9
iteration step 142, G_loss: 0.06819, step_acc: 19.29723, grid_scale: 4 / 5, strokes: 3 / 9
iteration step 143, G_loss: 0.06818, step_acc: 19.30321, grid_scale: 4 / 5, strokes: 3 / 9
iteration step 144, G_loss: 0.06816, step_acc: 19.30372, grid_scale: 4 / 5, strokes: 3 / 9
iteration step 145, G_loss: 0.06814, step_acc: 19.30683, grid_scale: 4 / 5, strokes: 3 / 9
iteration step 146, G_loss: 0.06811, step_acc: 19.30584, grid_scale: 4 / 5, strokes: 3 / 9
iteration step 147, G_loss: 0.06809, step_acc: 19.31034, grid_scale: 4 / 5, strokes: 3 / 9
iteration step 148, G_loss: 0.06810, step_acc: 19.30904, grid_scale: 4 / 5, strokes: 3 / 9
iteration step 149, G_loss: 0.06807, step_acc: 19.31347, grid_scale: 4 / 5, strokes: 3 / 9
iteration step 150, G_loss: 0.06806, step_acc: 19.31335, grid_scale: 4 / 5, strokes: 3 / 9
iteration step 151, G_loss: 0.06802, step_acc: 19.31763, grid_scale: 4 / 5, strokes: 3 / 9
iteration step 152, G_loss: 0.06800, step_acc: 19.31688, grid_scale: 4 / 5, strokes: 3 / 9
iteration step 153, G_loss: 0.06798, step_acc: 19.31875, grid_scale: 4 / 5, strokes: 3 / 9
iteration step 154, G_loss: 0.06800, step_acc: 19.31957, grid_scale: 4 / 5, strokes: 3 / 9
iteration step 155, G_loss: 0.06797, step_acc: 19.32302, grid_scale: 4 / 5, strokes: 3 / 9
iteration step 156, G_loss: 0.06795, step_acc: 19.32282, grid_scale: 4 / 5, strokes: 3 / 9
iteration step 157, G_loss: 0.06792, step_acc: 19.32571, grid_scale: 4 / 5, strokes: 3 / 9
iteration step 158, G_loss: 0.06791, step_acc: 19.32505, grid_scale: 4 / 5, strokes: 3 / 9
iteration step 159, G_loss: 0.06788, step_acc: 19.32742, grid_scale: 4 / 5, strokes: 3 / 9
iteration step 160, G_loss: 0.06788, step_acc: 19.32853, grid_scale: 4 / 5, strokes: 3 / 9
iteration step 161, G_loss: 0.06785, step_acc: 19.33205, grid_scale: 4 / 5, strokes: 3 / 9
iteration step 162, G_loss: 0.06784, step_acc: 19.33264, grid_scale: 4 / 5, strokes: 3 / 9
iteration step 163, G_loss: 0.06780, step_acc: 19.33533, grid_scale: 4 / 5, strokes: 3 / 9
iteration step 164, G_loss: 0.06780, step_acc: 19.33442, grid_scale: 4 / 5, strokes: 3 / 9
iteration step 165, G_loss: 0.06778, step_acc: 19.33760, grid_scale: 4 / 5, strokes: 4 / 9
iteration step 166, G_loss: 0.06774, step_acc: 19.40806, grid_scale: 4 / 5, strokes: 4 / 9
iteration step 167, G_loss: 0.06733, step_acc: 19.46205, grid_scale: 4 / 5, strokes: 4 / 9
iteration step 168, G_loss: 0.06705, step_acc: 19.49810, grid_scale: 4 / 5, strokes: 4 / 9
iteration step 169, G_loss: 0.06676, step_acc: 19.52639, grid_scale: 4 / 5, strokes: 4 / 9
iteration step 170, G_loss: 0.06656, step_acc: 19.53912, grid_scale: 4 / 5, strokes: 4 / 9
iteration step 171, G_loss: 0.06643, step_acc: 19.56037, grid_scale: 4 / 5, strokes: 4 / 9
iteration step 172, G_loss: 0.06629, step_acc: 19.58390, grid_scale: 4 / 5, strokes: 4 / 9
iteration step 173, G_loss: 0.06611, step_acc: 19.59740, grid_scale: 4 / 5, strokes: 4 / 9
iteration step 174, G_loss: 0.06599, step_acc: 19.60867, grid_scale: 4 / 5, strokes: 4 / 9
iteration step 175, G_loss: 0.06592, step_acc: 19.61527, grid_scale: 4 / 5, strokes: 4 / 9
iteration step 176, G_loss: 0.06588, step_acc: 19.62844, grid_scale: 4 / 5, strokes: 4 / 9
iteration step 177, G_loss: 0.06577, step_acc: 19.63951, grid_scale: 4 / 5, strokes: 4 / 9
iteration step 178, G_loss: 0.06567, step_acc: 19.64556, grid_scale: 4 / 5, strokes: 4 / 9
iteration step 179, G_loss: 0.06561, step_acc: 19.65662, grid_scale: 4 / 5, strokes: 4 / 9
iteration step 180, G_loss: 0.06555, step_acc: 19.67094, grid_scale: 4 / 5, strokes: 4 / 9
iteration step 181, G_loss: 0.06546, step_acc: 19.67691, grid_scale: 4 / 5, strokes: 4 / 9
iteration step 182, G_loss: 0.06542, step_acc: 19.68173, grid_scale: 4 / 5, strokes: 4 / 9
iteration step 183, G_loss: 0.06538, step_acc: 19.68822, grid_scale: 4 / 5, strokes: 4 / 9
iteration step 184, G_loss: 0.06535, step_acc: 19.69000, grid_scale: 4 / 5, strokes: 4 / 9
iteration step 185, G_loss: 0.06533, step_acc: 19.69988, grid_scale: 4 / 5, strokes: 4 / 9
iteration step 186, G_loss: 0.06527, step_acc: 19.70433, grid_scale: 4 / 5, strokes: 4 / 9
iteration step 187, G_loss: 0.06524, step_acc: 19.70892, grid_scale: 4 / 5, strokes: 4 / 9
iteration step 188, G_loss: 0.06523, step_acc: 19.71511, grid_scale: 4 / 5, strokes: 4 / 9
iteration step 189, G_loss: 0.06519, step_acc: 19.72415, grid_scale: 4 / 5, strokes: 4 / 9
iteration step 190, G_loss: 0.06514, step_acc: 19.73164, grid_scale: 4 / 5, strokes: 4 / 9
iteration step 191, G_loss: 0.06511, step_acc: 19.73619, grid_scale: 4 / 5, strokes: 4 / 9
iteration step 192, G_loss: 0.06509, step_acc: 19.74448, grid_scale: 4 / 5, strokes: 4 / 9
iteration step 193, G_loss: 0.06507, step_acc: 19.74768, grid_scale: 4 / 5, strokes: 4 / 9
iteration step 194, G_loss: 0.06503, step_acc: 19.75280, grid_scale: 4 / 5, strokes: 4 / 9
iteration step 195, G_loss: 0.06500, step_acc: 19.75470, grid_scale: 4 / 5, strokes: 4 / 9
iteration step 196, G_loss: 0.06497, step_acc: 19.76193, grid_scale: 4 / 5, strokes: 4 / 9
iteration step 197, G_loss: 0.06494, step_acc: 19.76600, grid_scale: 4 / 5, strokes: 4 / 9
iteration step 198, G_loss: 0.06489, step_acc: 19.77176, grid_scale: 4 / 5, strokes: 4 / 9
iteration step 199, G_loss: 0.06488, step_acc: 19.77315, grid_scale: 4 / 5, strokes: 4 / 9
iteration step 200, G_loss: 0.06486, step_acc: 19.77553, grid_scale: 4 / 5, strokes: 4 / 9
iteration step 201, G_loss: 0.06484, step_acc: 19.77761, grid_scale: 4 / 5, strokes: 4 / 9
iteration step 202, G_loss: 0.06482, step_acc: 19.78230, grid_scale: 4 / 5, strokes: 4 / 9
iteration step 203, G_loss: 0.06479, step_acc: 19.78588, grid_scale: 4 / 5, strokes: 4 / 9
iteration step 204, G_loss: 0.06477, step_acc: 19.78568, grid_scale: 4 / 5, strokes: 4 / 9
iteration step 205, G_loss: 0.06475, step_acc: 19.79202, grid_scale: 4 / 5, strokes: 4 / 9
iteration step 206, G_loss: 0.06473, step_acc: 19.79212, grid_scale: 4 / 5, strokes: 4 / 9
iteration step 207, G_loss: 0.06470, step_acc: 19.79562, grid_scale: 4 / 5, strokes: 4 / 9
iteration step 208, G_loss: 0.06471, step_acc: 19.79931, grid_scale: 4 / 5, strokes: 4 / 9
iteration step 209, G_loss: 0.06469, step_acc: 19.79925, grid_scale: 4 / 5, strokes: 4 / 9
iteration step 210, G_loss: 0.06468, step_acc: 19.80727, grid_scale: 4 / 5, strokes: 4 / 9
iteration step 211, G_loss: 0.06464, step_acc: 19.80546, grid_scale: 4 / 5, strokes: 4 / 9
iteration step 212, G_loss: 0.06462, step_acc: 19.81212, grid_scale: 4 / 5, strokes: 4 / 9
iteration step 213, G_loss: 0.06459, step_acc: 19.81215, grid_scale: 4 / 5, strokes: 4 / 9
iteration step 214, G_loss: 0.06457, step_acc: 19.81754, grid_scale: 4 / 5, strokes: 4 / 9
iteration step 215, G_loss: 0.06454, step_acc: 19.82253, grid_scale: 4 / 5, strokes: 4 / 9
iteration step 216, G_loss: 0.06452, step_acc: 19.82649, grid_scale: 4 / 5, strokes: 4 / 9
iteration step 217, G_loss: 0.06449, step_acc: 19.82667, grid_scale: 4 / 5, strokes: 4 / 9
iteration step 218, G_loss: 0.06449, step_acc: 19.82946, grid_scale: 4 / 5, strokes: 4 / 9
iteration step 219, G_loss: 0.06446, step_acc: 19.83258, grid_scale: 4 / 5, strokes: 4 / 9
iteration step 220, G_loss: 0.06444, step_acc: 19.92317, grid_scale: 4 / 5, strokes: 5 / 9
iteration step 221, G_loss: 0.06436, step_acc: 19.97122, grid_scale: 4 / 5, strokes: 5 / 9
iteration step 222, G_loss: 0.06401, step_acc: 20.02609, grid_scale: 4 / 5, strokes: 5 / 9
iteration step 223, G_loss: 0.06376, step_acc: 20.05585, grid_scale: 4 / 5, strokes: 5 / 9
iteration step 224, G_loss: 0.06353, step_acc: 20.08768, grid_scale: 4 / 5, strokes: 5 / 9
iteration step 225, G_loss: 0.06331, step_acc: 20.10285, grid_scale: 4 / 5, strokes: 5 / 9
iteration step 226, G_loss: 0.06320, step_acc: 20.12357, grid_scale: 4 / 5, strokes: 5 / 9
iteration step 227, G_loss: 0.06309, step_acc: 20.12274, grid_scale: 4 / 5, strokes: 5 / 9
iteration step 228, G_loss: 0.06303, step_acc: 20.13763, grid_scale: 4 / 5, strokes: 5 / 9
iteration step 229, G_loss: 0.06296, step_acc: 20.14874, grid_scale: 4 / 5, strokes: 5 / 9
iteration step 230, G_loss: 0.06285, step_acc: 20.15308, grid_scale: 4 / 5, strokes: 5 / 9
iteration step 231, G_loss: 0.06280, step_acc: 20.16128, grid_scale: 4 / 5, strokes: 5 / 9
iteration step 232, G_loss: 0.06275, step_acc: 20.16250, grid_scale: 4 / 5, strokes: 5 / 9
iteration step 233, G_loss: 0.06271, step_acc: 20.17067, grid_scale: 4 / 5, strokes: 5 / 9
iteration step 234, G_loss: 0.06269, step_acc: 20.17876, grid_scale: 4 / 5, strokes: 5 / 9
iteration step 235, G_loss: 0.06263, step_acc: 20.18661, grid_scale: 4 / 5, strokes: 5 / 9
iteration step 236, G_loss: 0.06258, step_acc: 20.19411, grid_scale: 4 / 5, strokes: 5 / 9
iteration step 237, G_loss: 0.06255, step_acc: 20.20385, grid_scale: 4 / 5, strokes: 5 / 9
iteration step 238, G_loss: 0.06247, step_acc: 20.20924, grid_scale: 4 / 5, strokes: 5 / 9
iteration step 239, G_loss: 0.06244, step_acc: 20.21935, grid_scale: 4 / 5, strokes: 5 / 9
iteration step 240, G_loss: 0.06237, step_acc: 20.22586, grid_scale: 4 / 5, strokes: 5 / 9
iteration step 241, G_loss: 0.06233, step_acc: 20.22910, grid_scale: 4 / 5, strokes: 5 / 9
iteration step 242, G_loss: 0.06231, step_acc: 20.23515, grid_scale: 4 / 5, strokes: 5 / 9
iteration step 243, G_loss: 0.06229, step_acc: 20.24130, grid_scale: 4 / 5, strokes: 5 / 9
iteration step 244, G_loss: 0.06221, step_acc: 20.24957, grid_scale: 4 / 5, strokes: 5 / 9
iteration step 245, G_loss: 0.06217, step_acc: 20.25532, grid_scale: 4 / 5, strokes: 5 / 9
iteration step 246, G_loss: 0.06211, step_acc: 20.26298, grid_scale: 4 / 5, strokes: 5 / 9
iteration step 247, G_loss: 0.06206, step_acc: 20.26285, grid_scale: 4 / 5, strokes: 5 / 9
iteration step 248, G_loss: 0.06206, step_acc: 20.26949, grid_scale: 4 / 5, strokes: 5 / 9
iteration step 249, G_loss: 0.06201, step_acc: 20.27465, grid_scale: 4 / 5, strokes: 5 / 9
iteration step 250, G_loss: 0.06197, step_acc: 20.28637, grid_scale: 4 / 5, strokes: 5 / 9
iteration step 251, G_loss: 0.06192, step_acc: 20.28362, grid_scale: 4 / 5, strokes: 5 / 9
iteration step 252, G_loss: 0.06191, step_acc: 20.28801, grid_scale: 4 / 5, strokes: 5 / 9
iteration step 253, G_loss: 0.06189, step_acc: 20.28980, grid_scale: 4 / 5, strokes: 5 / 9
iteration step 254, G_loss: 0.06188, step_acc: 20.28933, grid_scale: 4 / 5, strokes: 5 / 9
iteration step 255, G_loss: 0.06187, step_acc: 20.29478, grid_scale: 4 / 5, strokes: 5 / 9
iteration step 256, G_loss: 0.06186, step_acc: 20.29652, grid_scale: 4 / 5, strokes: 5 / 9
iteration step 257, G_loss: 0.06183, step_acc: 20.30321, grid_scale: 4 / 5, strokes: 5 / 9
iteration step 258, G_loss: 0.06178, step_acc: 20.30331, grid_scale: 4 / 5, strokes: 5 / 9
iteration step 259, G_loss: 0.06179, step_acc: 20.31006, grid_scale: 4 / 5, strokes: 5 / 9
iteration step 260, G_loss: 0.06177, step_acc: 20.30633, grid_scale: 4 / 5, strokes: 5 / 9
iteration step 261, G_loss: 0.06177, step_acc: 20.31639, grid_scale: 4 / 5, strokes: 5 / 9
iteration step 262, G_loss: 0.06174, step_acc: 20.31726, grid_scale: 4 / 5, strokes: 5 / 9
iteration step 263, G_loss: 0.06171, step_acc: 20.32655, grid_scale: 4 / 5, strokes: 5 / 9
iteration step 264, G_loss: 0.06167, step_acc: 20.32450, grid_scale: 4 / 5, strokes: 5 / 9
iteration step 265, G_loss: 0.06166, step_acc: 20.33097, grid_scale: 4 / 5, strokes: 5 / 9
iteration step 266, G_loss: 0.06164, step_acc: 20.33413, grid_scale: 4 / 5, strokes: 5 / 9
iteration step 267, G_loss: 0.06162, step_acc: 20.33550, grid_scale: 4 / 5, strokes: 5 / 9
iteration step 268, G_loss: 0.06160, step_acc: 20.33979, grid_scale: 4 / 5, strokes: 5 / 9
iteration step 269, G_loss: 0.06162, step_acc: 20.34098, grid_scale: 4 / 5, strokes: 5 / 9
iteration step 270, G_loss: 0.06161, step_acc: 20.34124, grid_scale: 4 / 5, strokes: 5 / 9
iteration step 271, G_loss: 0.06161, step_acc: 20.34523, grid_scale: 4 / 5, strokes: 5 / 9
iteration step 272, G_loss: 0.06158, step_acc: 20.34833, grid_scale: 4 / 5, strokes: 5 / 9
iteration step 273, G_loss: 0.06155, step_acc: 20.35266, grid_scale: 4 / 5, strokes: 5 / 9
iteration step 274, G_loss: 0.06151, step_acc: 20.35732, grid_scale: 4 / 5, strokes: 5 / 9
iteration step 275, G_loss: 0.06150, step_acc: 20.33018, grid_scale: 4 / 5, strokes: 6 / 9
iteration step 276, G_loss: 0.06156, step_acc: 20.37042, grid_scale: 4 / 5, strokes: 6 / 9
iteration step 277, G_loss: 0.06134, step_acc: 20.39524, grid_scale: 4 / 5, strokes: 6 / 9
iteration step 278, G_loss: 0.06114, step_acc: 20.40975, grid_scale: 4 / 5, strokes: 6 / 9
iteration step 279, G_loss: 0.06103, step_acc: 20.41573, grid_scale: 4 / 5, strokes: 6 / 9
iteration step 280, G_loss: 0.06093, step_acc: 20.42661, grid_scale: 4 / 5, strokes: 6 / 9
iteration step 281, G_loss: 0.06088, step_acc: 20.43413, grid_scale: 4 / 5, strokes: 6 / 9
iteration step 282, G_loss: 0.06079, step_acc: 20.43832, grid_scale: 4 / 5, strokes: 6 / 9
iteration step 283, G_loss: 0.06076, step_acc: 20.44712, grid_scale: 4 / 5, strokes: 6 / 9
iteration step 284, G_loss: 0.06069, step_acc: 20.45025, grid_scale: 4 / 5, strokes: 6 / 9
iteration step 285, G_loss: 0.06065, step_acc: 20.45949, grid_scale: 4 / 5, strokes: 6 / 9
iteration step 286, G_loss: 0.06059, step_acc: 20.47014, grid_scale: 4 / 5, strokes: 6 / 9
iteration step 287, G_loss: 0.06051, step_acc: 20.47513, grid_scale: 4 / 5, strokes: 6 / 9
iteration step 288, G_loss: 0.06047, step_acc: 20.48337, grid_scale: 4 / 5, strokes: 6 / 9
iteration step 289, G_loss: 0.06041, step_acc: 20.48705, grid_scale: 4 / 5, strokes: 6 / 9
iteration step 290, G_loss: 0.06040, step_acc: 20.49686, grid_scale: 4 / 5, strokes: 6 / 9
iteration step 291, G_loss: 0.06032, step_acc: 20.50152, grid_scale: 4 / 5, strokes: 6 / 9
iteration step 292, G_loss: 0.06030, step_acc: 20.50893, grid_scale: 4 / 5, strokes: 6 / 9
iteration step 293, G_loss: 0.06025, step_acc: 20.50579, grid_scale: 4 / 5, strokes: 6 / 9
iteration step 294, G_loss: 0.06024, step_acc: 20.51242, grid_scale: 4 / 5, strokes: 6 / 9
iteration step 295, G_loss: 0.06020, step_acc: 20.51487, grid_scale: 4 / 5, strokes: 6 / 9
iteration step 296, G_loss: 0.06016, step_acc: 20.51972, grid_scale: 4 / 5, strokes: 6 / 9
iteration step 297, G_loss: 0.06012, step_acc: 20.51810, grid_scale: 4 / 5, strokes: 6 / 9
iteration step 298, G_loss: 0.06011, step_acc: 20.52353, grid_scale: 4 / 5, strokes: 6 / 9
iteration step 299, G_loss: 0.06010, step_acc: 20.52402, grid_scale: 4 / 5, strokes: 6 / 9
iteration step 300, G_loss: 0.06009, step_acc: 20.53011, grid_scale: 4 / 5, strokes: 6 / 9
iteration step 301, G_loss: 0.06005, step_acc: 20.52768, grid_scale: 4 / 5, strokes: 6 / 9
iteration step 302, G_loss: 0.06005, step_acc: 20.53557, grid_scale: 4 / 5, strokes: 6 / 9
iteration step 303, G_loss: 0.06000, step_acc: 20.53827, grid_scale: 4 / 5, strokes: 6 / 9
iteration step 304, G_loss: 0.05998, step_acc: 20.54173, grid_scale: 4 / 5, strokes: 6 / 9
iteration step 305, G_loss: 0.05995, step_acc: 20.54531, grid_scale: 4 / 5, strokes: 6 / 9
iteration step 306, G_loss: 0.05994, step_acc: 20.54676, grid_scale: 4 / 5, strokes: 6 / 9
iteration step 307, G_loss: 0.05992, step_acc: 20.55607, grid_scale: 4 / 5, strokes: 6 / 9
iteration step 308, G_loss: 0.05987, step_acc: 20.56137, grid_scale: 4 / 5, strokes: 6 / 9
iteration step 309, G_loss: 0.05983, step_acc: 20.56518, grid_scale: 4 / 5, strokes: 6 / 9
iteration step 310, G_loss: 0.05980, step_acc: 20.56835, grid_scale: 4 / 5, strokes: 6 / 9
iteration step 311, G_loss: 0.05976, step_acc: 20.57421, grid_scale: 4 / 5, strokes: 6 / 9
iteration step 312, G_loss: 0.05972, step_acc: 20.57373, grid_scale: 4 / 5, strokes: 6 / 9
iteration step 313, G_loss: 0.05969, step_acc: 20.57955, grid_scale: 4 / 5, strokes: 6 / 9
iteration step 314, G_loss: 0.05968, step_acc: 20.58012, grid_scale: 4 / 5, strokes: 6 / 9
iteration step 315, G_loss: 0.05964, step_acc: 20.58702, grid_scale: 4 / 5, strokes: 6 / 9
iteration step 316, G_loss: 0.05961, step_acc: 20.58522, grid_scale: 4 / 5, strokes: 6 / 9
iteration step 317, G_loss: 0.05959, step_acc: 20.58980, grid_scale: 4 / 5, strokes: 6 / 9
iteration step 318, G_loss: 0.05960, step_acc: 20.58908, grid_scale: 4 / 5, strokes: 6 / 9
iteration step 319, G_loss: 0.05957, step_acc: 20.59751, grid_scale: 4 / 5, strokes: 6 / 9
iteration step 320, G_loss: 0.05952, step_acc: 20.60058, grid_scale: 4 / 5, strokes: 6 / 9
iteration step 321, G_loss: 0.05949, step_acc: 20.60520, grid_scale: 4 / 5, strokes: 6 / 9
iteration step 322, G_loss: 0.05945, step_acc: 20.60813, grid_scale: 4 / 5, strokes: 6 / 9
iteration step 323, G_loss: 0.05942, step_acc: 20.60865, grid_scale: 4 / 5, strokes: 6 / 9
iteration step 324, G_loss: 0.05943, step_acc: 20.60951, grid_scale: 4 / 5, strokes: 6 / 9
iteration step 325, G_loss: 0.05941, step_acc: 20.61119, grid_scale: 4 / 5, strokes: 6 / 9
iteration step 326, G_loss: 0.05940, step_acc: 20.61694, grid_scale: 4 / 5, strokes: 6 / 9
iteration step 327, G_loss: 0.05937, step_acc: 20.61391, grid_scale: 4 / 5, strokes: 6 / 9
iteration step 328, G_loss: 0.05938, step_acc: 20.62504, grid_scale: 4 / 5, strokes: 6 / 9
iteration step 329, G_loss: 0.05930, step_acc: 20.62308, grid_scale: 4 / 5, strokes: 6 / 9
iteration step 330, G_loss: 0.05928, step_acc: 20.69356, grid_scale: 4 / 5, strokes: 7 / 9
iteration step 331, G_loss: 0.05911, step_acc: 20.76131, grid_scale: 4 / 5, strokes: 7 / 9
iteration step 332, G_loss: 0.05882, step_acc: 20.81673, grid_scale: 4 / 5, strokes: 7 / 9
iteration step 333, G_loss: 0.05845, step_acc: 20.85115, grid_scale: 4 / 5, strokes: 7 / 9
iteration step 334, G_loss: 0.05826, step_acc: 20.88811, grid_scale: 4 / 5, strokes: 7 / 9
iteration step 335, G_loss: 0.05807, step_acc: 20.88905, grid_scale: 4 / 5, strokes: 7 / 9
iteration step 336, G_loss: 0.05801, step_acc: 20.90560, grid_scale: 4 / 5, strokes: 7 / 9
iteration step 337, G_loss: 0.05791, step_acc: 20.93376, grid_scale: 4 / 5, strokes: 7 / 9
iteration step 338, G_loss: 0.05773, step_acc: 20.95484, grid_scale: 4 / 5, strokes: 7 / 9
iteration step 339, G_loss: 0.05759, step_acc: 20.96475, grid_scale: 4 / 5, strokes: 7 / 9
iteration step 340, G_loss: 0.05751, step_acc: 20.97437, grid_scale: 4 / 5, strokes: 7 / 9
iteration step 341, G_loss: 0.05744, step_acc: 20.98055, grid_scale: 4 / 5, strokes: 7 / 9
iteration step 342, G_loss: 0.05739, step_acc: 20.98981, grid_scale: 4 / 5, strokes: 7 / 9
iteration step 343, G_loss: 0.05731, step_acc: 20.99949, grid_scale: 4 / 5, strokes: 7 / 9
iteration step 344, G_loss: 0.05725, step_acc: 21.00985, grid_scale: 4 / 5, strokes: 7 / 9
iteration step 345, G_loss: 0.05718, step_acc: 21.01230, grid_scale: 4 / 5, strokes: 7 / 9
iteration step 346, G_loss: 0.05715, step_acc: 21.02159, grid_scale: 4 / 5, strokes: 7 / 9
iteration step 347, G_loss: 0.05712, step_acc: 21.02868, grid_scale: 4 / 5, strokes: 7 / 9
iteration step 348, G_loss: 0.05706, step_acc: 21.03203, grid_scale: 4 / 5, strokes: 7 / 9
iteration step 349, G_loss: 0.05703, step_acc: 21.02802, grid_scale: 4 / 5, strokes: 7 / 9
iteration step 350, G_loss: 0.05704, step_acc: 21.04200, grid_scale: 4 / 5, strokes: 7 / 9
iteration step 351, G_loss: 0.05696, step_acc: 21.03976, grid_scale: 4 / 5, strokes: 7 / 9
iteration step 352, G_loss: 0.05698, step_acc: 21.05237, grid_scale: 4 / 5, strokes: 7 / 9
iteration step 353, G_loss: 0.05690, step_acc: 21.05360, grid_scale: 4 / 5, strokes: 7 / 9
iteration step 354, G_loss: 0.05689, step_acc: 21.06465, grid_scale: 4 / 5, strokes: 7 / 9
iteration step 355, G_loss: 0.05682, step_acc: 21.06209, grid_scale: 4 / 5, strokes: 7 / 9
iteration step 356, G_loss: 0.05680, step_acc: 21.06391, grid_scale: 4 / 5, strokes: 7 / 9
iteration step 357, G_loss: 0.05683, step_acc: 21.06753, grid_scale: 4 / 5, strokes: 7 / 9
iteration step 358, G_loss: 0.05679, step_acc: 21.07161, grid_scale: 4 / 5, strokes: 7 / 9
iteration step 359, G_loss: 0.05675, step_acc: 21.07344, grid_scale: 4 / 5, strokes: 7 / 9
iteration step 360, G_loss: 0.05673, step_acc: 21.07972, grid_scale: 4 / 5, strokes: 7 / 9
iteration step 361, G_loss: 0.05674, step_acc: 21.08051, grid_scale: 4 / 5, strokes: 7 / 9
iteration step 362, G_loss: 0.05674, step_acc: 21.08549, grid_scale: 4 / 5, strokes: 7 / 9
iteration step 363, G_loss: 0.05668, step_acc: 21.09267, grid_scale: 4 / 5, strokes: 7 / 9
iteration step 364, G_loss: 0.05663, step_acc: 21.09703, grid_scale: 4 / 5, strokes: 7 / 9
iteration step 365, G_loss: 0.05662, step_acc: 21.11088, grid_scale: 4 / 5, strokes: 7 / 9
iteration step 366, G_loss: 0.05658, step_acc: 21.11969, grid_scale: 4 / 5, strokes: 7 / 9
iteration step 367, G_loss: 0.05651, step_acc: 21.13270, grid_scale: 4 / 5, strokes: 7 / 9
iteration step 368, G_loss: 0.05647, step_acc: 21.13790, grid_scale: 4 / 5, strokes: 7 / 9
iteration step 369, G_loss: 0.05643, step_acc: 21.14119, grid_scale: 4 / 5, strokes: 7 / 9
iteration step 370, G_loss: 0.05640, step_acc: 21.14043, grid_scale: 4 / 5, strokes: 7 / 9
iteration step 371, G_loss: 0.05639, step_acc: 21.14380, grid_scale: 4 / 5, strokes: 7 / 9
iteration step 372, G_loss: 0.05637, step_acc: 21.14940, grid_scale: 4 / 5, strokes: 7 / 9
iteration step 373, G_loss: 0.05634, step_acc: 21.14813, grid_scale: 4 / 5, strokes: 7 / 9
iteration step 374, G_loss: 0.05634, step_acc: 21.15294, grid_scale: 4 / 5, strokes: 7 / 9
iteration step 375, G_loss: 0.05630, step_acc: 21.15385, grid_scale: 4 / 5, strokes: 7 / 9
iteration step 376, G_loss: 0.05627, step_acc: 21.16131, grid_scale: 4 / 5, strokes: 7 / 9
iteration step 377, G_loss: 0.05623, step_acc: 21.16002, grid_scale: 4 / 5, strokes: 7 / 9
iteration step 378, G_loss: 0.05624, step_acc: 21.16274, grid_scale: 4 / 5, strokes: 7 / 9
iteration step 379, G_loss: 0.05623, step_acc: 21.16319, grid_scale: 4 / 5, strokes: 7 / 9
iteration step 380, G_loss: 0.05620, step_acc: 21.17224, grid_scale: 4 / 5, strokes: 7 / 9
iteration step 381, G_loss: 0.05614, step_acc: 21.17136, grid_scale: 4 / 5, strokes: 7 / 9
iteration step 382, G_loss: 0.05613, step_acc: 21.17742, grid_scale: 4 / 5, strokes: 7 / 9
iteration step 383, G_loss: 0.05609, step_acc: 21.17662, grid_scale: 4 / 5, strokes: 7 / 9
iteration step 384, G_loss: 0.05606, step_acc: 21.17966, grid_scale: 4 / 5, strokes: 7 / 9
iteration step 385, G_loss: 0.05607, step_acc: 21.21664, grid_scale: 4 / 5, strokes: 8 / 9
iteration step 386, G_loss: 0.05593, step_acc: 21.24259, grid_scale: 4 / 5, strokes: 8 / 9
iteration step 387, G_loss: 0.05579, step_acc: 21.28757, grid_scale: 4 / 5, strokes: 8 / 9
iteration step 388, G_loss: 0.05556, step_acc: 21.31277, grid_scale: 4 / 5, strokes: 8 / 9
iteration step 389, G_loss: 0.05537, step_acc: 21.33598, grid_scale: 4 / 5, strokes: 8 / 9
iteration step 390, G_loss: 0.05526, step_acc: 21.34603, grid_scale: 4 / 5, strokes: 8 / 9
iteration step 391, G_loss: 0.05515, step_acc: 21.35962, grid_scale: 4 / 5, strokes: 8 / 9
iteration step 392, G_loss: 0.05508, step_acc: 21.37566, grid_scale: 4 / 5, strokes: 8 / 9
iteration step 393, G_loss: 0.05495, step_acc: 21.38314, grid_scale: 4 / 5, strokes: 8 / 9
iteration step 394, G_loss: 0.05486, step_acc: 21.39486, grid_scale: 4 / 5, strokes: 8 / 9
iteration step 395, G_loss: 0.05483, step_acc: 21.39655, grid_scale: 4 / 5, strokes: 8 / 9
iteration step 396, G_loss: 0.05478, step_acc: 21.41534, grid_scale: 4 / 5, strokes: 8 / 9
iteration step 397, G_loss: 0.05474, step_acc: 21.43024, grid_scale: 4 / 5, strokes: 8 / 9
iteration step 398, G_loss: 0.05464, step_acc: 21.43860, grid_scale: 4 / 5, strokes: 8 / 9
iteration step 399, G_loss: 0.05461, step_acc: 21.44174, grid_scale: 4 / 5, strokes: 8 / 9
iteration step 400, G_loss: 0.05455, step_acc: 21.44602, grid_scale: 4 / 5, strokes: 8 / 9
iteration step 401, G_loss: 0.05452, step_acc: 21.45266, grid_scale: 4 / 5, strokes: 8 / 9
iteration step 402, G_loss: 0.05445, step_acc: 21.46267, grid_scale: 4 / 5, strokes: 8 / 9
iteration step 403, G_loss: 0.05440, step_acc: 21.45962, grid_scale: 4 / 5, strokes: 8 / 9
iteration step 404, G_loss: 0.05436, step_acc: 21.47290, grid_scale: 4 / 5, strokes: 8 / 9
iteration step 405, G_loss: 0.05431, step_acc: 21.47301, grid_scale: 4 / 5, strokes: 8 / 9
iteration step 406, G_loss: 0.05427, step_acc: 21.47945, grid_scale: 4 / 5, strokes: 8 / 9
iteration step 407, G_loss: 0.05424, step_acc: 21.48253, grid_scale: 4 / 5, strokes: 8 / 9
iteration step 408, G_loss: 0.05419, step_acc: 21.48609, grid_scale: 4 / 5, strokes: 8 / 9
iteration step 409, G_loss: 0.05417, step_acc: 21.49298, grid_scale: 4 / 5, strokes: 8 / 9
iteration step 410, G_loss: 0.05412, step_acc: 21.49784, grid_scale: 4 / 5, strokes: 8 / 9
iteration step 411, G_loss: 0.05409, step_acc: 21.49759, grid_scale: 4 / 5, strokes: 8 / 9
iteration step 412, G_loss: 0.05407, step_acc: 21.50502, grid_scale: 4 / 5, strokes: 8 / 9
iteration step 413, G_loss: 0.05405, step_acc: 21.50630, grid_scale: 4 / 5, strokes: 8 / 9
iteration step 414, G_loss: 0.05399, step_acc: 21.51426, grid_scale: 4 / 5, strokes: 8 / 9
iteration step 415, G_loss: 0.05396, step_acc: 21.51439, grid_scale: 4 / 5, strokes: 8 / 9
iteration step 416, G_loss: 0.05392, step_acc: 21.51665, grid_scale: 4 / 5, strokes: 8 / 9
iteration step 417, G_loss: 0.05390, step_acc: 21.51820, grid_scale: 4 / 5, strokes: 8 / 9
iteration step 418, G_loss: 0.05390, step_acc: 21.52134, grid_scale: 4 / 5, strokes: 8 / 9
iteration step 419, G_loss: 0.05387, step_acc: 21.52272, grid_scale: 4 / 5, strokes: 8 / 9
iteration step 420, G_loss: 0.05384, step_acc: 21.52325, grid_scale: 4 / 5, strokes: 8 / 9
iteration step 421, G_loss: 0.05382, step_acc: 21.52313, grid_scale: 4 / 5, strokes: 8 / 9
iteration step 422, G_loss: 0.05380, step_acc: 21.52719, grid_scale: 4 / 5, strokes: 8 / 9
iteration step 423, G_loss: 0.05379, step_acc: 21.53593, grid_scale: 4 / 5, strokes: 8 / 9
iteration step 424, G_loss: 0.05371, step_acc: 21.53713, grid_scale: 4 / 5, strokes: 8 / 9
iteration step 425, G_loss: 0.05370, step_acc: 21.53877, grid_scale: 4 / 5, strokes: 8 / 9
iteration step 426, G_loss: 0.05367, step_acc: 21.54639, grid_scale: 4 / 5, strokes: 8 / 9
iteration step 427, G_loss: 0.05363, step_acc: 21.54212, grid_scale: 4 / 5, strokes: 8 / 9
iteration step 428, G_loss: 0.05363, step_acc: 21.54939, grid_scale: 4 / 5, strokes: 8 / 9
iteration step 429, G_loss: 0.05359, step_acc: 21.55014, grid_scale: 4 / 5, strokes: 8 / 9
iteration step 430, G_loss: 0.05358, step_acc: 21.54811, grid_scale: 4 / 5, strokes: 8 / 9
iteration step 431, G_loss: 0.05355, step_acc: 21.55897, grid_scale: 4 / 5, strokes: 8 / 9
iteration step 432, G_loss: 0.05350, step_acc: 21.56353, grid_scale: 4 / 5, strokes: 8 / 9
iteration step 433, G_loss: 0.05348, step_acc: 21.55901, grid_scale: 4 / 5, strokes: 8 / 9
iteration step 434, G_loss: 0.05346, step_acc: 21.56576, grid_scale: 4 / 5, strokes: 8 / 9
iteration step 435, G_loss: 0.05347, step_acc: 21.56206, grid_scale: 4 / 5, strokes: 8 / 9
iteration step 436, G_loss: 0.05342, step_acc: 21.57339, grid_scale: 4 / 5, strokes: 8 / 9
iteration step 437, G_loss: 0.05339, step_acc: 21.57304, grid_scale: 4 / 5, strokes: 8 / 9
iteration step 438, G_loss: 0.05336, step_acc: 21.57575, grid_scale: 4 / 5, strokes: 8 / 9
iteration step 439, G_loss: 0.05338, step_acc: 21.57654, grid_scale: 4 / 5, strokes: 8 / 9
iteration step 440, G_loss: 0.05333, step_acc: 21.62334, grid_scale: 4 / 5, strokes: 9 / 9
iteration step 441, G_loss: 0.05317, step_acc: 21.66730, grid_scale: 4 / 5, strokes: 9 / 9
iteration step 442, G_loss: 0.05287, step_acc: 21.68799, grid_scale: 4 / 5, strokes: 9 / 9
iteration step 443, G_loss: 0.05277, step_acc: 21.72459, grid_scale: 4 / 5, strokes: 9 / 9
iteration step 444, G_loss: 0.05250, step_acc: 21.74151, grid_scale: 4 / 5, strokes: 9 / 9
iteration step 445, G_loss: 0.05242, step_acc: 21.75634, grid_scale: 4 / 5, strokes: 9 / 9
iteration step 446, G_loss: 0.05230, step_acc: 21.76149, grid_scale: 4 / 5, strokes: 9 / 9
iteration step 447, G_loss: 0.05229, step_acc: 21.77496, grid_scale: 4 / 5, strokes: 9 / 9
iteration step 448, G_loss: 0.05217, step_acc: 21.79601, grid_scale: 4 / 5, strokes: 9 / 9
iteration step 449, G_loss: 0.05212, step_acc: 21.80434, grid_scale: 4 / 5, strokes: 9 / 9
iteration step 450, G_loss: 0.05201, step_acc: 21.82196, grid_scale: 4 / 5, strokes: 9 / 9
iteration step 451, G_loss: 0.05197, step_acc: 21.82384, grid_scale: 4 / 5, strokes: 9 / 9
iteration step 452, G_loss: 0.05189, step_acc: 21.84550, grid_scale: 4 / 5, strokes: 9 / 9
iteration step 453, G_loss: 0.05186, step_acc: 21.85105, grid_scale: 4 / 5, strokes: 9 / 9
iteration step 454, G_loss: 0.05176, step_acc: 21.87255, grid_scale: 4 / 5, strokes: 9 / 9
iteration step 455, G_loss: 0.05173, step_acc: 21.86626, grid_scale: 4 / 5, strokes: 9 / 9
iteration step 456, G_loss: 0.05168, step_acc: 21.88261, grid_scale: 4 / 5, strokes: 9 / 9
iteration step 457, G_loss: 0.05165, step_acc: 21.88116, grid_scale: 4 / 5, strokes: 9 / 9
iteration step 458, G_loss: 0.05161, step_acc: 21.89785, grid_scale: 4 / 5, strokes: 9 / 9
iteration step 459, G_loss: 0.05157, step_acc: 21.89787, grid_scale: 4 / 5, strokes: 9 / 9
iteration step 460, G_loss: 0.05151, step_acc: 21.90993, grid_scale: 4 / 5, strokes: 9 / 9
iteration step 461, G_loss: 0.05150, step_acc: 21.91504, grid_scale: 4 / 5, strokes: 9 / 9
iteration step 462, G_loss: 0.05143, step_acc: 21.92050, grid_scale: 4 / 5, strokes: 9 / 9
iteration step 463, G_loss: 0.05144, step_acc: 21.92497, grid_scale: 4 / 5, strokes: 9 / 9
iteration step 464, G_loss: 0.05137, step_acc: 21.93758, grid_scale: 4 / 5, strokes: 9 / 9
iteration step 465, G_loss: 0.05134, step_acc: 21.94215, grid_scale: 4 / 5, strokes: 9 / 9
iteration step 466, G_loss: 0.05129, step_acc: 21.95071, grid_scale: 4 / 5, strokes: 9 / 9
iteration step 467, G_loss: 0.05125, step_acc: 21.95798, grid_scale: 4 / 5, strokes: 9 / 9
iteration step 468, G_loss: 0.05118, step_acc: 21.95890, grid_scale: 4 / 5, strokes: 9 / 9
iteration step 469, G_loss: 0.05120, step_acc: 21.96472, grid_scale: 4 / 5, strokes: 9 / 9
iteration step 470, G_loss: 0.05112, step_acc: 21.97511, grid_scale: 4 / 5, strokes: 9 / 9
iteration step 471, G_loss: 0.05112, step_acc: 21.96843, grid_scale: 4 / 5, strokes: 9 / 9
iteration step 472, G_loss: 0.05111, step_acc: 21.97883, grid_scale: 4 / 5, strokes: 9 / 9
iteration step 473, G_loss: 0.05110, step_acc: 21.97849, grid_scale: 4 / 5, strokes: 9 / 9
iteration step 474, G_loss: 0.05102, step_acc: 21.98891, grid_scale: 4 / 5, strokes: 9 / 9
iteration step 475, G_loss: 0.05103, step_acc: 21.98438, grid_scale: 4 / 5, strokes: 9 / 9
iteration step 476, G_loss: 0.05097, step_acc: 21.99264, grid_scale: 4 / 5, strokes: 9 / 9
iteration step 477, G_loss: 0.05097, step_acc: 21.99238, grid_scale: 4 / 5, strokes: 9 / 9
iteration step 478, G_loss: 0.05094, step_acc: 22.00138, grid_scale: 4 / 5, strokes: 9 / 9
iteration step 479, G_loss: 0.05094, step_acc: 21.99779, grid_scale: 4 / 5, strokes: 9 / 9
iteration step 480, G_loss: 0.05091, step_acc: 22.00669, grid_scale: 4 / 5, strokes: 9 / 9
iteration step 481, G_loss: 0.05090, step_acc: 22.00085, grid_scale: 4 / 5, strokes: 9 / 9
iteration step 482, G_loss: 0.05088, step_acc: 22.01581, grid_scale: 4 / 5, strokes: 9 / 9
iteration step 483, G_loss: 0.05085, step_acc: 22.00294, grid_scale: 4 / 5, strokes: 9 / 9
iteration step 484, G_loss: 0.05084, step_acc: 22.01597, grid_scale: 4 / 5, strokes: 9 / 9
iteration step 485, G_loss: 0.05085, step_acc: 22.00809, grid_scale: 4 / 5, strokes: 9 / 9
iteration step 486, G_loss: 0.05082, step_acc: 22.01800, grid_scale: 4 / 5, strokes: 9 / 9
iteration step 487, G_loss: 0.05081, step_acc: 22.01426, grid_scale: 4 / 5, strokes: 9 / 9
iteration step 488, G_loss: 0.05080, step_acc: 22.01917, grid_scale: 4 / 5, strokes: 9 / 9
iteration step 489, G_loss: 0.05080, step_acc: 22.02040, grid_scale: 4 / 5, strokes: 9 / 9
iteration step 490, G_loss: 0.05076, step_acc: 22.02634, grid_scale: 4 / 5, strokes: 9 / 9
iteration step 491, G_loss: 0.05076, step_acc: 22.02398, grid_scale: 4 / 5, strokes: 9 / 9
iteration step 492, G_loss: 0.05072, step_acc: 22.03244, grid_scale: 4 / 5, strokes: 9 / 9
iteration step 493, G_loss: 0.05069, step_acc: 22.02311, grid_scale: 4 / 5, strokes: 9 / 9
iteration step 494, G_loss: 0.05071, step_acc: 22.03114, grid_scale: 4 / 5, strokes: 9 / 9
rendering canvas...
iteration step 0, G_loss: 0.05070, step_acc: 19.26618, grid_scale: 5 / 5, strokes: 1 / 9
iteration step 1, G_loss: 0.06733, step_acc: 19.29549, grid_scale: 5 / 5, strokes: 1 / 9
iteration step 2, G_loss: 0.06711, step_acc: 19.32322, grid_scale: 5 / 5, strokes: 1 / 9
iteration step 3, G_loss: 0.06689, step_acc: 19.34466, grid_scale: 5 / 5, strokes: 1 / 9
iteration step 4, G_loss: 0.06674, step_acc: 19.36210, grid_scale: 5 / 5, strokes: 1 / 9
iteration step 5, G_loss: 0.06662, step_acc: 19.37649, grid_scale: 5 / 5, strokes: 1 / 9
iteration step 6, G_loss: 0.06649, step_acc: 19.38408, grid_scale: 5 / 5, strokes: 1 / 9
iteration step 7, G_loss: 0.06641, step_acc: 19.39199, grid_scale: 5 / 5, strokes: 1 / 9
iteration step 8, G_loss: 0.06632, step_acc: 19.39702, grid_scale: 5 / 5, strokes: 1 / 9
iteration step 9, G_loss: 0.06626, step_acc: 19.40726, grid_scale: 5 / 5, strokes: 1 / 9
iteration step 10, G_loss: 0.06618, step_acc: 19.41162, grid_scale: 5 / 5, strokes: 1 / 9
iteration step 11, G_loss: 0.06614, step_acc: 19.41766, grid_scale: 5 / 5, strokes: 1 / 9
iteration step 12, G_loss: 0.06609, step_acc: 19.42232, grid_scale: 5 / 5, strokes: 1 / 9
iteration step 13, G_loss: 0.06606, step_acc: 19.42766, grid_scale: 5 / 5, strokes: 1 / 9
iteration step 14, G_loss: 0.06601, step_acc: 19.43207, grid_scale: 5 / 5, strokes: 1 / 9
iteration step 15, G_loss: 0.06596, step_acc: 19.43587, grid_scale: 5 / 5, strokes: 1 / 9
iteration step 16, G_loss: 0.06593, step_acc: 19.43824, grid_scale: 5 / 5, strokes: 1 / 9
iteration step 17, G_loss: 0.06589, step_acc: 19.44101, grid_scale: 5 / 5, strokes: 1 / 9
iteration step 18, G_loss: 0.06587, step_acc: 19.44320, grid_scale: 5 / 5, strokes: 1 / 9
iteration step 19, G_loss: 0.06585, step_acc: 19.44513, grid_scale: 5 / 5, strokes: 1 / 9
iteration step 20, G_loss: 0.06584, step_acc: 19.44648, grid_scale: 5 / 5, strokes: 1 / 9
iteration step 21, G_loss: 0.06582, step_acc: 19.44946, grid_scale: 5 / 5, strokes: 1 / 9
iteration step 22, G_loss: 0.06580, step_acc: 19.45096, grid_scale: 5 / 5, strokes: 1 / 9
iteration step 23, G_loss: 0.06577, step_acc: 19.45247, grid_scale: 5 / 5, strokes: 1 / 9
iteration step 24, G_loss: 0.06577, step_acc: 19.45214, grid_scale: 5 / 5, strokes: 1 / 9
iteration step 25, G_loss: 0.06576, step_acc: 19.45601, grid_scale: 5 / 5, strokes: 1 / 9
iteration step 26, G_loss: 0.06574, step_acc: 19.45757, grid_scale: 5 / 5, strokes: 1 / 9
iteration step 27, G_loss: 0.06571, step_acc: 19.45816, grid_scale: 5 / 5, strokes: 1 / 9
iteration step 28, G_loss: 0.06570, step_acc: 19.45792, grid_scale: 5 / 5, strokes: 1 / 9
iteration step 29, G_loss: 0.06570, step_acc: 19.46134, grid_scale: 5 / 5, strokes: 1 / 9
iteration step 30, G_loss: 0.06568, step_acc: 19.46203, grid_scale: 5 / 5, strokes: 1 / 9
iteration step 31, G_loss: 0.06566, step_acc: 19.46476, grid_scale: 5 / 5, strokes: 1 / 9
iteration step 32, G_loss: 0.06566, step_acc: 19.46511, grid_scale: 5 / 5, strokes: 1 / 9
iteration step 33, G_loss: 0.06564, step_acc: 19.46653, grid_scale: 5 / 5, strokes: 1 / 9
iteration step 34, G_loss: 0.06564, step_acc: 19.46769, grid_scale: 5 / 5, strokes: 1 / 9
iteration step 35, G_loss: 0.06563, step_acc: 19.46779, grid_scale: 5 / 5, strokes: 1 / 9
iteration step 36, G_loss: 0.06563, step_acc: 19.46842, grid_scale: 5 / 5, strokes: 1 / 9
iteration step 37, G_loss: 0.06562, step_acc: 19.46880, grid_scale: 5 / 5, strokes: 1 / 9
iteration step 38, G_loss: 0.06562, step_acc: 19.47138, grid_scale: 5 / 5, strokes: 1 / 9
iteration step 39, G_loss: 0.06560, step_acc: 19.47092, grid_scale: 5 / 5, strokes: 1 / 9
iteration step 40, G_loss: 0.06559, step_acc: 19.47283, grid_scale: 5 / 5, strokes: 1 / 9
iteration step 41, G_loss: 0.06558, step_acc: 19.47511, grid_scale: 5 / 5, strokes: 1 / 9
iteration step 42, G_loss: 0.06557, step_acc: 19.47643, grid_scale: 5 / 5, strokes: 1 / 9
iteration step 43, G_loss: 0.06556, step_acc: 19.47806, grid_scale: 5 / 5, strokes: 1 / 9
iteration step 44, G_loss: 0.06555, step_acc: 19.47747, grid_scale: 5 / 5, strokes: 1 / 9
iteration step 45, G_loss: 0.06554, step_acc: 19.47951, grid_scale: 5 / 5, strokes: 1 / 9
iteration step 46, G_loss: 0.06554, step_acc: 19.47890, grid_scale: 5 / 5, strokes: 1 / 9
iteration step 47, G_loss: 0.06554, step_acc: 19.48127, grid_scale: 5 / 5, strokes: 1 / 9
iteration step 48, G_loss: 0.06553, step_acc: 19.48137, grid_scale: 5 / 5, strokes: 1 / 9
iteration step 49, G_loss: 0.06552, step_acc: 19.48295, grid_scale: 5 / 5, strokes: 1 / 9
iteration step 50, G_loss: 0.06551, step_acc: 19.48286, grid_scale: 5 / 5, strokes: 1 / 9
iteration step 51, G_loss: 0.06551, step_acc: 19.48438, grid_scale: 5 / 5, strokes: 1 / 9
iteration step 52, G_loss: 0.06550, step_acc: 19.48442, grid_scale: 5 / 5, strokes: 1 / 9
iteration step 53, G_loss: 0.06550, step_acc: 19.48563, grid_scale: 5 / 5, strokes: 1 / 9
iteration step 54, G_loss: 0.06549, step_acc: 19.48556, grid_scale: 5 / 5, strokes: 1 / 9
iteration step 55, G_loss: 0.06549, step_acc: 19.54395, grid_scale: 5 / 5, strokes: 2 / 9
iteration step 56, G_loss: 0.06524, step_acc: 19.60100, grid_scale: 5 / 5, strokes: 2 / 9
iteration step 57, G_loss: 0.06497, step_acc: 19.62906, grid_scale: 5 / 5, strokes: 2 / 9
iteration step 58, G_loss: 0.06476, step_acc: 19.66373, grid_scale: 5 / 5, strokes: 2 / 9
iteration step 59, G_loss: 0.06455, step_acc: 19.67645, grid_scale: 5 / 5, strokes: 2 / 9
iteration step 60, G_loss: 0.06445, step_acc: 19.69477, grid_scale: 5 / 5, strokes: 2 / 9
iteration step 61, G_loss: 0.06434, step_acc: 19.70899, grid_scale: 5 / 5, strokes: 2 / 9
iteration step 62, G_loss: 0.06426, step_acc: 19.71809, grid_scale: 5 / 5, strokes: 2 / 9
iteration step 63, G_loss: 0.06422, step_acc: 19.73874, grid_scale: 5 / 5, strokes: 2 / 9
iteration step 64, G_loss: 0.06412, step_acc: 19.75614, grid_scale: 5 / 5, strokes: 2 / 9
iteration step 65, G_loss: 0.06402, step_acc: 19.76926, grid_scale: 5 / 5, strokes: 2 / 9
iteration step 66, G_loss: 0.06396, step_acc: 19.77482, grid_scale: 5 / 5, strokes: 2 / 9
iteration step 67, G_loss: 0.06391, step_acc: 19.78422, grid_scale: 5 / 5, strokes: 2 / 9
iteration step 68, G_loss: 0.06387, step_acc: 19.79571, grid_scale: 5 / 5, strokes: 2 / 9
iteration step 69, G_loss: 0.06380, step_acc: 19.80380, grid_scale: 5 / 5, strokes: 2 / 9
iteration step 70, G_loss: 0.06375, step_acc: 19.81256, grid_scale: 5 / 5, strokes: 2 / 9
iteration step 71, G_loss: 0.06369, step_acc: 19.82228, grid_scale: 5 / 5, strokes: 2 / 9
iteration step 72, G_loss: 0.06365, step_acc: 19.82788, grid_scale: 5 / 5, strokes: 2 / 9
iteration step 73, G_loss: 0.06359, step_acc: 19.84116, grid_scale: 5 / 5, strokes: 2 / 9
iteration step 74, G_loss: 0.06353, step_acc: 19.84910, grid_scale: 5 / 5, strokes: 2 / 9
iteration step 75, G_loss: 0.06348, step_acc: 19.85759, grid_scale: 5 / 5, strokes: 2 / 9
iteration step 76, G_loss: 0.06344, step_acc: 19.86996, grid_scale: 5 / 5, strokes: 2 / 9
iteration step 77, G_loss: 0.06335, step_acc: 19.88346, grid_scale: 5 / 5, strokes: 2 / 9
iteration step 78, G_loss: 0.06328, step_acc: 19.88632, grid_scale: 5 / 5, strokes: 2 / 9
iteration step 79, G_loss: 0.06321, step_acc: 19.89602, grid_scale: 5 / 5, strokes: 2 / 9
iteration step 80, G_loss: 0.06317, step_acc: 19.89829, grid_scale: 5 / 5, strokes: 2 / 9
iteration step 81, G_loss: 0.06313, step_acc: 19.90527, grid_scale: 5 / 5, strokes: 2 / 9
iteration step 82, G_loss: 0.06310, step_acc: 19.90834, grid_scale: 5 / 5, strokes: 2 / 9
iteration step 83, G_loss: 0.06307, step_acc: 19.91603, grid_scale: 5 / 5, strokes: 2 / 9
iteration step 84, G_loss: 0.06304, step_acc: 19.92025, grid_scale: 5 / 5, strokes: 2 / 9
iteration step 85, G_loss: 0.06299, step_acc: 19.92456, grid_scale: 5 / 5, strokes: 2 / 9
iteration step 86, G_loss: 0.06296, step_acc: 19.92586, grid_scale: 5 / 5, strokes: 2 / 9
iteration step 87, G_loss: 0.06293, step_acc: 19.93215, grid_scale: 5 / 5, strokes: 2 / 9
iteration step 88, G_loss: 0.06289, step_acc: 19.93159, grid_scale: 5 / 5, strokes: 2 / 9
iteration step 89, G_loss: 0.06286, step_acc: 19.93766, grid_scale: 5 / 5, strokes: 2 / 9
iteration step 90, G_loss: 0.06284, step_acc: 19.93925, grid_scale: 5 / 5, strokes: 2 / 9
iteration step 91, G_loss: 0.06281, step_acc: 19.94626, grid_scale: 5 / 5, strokes: 2 / 9
iteration step 92, G_loss: 0.06278, step_acc: 19.94649, grid_scale: 5 / 5, strokes: 2 / 9
iteration step 93, G_loss: 0.06274, step_acc: 19.94890, grid_scale: 5 / 5, strokes: 2 / 9
iteration step 94, G_loss: 0.06272, step_acc: 19.95276, grid_scale: 5 / 5, strokes: 2 / 9
iteration step 95, G_loss: 0.06270, step_acc: 19.95280, grid_scale: 5 / 5, strokes: 2 / 9
iteration step 96, G_loss: 0.06268, step_acc: 19.95794, grid_scale: 5 / 5, strokes: 2 / 9
iteration step 97, G_loss: 0.06266, step_acc: 19.95988, grid_scale: 5 / 5, strokes: 2 / 9
iteration step 98, G_loss: 0.06264, step_acc: 19.95848, grid_scale: 5 / 5, strokes: 2 / 9
iteration step 99, G_loss: 0.06262, step_acc: 19.96495, grid_scale: 5 / 5, strokes: 2 / 9
iteration step 100, G_loss: 0.06259, step_acc: 19.96557, grid_scale: 5 / 5, strokes: 2 / 9
iteration step 101, G_loss: 0.06258, step_acc: 19.96686, grid_scale: 5 / 5, strokes: 2 / 9
iteration step 102, G_loss: 0.06255, step_acc: 19.97004, grid_scale: 5 / 5, strokes: 2 / 9
iteration step 103, G_loss: 0.06253, step_acc: 19.97162, grid_scale: 5 / 5, strokes: 2 / 9
iteration step 104, G_loss: 0.06253, step_acc: 19.97080, grid_scale: 5 / 5, strokes: 2 / 9
iteration step 105, G_loss: 0.06252, step_acc: 19.97320, grid_scale: 5 / 5, strokes: 2 / 9
iteration step 106, G_loss: 0.06250, step_acc: 19.97157, grid_scale: 5 / 5, strokes: 2 / 9
iteration step 107, G_loss: 0.06250, step_acc: 19.97410, grid_scale: 5 / 5, strokes: 2 / 9
iteration step 108, G_loss: 0.06250, step_acc: 19.97404, grid_scale: 5 / 5, strokes: 2 / 9
iteration step 109, G_loss: 0.06248, step_acc: 19.97669, grid_scale: 5 / 5, strokes: 2 / 9
iteration step 110, G_loss: 0.06247, step_acc: 19.98797, grid_scale: 5 / 5, strokes: 3 / 9
iteration step 111, G_loss: 0.06250, step_acc: 20.04812, grid_scale: 5 / 5, strokes: 3 / 9
iteration step 112, G_loss: 0.06215, step_acc: 20.07031, grid_scale: 5 / 5, strokes: 3 / 9
iteration step 113, G_loss: 0.06196, step_acc: 20.09770, grid_scale: 5 / 5, strokes: 3 / 9
iteration step 114, G_loss: 0.06180, step_acc: 20.11642, grid_scale: 5 / 5, strokes: 3 / 9
iteration step 115, G_loss: 0.06168, step_acc: 20.12556, grid_scale: 5 / 5, strokes: 3 / 9
iteration step 116, G_loss: 0.06160, step_acc: 20.13055, grid_scale: 5 / 5, strokes: 3 / 9
iteration step 117, G_loss: 0.06154, step_acc: 20.14056, grid_scale: 5 / 5, strokes: 3 / 9
iteration step 118, G_loss: 0.06148, step_acc: 20.14403, grid_scale: 5 / 5, strokes: 3 / 9
iteration step 119, G_loss: 0.06143, step_acc: 20.15271, grid_scale: 5 / 5, strokes: 3 / 9
iteration step 120, G_loss: 0.06140, step_acc: 20.15443, grid_scale: 5 / 5, strokes: 3 / 9
iteration step 121, G_loss: 0.06136, step_acc: 20.15583, grid_scale: 5 / 5, strokes: 3 / 9
iteration step 122, G_loss: 0.06136, step_acc: 20.16064, grid_scale: 5 / 5, strokes: 3 / 9
iteration step 123, G_loss: 0.06132, step_acc: 20.16055, grid_scale: 5 / 5, strokes: 3 / 9
iteration step 124, G_loss: 0.06132, step_acc: 20.16489, grid_scale: 5 / 5, strokes: 3 / 9
iteration step 125, G_loss: 0.06128, step_acc: 20.16735, grid_scale: 5 / 5, strokes: 3 / 9
iteration step 126, G_loss: 0.06125, step_acc: 20.17194, grid_scale: 5 / 5, strokes: 3 / 9
iteration step 127, G_loss: 0.06122, step_acc: 20.17423, grid_scale: 5 / 5, strokes: 3 / 9
iteration step 128, G_loss: 0.06118, step_acc: 20.17994, grid_scale: 5 / 5, strokes: 3 / 9
iteration step 129, G_loss: 0.06116, step_acc: 20.18180, grid_scale: 5 / 5, strokes: 3 / 9
iteration step 130, G_loss: 0.06113, step_acc: 20.18370, grid_scale: 5 / 5, strokes: 3 / 9
iteration step 131, G_loss: 0.06111, step_acc: 20.18492, grid_scale: 5 / 5, strokes: 3 / 9
iteration step 132, G_loss: 0.06109, step_acc: 20.18581, grid_scale: 5 / 5, strokes: 3 / 9
iteration step 133, G_loss: 0.06108, step_acc: 20.18913, grid_scale: 5 / 5, strokes: 3 / 9
iteration step 134, G_loss: 0.06107, step_acc: 20.18990, grid_scale: 5 / 5, strokes: 3 / 9
iteration step 135, G_loss: 0.06105, step_acc: 20.19520, grid_scale: 5 / 5, strokes: 3 / 9
iteration step 136, G_loss: 0.06102, step_acc: 20.19291, grid_scale: 5 / 5, strokes: 3 / 9
iteration step 137, G_loss: 0.06102, step_acc: 20.19641, grid_scale: 5 / 5, strokes: 3 / 9
iteration step 138, G_loss: 0.06101, step_acc: 20.19720, grid_scale: 5 / 5, strokes: 3 / 9
iteration step 139, G_loss: 0.06099, step_acc: 20.19878, grid_scale: 5 / 5, strokes: 3 / 9
iteration step 140, G_loss: 0.06099, step_acc: 20.19839, grid_scale: 5 / 5, strokes: 3 / 9
iteration step 141, G_loss: 0.06097, step_acc: 20.20220, grid_scale: 5 / 5, strokes: 3 / 9
iteration step 142, G_loss: 0.06095, step_acc: 20.19744, grid_scale: 5 / 5, strokes: 3 / 9
iteration step 143, G_loss: 0.06097, step_acc: 20.20349, grid_scale: 5 / 5, strokes: 3 / 9
iteration step 144, G_loss: 0.06095, step_acc: 20.19999, grid_scale: 5 / 5, strokes: 3 / 9
iteration step 145, G_loss: 0.06094, step_acc: 20.20457, grid_scale: 5 / 5, strokes: 3 / 9
iteration step 146, G_loss: 0.06092, step_acc: 20.20614, grid_scale: 5 / 5, strokes: 3 / 9
iteration step 147, G_loss: 0.06090, step_acc: 20.20574, grid_scale: 5 / 5, strokes: 3 / 9
iteration step 148, G_loss: 0.06090, step_acc: 20.21270, grid_scale: 5 / 5, strokes: 3 / 9
iteration step 149, G_loss: 0.06088, step_acc: 20.21117, grid_scale: 5 / 5, strokes: 3 / 9
iteration step 150, G_loss: 0.06086, step_acc: 20.21388, grid_scale: 5 / 5, strokes: 3 / 9
iteration step 151, G_loss: 0.06086, step_acc: 20.21480, grid_scale: 5 / 5, strokes: 3 / 9
iteration step 152, G_loss: 0.06084, step_acc: 20.21545, grid_scale: 5 / 5, strokes: 3 / 9
iteration step 153, G_loss: 0.06083, step_acc: 20.21712, grid_scale: 5 / 5, strokes: 3 / 9
iteration step 154, G_loss: 0.06081, step_acc: 20.21986, grid_scale: 5 / 5, strokes: 3 / 9
iteration step 155, G_loss: 0.06080, step_acc: 20.22179, grid_scale: 5 / 5, strokes: 3 / 9
iteration step 156, G_loss: 0.06080, step_acc: 20.22105, grid_scale: 5 / 5, strokes: 3 / 9
iteration step 157, G_loss: 0.06079, step_acc: 20.22476, grid_scale: 5 / 5, strokes: 3 / 9
iteration step 158, G_loss: 0.06078, step_acc: 20.22211, grid_scale: 5 / 5, strokes: 3 / 9
iteration step 159, G_loss: 0.06077, step_acc: 20.22578, grid_scale: 5 / 5, strokes: 3 / 9
iteration step 160, G_loss: 0.06076, step_acc: 20.22453, grid_scale: 5 / 5, strokes: 3 / 9
iteration step 161, G_loss: 0.06075, step_acc: 20.22800, grid_scale: 5 / 5, strokes: 3 / 9
iteration step 162, G_loss: 0.06074, step_acc: 20.22827, grid_scale: 5 / 5, strokes: 3 / 9
iteration step 163, G_loss: 0.06072, step_acc: 20.23015, grid_scale: 5 / 5, strokes: 3 / 9
iteration step 164, G_loss: 0.06072, step_acc: 20.23317, grid_scale: 5 / 5, strokes: 3 / 9
iteration step 165, G_loss: 0.06069, step_acc: 20.25495, grid_scale: 5 / 5, strokes: 4 / 9
iteration step 166, G_loss: 0.06072, step_acc: 20.29710, grid_scale: 5 / 5, strokes: 4 / 9
iteration step 167, G_loss: 0.06049, step_acc: 20.32567, grid_scale: 5 / 5, strokes: 4 / 9
iteration step 168, G_loss: 0.06031, step_acc: 20.35074, grid_scale: 5 / 5, strokes: 4 / 9
iteration step 169, G_loss: 0.06015, step_acc: 20.37413, grid_scale: 5 / 5, strokes: 4 / 9
iteration step 170, G_loss: 0.06003, step_acc: 20.39387, grid_scale: 5 / 5, strokes: 4 / 9
iteration step 171, G_loss: 0.05996, step_acc: 20.41253, grid_scale: 5 / 5, strokes: 4 / 9
iteration step 172, G_loss: 0.05987, step_acc: 20.43615, grid_scale: 5 / 5, strokes: 4 / 9
iteration step 173, G_loss: 0.05974, step_acc: 20.44605, grid_scale: 5 / 5, strokes: 4 / 9
iteration step 174, G_loss: 0.05967, step_acc: 20.45598, grid_scale: 5 / 5, strokes: 4 / 9
iteration step 175, G_loss: 0.05961, step_acc: 20.46615, grid_scale: 5 / 5, strokes: 4 / 9
iteration step 176, G_loss: 0.05956, step_acc: 20.48130, grid_scale: 5 / 5, strokes: 4 / 9
iteration step 177, G_loss: 0.05950, step_acc: 20.49470, grid_scale: 5 / 5, strokes: 4 / 9
iteration step 178, G_loss: 0.05942, step_acc: 20.50273, grid_scale: 5 / 5, strokes: 4 / 9
iteration step 179, G_loss: 0.05934, step_acc: 20.51674, grid_scale: 5 / 5, strokes: 4 / 9
iteration step 180, G_loss: 0.05930, step_acc: 20.52444, grid_scale: 5 / 5, strokes: 4 / 9
iteration step 181, G_loss: 0.05925, step_acc: 20.53473, grid_scale: 5 / 5, strokes: 4 / 9
iteration step 182, G_loss: 0.05922, step_acc: 20.54274, grid_scale: 5 / 5, strokes: 4 / 9
iteration step 183, G_loss: 0.05916, step_acc: 20.54409, grid_scale: 5 / 5, strokes: 4 / 9
iteration step 184, G_loss: 0.05913, step_acc: 20.54897, grid_scale: 5 / 5, strokes: 4 / 9
iteration step 185, G_loss: 0.05912, step_acc: 20.55784, grid_scale: 5 / 5, strokes: 4 / 9
iteration step 186, G_loss: 0.05908, step_acc: 20.56337, grid_scale: 5 / 5, strokes: 4 / 9
iteration step 187, G_loss: 0.05902, step_acc: 20.56649, grid_scale: 5 / 5, strokes: 4 / 9
iteration step 188, G_loss: 0.05901, step_acc: 20.56545, grid_scale: 5 / 5, strokes: 4 / 9
iteration step 189, G_loss: 0.05899, step_acc: 20.57430, grid_scale: 5 / 5, strokes: 4 / 9
iteration step 190, G_loss: 0.05897, step_acc: 20.57637, grid_scale: 5 / 5, strokes: 4 / 9
iteration step 191, G_loss: 0.05893, step_acc: 20.57786, grid_scale: 5 / 5, strokes: 4 / 9
iteration step 192, G_loss: 0.05894, step_acc: 20.58230, grid_scale: 5 / 5, strokes: 4 / 9
iteration step 193, G_loss: 0.05889, step_acc: 20.58365, grid_scale: 5 / 5, strokes: 4 / 9
iteration step 194, G_loss: 0.05887, step_acc: 20.59025, grid_scale: 5 / 5, strokes: 4 / 9
iteration step 195, G_loss: 0.05885, step_acc: 20.59414, grid_scale: 5 / 5, strokes: 4 / 9
iteration step 196, G_loss: 0.05884, step_acc: 20.59231, grid_scale: 5 / 5, strokes: 4 / 9
iteration step 197, G_loss: 0.05882, step_acc: 20.59864, grid_scale: 5 / 5, strokes: 4 / 9
iteration step 198, G_loss: 0.05880, step_acc: 20.59850, grid_scale: 5 / 5, strokes: 4 / 9
iteration step 199, G_loss: 0.05880, step_acc: 20.59949, grid_scale: 5 / 5, strokes: 4 / 9
iteration step 200, G_loss: 0.05879, step_acc: 20.60350, grid_scale: 5 / 5, strokes: 4 / 9
iteration step 201, G_loss: 0.05876, step_acc: 20.60446, grid_scale: 5 / 5, strokes: 4 / 9
iteration step 202, G_loss: 0.05875, step_acc: 20.60756, grid_scale: 5 / 5, strokes: 4 / 9
iteration step 203, G_loss: 0.05874, step_acc: 20.60862, grid_scale: 5 / 5, strokes: 4 / 9
iteration step 204, G_loss: 0.05872, step_acc: 20.61031, grid_scale: 5 / 5, strokes: 4 / 9
iteration step 205, G_loss: 0.05873, step_acc: 20.60949, grid_scale: 5 / 5, strokes: 4 / 9
iteration step 206, G_loss: 0.05871, step_acc: 20.61526, grid_scale: 5 / 5, strokes: 4 / 9
iteration step 207, G_loss: 0.05868, step_acc: 20.61573, grid_scale: 5 / 5, strokes: 4 / 9
iteration step 208, G_loss: 0.05868, step_acc: 20.61872, grid_scale: 5 / 5, strokes: 4 / 9
iteration step 209, G_loss: 0.05867, step_acc: 20.61823, grid_scale: 5 / 5, strokes: 4 / 9
iteration step 210, G_loss: 0.05866, step_acc: 20.62139, grid_scale: 5 / 5, strokes: 4 / 9
iteration step 211, G_loss: 0.05866, step_acc: 20.61604, grid_scale: 5 / 5, strokes: 4 / 9
iteration step 212, G_loss: 0.05867, step_acc: 20.62271, grid_scale: 5 / 5, strokes: 4 / 9
iteration step 213, G_loss: 0.05864, step_acc: 20.62192, grid_scale: 5 / 5, strokes: 4 / 9
iteration step 214, G_loss: 0.05865, step_acc: 20.62654, grid_scale: 5 / 5, strokes: 4 / 9
iteration step 215, G_loss: 0.05863, step_acc: 20.62279, grid_scale: 5 / 5, strokes: 4 / 9
iteration step 216, G_loss: 0.05863, step_acc: 20.63064, grid_scale: 5 / 5, strokes: 4 / 9
iteration step 217, G_loss: 0.05859, step_acc: 20.62797, grid_scale: 5 / 5, strokes: 4 / 9
iteration step 218, G_loss: 0.05859, step_acc: 20.63218, grid_scale: 5 / 5, strokes: 4 / 9
iteration step 219, G_loss: 0.05857, step_acc: 20.63303, grid_scale: 5 / 5, strokes: 4 / 9
iteration step 220, G_loss: 0.05857, step_acc: 20.70338, grid_scale: 5 / 5, strokes: 5 / 9
iteration step 221, G_loss: 0.05843, step_acc: 20.75054, grid_scale: 5 / 5, strokes: 5 / 9
iteration step 222, G_loss: 0.05819, step_acc: 20.78329, grid_scale: 5 / 5, strokes: 5 / 9
iteration step 223, G_loss: 0.05801, step_acc: 20.79332, grid_scale: 5 / 5, strokes: 5 / 9
iteration step 224, G_loss: 0.05791, step_acc: 20.80790, grid_scale: 5 / 5, strokes: 5 / 9
iteration step 225, G_loss: 0.05784, step_acc: 20.81671, grid_scale: 5 / 5, strokes: 5 / 9
iteration step 226, G_loss: 0.05778, step_acc: 20.83167, grid_scale: 5 / 5, strokes: 5 / 9
iteration step 227, G_loss: 0.05769, step_acc: 20.83950, grid_scale: 5 / 5, strokes: 5 / 9
iteration step 228, G_loss: 0.05764, step_acc: 20.85223, grid_scale: 5 / 5, strokes: 5 / 9
iteration step 229, G_loss: 0.05756, step_acc: 20.86414, grid_scale: 5 / 5, strokes: 5 / 9
iteration step 230, G_loss: 0.05751, step_acc: 20.86804, grid_scale: 5 / 5, strokes: 5 / 9
iteration step 231, G_loss: 0.05745, step_acc: 20.87858, grid_scale: 5 / 5, strokes: 5 / 9
iteration step 232, G_loss: 0.05741, step_acc: 20.88658, grid_scale: 5 / 5, strokes: 5 / 9
iteration step 233, G_loss: 0.05735, step_acc: 20.89209, grid_scale: 5 / 5, strokes: 5 / 9
iteration step 234, G_loss: 0.05732, step_acc: 20.89715, grid_scale: 5 / 5, strokes: 5 / 9
iteration step 235, G_loss: 0.05730, step_acc: 20.90422, grid_scale: 5 / 5, strokes: 5 / 9
iteration step 236, G_loss: 0.05727, step_acc: 20.90777, grid_scale: 5 / 5, strokes: 5 / 9
iteration step 237, G_loss: 0.05724, step_acc: 20.91183, grid_scale: 5 / 5, strokes: 5 / 9
iteration step 238, G_loss: 0.05722, step_acc: 20.91665, grid_scale: 5 / 5, strokes: 5 / 9
iteration step 239, G_loss: 0.05717, step_acc: 20.91738, grid_scale: 5 / 5, strokes: 5 / 9
iteration step 240, G_loss: 0.05719, step_acc: 20.92455, grid_scale: 5 / 5, strokes: 5 / 9
iteration step 241, G_loss: 0.05713, step_acc: 20.93202, grid_scale: 5 / 5, strokes: 5 / 9
iteration step 242, G_loss: 0.05711, step_acc: 20.93270, grid_scale: 5 / 5, strokes: 5 / 9
iteration step 243, G_loss: 0.05709, step_acc: 20.94041, grid_scale: 5 / 5, strokes: 5 / 9
iteration step 244, G_loss: 0.05708, step_acc: 20.94263, grid_scale: 5 / 5, strokes: 5 / 9
iteration step 245, G_loss: 0.05704, step_acc: 20.94761, grid_scale: 5 / 5, strokes: 5 / 9
iteration step 246, G_loss: 0.05702, step_acc: 20.94839, grid_scale: 5 / 5, strokes: 5 / 9
iteration step 247, G_loss: 0.05698, step_acc: 20.95270, grid_scale: 5 / 5, strokes: 5 / 9
iteration step 248, G_loss: 0.05699, step_acc: 20.95480, grid_scale: 5 / 5, strokes: 5 / 9
iteration step 249, G_loss: 0.05696, step_acc: 20.96244, grid_scale: 5 / 5, strokes: 5 / 9
iteration step 250, G_loss: 0.05694, step_acc: 20.96796, grid_scale: 5 / 5, strokes: 5 / 9
iteration step 251, G_loss: 0.05691, step_acc: 20.96841, grid_scale: 5 / 5, strokes: 5 / 9
iteration step 252, G_loss: 0.05693, step_acc: 20.97166, grid_scale: 5 / 5, strokes: 5 / 9
iteration step 253, G_loss: 0.05687, step_acc: 20.97861, grid_scale: 5 / 5, strokes: 5 / 9
iteration step 254, G_loss: 0.05686, step_acc: 20.97854, grid_scale: 5 / 5, strokes: 5 / 9
iteration step 255, G_loss: 0.05683, step_acc: 20.98183, grid_scale: 5 / 5, strokes: 5 / 9
iteration step 256, G_loss: 0.05682, step_acc: 20.98055, grid_scale: 5 / 5, strokes: 5 / 9
iteration step 257, G_loss: 0.05680, step_acc: 20.98548, grid_scale: 5 / 5, strokes: 5 / 9
iteration step 258, G_loss: 0.05680, step_acc: 20.98840, grid_scale: 5 / 5, strokes: 5 / 9
iteration step 259, G_loss: 0.05677, step_acc: 20.99031, grid_scale: 5 / 5, strokes: 5 / 9
iteration step 260, G_loss: 0.05675, step_acc: 20.98912, grid_scale: 5 / 5, strokes: 5 / 9
iteration step 261, G_loss: 0.05674, step_acc: 20.99789, grid_scale: 5 / 5, strokes: 5 / 9
iteration step 262, G_loss: 0.05673, step_acc: 20.99393, grid_scale: 5 / 5, strokes: 5 / 9
iteration step 263, G_loss: 0.05673, step_acc: 21.00356, grid_scale: 5 / 5, strokes: 5 / 9
iteration step 264, G_loss: 0.05670, step_acc: 21.00452, grid_scale: 5 / 5, strokes: 5 / 9
iteration step 265, G_loss: 0.05666, step_acc: 21.01305, grid_scale: 5 / 5, strokes: 5 / 9
iteration step 266, G_loss: 0.05664, step_acc: 21.01385, grid_scale: 5 / 5, strokes: 5 / 9
iteration step 267, G_loss: 0.05663, step_acc: 21.01864, grid_scale: 5 / 5, strokes: 5 / 9
iteration step 268, G_loss: 0.05660, step_acc: 21.02249, grid_scale: 5 / 5, strokes: 5 / 9
iteration step 269, G_loss: 0.05657, step_acc: 21.02744, grid_scale: 5 / 5, strokes: 5 / 9
iteration step 270, G_loss: 0.05655, step_acc: 21.03044, grid_scale: 5 / 5, strokes: 5 / 9
iteration step 271, G_loss: 0.05652, step_acc: 21.03376, grid_scale: 5 / 5, strokes: 5 / 9
iteration step 272, G_loss: 0.05650, step_acc: 21.03410, grid_scale: 5 / 5, strokes: 5 / 9
iteration step 273, G_loss: 0.05649, step_acc: 21.03940, grid_scale: 5 / 5, strokes: 5 / 9
iteration step 274, G_loss: 0.05647, step_acc: 21.03883, grid_scale: 5 / 5, strokes: 5 / 9
iteration step 275, G_loss: 0.05645, step_acc: 21.05713, grid_scale: 5 / 5, strokes: 6 / 9
iteration step 276, G_loss: 0.05645, step_acc: 21.08335, grid_scale: 5 / 5, strokes: 6 / 9
iteration step 277, G_loss: 0.05624, step_acc: 21.10311, grid_scale: 5 / 5, strokes: 6 / 9
iteration step 278, G_loss: 0.05608, step_acc: 21.11409, grid_scale: 5 / 5, strokes: 6 / 9
iteration step 279, G_loss: 0.05601, step_acc: 21.12079, grid_scale: 5 / 5, strokes: 6 / 9
iteration step 280, G_loss: 0.05594, step_acc: 21.12708, grid_scale: 5 / 5, strokes: 6 / 9
iteration step 281, G_loss: 0.05590, step_acc: 21.14675, grid_scale: 5 / 5, strokes: 6 / 9
iteration step 282, G_loss: 0.05580, step_acc: 21.15039, grid_scale: 5 / 5, strokes: 6 / 9
iteration step 283, G_loss: 0.05575, step_acc: 21.16181, grid_scale: 5 / 5, strokes: 6 / 9
iteration step 284, G_loss: 0.05569, step_acc: 21.16989, grid_scale: 5 / 5, strokes: 6 / 9
iteration step 285, G_loss: 0.05565, step_acc: 21.17452, grid_scale: 5 / 5, strokes: 6 / 9
iteration step 286, G_loss: 0.05560, step_acc: 21.18746, grid_scale: 5 / 5, strokes: 6 / 9
iteration step 287, G_loss: 0.05554, step_acc: 21.19112, grid_scale: 5 / 5, strokes: 6 / 9
iteration step 288, G_loss: 0.05552, step_acc: 21.19732, grid_scale: 5 / 5, strokes: 6 / 9
iteration step 289, G_loss: 0.05548, step_acc: 21.19979, grid_scale: 5 / 5, strokes: 6 / 9
iteration step 290, G_loss: 0.05545, step_acc: 21.20731, grid_scale: 5 / 5, strokes: 6 / 9
iteration step 291, G_loss: 0.05541, step_acc: 21.20735, grid_scale: 5 / 5, strokes: 6 / 9
iteration step 292, G_loss: 0.05538, step_acc: 21.21844, grid_scale: 5 / 5, strokes: 6 / 9
iteration step 293, G_loss: 0.05535, step_acc: 21.22498, grid_scale: 5 / 5, strokes: 6 / 9
iteration step 294, G_loss: 0.05529, step_acc: 21.23421, grid_scale: 5 / 5, strokes: 6 / 9
iteration step 295, G_loss: 0.05525, step_acc: 21.23283, grid_scale: 5 / 5, strokes: 6 / 9
iteration step 296, G_loss: 0.05522, step_acc: 21.23913, grid_scale: 5 / 5, strokes: 6 / 9
iteration step 297, G_loss: 0.05520, step_acc: 21.24357, grid_scale: 5 / 5, strokes: 6 / 9
iteration step 298, G_loss: 0.05516, step_acc: 21.25648, grid_scale: 5 / 5, strokes: 6 / 9
iteration step 299, G_loss: 0.05510, step_acc: 21.25803, grid_scale: 5 / 5, strokes: 6 / 9
iteration step 300, G_loss: 0.05509, step_acc: 21.26512, grid_scale: 5 / 5, strokes: 6 / 9
iteration step 301, G_loss: 0.05507, step_acc: 21.26977, grid_scale: 5 / 5, strokes: 6 / 9
iteration step 302, G_loss: 0.05501, step_acc: 21.27896, grid_scale: 5 / 5, strokes: 6 / 9
iteration step 303, G_loss: 0.05498, step_acc: 21.28269, grid_scale: 5 / 5, strokes: 6 / 9
iteration step 304, G_loss: 0.05495, step_acc: 21.29169, grid_scale: 5 / 5, strokes: 6 / 9
iteration step 305, G_loss: 0.05491, step_acc: 21.29036, grid_scale: 5 / 5, strokes: 6 / 9
iteration step 306, G_loss: 0.05492, step_acc: 21.29699, grid_scale: 5 / 5, strokes: 6 / 9
iteration step 307, G_loss: 0.05488, step_acc: 21.30122, grid_scale: 5 / 5, strokes: 6 / 9
iteration step 308, G_loss: 0.05485, step_acc: 21.30547, grid_scale: 5 / 5, strokes: 6 / 9
iteration step 309, G_loss: 0.05483, step_acc: 21.30765, grid_scale: 5 / 5, strokes: 6 / 9
iteration step 310, G_loss: 0.05481, step_acc: 21.31164, grid_scale: 5 / 5, strokes: 6 / 9
iteration step 311, G_loss: 0.05480, step_acc: 21.31368, grid_scale: 5 / 5, strokes: 6 / 9
iteration step 312, G_loss: 0.05478, step_acc: 21.31679, grid_scale: 5 / 5, strokes: 6 / 9
iteration step 313, G_loss: 0.05475, step_acc: 21.31946, grid_scale: 5 / 5, strokes: 6 / 9
iteration step 314, G_loss: 0.05474, step_acc: 21.32038, grid_scale: 5 / 5, strokes: 6 / 9
iteration step 315, G_loss: 0.05473, step_acc: 21.32637, grid_scale: 5 / 5, strokes: 6 / 9
iteration step 316, G_loss: 0.05470, step_acc: 21.32738, grid_scale: 5 / 5, strokes: 6 / 9
iteration step 317, G_loss: 0.05470, step_acc: 21.32998, grid_scale: 5 / 5, strokes: 6 / 9
iteration step 318, G_loss: 0.05467, step_acc: 21.33005, grid_scale: 5 / 5, strokes: 6 / 9
iteration step 319, G_loss: 0.05468, step_acc: 21.33206, grid_scale: 5 / 5, strokes: 6 / 9
iteration step 320, G_loss: 0.05464, step_acc: 21.33113, grid_scale: 5 / 5, strokes: 6 / 9
iteration step 321, G_loss: 0.05466, step_acc: 21.33491, grid_scale: 5 / 5, strokes: 6 / 9
iteration step 322, G_loss: 0.05462, step_acc: 21.34188, grid_scale: 5 / 5, strokes: 6 / 9
iteration step 323, G_loss: 0.05461, step_acc: 21.34515, grid_scale: 5 / 5, strokes: 6 / 9
iteration step 324, G_loss: 0.05457, step_acc: 21.34687, grid_scale: 5 / 5, strokes: 6 / 9
iteration step 325, G_loss: 0.05457, step_acc: 21.34761, grid_scale: 5 / 5, strokes: 6 / 9
iteration step 326, G_loss: 0.05456, step_acc: 21.34673, grid_scale: 5 / 5, strokes: 6 / 9
iteration step 327, G_loss: 0.05456, step_acc: 21.35255, grid_scale: 5 / 5, strokes: 6 / 9
iteration step 328, G_loss: 0.05453, step_acc: 21.35268, grid_scale: 5 / 5, strokes: 6 / 9
iteration step 329, G_loss: 0.05451, step_acc: 21.35387, grid_scale: 5 / 5, strokes: 6 / 9
iteration step 330, G_loss: 0.05450, step_acc: 21.29565, grid_scale: 5 / 5, strokes: 7 / 9
iteration step 331, G_loss: 0.05474, step_acc: 21.33115, grid_scale: 5 / 5, strokes: 7 / 9
iteration step 332, G_loss: 0.05454, step_acc: 21.36735, grid_scale: 5 / 5, strokes: 7 / 9
iteration step 333, G_loss: 0.05439, step_acc: 21.38714, grid_scale: 5 / 5, strokes: 7 / 9
iteration step 334, G_loss: 0.05427, step_acc: 21.40440, grid_scale: 5 / 5, strokes: 7 / 9
iteration step 335, G_loss: 0.05421, step_acc: 21.42590, grid_scale: 5 / 5, strokes: 7 / 9
iteration step 336, G_loss: 0.05410, step_acc: 21.43819, grid_scale: 5 / 5, strokes: 7 / 9
iteration step 337, G_loss: 0.05401, step_acc: 21.44725, grid_scale: 5 / 5, strokes: 7 / 9
iteration step 338, G_loss: 0.05397, step_acc: 21.45713, grid_scale: 5 / 5, strokes: 7 / 9
iteration step 339, G_loss: 0.05391, step_acc: 21.46370, grid_scale: 5 / 5, strokes: 7 / 9
iteration step 340, G_loss: 0.05387, step_acc: 21.46758, grid_scale: 5 / 5, strokes: 7 / 9
iteration step 341, G_loss: 0.05384, step_acc: 21.47774, grid_scale: 5 / 5, strokes: 7 / 9
iteration step 342, G_loss: 0.05380, step_acc: 21.47751, grid_scale: 5 / 5, strokes: 7 / 9
iteration step 343, G_loss: 0.05378, step_acc: 21.48754, grid_scale: 5 / 5, strokes: 7 / 9
iteration step 344, G_loss: 0.05373, step_acc: 21.49500, grid_scale: 5 / 5, strokes: 7 / 9
iteration step 345, G_loss: 0.05370, step_acc: 21.50180, grid_scale: 5 / 5, strokes: 7 / 9
iteration step 346, G_loss: 0.05365, step_acc: 21.50736, grid_scale: 5 / 5, strokes: 7 / 9
iteration step 347, G_loss: 0.05361, step_acc: 21.51057, grid_scale: 5 / 5, strokes: 7 / 9
iteration step 348, G_loss: 0.05359, step_acc: 21.51285, grid_scale: 5 / 5, strokes: 7 / 9
iteration step 349, G_loss: 0.05359, step_acc: 21.50895, grid_scale: 5 / 5, strokes: 7 / 9
iteration step 350, G_loss: 0.05358, step_acc: 21.51116, grid_scale: 5 / 5, strokes: 7 / 9
iteration step 351, G_loss: 0.05358, step_acc: 21.51542, grid_scale: 5 / 5, strokes: 7 / 9
iteration step 352, G_loss: 0.05354, step_acc: 21.51082, grid_scale: 5 / 5, strokes: 7 / 9
iteration step 353, G_loss: 0.05355, step_acc: 21.51636, grid_scale: 5 / 5, strokes: 7 / 9
iteration step 354, G_loss: 0.05353, step_acc: 21.51118, grid_scale: 5 / 5, strokes: 7 / 9
iteration step 355, G_loss: 0.05353, step_acc: 21.52295, grid_scale: 5 / 5, strokes: 7 / 9
iteration step 356, G_loss: 0.05350, step_acc: 21.52193, grid_scale: 5 / 5, strokes: 7 / 9
iteration step 357, G_loss: 0.05349, step_acc: 21.52888, grid_scale: 5 / 5, strokes: 7 / 9
iteration step 358, G_loss: 0.05347, step_acc: 21.52708, grid_scale: 5 / 5, strokes: 7 / 9
iteration step 359, G_loss: 0.05345, step_acc: 21.53424, grid_scale: 5 / 5, strokes: 7 / 9
iteration step 360, G_loss: 0.05343, step_acc: 21.53392, grid_scale: 5 / 5, strokes: 7 / 9
iteration step 361, G_loss: 0.05339, step_acc: 21.53726, grid_scale: 5 / 5, strokes: 7 / 9
iteration step 362, G_loss: 0.05340, step_acc: 21.53055, grid_scale: 5 / 5, strokes: 7 / 9
iteration step 363, G_loss: 0.05342, step_acc: 21.53602, grid_scale: 5 / 5, strokes: 7 / 9
iteration step 364, G_loss: 0.05338, step_acc: 21.54060, grid_scale: 5 / 5, strokes: 7 / 9
iteration step 365, G_loss: 0.05338, step_acc: 21.54073, grid_scale: 5 / 5, strokes: 7 / 9
iteration step 366, G_loss: 0.05335, step_acc: 21.54472, grid_scale: 5 / 5, strokes: 7 / 9
iteration step 367, G_loss: 0.05333, step_acc: 21.54335, grid_scale: 5 / 5, strokes: 7 / 9
iteration step 368, G_loss: 0.05331, step_acc: 21.54808, grid_scale: 5 / 5, strokes: 7 / 9
iteration step 369, G_loss: 0.05329, step_acc: 21.54287, grid_scale: 5 / 5, strokes: 7 / 9
iteration step 370, G_loss: 0.05329, step_acc: 21.54986, grid_scale: 5 / 5, strokes: 7 / 9
iteration step 371, G_loss: 0.05329, step_acc: 21.54598, grid_scale: 5 / 5, strokes: 7 / 9
iteration step 372, G_loss: 0.05329, step_acc: 21.55159, grid_scale: 5 / 5, strokes: 7 / 9
iteration step 373, G_loss: 0.05326, step_acc: 21.54932, grid_scale: 5 / 5, strokes: 7 / 9
iteration step 374, G_loss: 0.05327, step_acc: 21.55402, grid_scale: 5 / 5, strokes: 7 / 9
iteration step 375, G_loss: 0.05323, step_acc: 21.55664, grid_scale: 5 / 5, strokes: 7 / 9
iteration step 376, G_loss: 0.05322, step_acc: 21.55877, grid_scale: 5 / 5, strokes: 7 / 9
iteration step 377, G_loss: 0.05323, step_acc: 21.55922, grid_scale: 5 / 5, strokes: 7 / 9
iteration step 378, G_loss: 0.05321, step_acc: 21.56534, grid_scale: 5 / 5, strokes: 7 / 9
iteration step 379, G_loss: 0.05317, step_acc: 21.56426, grid_scale: 5 / 5, strokes: 7 / 9
iteration step 380, G_loss: 0.05316, step_acc: 21.56907, grid_scale: 5 / 5, strokes: 7 / 9
iteration step 381, G_loss: 0.05316, step_acc: 21.56487, grid_scale: 5 / 5, strokes: 7 / 9
iteration step 382, G_loss: 0.05316, step_acc: 21.56973, grid_scale: 5 / 5, strokes: 7 / 9
iteration step 383, G_loss: 0.05315, step_acc: 21.57019, grid_scale: 5 / 5, strokes: 7 / 9
iteration step 384, G_loss: 0.05313, step_acc: 21.57357, grid_scale: 5 / 5, strokes: 7 / 9
iteration step 385, G_loss: 0.05310, step_acc: 21.58599, grid_scale: 5 / 5, strokes: 8 / 9
iteration step 386, G_loss: 0.05322, step_acc: 21.60700, grid_scale: 5 / 5, strokes: 8 / 9
iteration step 387, G_loss: 0.05305, step_acc: 21.62708, grid_scale: 5 / 5, strokes: 8 / 9
iteration step 388, G_loss: 0.05292, step_acc: 21.65235, grid_scale: 5 / 5, strokes: 8 / 9
iteration step 389, G_loss: 0.05278, step_acc: 21.66365, grid_scale: 5 / 5, strokes: 8 / 9
iteration step 390, G_loss: 0.05270, step_acc: 21.68174, grid_scale: 5 / 5, strokes: 8 / 9
iteration step 391, G_loss: 0.05261, step_acc: 21.68581, grid_scale: 5 / 5, strokes: 8 / 9
iteration step 392, G_loss: 0.05257, step_acc: 21.69532, grid_scale: 5 / 5, strokes: 8 / 9
iteration step 393, G_loss: 0.05254, step_acc: 21.70447, grid_scale: 5 / 5, strokes: 8 / 9
iteration step 394, G_loss: 0.05248, step_acc: 21.71532, grid_scale: 5 / 5, strokes: 8 / 9
iteration step 395, G_loss: 0.05242, step_acc: 21.72336, grid_scale: 5 / 5, strokes: 8 / 9
iteration step 396, G_loss: 0.05236, step_acc: 21.72604, grid_scale: 5 / 5, strokes: 8 / 9
iteration step 397, G_loss: 0.05237, step_acc: 21.73154, grid_scale: 5 / 5, strokes: 8 / 9
iteration step 398, G_loss: 0.05235, step_acc: 21.74492, grid_scale: 5 / 5, strokes: 8 / 9
iteration step 399, G_loss: 0.05228, step_acc: 21.74789, grid_scale: 5 / 5, strokes: 8 / 9
iteration step 400, G_loss: 0.05225, step_acc: 21.75449, grid_scale: 5 / 5, strokes: 8 / 9
iteration step 401, G_loss: 0.05222, step_acc: 21.76212, grid_scale: 5 / 5, strokes: 8 / 9
iteration step 402, G_loss: 0.05218, step_acc: 21.76824, grid_scale: 5 / 5, strokes: 8 / 9
iteration step 403, G_loss: 0.05214, step_acc: 21.77143, grid_scale: 5 / 5, strokes: 8 / 9
iteration step 404, G_loss: 0.05213, step_acc: 21.77950, grid_scale: 5 / 5, strokes: 8 / 9
iteration step 405, G_loss: 0.05209, step_acc: 21.77945, grid_scale: 5 / 5, strokes: 8 / 9
iteration step 406, G_loss: 0.05208, step_acc: 21.78335, grid_scale: 5 / 5, strokes: 8 / 9
iteration step 407, G_loss: 0.05205, step_acc: 21.78528, grid_scale: 5 / 5, strokes: 8 / 9
iteration step 408, G_loss: 0.05203, step_acc: 21.78904, grid_scale: 5 / 5, strokes: 8 / 9
iteration step 409, G_loss: 0.05203, step_acc: 21.78313, grid_scale: 5 / 5, strokes: 8 / 9
iteration step 410, G_loss: 0.05204, step_acc: 21.79280, grid_scale: 5 / 5, strokes: 8 / 9
iteration step 411, G_loss: 0.05201, step_acc: 21.79078, grid_scale: 5 / 5, strokes: 8 / 9
iteration step 412, G_loss: 0.05201, step_acc: 21.79420, grid_scale: 5 / 5, strokes: 8 / 9
iteration step 413, G_loss: 0.05199, step_acc: 21.79342, grid_scale: 5 / 5, strokes: 8 / 9
iteration step 414, G_loss: 0.05200, step_acc: 21.79384, grid_scale: 5 / 5, strokes: 8 / 9
iteration step 415, G_loss: 0.05198, step_acc: 21.79475, grid_scale: 5 / 5, strokes: 8 / 9
iteration step 416, G_loss: 0.05197, step_acc: 21.79721, grid_scale: 5 / 5, strokes: 8 / 9
iteration step 417, G_loss: 0.05198, step_acc: 21.79722, grid_scale: 5 / 5, strokes: 8 / 9
iteration step 418, G_loss: 0.05197, step_acc: 21.80205, grid_scale: 5 / 5, strokes: 8 / 9
iteration step 419, G_loss: 0.05195, step_acc: 21.80373, grid_scale: 5 / 5, strokes: 8 / 9
iteration step 420, G_loss: 0.05193, step_acc: 21.80682, grid_scale: 5 / 5, strokes: 8 / 9
iteration step 421, G_loss: 0.05191, step_acc: 21.80795, grid_scale: 5 / 5, strokes: 8 / 9
iteration step 422, G_loss: 0.05191, step_acc: 21.81093, grid_scale: 5 / 5, strokes: 8 / 9
iteration step 423, G_loss: 0.05192, step_acc: 21.80798, grid_scale: 5 / 5, strokes: 8 / 9
iteration step 424, G_loss: 0.05191, step_acc: 21.81278, grid_scale: 5 / 5, strokes: 8 / 9
iteration step 425, G_loss: 0.05189, step_acc: 21.81050, grid_scale: 5 / 5, strokes: 8 / 9
iteration step 426, G_loss: 0.05188, step_acc: 21.81602, grid_scale: 5 / 5, strokes: 8 / 9
iteration step 427, G_loss: 0.05188, step_acc: 21.81127, grid_scale: 5 / 5, strokes: 8 / 9
iteration step 428, G_loss: 0.05188, step_acc: 21.82064, grid_scale: 5 / 5, strokes: 8 / 9
iteration step 429, G_loss: 0.05186, step_acc: 21.81397, grid_scale: 5 / 5, strokes: 8 / 9
iteration step 430, G_loss: 0.05186, step_acc: 21.82383, grid_scale: 5 / 5, strokes: 8 / 9
iteration step 431, G_loss: 0.05184, step_acc: 21.81864, grid_scale: 5 / 5, strokes: 8 / 9
iteration step 432, G_loss: 0.05184, step_acc: 21.82507, grid_scale: 5 / 5, strokes: 8 / 9
iteration step 433, G_loss: 0.05184, step_acc: 21.82116, grid_scale: 5 / 5, strokes: 8 / 9
iteration step 434, G_loss: 0.05183, step_acc: 21.82604, grid_scale: 5 / 5, strokes: 8 / 9
iteration step 435, G_loss: 0.05181, step_acc: 21.82266, grid_scale: 5 / 5, strokes: 8 / 9
iteration step 436, G_loss: 0.05182, step_acc: 21.82779, grid_scale: 5 / 5, strokes: 8 / 9
iteration step 437, G_loss: 0.05181, step_acc: 21.82418, grid_scale: 5 / 5, strokes: 8 / 9
iteration step 438, G_loss: 0.05181, step_acc: 21.82640, grid_scale: 5 / 5, strokes: 8 / 9
iteration step 439, G_loss: 0.05181, step_acc: 21.82668, grid_scale: 5 / 5, strokes: 8 / 9
iteration step 440, G_loss: 0.05180, step_acc: 21.85703, grid_scale: 5 / 5, strokes: 9 / 9
iteration step 441, G_loss: 0.05179, step_acc: 21.89781, grid_scale: 5 / 5, strokes: 9 / 9
iteration step 442, G_loss: 0.05155, step_acc: 21.92736, grid_scale: 5 / 5, strokes: 9 / 9
iteration step 443, G_loss: 0.05139, step_acc: 21.93943, grid_scale: 5 / 5, strokes: 9 / 9
iteration step 444, G_loss: 0.05129, step_acc: 21.95750, grid_scale: 5 / 5, strokes: 9 / 9
iteration step 445, G_loss: 0.05120, step_acc: 21.95513, grid_scale: 5 / 5, strokes: 9 / 9
iteration step 446, G_loss: 0.05118, step_acc: 21.96416, grid_scale: 5 / 5, strokes: 9 / 9
iteration step 447, G_loss: 0.05117, step_acc: 21.96441, grid_scale: 5 / 5, strokes: 9 / 9
iteration step 448, G_loss: 0.05111, step_acc: 21.97873, grid_scale: 5 / 5, strokes: 9 / 9
iteration step 449, G_loss: 0.05109, step_acc: 21.98244, grid_scale: 5 / 5, strokes: 9 / 9
iteration step 450, G_loss: 0.05104, step_acc: 21.99334, grid_scale: 5 / 5, strokes: 9 / 9
iteration step 451, G_loss: 0.05102, step_acc: 21.99260, grid_scale: 5 / 5, strokes: 9 / 9
iteration step 452, G_loss: 0.05097, step_acc: 21.99445, grid_scale: 5 / 5, strokes: 9 / 9
iteration step 453, G_loss: 0.05097, step_acc: 21.99945, grid_scale: 5 / 5, strokes: 9 / 9
iteration step 454, G_loss: 0.05095, step_acc: 21.99788, grid_scale: 5 / 5, strokes: 9 / 9
iteration step 455, G_loss: 0.05093, step_acc: 21.99909, grid_scale: 5 / 5, strokes: 9 / 9
iteration step 456, G_loss: 0.05091, step_acc: 22.00175, grid_scale: 5 / 5, strokes: 9 / 9
iteration step 457, G_loss: 0.05089, step_acc: 22.00414, grid_scale: 5 / 5, strokes: 9 / 9
iteration step 458, G_loss: 0.05089, step_acc: 22.00700, grid_scale: 5 / 5, strokes: 9 / 9
iteration step 459, G_loss: 0.05087, step_acc: 22.00535, grid_scale: 5 / 5, strokes: 9 / 9
iteration step 460, G_loss: 0.05087, step_acc: 22.00707, grid_scale: 5 / 5, strokes: 9 / 9
iteration step 461, G_loss: 0.05087, step_acc: 22.01148, grid_scale: 5 / 5, strokes: 9 / 9
iteration step 462, G_loss: 0.05084, step_acc: 22.01109, grid_scale: 5 / 5, strokes: 9 / 9
iteration step 463, G_loss: 0.05084, step_acc: 22.01756, grid_scale: 5 / 5, strokes: 9 / 9
iteration step 464, G_loss: 0.05081, step_acc: 22.01586, grid_scale: 5 / 5, strokes: 9 / 9
iteration step 465, G_loss: 0.05082, step_acc: 22.01587, grid_scale: 5 / 5, strokes: 9 / 9
iteration step 466, G_loss: 0.05081, step_acc: 22.01727, grid_scale: 5 / 5, strokes: 9 / 9
iteration step 467, G_loss: 0.05080, step_acc: 22.02043, grid_scale: 5 / 5, strokes: 9 / 9
iteration step 468, G_loss: 0.05078, step_acc: 22.02133, grid_scale: 5 / 5, strokes: 9 / 9
iteration step 469, G_loss: 0.05078, step_acc: 22.02200, grid_scale: 5 / 5, strokes: 9 / 9
iteration step 470, G_loss: 0.05077, step_acc: 22.02497, grid_scale: 5 / 5, strokes: 9 / 9
iteration step 471, G_loss: 0.05076, step_acc: 22.02394, grid_scale: 5 / 5, strokes: 9 / 9
iteration step 472, G_loss: 0.05077, step_acc: 22.02742, grid_scale: 5 / 5, strokes: 9 / 9
iteration step 473, G_loss: 0.05076, step_acc: 22.02764, grid_scale: 5 / 5, strokes: 9 / 9
iteration step 474, G_loss: 0.05074, step_acc: 22.03198, grid_scale: 5 / 5, strokes: 9 / 9
iteration step 475, G_loss: 0.05072, step_acc: 22.02930, grid_scale: 5 / 5, strokes: 9 / 9
iteration step 476, G_loss: 0.05072, step_acc: 22.03091, grid_scale: 5 / 5, strokes: 9 / 9
iteration step 477, G_loss: 0.05073, step_acc: 22.02383, grid_scale: 5 / 5, strokes: 9 / 9
iteration step 478, G_loss: 0.05072, step_acc: 22.03208, grid_scale: 5 / 5, strokes: 9 / 9
iteration step 479, G_loss: 0.05070, step_acc: 22.02451, grid_scale: 5 / 5, strokes: 9 / 9
iteration step 480, G_loss: 0.05071, step_acc: 22.03592, grid_scale: 5 / 5, strokes: 9 / 9
iteration step 481, G_loss: 0.05069, step_acc: 22.03443, grid_scale: 5 / 5, strokes: 9 / 9
iteration step 482, G_loss: 0.05066, step_acc: 22.03440, grid_scale: 5 / 5, strokes: 9 / 9
iteration step 483, G_loss: 0.05069, step_acc: 22.03733, grid_scale: 5 / 5, strokes: 9 / 9
iteration step 484, G_loss: 0.05066, step_acc: 22.03821, grid_scale: 5 / 5, strokes: 9 / 9
iteration step 485, G_loss: 0.05066, step_acc: 22.03844, grid_scale: 5 / 5, strokes: 9 / 9
iteration step 486, G_loss: 0.05065, step_acc: 22.03748, grid_scale: 5 / 5, strokes: 9 / 9
iteration step 487, G_loss: 0.05066, step_acc: 22.03672, grid_scale: 5 / 5, strokes: 9 / 9
iteration step 488, G_loss: 0.05066, step_acc: 22.03468, grid_scale: 5 / 5, strokes: 9 / 9
iteration step 489, G_loss: 0.05067, step_acc: 22.03870, grid_scale: 5 / 5, strokes: 9 / 9
iteration step 490, G_loss: 0.05064, step_acc: 22.04209, grid_scale: 5 / 5, strokes: 9 / 9
iteration step 491, G_loss: 0.05062, step_acc: 22.04245, grid_scale: 5 / 5, strokes: 9 / 9
iteration step 492, G_loss: 0.05062, step_acc: 22.04186, grid_scale: 5 / 5, strokes: 9 / 9
iteration step 493, G_loss: 0.05062, step_acc: 22.04041, grid_scale: 5 / 5, strokes: 9 / 9
iteration step 494, G_loss: 0.05062, step_acc: 22.04271, grid_scale: 5 / 5, strokes: 9 / 9
rendering canvas...
saving stroke parameters...
rendering canvas...
saving input photo...
saving final rendered result...
OpenCV: FFMPEG: tag 0x5634504d/'MP4V' is not supported with codec id 12 and format 'mp4 / MP4 (MPEG-4 Part 14)'
OpenCV: FFMPEG: fallback to use tag 0x7634706d/'mp4v'
