initialize network with normal
loading renderer from pre-trained checkpoint...
begin drawing...
iteration step 0, G_loss: 0.00000, step_acc: 6.93658, grid_scale: 1 / 5, strokes: 1 / 9
iteration step 1, G_loss: 0.36719, step_acc: 6.94725, grid_scale: 1 / 5, strokes: 1 / 9
iteration step 2, G_loss: 0.36677, step_acc: 6.95878, grid_scale: 1 / 5, strokes: 1 / 9
iteration step 3, G_loss: 0.36637, step_acc: 6.96844, grid_scale: 1 / 5, strokes: 1 / 9
iteration step 4, G_loss: 0.36584, step_acc: 6.98380, grid_scale: 1 / 5, strokes: 1 / 9
iteration step 5, G_loss: 0.36528, step_acc: 6.99901, grid_scale: 1 / 5, strokes: 1 / 9
iteration step 6, G_loss: 0.36473, step_acc: 7.01336, grid_scale: 1 / 5, strokes: 1 / 9
iteration step 7, G_loss: 0.36415, step_acc: 7.02655, grid_scale: 1 / 5, strokes: 1 / 9
iteration step 8, G_loss: 0.36360, step_acc: 7.04334, grid_scale: 1 / 5, strokes: 1 / 9
iteration step 9, G_loss: 0.36296, step_acc: 7.06368, grid_scale: 1 / 5, strokes: 1 / 9
iteration step 10, G_loss: 0.36223, step_acc: 7.07847, grid_scale: 1 / 5, strokes: 1 / 9
iteration step 11, G_loss: 0.36156, step_acc: 7.09736, grid_scale: 1 / 5, strokes: 1 / 9
iteration step 12, G_loss: 0.36082, step_acc: 7.11338, grid_scale: 1 / 5, strokes: 1 / 9
iteration step 13, G_loss: 0.36013, step_acc: 7.12743, grid_scale: 1 / 5, strokes: 1 / 9
iteration step 14, G_loss: 0.35947, step_acc: 7.14173, grid_scale: 1 / 5, strokes: 1 / 9
iteration step 15, G_loss: 0.35887, step_acc: 7.15791, grid_scale: 1 / 5, strokes: 1 / 9
iteration step 16, G_loss: 0.35816, step_acc: 7.17456, grid_scale: 1 / 5, strokes: 1 / 9
iteration step 17, G_loss: 0.35744, step_acc: 7.19414, grid_scale: 1 / 5, strokes: 1 / 9
iteration step 18, G_loss: 0.35659, step_acc: 7.21273, grid_scale: 1 / 5, strokes: 1 / 9
iteration step 19, G_loss: 0.35575, step_acc: 7.22708, grid_scale: 1 / 5, strokes: 1 / 9
iteration step 20, G_loss: 0.35510, step_acc: 7.24167, grid_scale: 1 / 5, strokes: 1 / 9
iteration step 21, G_loss: 0.35443, step_acc: 7.25622, grid_scale: 1 / 5, strokes: 1 / 9
iteration step 22, G_loss: 0.35376, step_acc: 7.27002, grid_scale: 1 / 5, strokes: 1 / 9
iteration step 23, G_loss: 0.35312, step_acc: 7.28479, grid_scale: 1 / 5, strokes: 1 / 9
iteration step 24, G_loss: 0.35248, step_acc: 7.29787, grid_scale: 1 / 5, strokes: 1 / 9
iteration step 25, G_loss: 0.35182, step_acc: 7.30972, grid_scale: 1 / 5, strokes: 1 / 9
iteration step 26, G_loss: 0.35125, step_acc: 7.32105, grid_scale: 1 / 5, strokes: 1 / 9
iteration step 27, G_loss: 0.35072, step_acc: 7.33136, grid_scale: 1 / 5, strokes: 1 / 9
iteration step 28, G_loss: 0.35023, step_acc: 7.34129, grid_scale: 1 / 5, strokes: 1 / 9
iteration step 29, G_loss: 0.34974, step_acc: 7.35178, grid_scale: 1 / 5, strokes: 1 / 9
iteration step 30, G_loss: 0.34922, step_acc: 7.36233, grid_scale: 1 / 5, strokes: 1 / 9
iteration step 31, G_loss: 0.34866, step_acc: 7.37202, grid_scale: 1 / 5, strokes: 1 / 9
iteration step 32, G_loss: 0.34813, step_acc: 7.38319, grid_scale: 1 / 5, strokes: 1 / 9
iteration step 33, G_loss: 0.34763, step_acc: 7.39139, grid_scale: 1 / 5, strokes: 1 / 9
iteration step 34, G_loss: 0.34719, step_acc: 7.40290, grid_scale: 1 / 5, strokes: 1 / 9
iteration step 35, G_loss: 0.34669, step_acc: 7.41250, grid_scale: 1 / 5, strokes: 1 / 9
iteration step 36, G_loss: 0.34621, step_acc: 7.42061, grid_scale: 1 / 5, strokes: 1 / 9
iteration step 37, G_loss: 0.34578, step_acc: 7.43127, grid_scale: 1 / 5, strokes: 1 / 9
iteration step 38, G_loss: 0.34533, step_acc: 7.43866, grid_scale: 1 / 5, strokes: 1 / 9
iteration step 39, G_loss: 0.34487, step_acc: 7.44624, grid_scale: 1 / 5, strokes: 1 / 9
iteration step 40, G_loss: 0.34443, step_acc: 7.45552, grid_scale: 1 / 5, strokes: 1 / 9
iteration step 41, G_loss: 0.34399, step_acc: 7.46529, grid_scale: 1 / 5, strokes: 1 / 9
iteration step 42, G_loss: 0.34357, step_acc: 7.47318, grid_scale: 1 / 5, strokes: 1 / 9
iteration step 43, G_loss: 0.34312, step_acc: 7.48577, grid_scale: 1 / 5, strokes: 1 / 9
iteration step 44, G_loss: 0.34266, step_acc: 7.49140, grid_scale: 1 / 5, strokes: 1 / 9
iteration step 45, G_loss: 0.34223, step_acc: 7.50524, grid_scale: 1 / 5, strokes: 1 / 9
iteration step 46, G_loss: 0.34193, step_acc: 7.50507, grid_scale: 1 / 5, strokes: 1 / 9
iteration step 47, G_loss: 0.34144, step_acc: 7.51744, grid_scale: 1 / 5, strokes: 1 / 9
iteration step 48, G_loss: 0.34100, step_acc: 7.51944, grid_scale: 1 / 5, strokes: 1 / 9
iteration step 49, G_loss: 0.34065, step_acc: 7.52884, grid_scale: 1 / 5, strokes: 1 / 9
iteration step 50, G_loss: 0.34024, step_acc: 7.53358, grid_scale: 1 / 5, strokes: 1 / 9
iteration step 51, G_loss: 0.33986, step_acc: 7.54195, grid_scale: 1 / 5, strokes: 1 / 9
iteration step 52, G_loss: 0.33961, step_acc: 7.54904, grid_scale: 1 / 5, strokes: 1 / 9
iteration step 53, G_loss: 0.33915, step_acc: 7.55473, grid_scale: 1 / 5, strokes: 1 / 9
iteration step 54, G_loss: 0.33881, step_acc: 7.56197, grid_scale: 1 / 5, strokes: 1 / 9
iteration step 55, G_loss: 0.33844, step_acc: 7.58512, grid_scale: 1 / 5, strokes: 2 / 9
iteration step 56, G_loss: 0.33626, step_acc: 7.59275, grid_scale: 1 / 5, strokes: 2 / 9
iteration step 57, G_loss: 0.33557, step_acc: 7.59985, grid_scale: 1 / 5, strokes: 2 / 9
iteration step 58, G_loss: 0.33519, step_acc: 7.60108, grid_scale: 1 / 5, strokes: 2 / 9
iteration step 59, G_loss: 0.33491, step_acc: 7.60798, grid_scale: 1 / 5, strokes: 2 / 9
iteration step 60, G_loss: 0.33447, step_acc: 7.61591, grid_scale: 1 / 5, strokes: 2 / 9
iteration step 61, G_loss: 0.33408, step_acc: 7.62272, grid_scale: 1 / 5, strokes: 2 / 9
iteration step 62, G_loss: 0.33368, step_acc: 7.62686, grid_scale: 1 / 5, strokes: 2 / 9
iteration step 63, G_loss: 0.33338, step_acc: 7.63532, grid_scale: 1 / 5, strokes: 2 / 9
iteration step 64, G_loss: 0.33314, step_acc: 7.63714, grid_scale: 1 / 5, strokes: 2 / 9
iteration step 65, G_loss: 0.33290, step_acc: 7.64275, grid_scale: 1 / 5, strokes: 2 / 9
iteration step 66, G_loss: 0.33270, step_acc: 7.64752, grid_scale: 1 / 5, strokes: 2 / 9
iteration step 67, G_loss: 0.33250, step_acc: 7.65463, grid_scale: 1 / 5, strokes: 2 / 9
iteration step 68, G_loss: 0.33229, step_acc: 7.66543, grid_scale: 1 / 5, strokes: 2 / 9
iteration step 69, G_loss: 0.33201, step_acc: 7.67640, grid_scale: 1 / 5, strokes: 2 / 9
iteration step 70, G_loss: 0.33169, step_acc: 7.69147, grid_scale: 1 / 5, strokes: 2 / 9
iteration step 71, G_loss: 0.33120, step_acc: 7.70790, grid_scale: 1 / 5, strokes: 2 / 9
iteration step 72, G_loss: 0.33081, step_acc: 7.71201, grid_scale: 1 / 5, strokes: 2 / 9
iteration step 73, G_loss: 0.33045, step_acc: 7.71631, grid_scale: 1 / 5, strokes: 2 / 9
iteration step 74, G_loss: 0.33011, step_acc: 7.72477, grid_scale: 1 / 5, strokes: 2 / 9
iteration step 75, G_loss: 0.32981, step_acc: 7.73116, grid_scale: 1 / 5, strokes: 2 / 9
iteration step 76, G_loss: 0.32951, step_acc: 7.73774, grid_scale: 1 / 5, strokes: 2 / 9
iteration step 77, G_loss: 0.32927, step_acc: 7.74431, grid_scale: 1 / 5, strokes: 2 / 9
iteration step 78, G_loss: 0.32898, step_acc: 7.75491, grid_scale: 1 / 5, strokes: 2 / 9
iteration step 79, G_loss: 0.32863, step_acc: 7.76865, grid_scale: 1 / 5, strokes: 2 / 9
iteration step 80, G_loss: 0.32820, step_acc: 7.79065, grid_scale: 1 / 5, strokes: 2 / 9
iteration step 81, G_loss: 0.32762, step_acc: 7.80308, grid_scale: 1 / 5, strokes: 2 / 9
iteration step 82, G_loss: 0.32714, step_acc: 7.81869, grid_scale: 1 / 5, strokes: 2 / 9
iteration step 83, G_loss: 0.32650, step_acc: 7.83894, grid_scale: 1 / 5, strokes: 2 / 9
iteration step 84, G_loss: 0.32572, step_acc: 7.85948, grid_scale: 1 / 5, strokes: 2 / 9
iteration step 85, G_loss: 0.32492, step_acc: 7.88047, grid_scale: 1 / 5, strokes: 2 / 9
iteration step 86, G_loss: 0.32412, step_acc: 7.90999, grid_scale: 1 / 5, strokes: 2 / 9
iteration step 87, G_loss: 0.32303, step_acc: 7.93483, grid_scale: 1 / 5, strokes: 2 / 9
iteration step 88, G_loss: 0.32210, step_acc: 7.96035, grid_scale: 1 / 5, strokes: 2 / 9
iteration step 89, G_loss: 0.32104, step_acc: 7.99033, grid_scale: 1 / 5, strokes: 2 / 9
iteration step 90, G_loss: 0.31972, step_acc: 8.01531, grid_scale: 1 / 5, strokes: 2 / 9
iteration step 91, G_loss: 0.31859, step_acc: 8.04671, grid_scale: 1 / 5, strokes: 2 / 9
iteration step 92, G_loss: 0.31720, step_acc: 8.07221, grid_scale: 1 / 5, strokes: 2 / 9
iteration step 93, G_loss: 0.31621, step_acc: 8.09050, grid_scale: 1 / 5, strokes: 2 / 9
iteration step 94, G_loss: 0.31520, step_acc: 8.11335, grid_scale: 1 / 5, strokes: 2 / 9
iteration step 95, G_loss: 0.31410, step_acc: 8.12949, grid_scale: 1 / 5, strokes: 2 / 9
iteration step 96, G_loss: 0.31321, step_acc: 8.14622, grid_scale: 1 / 5, strokes: 2 / 9
iteration step 97, G_loss: 0.31231, step_acc: 8.16523, grid_scale: 1 / 5, strokes: 2 / 9
iteration step 98, G_loss: 0.31133, step_acc: 8.18471, grid_scale: 1 / 5, strokes: 2 / 9
iteration step 99, G_loss: 0.31038, step_acc: 8.20802, grid_scale: 1 / 5, strokes: 2 / 9
iteration step 100, G_loss: 0.30918, step_acc: 8.23649, grid_scale: 1 / 5, strokes: 2 / 9
iteration step 101, G_loss: 0.30800, step_acc: 8.25589, grid_scale: 1 / 5, strokes: 2 / 9
iteration step 102, G_loss: 0.30704, step_acc: 8.27406, grid_scale: 1 / 5, strokes: 2 / 9
iteration step 103, G_loss: 0.30618, step_acc: 8.28605, grid_scale: 1 / 5, strokes: 2 / 9
iteration step 104, G_loss: 0.30555, step_acc: 8.29791, grid_scale: 1 / 5, strokes: 2 / 9
iteration step 105, G_loss: 0.30500, step_acc: 8.31221, grid_scale: 1 / 5, strokes: 2 / 9
iteration step 106, G_loss: 0.30432, step_acc: 8.32804, grid_scale: 1 / 5, strokes: 2 / 9
iteration step 107, G_loss: 0.30335, step_acc: 8.35422, grid_scale: 1 / 5, strokes: 2 / 9
iteration step 108, G_loss: 0.30213, step_acc: 8.38467, grid_scale: 1 / 5, strokes: 2 / 9
iteration step 109, G_loss: 0.30044, step_acc: 8.41751, grid_scale: 1 / 5, strokes: 2 / 9
iteration step 110, G_loss: 0.29901, step_acc: 8.66049, grid_scale: 1 / 5, strokes: 3 / 9
iteration step 111, G_loss: 0.29220, step_acc: 8.72141, grid_scale: 1 / 5, strokes: 3 / 9
iteration step 112, G_loss: 0.28945, step_acc: 8.79567, grid_scale: 1 / 5, strokes: 3 / 9
iteration step 113, G_loss: 0.28742, step_acc: 8.86041, grid_scale: 1 / 5, strokes: 3 / 9
iteration step 114, G_loss: 0.28526, step_acc: 8.91457, grid_scale: 1 / 5, strokes: 3 / 9
iteration step 115, G_loss: 0.28337, step_acc: 9.02336, grid_scale: 1 / 5, strokes: 3 / 9
iteration step 116, G_loss: 0.28008, step_acc: 9.12914, grid_scale: 1 / 5, strokes: 3 / 9
iteration step 117, G_loss: 0.27643, step_acc: 9.21730, grid_scale: 1 / 5, strokes: 3 / 9
iteration step 118, G_loss: 0.27346, step_acc: 9.31173, grid_scale: 1 / 5, strokes: 3 / 9
iteration step 119, G_loss: 0.27030, step_acc: 9.36673, grid_scale: 1 / 5, strokes: 3 / 9
iteration step 120, G_loss: 0.26828, step_acc: 9.44359, grid_scale: 1 / 5, strokes: 3 / 9
iteration step 121, G_loss: 0.26576, step_acc: 9.50142, grid_scale: 1 / 5, strokes: 3 / 9
iteration step 122, G_loss: 0.26348, step_acc: 9.56306, grid_scale: 1 / 5, strokes: 3 / 9
iteration step 123, G_loss: 0.26152, step_acc: 9.63255, grid_scale: 1 / 5, strokes: 3 / 9
iteration step 124, G_loss: 0.25904, step_acc: 9.71089, grid_scale: 1 / 5, strokes: 3 / 9
iteration step 125, G_loss: 0.25714, step_acc: 9.74438, grid_scale: 1 / 5, strokes: 3 / 9
iteration step 126, G_loss: 0.25555, step_acc: 9.78850, grid_scale: 1 / 5, strokes: 3 / 9
iteration step 127, G_loss: 0.25433, step_acc: 9.81097, grid_scale: 1 / 5, strokes: 3 / 9
iteration step 128, G_loss: 0.25343, step_acc: 9.83329, grid_scale: 1 / 5, strokes: 3 / 9
iteration step 129, G_loss: 0.25267, step_acc: 9.86263, grid_scale: 1 / 5, strokes: 3 / 9
iteration step 130, G_loss: 0.25187, step_acc: 9.89103, grid_scale: 1 / 5, strokes: 3 / 9
iteration step 131, G_loss: 0.25115, step_acc: 9.90419, grid_scale: 1 / 5, strokes: 3 / 9
iteration step 132, G_loss: 0.25050, step_acc: 9.91804, grid_scale: 1 / 5, strokes: 3 / 9
iteration step 133, G_loss: 0.24995, step_acc: 9.93976, grid_scale: 1 / 5, strokes: 3 / 9
iteration step 134, G_loss: 0.24942, step_acc: 9.95355, grid_scale: 1 / 5, strokes: 3 / 9
iteration step 135, G_loss: 0.24897, step_acc: 9.97604, grid_scale: 1 / 5, strokes: 3 / 9
iteration step 136, G_loss: 0.24837, step_acc: 9.99343, grid_scale: 1 / 5, strokes: 3 / 9
iteration step 137, G_loss: 0.24772, step_acc: 10.00954, grid_scale: 1 / 5, strokes: 3 / 9
iteration step 138, G_loss: 0.24714, step_acc: 10.02692, grid_scale: 1 / 5, strokes: 3 / 9
iteration step 139, G_loss: 0.24672, step_acc: 10.03407, grid_scale: 1 / 5, strokes: 3 / 9
iteration step 140, G_loss: 0.24633, step_acc: 10.05197, grid_scale: 1 / 5, strokes: 3 / 9
iteration step 141, G_loss: 0.24567, step_acc: 10.06192, grid_scale: 1 / 5, strokes: 3 / 9
iteration step 142, G_loss: 0.24524, step_acc: 10.06927, grid_scale: 1 / 5, strokes: 3 / 9
iteration step 143, G_loss: 0.24492, step_acc: 10.07876, grid_scale: 1 / 5, strokes: 3 / 9
iteration step 144, G_loss: 0.24466, step_acc: 10.08361, grid_scale: 1 / 5, strokes: 3 / 9
iteration step 145, G_loss: 0.24436, step_acc: 10.08652, grid_scale: 1 / 5, strokes: 3 / 9
iteration step 146, G_loss: 0.24419, step_acc: 10.09758, grid_scale: 1 / 5, strokes: 3 / 9
iteration step 147, G_loss: 0.24389, step_acc: 10.09893, grid_scale: 1 / 5, strokes: 3 / 9
iteration step 148, G_loss: 0.24363, step_acc: 10.10733, grid_scale: 1 / 5, strokes: 3 / 9
iteration step 149, G_loss: 0.24345, step_acc: 10.11022, grid_scale: 1 / 5, strokes: 3 / 9
iteration step 150, G_loss: 0.24320, step_acc: 10.11945, grid_scale: 1 / 5, strokes: 3 / 9
iteration step 151, G_loss: 0.24305, step_acc: 10.11837, grid_scale: 1 / 5, strokes: 3 / 9
iteration step 152, G_loss: 0.24288, step_acc: 10.12550, grid_scale: 1 / 5, strokes: 3 / 9
iteration step 153, G_loss: 0.24272, step_acc: 10.12675, grid_scale: 1 / 5, strokes: 3 / 9
iteration step 154, G_loss: 0.24259, step_acc: 10.13085, grid_scale: 1 / 5, strokes: 3 / 9
iteration step 155, G_loss: 0.24248, step_acc: 10.13921, grid_scale: 1 / 5, strokes: 3 / 9
iteration step 156, G_loss: 0.24235, step_acc: 10.13727, grid_scale: 1 / 5, strokes: 3 / 9
iteration step 157, G_loss: 0.24226, step_acc: 10.15152, grid_scale: 1 / 5, strokes: 3 / 9
iteration step 158, G_loss: 0.24224, step_acc: 10.14515, grid_scale: 1 / 5, strokes: 3 / 9
iteration step 159, G_loss: 0.24206, step_acc: 10.15512, grid_scale: 1 / 5, strokes: 3 / 9
iteration step 160, G_loss: 0.24199, step_acc: 10.15047, grid_scale: 1 / 5, strokes: 3 / 9
iteration step 161, G_loss: 0.24191, step_acc: 10.16247, grid_scale: 1 / 5, strokes: 3 / 9
iteration step 162, G_loss: 0.24178, step_acc: 10.15836, grid_scale: 1 / 5, strokes: 3 / 9
iteration step 163, G_loss: 0.24159, step_acc: 10.17043, grid_scale: 1 / 5, strokes: 3 / 9
iteration step 164, G_loss: 0.24146, step_acc: 10.16667, grid_scale: 1 / 5, strokes: 3 / 9
iteration step 165, G_loss: 0.24137, step_acc: 10.32587, grid_scale: 1 / 5, strokes: 4 / 9
iteration step 166, G_loss: 0.23756, step_acc: 10.31902, grid_scale: 1 / 5, strokes: 4 / 9
iteration step 167, G_loss: 0.23739, step_acc: 10.36253, grid_scale: 1 / 5, strokes: 4 / 9
iteration step 168, G_loss: 0.23634, step_acc: 10.36659, grid_scale: 1 / 5, strokes: 4 / 9
iteration step 169, G_loss: 0.23580, step_acc: 10.39215, grid_scale: 1 / 5, strokes: 4 / 9
iteration step 170, G_loss: 0.23531, step_acc: 10.40521, grid_scale: 1 / 5, strokes: 4 / 9
iteration step 171, G_loss: 0.23475, step_acc: 10.43604, grid_scale: 1 / 5, strokes: 4 / 9
iteration step 172, G_loss: 0.23389, step_acc: 10.45992, grid_scale: 1 / 5, strokes: 4 / 9
iteration step 173, G_loss: 0.23332, step_acc: 10.47341, grid_scale: 1 / 5, strokes: 4 / 9
iteration step 174, G_loss: 0.23280, step_acc: 10.49247, grid_scale: 1 / 5, strokes: 4 / 9
iteration step 175, G_loss: 0.23219, step_acc: 10.51916, grid_scale: 1 / 5, strokes: 4 / 9
iteration step 176, G_loss: 0.23128, step_acc: 10.54453, grid_scale: 1 / 5, strokes: 4 / 9
iteration step 177, G_loss: 0.23060, step_acc: 10.55737, grid_scale: 1 / 5, strokes: 4 / 9
iteration step 178, G_loss: 0.22986, step_acc: 10.57664, grid_scale: 1 / 5, strokes: 4 / 9
iteration step 179, G_loss: 0.22935, step_acc: 10.58571, grid_scale: 1 / 5, strokes: 4 / 9
iteration step 180, G_loss: 0.22892, step_acc: 10.59806, grid_scale: 1 / 5, strokes: 4 / 9
iteration step 181, G_loss: 0.22852, step_acc: 10.60114, grid_scale: 1 / 5, strokes: 4 / 9
iteration step 182, G_loss: 0.22829, step_acc: 10.60903, grid_scale: 1 / 5, strokes: 4 / 9
iteration step 183, G_loss: 0.22816, step_acc: 10.60683, grid_scale: 1 / 5, strokes: 4 / 9
iteration step 184, G_loss: 0.22804, step_acc: 10.61218, grid_scale: 1 / 5, strokes: 4 / 9
iteration step 185, G_loss: 0.22783, step_acc: 10.61570, grid_scale: 1 / 5, strokes: 4 / 9
iteration step 186, G_loss: 0.22758, step_acc: 10.62079, grid_scale: 1 / 5, strokes: 4 / 9
iteration step 187, G_loss: 0.22714, step_acc: 10.62318, grid_scale: 1 / 5, strokes: 4 / 9
iteration step 188, G_loss: 0.22713, step_acc: 10.63001, grid_scale: 1 / 5, strokes: 4 / 9
iteration step 189, G_loss: 0.22685, step_acc: 10.62934, grid_scale: 1 / 5, strokes: 4 / 9
iteration step 190, G_loss: 0.22683, step_acc: 10.63744, grid_scale: 1 / 5, strokes: 4 / 9
iteration step 191, G_loss: 0.22662, step_acc: 10.63954, grid_scale: 1 / 5, strokes: 4 / 9
iteration step 192, G_loss: 0.22650, step_acc: 10.65249, grid_scale: 1 / 5, strokes: 4 / 9
iteration step 193, G_loss: 0.22629, step_acc: 10.66035, grid_scale: 1 / 5, strokes: 4 / 9
iteration step 194, G_loss: 0.22603, step_acc: 10.67914, grid_scale: 1 / 5, strokes: 4 / 9
iteration step 195, G_loss: 0.22574, step_acc: 10.69549, grid_scale: 1 / 5, strokes: 4 / 9
iteration step 196, G_loss: 0.22536, step_acc: 10.72425, grid_scale: 1 / 5, strokes: 4 / 9
iteration step 197, G_loss: 0.22480, step_acc: 10.76589, grid_scale: 1 / 5, strokes: 4 / 9
iteration step 198, G_loss: 0.22392, step_acc: 10.81913, grid_scale: 1 / 5, strokes: 4 / 9
iteration step 199, G_loss: 0.22273, step_acc: 10.86074, grid_scale: 1 / 5, strokes: 4 / 9
iteration step 200, G_loss: 0.22166, step_acc: 10.89324, grid_scale: 1 / 5, strokes: 4 / 9
iteration step 201, G_loss: 0.22093, step_acc: 10.91735, grid_scale: 1 / 5, strokes: 4 / 9
iteration step 202, G_loss: 0.22020, step_acc: 10.95177, grid_scale: 1 / 5, strokes: 4 / 9
iteration step 203, G_loss: 0.21949, step_acc: 10.96892, grid_scale: 1 / 5, strokes: 4 / 9
iteration step 204, G_loss: 0.21882, step_acc: 11.00182, grid_scale: 1 / 5, strokes: 4 / 9
iteration step 205, G_loss: 0.21817, step_acc: 11.01727, grid_scale: 1 / 5, strokes: 4 / 9
iteration step 206, G_loss: 0.21761, step_acc: 11.03878, grid_scale: 1 / 5, strokes: 4 / 9
iteration step 207, G_loss: 0.21712, step_acc: 11.04919, grid_scale: 1 / 5, strokes: 4 / 9
iteration step 208, G_loss: 0.21675, step_acc: 11.06755, grid_scale: 1 / 5, strokes: 4 / 9
iteration step 209, G_loss: 0.21643, step_acc: 11.07857, grid_scale: 1 / 5, strokes: 4 / 9
iteration step 210, G_loss: 0.21606, step_acc: 11.09486, grid_scale: 1 / 5, strokes: 4 / 9
iteration step 211, G_loss: 0.21569, step_acc: 11.10270, grid_scale: 1 / 5, strokes: 4 / 9
iteration step 212, G_loss: 0.21534, step_acc: 11.12058, grid_scale: 1 / 5, strokes: 4 / 9
iteration step 213, G_loss: 0.21504, step_acc: 11.12470, grid_scale: 1 / 5, strokes: 4 / 9
iteration step 214, G_loss: 0.21477, step_acc: 11.13902, grid_scale: 1 / 5, strokes: 4 / 9
iteration step 215, G_loss: 0.21452, step_acc: 11.14501, grid_scale: 1 / 5, strokes: 4 / 9
iteration step 216, G_loss: 0.21430, step_acc: 11.15856, grid_scale: 1 / 5, strokes: 4 / 9
iteration step 217, G_loss: 0.21408, step_acc: 11.16426, grid_scale: 1 / 5, strokes: 4 / 9
iteration step 218, G_loss: 0.21385, step_acc: 11.17641, grid_scale: 1 / 5, strokes: 4 / 9
iteration step 219, G_loss: 0.21363, step_acc: 11.18013, grid_scale: 1 / 5, strokes: 4 / 9
iteration step 220, G_loss: 0.21340, step_acc: 11.40777, grid_scale: 1 / 5, strokes: 5 / 9
iteration step 221, G_loss: 0.20926, step_acc: 11.44474, grid_scale: 1 / 5, strokes: 5 / 9
iteration step 222, G_loss: 0.20810, step_acc: 11.48034, grid_scale: 1 / 5, strokes: 5 / 9
iteration step 223, G_loss: 0.20709, step_acc: 11.48898, grid_scale: 1 / 5, strokes: 5 / 9
iteration step 224, G_loss: 0.20630, step_acc: 11.53505, grid_scale: 1 / 5, strokes: 5 / 9
iteration step 225, G_loss: 0.20545, step_acc: 11.54786, grid_scale: 1 / 5, strokes: 5 / 9
iteration step 226, G_loss: 0.20457, step_acc: 11.57887, grid_scale: 1 / 5, strokes: 5 / 9
iteration step 227, G_loss: 0.20381, step_acc: 11.60104, grid_scale: 1 / 5, strokes: 5 / 9
iteration step 228, G_loss: 0.20300, step_acc: 11.62534, grid_scale: 1 / 5, strokes: 5 / 9
iteration step 229, G_loss: 0.20247, step_acc: 11.63474, grid_scale: 1 / 5, strokes: 5 / 9
iteration step 230, G_loss: 0.20200, step_acc: 11.66184, grid_scale: 1 / 5, strokes: 5 / 9
iteration step 231, G_loss: 0.20142, step_acc: 11.66765, grid_scale: 1 / 5, strokes: 5 / 9
iteration step 232, G_loss: 0.20095, step_acc: 11.67606, grid_scale: 1 / 5, strokes: 5 / 9
iteration step 233, G_loss: 0.20067, step_acc: 11.68396, grid_scale: 1 / 5, strokes: 5 / 9
iteration step 234, G_loss: 0.20041, step_acc: 11.69335, grid_scale: 1 / 5, strokes: 5 / 9
iteration step 235, G_loss: 0.20022, step_acc: 11.69741, grid_scale: 1 / 5, strokes: 5 / 9
iteration step 236, G_loss: 0.19991, step_acc: 11.70370, grid_scale: 1 / 5, strokes: 5 / 9
iteration step 237, G_loss: 0.19969, step_acc: 11.70744, grid_scale: 1 / 5, strokes: 5 / 9
iteration step 238, G_loss: 0.19949, step_acc: 11.72459, grid_scale: 1 / 5, strokes: 5 / 9
iteration step 239, G_loss: 0.19927, step_acc: 11.71654, grid_scale: 1 / 5, strokes: 5 / 9
iteration step 240, G_loss: 0.19916, step_acc: 11.73428, grid_scale: 1 / 5, strokes: 5 / 9
iteration step 241, G_loss: 0.19892, step_acc: 11.73967, grid_scale: 1 / 5, strokes: 5 / 9
iteration step 242, G_loss: 0.19872, step_acc: 11.76013, grid_scale: 1 / 5, strokes: 5 / 9
iteration step 243, G_loss: 0.19854, step_acc: 11.77139, grid_scale: 1 / 5, strokes: 5 / 9
iteration step 244, G_loss: 0.19832, step_acc: 11.78279, grid_scale: 1 / 5, strokes: 5 / 9
iteration step 245, G_loss: 0.19806, step_acc: 11.80921, grid_scale: 1 / 5, strokes: 5 / 9
iteration step 246, G_loss: 0.19772, step_acc: 11.82926, grid_scale: 1 / 5, strokes: 5 / 9
iteration step 247, G_loss: 0.19736, step_acc: 11.85611, grid_scale: 1 / 5, strokes: 5 / 9
iteration step 248, G_loss: 0.19687, step_acc: 11.88360, grid_scale: 1 / 5, strokes: 5 / 9
iteration step 249, G_loss: 0.19633, step_acc: 11.90947, grid_scale: 1 / 5, strokes: 5 / 9
iteration step 250, G_loss: 0.19608, step_acc: 11.93670, grid_scale: 1 / 5, strokes: 5 / 9
iteration step 251, G_loss: 0.19554, step_acc: 11.97515, grid_scale: 1 / 5, strokes: 5 / 9
iteration step 252, G_loss: 0.19488, step_acc: 11.99419, grid_scale: 1 / 5, strokes: 5 / 9
iteration step 253, G_loss: 0.19451, step_acc: 12.03095, grid_scale: 1 / 5, strokes: 5 / 9
iteration step 254, G_loss: 0.19379, step_acc: 12.05349, grid_scale: 1 / 5, strokes: 5 / 9
iteration step 255, G_loss: 0.19313, step_acc: 12.08411, grid_scale: 1 / 5, strokes: 5 / 9
iteration step 256, G_loss: 0.19247, step_acc: 12.12491, grid_scale: 1 / 5, strokes: 5 / 9
iteration step 257, G_loss: 0.19179, step_acc: 12.13534, grid_scale: 1 / 5, strokes: 5 / 9
iteration step 258, G_loss: 0.19133, step_acc: 12.15062, grid_scale: 1 / 5, strokes: 5 / 9
iteration step 259, G_loss: 0.19097, step_acc: 12.16302, grid_scale: 1 / 5, strokes: 5 / 9
iteration step 260, G_loss: 0.19058, step_acc: 12.17435, grid_scale: 1 / 5, strokes: 5 / 9
iteration step 261, G_loss: 0.19037, step_acc: 12.18133, grid_scale: 1 / 5, strokes: 5 / 9
iteration step 262, G_loss: 0.19010, step_acc: 12.17942, grid_scale: 1 / 5, strokes: 5 / 9
iteration step 263, G_loss: 0.18995, step_acc: 12.20143, grid_scale: 1 / 5, strokes: 5 / 9
iteration step 264, G_loss: 0.18967, step_acc: 12.20325, grid_scale: 1 / 5, strokes: 5 / 9
iteration step 265, G_loss: 0.18943, step_acc: 12.21906, grid_scale: 1 / 5, strokes: 5 / 9
iteration step 266, G_loss: 0.18909, step_acc: 12.22778, grid_scale: 1 / 5, strokes: 5 / 9
iteration step 267, G_loss: 0.18885, step_acc: 12.24481, grid_scale: 1 / 5, strokes: 5 / 9
iteration step 268, G_loss: 0.18862, step_acc: 12.25101, grid_scale: 1 / 5, strokes: 5 / 9
iteration step 269, G_loss: 0.18825, step_acc: 12.26979, grid_scale: 1 / 5, strokes: 5 / 9
iteration step 270, G_loss: 0.18796, step_acc: 12.27679, grid_scale: 1 / 5, strokes: 5 / 9
iteration step 271, G_loss: 0.18769, step_acc: 12.29465, grid_scale: 1 / 5, strokes: 5 / 9
iteration step 272, G_loss: 0.18746, step_acc: 12.29118, grid_scale: 1 / 5, strokes: 5 / 9
iteration step 273, G_loss: 0.18726, step_acc: 12.31292, grid_scale: 1 / 5, strokes: 5 / 9
iteration step 274, G_loss: 0.18705, step_acc: 12.31456, grid_scale: 1 / 5, strokes: 5 / 9
iteration step 275, G_loss: 0.18680, step_acc: 12.34219, grid_scale: 1 / 5, strokes: 6 / 9
iteration step 276, G_loss: 0.18622, step_acc: 12.34528, grid_scale: 1 / 5, strokes: 6 / 9
iteration step 277, G_loss: 0.18587, step_acc: 12.34715, grid_scale: 1 / 5, strokes: 6 / 9
iteration step 278, G_loss: 0.18551, step_acc: 12.36823, grid_scale: 1 / 5, strokes: 6 / 9
iteration step 279, G_loss: 0.18521, step_acc: 12.36324, grid_scale: 1 / 5, strokes: 6 / 9
iteration step 280, G_loss: 0.18499, step_acc: 12.37860, grid_scale: 1 / 5, strokes: 6 / 9
iteration step 281, G_loss: 0.18475, step_acc: 12.38934, grid_scale: 1 / 5, strokes: 6 / 9
iteration step 282, G_loss: 0.18452, step_acc: 12.38974, grid_scale: 1 / 5, strokes: 6 / 9
iteration step 283, G_loss: 0.18433, step_acc: 12.39688, grid_scale: 1 / 5, strokes: 6 / 9
iteration step 284, G_loss: 0.18417, step_acc: 12.40645, grid_scale: 1 / 5, strokes: 6 / 9
iteration step 285, G_loss: 0.18399, step_acc: 12.41316, grid_scale: 1 / 5, strokes: 6 / 9
iteration step 286, G_loss: 0.18377, step_acc: 12.42200, grid_scale: 1 / 5, strokes: 6 / 9
iteration step 287, G_loss: 0.18361, step_acc: 12.43314, grid_scale: 1 / 5, strokes: 6 / 9
iteration step 288, G_loss: 0.18351, step_acc: 12.43470, grid_scale: 1 / 5, strokes: 6 / 9
iteration step 289, G_loss: 0.18341, step_acc: 12.44991, grid_scale: 1 / 5, strokes: 6 / 9
iteration step 290, G_loss: 0.18322, step_acc: 12.45168, grid_scale: 1 / 5, strokes: 6 / 9
iteration step 291, G_loss: 0.18306, step_acc: 12.45967, grid_scale: 1 / 5, strokes: 6 / 9
iteration step 292, G_loss: 0.18293, step_acc: 12.46776, grid_scale: 1 / 5, strokes: 6 / 9
iteration step 293, G_loss: 0.18281, step_acc: 12.46862, grid_scale: 1 / 5, strokes: 6 / 9
iteration step 294, G_loss: 0.18272, step_acc: 12.47894, grid_scale: 1 / 5, strokes: 6 / 9
iteration step 295, G_loss: 0.18259, step_acc: 12.48406, grid_scale: 1 / 5, strokes: 6 / 9
iteration step 296, G_loss: 0.18245, step_acc: 12.49078, grid_scale: 1 / 5, strokes: 6 / 9
iteration step 297, G_loss: 0.18236, step_acc: 12.49040, grid_scale: 1 / 5, strokes: 6 / 9
iteration step 298, G_loss: 0.18227, step_acc: 12.49896, grid_scale: 1 / 5, strokes: 6 / 9
iteration step 299, G_loss: 0.18225, step_acc: 12.50147, grid_scale: 1 / 5, strokes: 6 / 9
iteration step 300, G_loss: 0.18205, step_acc: 12.50616, grid_scale: 1 / 5, strokes: 6 / 9
iteration step 301, G_loss: 0.18199, step_acc: 12.50967, grid_scale: 1 / 5, strokes: 6 / 9
iteration step 302, G_loss: 0.18181, step_acc: 12.51789, grid_scale: 1 / 5, strokes: 6 / 9
iteration step 303, G_loss: 0.18176, step_acc: 12.52097, grid_scale: 1 / 5, strokes: 6 / 9
iteration step 304, G_loss: 0.18159, step_acc: 12.52352, grid_scale: 1 / 5, strokes: 6 / 9
iteration step 305, G_loss: 0.18143, step_acc: 12.53071, grid_scale: 1 / 5, strokes: 6 / 9
iteration step 306, G_loss: 0.18117, step_acc: 12.53777, grid_scale: 1 / 5, strokes: 6 / 9
iteration step 307, G_loss: 0.18098, step_acc: 12.52470, grid_scale: 1 / 5, strokes: 6 / 9
iteration step 308, G_loss: 0.18080, step_acc: 12.54428, grid_scale: 1 / 5, strokes: 6 / 9
iteration step 309, G_loss: 0.18061, step_acc: 12.54350, grid_scale: 1 / 5, strokes: 6 / 9
iteration step 310, G_loss: 0.18040, step_acc: 12.54720, grid_scale: 1 / 5, strokes: 6 / 9
iteration step 311, G_loss: 0.18020, step_acc: 12.55218, grid_scale: 1 / 5, strokes: 6 / 9
iteration step 312, G_loss: 0.17993, step_acc: 12.56194, grid_scale: 1 / 5, strokes: 6 / 9
iteration step 313, G_loss: 0.17977, step_acc: 12.56362, grid_scale: 1 / 5, strokes: 6 / 9
iteration step 314, G_loss: 0.17933, step_acc: 12.56963, grid_scale: 1 / 5, strokes: 6 / 9
iteration step 315, G_loss: 0.17899, step_acc: 12.57613, grid_scale: 1 / 5, strokes: 6 / 9
iteration step 316, G_loss: 0.17865, step_acc: 12.58648, grid_scale: 1 / 5, strokes: 6 / 9
iteration step 317, G_loss: 0.17835, step_acc: 12.58636, grid_scale: 1 / 5, strokes: 6 / 9
iteration step 318, G_loss: 0.17804, step_acc: 12.59835, grid_scale: 1 / 5, strokes: 6 / 9
iteration step 319, G_loss: 0.17774, step_acc: 12.61134, grid_scale: 1 / 5, strokes: 6 / 9
iteration step 320, G_loss: 0.17738, step_acc: 12.62100, grid_scale: 1 / 5, strokes: 6 / 9
iteration step 321, G_loss: 0.17706, step_acc: 12.62847, grid_scale: 1 / 5, strokes: 6 / 9
iteration step 322, G_loss: 0.17667, step_acc: 12.64232, grid_scale: 1 / 5, strokes: 6 / 9
iteration step 323, G_loss: 0.17644, step_acc: 12.64669, grid_scale: 1 / 5, strokes: 6 / 9
iteration step 324, G_loss: 0.17633, step_acc: 12.64945, grid_scale: 1 / 5, strokes: 6 / 9
iteration step 325, G_loss: 0.17622, step_acc: 12.64989, grid_scale: 1 / 5, strokes: 6 / 9
iteration step 326, G_loss: 0.17608, step_acc: 12.65788, grid_scale: 1 / 5, strokes: 6 / 9
iteration step 327, G_loss: 0.17593, step_acc: 12.65875, grid_scale: 1 / 5, strokes: 6 / 9
iteration step 328, G_loss: 0.17581, step_acc: 12.66980, grid_scale: 1 / 5, strokes: 6 / 9
iteration step 329, G_loss: 0.17569, step_acc: 12.66353, grid_scale: 1 / 5, strokes: 6 / 9
iteration step 330, G_loss: 0.17563, step_acc: 12.67705, grid_scale: 1 / 5, strokes: 7 / 9
iteration step 331, G_loss: 0.17517, step_acc: 12.68922, grid_scale: 1 / 5, strokes: 7 / 9
iteration step 332, G_loss: 0.17471, step_acc: 12.69712, grid_scale: 1 / 5, strokes: 7 / 9
iteration step 333, G_loss: 0.17437, step_acc: 12.69388, grid_scale: 1 / 5, strokes: 7 / 9
iteration step 334, G_loss: 0.17425, step_acc: 12.70323, grid_scale: 1 / 5, strokes: 7 / 9
iteration step 335, G_loss: 0.17413, step_acc: 12.70719, grid_scale: 1 / 5, strokes: 7 / 9
iteration step 336, G_loss: 0.17401, step_acc: 12.71268, grid_scale: 1 / 5, strokes: 7 / 9
iteration step 337, G_loss: 0.17389, step_acc: 12.71213, grid_scale: 1 / 5, strokes: 7 / 9
iteration step 338, G_loss: 0.17383, step_acc: 12.71952, grid_scale: 1 / 5, strokes: 7 / 9
iteration step 339, G_loss: 0.17372, step_acc: 12.71834, grid_scale: 1 / 5, strokes: 7 / 9
iteration step 340, G_loss: 0.17364, step_acc: 12.72437, grid_scale: 1 / 5, strokes: 7 / 9
iteration step 341, G_loss: 0.17354, step_acc: 12.72292, grid_scale: 1 / 5, strokes: 7 / 9
iteration step 342, G_loss: 0.17347, step_acc: 12.72874, grid_scale: 1 / 5, strokes: 7 / 9
iteration step 343, G_loss: 0.17339, step_acc: 12.73366, grid_scale: 1 / 5, strokes: 7 / 9
iteration step 344, G_loss: 0.17332, step_acc: 12.73195, grid_scale: 1 / 5, strokes: 7 / 9
iteration step 345, G_loss: 0.17318, step_acc: 12.74179, grid_scale: 1 / 5, strokes: 7 / 9
iteration step 346, G_loss: 0.17315, step_acc: 12.73956, grid_scale: 1 / 5, strokes: 7 / 9
iteration step 347, G_loss: 0.17303, step_acc: 12.75071, grid_scale: 1 / 5, strokes: 7 / 9
iteration step 348, G_loss: 0.17304, step_acc: 12.73898, grid_scale: 1 / 5, strokes: 7 / 9
iteration step 349, G_loss: 0.17300, step_acc: 12.74890, grid_scale: 1 / 5, strokes: 7 / 9
iteration step 350, G_loss: 0.17298, step_acc: 12.74942, grid_scale: 1 / 5, strokes: 7 / 9
iteration step 351, G_loss: 0.17287, step_acc: 12.75508, grid_scale: 1 / 5, strokes: 7 / 9
iteration step 352, G_loss: 0.17283, step_acc: 12.75174, grid_scale: 1 / 5, strokes: 7 / 9
iteration step 353, G_loss: 0.17281, step_acc: 12.75768, grid_scale: 1 / 5, strokes: 7 / 9
iteration step 354, G_loss: 0.17278, step_acc: 12.75391, grid_scale: 1 / 5, strokes: 7 / 9
iteration step 355, G_loss: 0.17273, step_acc: 12.76225, grid_scale: 1 / 5, strokes: 7 / 9
iteration step 356, G_loss: 0.17276, step_acc: 12.75662, grid_scale: 1 / 5, strokes: 7 / 9
iteration step 357, G_loss: 0.17273, step_acc: 12.76682, grid_scale: 1 / 5, strokes: 7 / 9
iteration step 358, G_loss: 0.17266, step_acc: 12.76512, grid_scale: 1 / 5, strokes: 7 / 9
iteration step 359, G_loss: 0.17266, step_acc: 12.77449, grid_scale: 1 / 5, strokes: 7 / 9
iteration step 360, G_loss: 0.17256, step_acc: 12.77832, grid_scale: 1 / 5, strokes: 7 / 9
iteration step 361, G_loss: 0.17241, step_acc: 12.78478, grid_scale: 1 / 5, strokes: 7 / 9
iteration step 362, G_loss: 0.17240, step_acc: 12.78185, grid_scale: 1 / 5, strokes: 7 / 9
iteration step 363, G_loss: 0.17236, step_acc: 12.79723, grid_scale: 1 / 5, strokes: 7 / 9
iteration step 364, G_loss: 0.17229, step_acc: 12.79589, grid_scale: 1 / 5, strokes: 7 / 9
iteration step 365, G_loss: 0.17226, step_acc: 12.80469, grid_scale: 1 / 5, strokes: 7 / 9
iteration step 366, G_loss: 0.17218, step_acc: 12.79505, grid_scale: 1 / 5, strokes: 7 / 9
iteration step 367, G_loss: 0.17215, step_acc: 12.81070, grid_scale: 1 / 5, strokes: 7 / 9
iteration step 368, G_loss: 0.17217, step_acc: 12.80567, grid_scale: 1 / 5, strokes: 7 / 9
iteration step 369, G_loss: 0.17208, step_acc: 12.81879, grid_scale: 1 / 5, strokes: 7 / 9
iteration step 370, G_loss: 0.17207, step_acc: 12.80895, grid_scale: 1 / 5, strokes: 7 / 9
iteration step 371, G_loss: 0.17200, step_acc: 12.82094, grid_scale: 1 / 5, strokes: 7 / 9
iteration step 372, G_loss: 0.17198, step_acc: 12.82057, grid_scale: 1 / 5, strokes: 7 / 9
iteration step 373, G_loss: 0.17194, step_acc: 12.82816, grid_scale: 1 / 5, strokes: 7 / 9
iteration step 374, G_loss: 0.17191, step_acc: 12.83426, grid_scale: 1 / 5, strokes: 7 / 9
iteration step 375, G_loss: 0.17175, step_acc: 12.85128, grid_scale: 1 / 5, strokes: 7 / 9
iteration step 376, G_loss: 0.17162, step_acc: 12.84300, grid_scale: 1 / 5, strokes: 7 / 9
iteration step 377, G_loss: 0.17160, step_acc: 12.86062, grid_scale: 1 / 5, strokes: 7 / 9
iteration step 378, G_loss: 0.17148, step_acc: 12.85113, grid_scale: 1 / 5, strokes: 7 / 9
iteration step 379, G_loss: 0.17141, step_acc: 12.87073, grid_scale: 1 / 5, strokes: 7 / 9
iteration step 380, G_loss: 0.17125, step_acc: 12.86848, grid_scale: 1 / 5, strokes: 7 / 9
iteration step 381, G_loss: 0.17116, step_acc: 12.87941, grid_scale: 1 / 5, strokes: 7 / 9
iteration step 382, G_loss: 0.17107, step_acc: 12.87498, grid_scale: 1 / 5, strokes: 7 / 9
iteration step 383, G_loss: 0.17097, step_acc: 12.88693, grid_scale: 1 / 5, strokes: 7 / 9
iteration step 384, G_loss: 0.17089, step_acc: 12.88838, grid_scale: 1 / 5, strokes: 7 / 9
iteration step 385, G_loss: 0.17084, step_acc: 12.96111, grid_scale: 1 / 5, strokes: 8 / 9
iteration step 386, G_loss: 0.16881, step_acc: 13.02082, grid_scale: 1 / 5, strokes: 8 / 9
iteration step 387, G_loss: 0.16765, step_acc: 13.07027, grid_scale: 1 / 5, strokes: 8 / 9
iteration step 388, G_loss: 0.16664, step_acc: 13.09747, grid_scale: 1 / 5, strokes: 8 / 9
iteration step 389, G_loss: 0.16586, step_acc: 13.14275, grid_scale: 1 / 5, strokes: 8 / 9
iteration step 390, G_loss: 0.16520, step_acc: 13.16622, grid_scale: 1 / 5, strokes: 8 / 9
iteration step 391, G_loss: 0.16413, step_acc: 13.21441, grid_scale: 1 / 5, strokes: 8 / 9
iteration step 392, G_loss: 0.16303, step_acc: 13.23833, grid_scale: 1 / 5, strokes: 8 / 9
iteration step 393, G_loss: 0.16178, step_acc: 13.27459, grid_scale: 1 / 5, strokes: 8 / 9
iteration step 394, G_loss: 0.16085, step_acc: 13.28716, grid_scale: 1 / 5, strokes: 8 / 9
iteration step 395, G_loss: 0.16023, step_acc: 13.30477, grid_scale: 1 / 5, strokes: 8 / 9
iteration step 396, G_loss: 0.15968, step_acc: 13.30800, grid_scale: 1 / 5, strokes: 8 / 9
iteration step 397, G_loss: 0.15935, step_acc: 13.33312, grid_scale: 1 / 5, strokes: 8 / 9
iteration step 398, G_loss: 0.15900, step_acc: 13.32486, grid_scale: 1 / 5, strokes: 8 / 9
iteration step 399, G_loss: 0.15879, step_acc: 13.35046, grid_scale: 1 / 5, strokes: 8 / 9
iteration step 400, G_loss: 0.15855, step_acc: 13.34327, grid_scale: 1 / 5, strokes: 8 / 9
iteration step 401, G_loss: 0.15840, step_acc: 13.37181, grid_scale: 1 / 5, strokes: 8 / 9
iteration step 402, G_loss: 0.15806, step_acc: 13.37791, grid_scale: 1 / 5, strokes: 8 / 9
iteration step 403, G_loss: 0.15771, step_acc: 13.40047, grid_scale: 1 / 5, strokes: 8 / 9
iteration step 404, G_loss: 0.15740, step_acc: 13.41368, grid_scale: 1 / 5, strokes: 8 / 9
iteration step 405, G_loss: 0.15703, step_acc: 13.43778, grid_scale: 1 / 5, strokes: 8 / 9
iteration step 406, G_loss: 0.15672, step_acc: 13.43648, grid_scale: 1 / 5, strokes: 8 / 9
iteration step 407, G_loss: 0.15635, step_acc: 13.45956, grid_scale: 1 / 5, strokes: 8 / 9
iteration step 408, G_loss: 0.15618, step_acc: 13.45771, grid_scale: 1 / 5, strokes: 8 / 9
iteration step 409, G_loss: 0.15597, step_acc: 13.48350, grid_scale: 1 / 5, strokes: 8 / 9
iteration step 410, G_loss: 0.15580, step_acc: 13.46905, grid_scale: 1 / 5, strokes: 8 / 9
iteration step 411, G_loss: 0.15565, step_acc: 13.49531, grid_scale: 1 / 5, strokes: 8 / 9
iteration step 412, G_loss: 0.15554, step_acc: 13.48940, grid_scale: 1 / 5, strokes: 8 / 9
iteration step 413, G_loss: 0.15537, step_acc: 13.50852, grid_scale: 1 / 5, strokes: 8 / 9
iteration step 414, G_loss: 0.15521, step_acc: 13.51001, grid_scale: 1 / 5, strokes: 8 / 9
iteration step 415, G_loss: 0.15499, step_acc: 13.51872, grid_scale: 1 / 5, strokes: 8 / 9
iteration step 416, G_loss: 0.15487, step_acc: 13.52662, grid_scale: 1 / 5, strokes: 8 / 9
iteration step 417, G_loss: 0.15468, step_acc: 13.52872, grid_scale: 1 / 5, strokes: 8 / 9
iteration step 418, G_loss: 0.15446, step_acc: 13.54387, grid_scale: 1 / 5, strokes: 8 / 9
iteration step 419, G_loss: 0.15430, step_acc: 13.55157, grid_scale: 1 / 5, strokes: 8 / 9
iteration step 420, G_loss: 0.15402, step_acc: 13.55317, grid_scale: 1 / 5, strokes: 8 / 9
iteration step 421, G_loss: 0.15388, step_acc: 13.57086, grid_scale: 1 / 5, strokes: 8 / 9
iteration step 422, G_loss: 0.15361, step_acc: 13.57326, grid_scale: 1 / 5, strokes: 8 / 9
iteration step 423, G_loss: 0.15344, step_acc: 13.58951, grid_scale: 1 / 5, strokes: 8 / 9
iteration step 424, G_loss: 0.15330, step_acc: 13.59178, grid_scale: 1 / 5, strokes: 8 / 9
iteration step 425, G_loss: 0.15303, step_acc: 13.61317, grid_scale: 1 / 5, strokes: 8 / 9
iteration step 426, G_loss: 0.15273, step_acc: 13.61806, grid_scale: 1 / 5, strokes: 8 / 9
iteration step 427, G_loss: 0.15257, step_acc: 13.62802, grid_scale: 1 / 5, strokes: 8 / 9
iteration step 428, G_loss: 0.15225, step_acc: 13.62859, grid_scale: 1 / 5, strokes: 8 / 9
iteration step 429, G_loss: 0.15202, step_acc: 13.62839, grid_scale: 1 / 5, strokes: 8 / 9
iteration step 430, G_loss: 0.15181, step_acc: 13.63467, grid_scale: 1 / 5, strokes: 8 / 9
iteration step 431, G_loss: 0.15168, step_acc: 13.64351, grid_scale: 1 / 5, strokes: 8 / 9
iteration step 432, G_loss: 0.15152, step_acc: 13.65355, grid_scale: 1 / 5, strokes: 8 / 9
iteration step 433, G_loss: 0.15132, step_acc: 13.66351, grid_scale: 1 / 5, strokes: 8 / 9
iteration step 434, G_loss: 0.15125, step_acc: 13.66189, grid_scale: 1 / 5, strokes: 8 / 9
iteration step 435, G_loss: 0.15113, step_acc: 13.67511, grid_scale: 1 / 5, strokes: 8 / 9
iteration step 436, G_loss: 0.15090, step_acc: 13.67662, grid_scale: 1 / 5, strokes: 8 / 9
iteration step 437, G_loss: 0.15083, step_acc: 13.68958, grid_scale: 1 / 5, strokes: 8 / 9
iteration step 438, G_loss: 0.15054, step_acc: 13.69281, grid_scale: 1 / 5, strokes: 8 / 9
iteration step 439, G_loss: 0.15041, step_acc: 13.69535, grid_scale: 1 / 5, strokes: 8 / 9
iteration step 440, G_loss: 0.15030, step_acc: 13.68922, grid_scale: 1 / 5, strokes: 9 / 9
iteration step 441, G_loss: 0.15052, step_acc: 13.69429, grid_scale: 1 / 5, strokes: 9 / 9
iteration step 442, G_loss: 0.15048, step_acc: 13.72861, grid_scale: 1 / 5, strokes: 9 / 9
iteration step 443, G_loss: 0.14981, step_acc: 13.74575, grid_scale: 1 / 5, strokes: 9 / 9
iteration step 444, G_loss: 0.14924, step_acc: 13.76226, grid_scale: 1 / 5, strokes: 9 / 9
iteration step 445, G_loss: 0.14886, step_acc: 13.77887, grid_scale: 1 / 5, strokes: 9 / 9
iteration step 446, G_loss: 0.14838, step_acc: 13.80302, grid_scale: 1 / 5, strokes: 9 / 9
iteration step 447, G_loss: 0.14787, step_acc: 13.82908, grid_scale: 1 / 5, strokes: 9 / 9
iteration step 448, G_loss: 0.14727, step_acc: 13.85936, grid_scale: 1 / 5, strokes: 9 / 9
iteration step 449, G_loss: 0.14667, step_acc: 13.87427, grid_scale: 1 / 5, strokes: 9 / 9
iteration step 450, G_loss: 0.14610, step_acc: 13.90474, grid_scale: 1 / 5, strokes: 9 / 9
iteration step 451, G_loss: 0.14538, step_acc: 13.92883, grid_scale: 1 / 5, strokes: 9 / 9
iteration step 452, G_loss: 0.14463, step_acc: 13.94539, grid_scale: 1 / 5, strokes: 9 / 9
iteration step 453, G_loss: 0.14400, step_acc: 13.96071, grid_scale: 1 / 5, strokes: 9 / 9
iteration step 454, G_loss: 0.14349, step_acc: 13.97863, grid_scale: 1 / 5, strokes: 9 / 9
iteration step 455, G_loss: 0.14309, step_acc: 13.98327, grid_scale: 1 / 5, strokes: 9 / 9
iteration step 456, G_loss: 0.14279, step_acc: 14.00855, grid_scale: 1 / 5, strokes: 9 / 9
iteration step 457, G_loss: 0.14245, step_acc: 14.01395, grid_scale: 1 / 5, strokes: 9 / 9
iteration step 458, G_loss: 0.14220, step_acc: 14.02862, grid_scale: 1 / 5, strokes: 9 / 9
iteration step 459, G_loss: 0.14184, step_acc: 14.04029, grid_scale: 1 / 5, strokes: 9 / 9
iteration step 460, G_loss: 0.14167, step_acc: 14.04768, grid_scale: 1 / 5, strokes: 9 / 9
iteration step 461, G_loss: 0.14146, step_acc: 14.04197, grid_scale: 1 / 5, strokes: 9 / 9
iteration step 462, G_loss: 0.14142, step_acc: 14.06205, grid_scale: 1 / 5, strokes: 9 / 9
iteration step 463, G_loss: 0.14116, step_acc: 14.07223, grid_scale: 1 / 5, strokes: 9 / 9
iteration step 464, G_loss: 0.14093, step_acc: 14.07276, grid_scale: 1 / 5, strokes: 9 / 9
iteration step 465, G_loss: 0.14075, step_acc: 14.08266, grid_scale: 1 / 5, strokes: 9 / 9
iteration step 466, G_loss: 0.14062, step_acc: 14.08735, grid_scale: 1 / 5, strokes: 9 / 9
iteration step 467, G_loss: 0.14050, step_acc: 14.09404, grid_scale: 1 / 5, strokes: 9 / 9
iteration step 468, G_loss: 0.14038, step_acc: 14.11006, grid_scale: 1 / 5, strokes: 9 / 9
iteration step 469, G_loss: 0.14020, step_acc: 14.10606, grid_scale: 1 / 5, strokes: 9 / 9
iteration step 470, G_loss: 0.14005, step_acc: 14.12717, grid_scale: 1 / 5, strokes: 9 / 9
iteration step 471, G_loss: 0.13992, step_acc: 14.12514, grid_scale: 1 / 5, strokes: 9 / 9
iteration step 472, G_loss: 0.13973, step_acc: 14.13935, grid_scale: 1 / 5, strokes: 9 / 9
iteration step 473, G_loss: 0.13956, step_acc: 14.14611, grid_scale: 1 / 5, strokes: 9 / 9
iteration step 474, G_loss: 0.13936, step_acc: 14.15838, grid_scale: 1 / 5, strokes: 9 / 9
iteration step 475, G_loss: 0.13923, step_acc: 14.15648, grid_scale: 1 / 5, strokes: 9 / 9
iteration step 476, G_loss: 0.13907, step_acc: 14.17266, grid_scale: 1 / 5, strokes: 9 / 9
iteration step 477, G_loss: 0.13899, step_acc: 14.17703, grid_scale: 1 / 5, strokes: 9 / 9
iteration step 478, G_loss: 0.13878, step_acc: 14.18524, grid_scale: 1 / 5, strokes: 9 / 9
iteration step 479, G_loss: 0.13867, step_acc: 14.19204, grid_scale: 1 / 5, strokes: 9 / 9
iteration step 480, G_loss: 0.13851, step_acc: 14.19739, grid_scale: 1 / 5, strokes: 9 / 9
iteration step 481, G_loss: 0.13838, step_acc: 14.21036, grid_scale: 1 / 5, strokes: 9 / 9
iteration step 482, G_loss: 0.13825, step_acc: 14.21210, grid_scale: 1 / 5, strokes: 9 / 9
iteration step 483, G_loss: 0.13813, step_acc: 14.23720, grid_scale: 1 / 5, strokes: 9 / 9
iteration step 484, G_loss: 0.13795, step_acc: 14.22791, grid_scale: 1 / 5, strokes: 9 / 9
iteration step 485, G_loss: 0.13766, step_acc: 14.26358, grid_scale: 1 / 5, strokes: 9 / 9
iteration step 486, G_loss: 0.13742, step_acc: 14.23842, grid_scale: 1 / 5, strokes: 9 / 9
iteration step 487, G_loss: 0.13730, step_acc: 14.26895, grid_scale: 1 / 5, strokes: 9 / 9
iteration step 488, G_loss: 0.13722, step_acc: 14.24943, grid_scale: 1 / 5, strokes: 9 / 9
iteration step 489, G_loss: 0.13708, step_acc: 14.28290, grid_scale: 1 / 5, strokes: 9 / 9
iteration step 490, G_loss: 0.13703, step_acc: 14.26845, grid_scale: 1 / 5, strokes: 9 / 9
iteration step 491, G_loss: 0.13676, step_acc: 14.27476, grid_scale: 1 / 5, strokes: 9 / 9
iteration step 492, G_loss: 0.13667, step_acc: 14.27720, grid_scale: 1 / 5, strokes: 9 / 9
iteration step 493, G_loss: 0.13659, step_acc: 14.28678, grid_scale: 1 / 5, strokes: 9 / 9
iteration step 494, G_loss: 0.13654, step_acc: 14.28979, grid_scale: 1 / 5, strokes: 9 / 9
rendering canvas...
iteration step 0, G_loss: 0.13640, step_acc: 13.41306, grid_scale: 2 / 5, strokes: 1 / 9
iteration step 1, G_loss: 0.14973, step_acc: 13.44587, grid_scale: 2 / 5, strokes: 1 / 9
iteration step 2, G_loss: 0.14909, step_acc: 13.47325, grid_scale: 2 / 5, strokes: 1 / 9
iteration step 3, G_loss: 0.14852, step_acc: 13.49400, grid_scale: 2 / 5, strokes: 1 / 9
iteration step 4, G_loss: 0.14809, step_acc: 13.51749, grid_scale: 2 / 5, strokes: 1 / 9
iteration step 5, G_loss: 0.14760, step_acc: 13.53852, grid_scale: 2 / 5, strokes: 1 / 9
iteration step 6, G_loss: 0.14716, step_acc: 13.55846, grid_scale: 2 / 5, strokes: 1 / 9
iteration step 7, G_loss: 0.14674, step_acc: 13.57294, grid_scale: 2 / 5, strokes: 1 / 9
iteration step 8, G_loss: 0.14647, step_acc: 13.58266, grid_scale: 2 / 5, strokes: 1 / 9
iteration step 9, G_loss: 0.14629, step_acc: 13.60102, grid_scale: 2 / 5, strokes: 1 / 9
iteration step 10, G_loss: 0.14597, step_acc: 13.61858, grid_scale: 2 / 5, strokes: 1 / 9
iteration step 11, G_loss: 0.14566, step_acc: 13.63673, grid_scale: 2 / 5, strokes: 1 / 9
iteration step 12, G_loss: 0.14538, step_acc: 13.65073, grid_scale: 2 / 5, strokes: 1 / 9
iteration step 13, G_loss: 0.14509, step_acc: 13.66360, grid_scale: 2 / 5, strokes: 1 / 9
iteration step 14, G_loss: 0.14481, step_acc: 13.67883, grid_scale: 2 / 5, strokes: 1 / 9
iteration step 15, G_loss: 0.14450, step_acc: 13.69264, grid_scale: 2 / 5, strokes: 1 / 9
iteration step 16, G_loss: 0.14417, step_acc: 13.70393, grid_scale: 2 / 5, strokes: 1 / 9
iteration step 17, G_loss: 0.14384, step_acc: 13.71162, grid_scale: 2 / 5, strokes: 1 / 9
iteration step 18, G_loss: 0.14360, step_acc: 13.72193, grid_scale: 2 / 5, strokes: 1 / 9
iteration step 19, G_loss: 0.14339, step_acc: 13.73137, grid_scale: 2 / 5, strokes: 1 / 9
iteration step 20, G_loss: 0.14312, step_acc: 13.73736, grid_scale: 2 / 5, strokes: 1 / 9
iteration step 21, G_loss: 0.14294, step_acc: 13.74747, grid_scale: 2 / 5, strokes: 1 / 9
iteration step 22, G_loss: 0.14272, step_acc: 13.75501, grid_scale: 2 / 5, strokes: 1 / 9
iteration step 23, G_loss: 0.14250, step_acc: 13.76205, grid_scale: 2 / 5, strokes: 1 / 9
iteration step 24, G_loss: 0.14233, step_acc: 13.76850, grid_scale: 2 / 5, strokes: 1 / 9
iteration step 25, G_loss: 0.14215, step_acc: 13.77210, grid_scale: 2 / 5, strokes: 1 / 9
iteration step 26, G_loss: 0.14203, step_acc: 13.77870, grid_scale: 2 / 5, strokes: 1 / 9
iteration step 27, G_loss: 0.14187, step_acc: 13.78440, grid_scale: 2 / 5, strokes: 1 / 9
iteration step 28, G_loss: 0.14172, step_acc: 13.78927, grid_scale: 2 / 5, strokes: 1 / 9
iteration step 29, G_loss: 0.14157, step_acc: 13.79012, grid_scale: 2 / 5, strokes: 1 / 9
iteration step 30, G_loss: 0.14146, step_acc: 13.79669, grid_scale: 2 / 5, strokes: 1 / 9
iteration step 31, G_loss: 0.14137, step_acc: 13.80077, grid_scale: 2 / 5, strokes: 1 / 9
iteration step 32, G_loss: 0.14121, step_acc: 13.80633, grid_scale: 2 / 5, strokes: 1 / 9
iteration step 33, G_loss: 0.14109, step_acc: 13.81046, grid_scale: 2 / 5, strokes: 1 / 9
iteration step 34, G_loss: 0.14098, step_acc: 13.81409, grid_scale: 2 / 5, strokes: 1 / 9
iteration step 35, G_loss: 0.14085, step_acc: 13.81593, grid_scale: 2 / 5, strokes: 1 / 9
iteration step 36, G_loss: 0.14076, step_acc: 13.82213, grid_scale: 2 / 5, strokes: 1 / 9
iteration step 37, G_loss: 0.14065, step_acc: 13.82642, grid_scale: 2 / 5, strokes: 1 / 9
iteration step 38, G_loss: 0.14054, step_acc: 13.83097, grid_scale: 2 / 5, strokes: 1 / 9
iteration step 39, G_loss: 0.14044, step_acc: 13.83416, grid_scale: 2 / 5, strokes: 1 / 9
iteration step 40, G_loss: 0.14034, step_acc: 13.83725, grid_scale: 2 / 5, strokes: 1 / 9
iteration step 41, G_loss: 0.14027, step_acc: 13.84367, grid_scale: 2 / 5, strokes: 1 / 9
iteration step 42, G_loss: 0.14019, step_acc: 13.84685, grid_scale: 2 / 5, strokes: 1 / 9
iteration step 43, G_loss: 0.14007, step_acc: 13.85070, grid_scale: 2 / 5, strokes: 1 / 9
iteration step 44, G_loss: 0.13998, step_acc: 13.84818, grid_scale: 2 / 5, strokes: 1 / 9
iteration step 45, G_loss: 0.13993, step_acc: 13.85485, grid_scale: 2 / 5, strokes: 1 / 9
iteration step 46, G_loss: 0.13985, step_acc: 13.85410, grid_scale: 2 / 5, strokes: 1 / 9
iteration step 47, G_loss: 0.13982, step_acc: 13.85602, grid_scale: 2 / 5, strokes: 1 / 9
iteration step 48, G_loss: 0.13971, step_acc: 13.85704, grid_scale: 2 / 5, strokes: 1 / 9
iteration step 49, G_loss: 0.13967, step_acc: 13.86103, grid_scale: 2 / 5, strokes: 1 / 9
iteration step 50, G_loss: 0.13962, step_acc: 13.86239, grid_scale: 2 / 5, strokes: 1 / 9
iteration step 51, G_loss: 0.13957, step_acc: 13.86356, grid_scale: 2 / 5, strokes: 1 / 9
iteration step 52, G_loss: 0.13951, step_acc: 13.86556, grid_scale: 2 / 5, strokes: 1 / 9
iteration step 53, G_loss: 0.13944, step_acc: 13.87371, grid_scale: 2 / 5, strokes: 1 / 9
iteration step 54, G_loss: 0.13934, step_acc: 13.87486, grid_scale: 2 / 5, strokes: 1 / 9
iteration step 55, G_loss: 0.13926, step_acc: 13.93087, grid_scale: 2 / 5, strokes: 2 / 9
iteration step 56, G_loss: 0.13809, step_acc: 13.94806, grid_scale: 2 / 5, strokes: 2 / 9
iteration step 57, G_loss: 0.13772, step_acc: 13.96034, grid_scale: 2 / 5, strokes: 2 / 9
iteration step 58, G_loss: 0.13737, step_acc: 13.97473, grid_scale: 2 / 5, strokes: 2 / 9
iteration step 59, G_loss: 0.13718, step_acc: 13.98098, grid_scale: 2 / 5, strokes: 2 / 9
iteration step 60, G_loss: 0.13697, step_acc: 13.99465, grid_scale: 2 / 5, strokes: 2 / 9
iteration step 61, G_loss: 0.13673, step_acc: 13.99968, grid_scale: 2 / 5, strokes: 2 / 9
iteration step 62, G_loss: 0.13654, step_acc: 14.01330, grid_scale: 2 / 5, strokes: 2 / 9
iteration step 63, G_loss: 0.13639, step_acc: 14.02781, grid_scale: 2 / 5, strokes: 2 / 9
iteration step 64, G_loss: 0.13621, step_acc: 14.04060, grid_scale: 2 / 5, strokes: 2 / 9
iteration step 65, G_loss: 0.13600, step_acc: 14.05589, grid_scale: 2 / 5, strokes: 2 / 9
iteration step 66, G_loss: 0.13576, step_acc: 14.06532, grid_scale: 2 / 5, strokes: 2 / 9
iteration step 67, G_loss: 0.13558, step_acc: 14.07565, grid_scale: 2 / 5, strokes: 2 / 9
iteration step 68, G_loss: 0.13536, step_acc: 14.08301, grid_scale: 2 / 5, strokes: 2 / 9
iteration step 69, G_loss: 0.13520, step_acc: 14.09320, grid_scale: 2 / 5, strokes: 2 / 9
iteration step 70, G_loss: 0.13501, step_acc: 14.10402, grid_scale: 2 / 5, strokes: 2 / 9
iteration step 71, G_loss: 0.13486, step_acc: 14.10984, grid_scale: 2 / 5, strokes: 2 / 9
iteration step 72, G_loss: 0.13471, step_acc: 14.11506, grid_scale: 2 / 5, strokes: 2 / 9
iteration step 73, G_loss: 0.13462, step_acc: 14.11831, grid_scale: 2 / 5, strokes: 2 / 9
iteration step 74, G_loss: 0.13447, step_acc: 14.12730, grid_scale: 2 / 5, strokes: 2 / 9
iteration step 75, G_loss: 0.13434, step_acc: 14.12916, grid_scale: 2 / 5, strokes: 2 / 9
iteration step 76, G_loss: 0.13423, step_acc: 14.13674, grid_scale: 2 / 5, strokes: 2 / 9
iteration step 77, G_loss: 0.13412, step_acc: 14.13873, grid_scale: 2 / 5, strokes: 2 / 9
iteration step 78, G_loss: 0.13402, step_acc: 14.14907, grid_scale: 2 / 5, strokes: 2 / 9
iteration step 79, G_loss: 0.13388, step_acc: 14.15663, grid_scale: 2 / 5, strokes: 2 / 9
iteration step 80, G_loss: 0.13374, step_acc: 14.16537, grid_scale: 2 / 5, strokes: 2 / 9
iteration step 81, G_loss: 0.13359, step_acc: 14.17008, grid_scale: 2 / 5, strokes: 2 / 9
iteration step 82, G_loss: 0.13346, step_acc: 14.17759, grid_scale: 2 / 5, strokes: 2 / 9
iteration step 83, G_loss: 0.13333, step_acc: 14.18226, grid_scale: 2 / 5, strokes: 2 / 9
iteration step 84, G_loss: 0.13322, step_acc: 14.18688, grid_scale: 2 / 5, strokes: 2 / 9
iteration step 85, G_loss: 0.13311, step_acc: 14.19650, grid_scale: 2 / 5, strokes: 2 / 9
iteration step 86, G_loss: 0.13299, step_acc: 14.20225, grid_scale: 2 / 5, strokes: 2 / 9
iteration step 87, G_loss: 0.13286, step_acc: 14.20865, grid_scale: 2 / 5, strokes: 2 / 9
iteration step 88, G_loss: 0.13273, step_acc: 14.21594, grid_scale: 2 / 5, strokes: 2 / 9
iteration step 89, G_loss: 0.13262, step_acc: 14.22033, grid_scale: 2 / 5, strokes: 2 / 9
iteration step 90, G_loss: 0.13251, step_acc: 14.23281, grid_scale: 2 / 5, strokes: 2 / 9
iteration step 91, G_loss: 0.13234, step_acc: 14.24375, grid_scale: 2 / 5, strokes: 2 / 9
iteration step 92, G_loss: 0.13214, step_acc: 14.26400, grid_scale: 2 / 5, strokes: 2 / 9
iteration step 93, G_loss: 0.13191, step_acc: 14.27737, grid_scale: 2 / 5, strokes: 2 / 9
iteration step 94, G_loss: 0.13170, step_acc: 14.28869, grid_scale: 2 / 5, strokes: 2 / 9
iteration step 95, G_loss: 0.13150, step_acc: 14.29492, grid_scale: 2 / 5, strokes: 2 / 9
iteration step 96, G_loss: 0.13136, step_acc: 14.30160, grid_scale: 2 / 5, strokes: 2 / 9
iteration step 97, G_loss: 0.13123, step_acc: 14.30688, grid_scale: 2 / 5, strokes: 2 / 9
iteration step 98, G_loss: 0.13111, step_acc: 14.31375, grid_scale: 2 / 5, strokes: 2 / 9
iteration step 99, G_loss: 0.13100, step_acc: 14.32005, grid_scale: 2 / 5, strokes: 2 / 9
iteration step 100, G_loss: 0.13089, step_acc: 14.32156, grid_scale: 2 / 5, strokes: 2 / 9
iteration step 101, G_loss: 0.13080, step_acc: 14.32759, grid_scale: 2 / 5, strokes: 2 / 9
iteration step 102, G_loss: 0.13073, step_acc: 14.32755, grid_scale: 2 / 5, strokes: 2 / 9
iteration step 103, G_loss: 0.13065, step_acc: 14.33621, grid_scale: 2 / 5, strokes: 2 / 9
iteration step 104, G_loss: 0.13058, step_acc: 14.33854, grid_scale: 2 / 5, strokes: 2 / 9
iteration step 105, G_loss: 0.13049, step_acc: 14.34350, grid_scale: 2 / 5, strokes: 2 / 9
iteration step 106, G_loss: 0.13040, step_acc: 14.34521, grid_scale: 2 / 5, strokes: 2 / 9
iteration step 107, G_loss: 0.13032, step_acc: 14.35197, grid_scale: 2 / 5, strokes: 2 / 9
iteration step 108, G_loss: 0.13024, step_acc: 14.35078, grid_scale: 2 / 5, strokes: 2 / 9
iteration step 109, G_loss: 0.13018, step_acc: 14.35903, grid_scale: 2 / 5, strokes: 2 / 9
iteration step 110, G_loss: 0.13010, step_acc: 14.55725, grid_scale: 2 / 5, strokes: 3 / 9
iteration step 111, G_loss: 0.12841, step_acc: 14.62705, grid_scale: 2 / 5, strokes: 3 / 9
iteration step 112, G_loss: 0.12734, step_acc: 14.68438, grid_scale: 2 / 5, strokes: 3 / 9
iteration step 113, G_loss: 0.12673, step_acc: 14.70982, grid_scale: 2 / 5, strokes: 3 / 9
iteration step 114, G_loss: 0.12642, step_acc: 14.74297, grid_scale: 2 / 5, strokes: 3 / 9
iteration step 115, G_loss: 0.12590, step_acc: 14.75780, grid_scale: 2 / 5, strokes: 3 / 9
iteration step 116, G_loss: 0.12555, step_acc: 14.77167, grid_scale: 2 / 5, strokes: 3 / 9
iteration step 117, G_loss: 0.12530, step_acc: 14.78933, grid_scale: 2 / 5, strokes: 3 / 9
iteration step 118, G_loss: 0.12496, step_acc: 14.80033, grid_scale: 2 / 5, strokes: 3 / 9
iteration step 119, G_loss: 0.12475, step_acc: 14.80752, grid_scale: 2 / 5, strokes: 3 / 9
iteration step 120, G_loss: 0.12463, step_acc: 14.81814, grid_scale: 2 / 5, strokes: 3 / 9
iteration step 121, G_loss: 0.12439, step_acc: 14.82953, grid_scale: 2 / 5, strokes: 3 / 9
iteration step 122, G_loss: 0.12421, step_acc: 14.83947, grid_scale: 2 / 5, strokes: 3 / 9
iteration step 123, G_loss: 0.12406, step_acc: 14.84364, grid_scale: 2 / 5, strokes: 3 / 9
iteration step 124, G_loss: 0.12389, step_acc: 14.86044, grid_scale: 2 / 5, strokes: 3 / 9
iteration step 125, G_loss: 0.12373, step_acc: 14.86203, grid_scale: 2 / 5, strokes: 3 / 9
iteration step 126, G_loss: 0.12363, step_acc: 14.87286, grid_scale: 2 / 5, strokes: 3 / 9
iteration step 127, G_loss: 0.12349, step_acc: 14.88348, grid_scale: 2 / 5, strokes: 3 / 9
iteration step 128, G_loss: 0.12339, step_acc: 14.88792, grid_scale: 2 / 5, strokes: 3 / 9
iteration step 129, G_loss: 0.12325, step_acc: 14.90200, grid_scale: 2 / 5, strokes: 3 / 9
iteration step 130, G_loss: 0.12312, step_acc: 14.91091, grid_scale: 2 / 5, strokes: 3 / 9
iteration step 131, G_loss: 0.12299, step_acc: 14.92073, grid_scale: 2 / 5, strokes: 3 / 9
iteration step 132, G_loss: 0.12291, step_acc: 14.92354, grid_scale: 2 / 5, strokes: 3 / 9
iteration step 133, G_loss: 0.12283, step_acc: 14.92771, grid_scale: 2 / 5, strokes: 3 / 9
iteration step 134, G_loss: 0.12269, step_acc: 14.94073, grid_scale: 2 / 5, strokes: 3 / 9
iteration step 135, G_loss: 0.12259, step_acc: 14.94248, grid_scale: 2 / 5, strokes: 3 / 9
iteration step 136, G_loss: 0.12252, step_acc: 14.95023, grid_scale: 2 / 5, strokes: 3 / 9
iteration step 137, G_loss: 0.12245, step_acc: 14.95328, grid_scale: 2 / 5, strokes: 3 / 9
iteration step 138, G_loss: 0.12239, step_acc: 14.95605, grid_scale: 2 / 5, strokes: 3 / 9
iteration step 139, G_loss: 0.12235, step_acc: 14.96056, grid_scale: 2 / 5, strokes: 3 / 9
iteration step 140, G_loss: 0.12231, step_acc: 14.96469, grid_scale: 2 / 5, strokes: 3 / 9
iteration step 141, G_loss: 0.12229, step_acc: 14.96465, grid_scale: 2 / 5, strokes: 3 / 9
iteration step 142, G_loss: 0.12223, step_acc: 14.96898, grid_scale: 2 / 5, strokes: 3 / 9
iteration step 143, G_loss: 0.12221, step_acc: 14.96546, grid_scale: 2 / 5, strokes: 3 / 9
iteration step 144, G_loss: 0.12217, step_acc: 14.97492, grid_scale: 2 / 5, strokes: 3 / 9
iteration step 145, G_loss: 0.12214, step_acc: 14.97256, grid_scale: 2 / 5, strokes: 3 / 9
iteration step 146, G_loss: 0.12206, step_acc: 14.97791, grid_scale: 2 / 5, strokes: 3 / 9
iteration step 147, G_loss: 0.12201, step_acc: 14.97711, grid_scale: 2 / 5, strokes: 3 / 9
iteration step 148, G_loss: 0.12201, step_acc: 14.97661, grid_scale: 2 / 5, strokes: 3 / 9
iteration step 149, G_loss: 0.12201, step_acc: 14.98050, grid_scale: 2 / 5, strokes: 3 / 9
iteration step 150, G_loss: 0.12199, step_acc: 14.98210, grid_scale: 2 / 5, strokes: 3 / 9
iteration step 151, G_loss: 0.12193, step_acc: 14.98115, grid_scale: 2 / 5, strokes: 3 / 9
iteration step 152, G_loss: 0.12192, step_acc: 14.98581, grid_scale: 2 / 5, strokes: 3 / 9
iteration step 153, G_loss: 0.12190, step_acc: 14.98330, grid_scale: 2 / 5, strokes: 3 / 9
iteration step 154, G_loss: 0.12187, step_acc: 14.98494, grid_scale: 2 / 5, strokes: 3 / 9
iteration step 155, G_loss: 0.12187, step_acc: 14.98609, grid_scale: 2 / 5, strokes: 3 / 9
iteration step 156, G_loss: 0.12187, step_acc: 14.98598, grid_scale: 2 / 5, strokes: 3 / 9
iteration step 157, G_loss: 0.12183, step_acc: 14.98746, grid_scale: 2 / 5, strokes: 3 / 9
iteration step 158, G_loss: 0.12181, step_acc: 14.98719, grid_scale: 2 / 5, strokes: 3 / 9
iteration step 159, G_loss: 0.12179, step_acc: 14.98873, grid_scale: 2 / 5, strokes: 3 / 9
iteration step 160, G_loss: 0.12176, step_acc: 14.99307, grid_scale: 2 / 5, strokes: 3 / 9
iteration step 161, G_loss: 0.12171, step_acc: 14.99497, grid_scale: 2 / 5, strokes: 3 / 9
iteration step 162, G_loss: 0.12171, step_acc: 14.99286, grid_scale: 2 / 5, strokes: 3 / 9
iteration step 163, G_loss: 0.12166, step_acc: 15.00006, grid_scale: 2 / 5, strokes: 3 / 9
iteration step 164, G_loss: 0.12160, step_acc: 15.00450, grid_scale: 2 / 5, strokes: 3 / 9
iteration step 165, G_loss: 0.12156, step_acc: 15.08405, grid_scale: 2 / 5, strokes: 4 / 9
iteration step 166, G_loss: 0.12040, step_acc: 15.14145, grid_scale: 2 / 5, strokes: 4 / 9
iteration step 167, G_loss: 0.11972, step_acc: 15.17333, grid_scale: 2 / 5, strokes: 4 / 9
iteration step 168, G_loss: 0.11917, step_acc: 15.19841, grid_scale: 2 / 5, strokes: 4 / 9
iteration step 169, G_loss: 0.11887, step_acc: 15.20576, grid_scale: 2 / 5, strokes: 4 / 9
iteration step 170, G_loss: 0.11870, step_acc: 15.22056, grid_scale: 2 / 5, strokes: 4 / 9
iteration step 171, G_loss: 0.11848, step_acc: 15.23204, grid_scale: 2 / 5, strokes: 4 / 9
iteration step 172, G_loss: 0.11833, step_acc: 15.23887, grid_scale: 2 / 5, strokes: 4 / 9
iteration step 173, G_loss: 0.11820, step_acc: 15.24493, grid_scale: 2 / 5, strokes: 4 / 9
iteration step 174, G_loss: 0.11808, step_acc: 15.24946, grid_scale: 2 / 5, strokes: 4 / 9
iteration step 175, G_loss: 0.11803, step_acc: 15.25395, grid_scale: 2 / 5, strokes: 4 / 9
iteration step 176, G_loss: 0.11794, step_acc: 15.26305, grid_scale: 2 / 5, strokes: 4 / 9
iteration step 177, G_loss: 0.11779, step_acc: 15.27013, grid_scale: 2 / 5, strokes: 4 / 9
iteration step 178, G_loss: 0.11770, step_acc: 15.28178, grid_scale: 2 / 5, strokes: 4 / 9
iteration step 179, G_loss: 0.11756, step_acc: 15.28265, grid_scale: 2 / 5, strokes: 4 / 9
iteration step 180, G_loss: 0.11749, step_acc: 15.29183, grid_scale: 2 / 5, strokes: 4 / 9
iteration step 181, G_loss: 0.11738, step_acc: 15.29051, grid_scale: 2 / 5, strokes: 4 / 9
iteration step 182, G_loss: 0.11729, step_acc: 15.29815, grid_scale: 2 / 5, strokes: 4 / 9
iteration step 183, G_loss: 0.11724, step_acc: 15.29893, grid_scale: 2 / 5, strokes: 4 / 9
iteration step 184, G_loss: 0.11715, step_acc: 15.30406, grid_scale: 2 / 5, strokes: 4 / 9
iteration step 185, G_loss: 0.11710, step_acc: 15.30825, grid_scale: 2 / 5, strokes: 4 / 9
iteration step 186, G_loss: 0.11699, step_acc: 15.31342, grid_scale: 2 / 5, strokes: 4 / 9
iteration step 187, G_loss: 0.11692, step_acc: 15.31439, grid_scale: 2 / 5, strokes: 4 / 9
iteration step 188, G_loss: 0.11690, step_acc: 15.31731, grid_scale: 2 / 5, strokes: 4 / 9
iteration step 189, G_loss: 0.11681, step_acc: 15.32139, grid_scale: 2 / 5, strokes: 4 / 9
iteration step 190, G_loss: 0.11676, step_acc: 15.31991, grid_scale: 2 / 5, strokes: 4 / 9
iteration step 191, G_loss: 0.11669, step_acc: 15.33047, grid_scale: 2 / 5, strokes: 4 / 9
iteration step 192, G_loss: 0.11656, step_acc: 15.33516, grid_scale: 2 / 5, strokes: 4 / 9
iteration step 193, G_loss: 0.11648, step_acc: 15.33586, grid_scale: 2 / 5, strokes: 4 / 9
iteration step 194, G_loss: 0.11642, step_acc: 15.33940, grid_scale: 2 / 5, strokes: 4 / 9
iteration step 195, G_loss: 0.11637, step_acc: 15.33718, grid_scale: 2 / 5, strokes: 4 / 9
iteration step 196, G_loss: 0.11633, step_acc: 15.34258, grid_scale: 2 / 5, strokes: 4 / 9
iteration step 197, G_loss: 0.11627, step_acc: 15.34338, grid_scale: 2 / 5, strokes: 4 / 9
iteration step 198, G_loss: 0.11620, step_acc: 15.34737, grid_scale: 2 / 5, strokes: 4 / 9
iteration step 199, G_loss: 0.11616, step_acc: 15.34369, grid_scale: 2 / 5, strokes: 4 / 9
iteration step 200, G_loss: 0.11613, step_acc: 15.34670, grid_scale: 2 / 5, strokes: 4 / 9
iteration step 201, G_loss: 0.11607, step_acc: 15.34928, grid_scale: 2 / 5, strokes: 4 / 9
iteration step 202, G_loss: 0.11605, step_acc: 15.34762, grid_scale: 2 / 5, strokes: 4 / 9
iteration step 203, G_loss: 0.11600, step_acc: 15.35514, grid_scale: 2 / 5, strokes: 4 / 9
iteration step 204, G_loss: 0.11596, step_acc: 15.35232, grid_scale: 2 / 5, strokes: 4 / 9
iteration step 205, G_loss: 0.11591, step_acc: 15.35706, grid_scale: 2 / 5, strokes: 4 / 9
iteration step 206, G_loss: 0.11588, step_acc: 15.35730, grid_scale: 2 / 5, strokes: 4 / 9
iteration step 207, G_loss: 0.11581, step_acc: 15.35925, grid_scale: 2 / 5, strokes: 4 / 9
iteration step 208, G_loss: 0.11578, step_acc: 15.36130, grid_scale: 2 / 5, strokes: 4 / 9
iteration step 209, G_loss: 0.11571, step_acc: 15.36487, grid_scale: 2 / 5, strokes: 4 / 9
iteration step 210, G_loss: 0.11570, step_acc: 15.36275, grid_scale: 2 / 5, strokes: 4 / 9
iteration step 211, G_loss: 0.11564, step_acc: 15.36797, grid_scale: 2 / 5, strokes: 4 / 9
iteration step 212, G_loss: 0.11559, step_acc: 15.36930, grid_scale: 2 / 5, strokes: 4 / 9
iteration step 213, G_loss: 0.11554, step_acc: 15.37007, grid_scale: 2 / 5, strokes: 4 / 9
iteration step 214, G_loss: 0.11551, step_acc: 15.37049, grid_scale: 2 / 5, strokes: 4 / 9
iteration step 215, G_loss: 0.11548, step_acc: 15.36935, grid_scale: 2 / 5, strokes: 4 / 9
iteration step 216, G_loss: 0.11549, step_acc: 15.37366, grid_scale: 2 / 5, strokes: 4 / 9
iteration step 217, G_loss: 0.11538, step_acc: 15.37806, grid_scale: 2 / 5, strokes: 4 / 9
iteration step 218, G_loss: 0.11534, step_acc: 15.37949, grid_scale: 2 / 5, strokes: 4 / 9
iteration step 219, G_loss: 0.11530, step_acc: 15.38036, grid_scale: 2 / 5, strokes: 4 / 9
iteration step 220, G_loss: 0.11526, step_acc: 15.56995, grid_scale: 2 / 5, strokes: 5 / 9
iteration step 221, G_loss: 0.11410, step_acc: 15.57594, grid_scale: 2 / 5, strokes: 5 / 9
iteration step 222, G_loss: 0.11352, step_acc: 15.64892, grid_scale: 2 / 5, strokes: 5 / 9
iteration step 223, G_loss: 0.11293, step_acc: 15.66831, grid_scale: 2 / 5, strokes: 5 / 9
iteration step 224, G_loss: 0.11263, step_acc: 15.69625, grid_scale: 2 / 5, strokes: 5 / 9
iteration step 225, G_loss: 0.11236, step_acc: 15.70063, grid_scale: 2 / 5, strokes: 5 / 9
iteration step 226, G_loss: 0.11216, step_acc: 15.72305, grid_scale: 2 / 5, strokes: 5 / 9
iteration step 227, G_loss: 0.11199, step_acc: 15.74155, grid_scale: 2 / 5, strokes: 5 / 9
iteration step 228, G_loss: 0.11180, step_acc: 15.76932, grid_scale: 2 / 5, strokes: 5 / 9
iteration step 229, G_loss: 0.11155, step_acc: 15.77726, grid_scale: 2 / 5, strokes: 5 / 9
iteration step 230, G_loss: 0.11137, step_acc: 15.79378, grid_scale: 2 / 5, strokes: 5 / 9
iteration step 231, G_loss: 0.11120, step_acc: 15.80482, grid_scale: 2 / 5, strokes: 5 / 9
iteration step 232, G_loss: 0.11106, step_acc: 15.81448, grid_scale: 2 / 5, strokes: 5 / 9
iteration step 233, G_loss: 0.11093, step_acc: 15.81956, grid_scale: 2 / 5, strokes: 5 / 9
iteration step 234, G_loss: 0.11082, step_acc: 15.82723, grid_scale: 2 / 5, strokes: 5 / 9
iteration step 235, G_loss: 0.11072, step_acc: 15.83823, grid_scale: 2 / 5, strokes: 5 / 9
iteration step 236, G_loss: 0.11060, step_acc: 15.84580, grid_scale: 2 / 5, strokes: 5 / 9
iteration step 237, G_loss: 0.11047, step_acc: 15.85204, grid_scale: 2 / 5, strokes: 5 / 9
iteration step 238, G_loss: 0.11035, step_acc: 15.85767, grid_scale: 2 / 5, strokes: 5 / 9
iteration step 239, G_loss: 0.11024, step_acc: 15.86057, grid_scale: 2 / 5, strokes: 5 / 9
iteration step 240, G_loss: 0.11018, step_acc: 15.86510, grid_scale: 2 / 5, strokes: 5 / 9
iteration step 241, G_loss: 0.11009, step_acc: 15.86927, grid_scale: 2 / 5, strokes: 5 / 9
iteration step 242, G_loss: 0.11003, step_acc: 15.87268, grid_scale: 2 / 5, strokes: 5 / 9
iteration step 243, G_loss: 0.10995, step_acc: 15.87835, grid_scale: 2 / 5, strokes: 5 / 9
iteration step 244, G_loss: 0.10986, step_acc: 15.88023, grid_scale: 2 / 5, strokes: 5 / 9
iteration step 245, G_loss: 0.10979, step_acc: 15.88417, grid_scale: 2 / 5, strokes: 5 / 9
iteration step 246, G_loss: 0.10972, step_acc: 15.88891, grid_scale: 2 / 5, strokes: 5 / 9
iteration step 247, G_loss: 0.10966, step_acc: 15.89038, grid_scale: 2 / 5, strokes: 5 / 9
iteration step 248, G_loss: 0.10962, step_acc: 15.89727, grid_scale: 2 / 5, strokes: 5 / 9
iteration step 249, G_loss: 0.10956, step_acc: 15.89478, grid_scale: 2 / 5, strokes: 5 / 9
iteration step 250, G_loss: 0.10952, step_acc: 15.89962, grid_scale: 2 / 5, strokes: 5 / 9
iteration step 251, G_loss: 0.10945, step_acc: 15.90135, grid_scale: 2 / 5, strokes: 5 / 9
iteration step 252, G_loss: 0.10941, step_acc: 15.90418, grid_scale: 2 / 5, strokes: 5 / 9
iteration step 253, G_loss: 0.10935, step_acc: 15.90650, grid_scale: 2 / 5, strokes: 5 / 9
iteration step 254, G_loss: 0.10931, step_acc: 15.91085, grid_scale: 2 / 5, strokes: 5 / 9
iteration step 255, G_loss: 0.10925, step_acc: 15.91168, grid_scale: 2 / 5, strokes: 5 / 9
iteration step 256, G_loss: 0.10923, step_acc: 15.91233, grid_scale: 2 / 5, strokes: 5 / 9
iteration step 257, G_loss: 0.10918, step_acc: 15.91261, grid_scale: 2 / 5, strokes: 5 / 9
iteration step 258, G_loss: 0.10914, step_acc: 15.91788, grid_scale: 2 / 5, strokes: 5 / 9
iteration step 259, G_loss: 0.10908, step_acc: 15.92031, grid_scale: 2 / 5, strokes: 5 / 9
iteration step 260, G_loss: 0.10905, step_acc: 15.92395, grid_scale: 2 / 5, strokes: 5 / 9
iteration step 261, G_loss: 0.10902, step_acc: 15.92469, grid_scale: 2 / 5, strokes: 5 / 9
iteration step 262, G_loss: 0.10899, step_acc: 15.92908, grid_scale: 2 / 5, strokes: 5 / 9
iteration step 263, G_loss: 0.10894, step_acc: 15.92659, grid_scale: 2 / 5, strokes: 5 / 9
iteration step 264, G_loss: 0.10894, step_acc: 15.93277, grid_scale: 2 / 5, strokes: 5 / 9
iteration step 265, G_loss: 0.10888, step_acc: 15.93259, grid_scale: 2 / 5, strokes: 5 / 9
iteration step 266, G_loss: 0.10885, step_acc: 15.93487, grid_scale: 2 / 5, strokes: 5 / 9
iteration step 267, G_loss: 0.10878, step_acc: 15.93878, grid_scale: 2 / 5, strokes: 5 / 9
iteration step 268, G_loss: 0.10874, step_acc: 15.94199, grid_scale: 2 / 5, strokes: 5 / 9
iteration step 269, G_loss: 0.10870, step_acc: 15.94072, grid_scale: 2 / 5, strokes: 5 / 9
iteration step 270, G_loss: 0.10871, step_acc: 15.94584, grid_scale: 2 / 5, strokes: 5 / 9
iteration step 271, G_loss: 0.10867, step_acc: 15.94403, grid_scale: 2 / 5, strokes: 5 / 9
iteration step 272, G_loss: 0.10866, step_acc: 15.94509, grid_scale: 2 / 5, strokes: 5 / 9
iteration step 273, G_loss: 0.10864, step_acc: 15.94292, grid_scale: 2 / 5, strokes: 5 / 9
iteration step 274, G_loss: 0.10859, step_acc: 15.95189, grid_scale: 2 / 5, strokes: 5 / 9
iteration step 275, G_loss: 0.10856, step_acc: 16.03952, grid_scale: 2 / 5, strokes: 6 / 9
iteration step 276, G_loss: 0.10735, step_acc: 16.09213, grid_scale: 2 / 5, strokes: 6 / 9
iteration step 277, G_loss: 0.10670, step_acc: 16.13624, grid_scale: 2 / 5, strokes: 6 / 9
iteration step 278, G_loss: 0.10618, step_acc: 16.16645, grid_scale: 2 / 5, strokes: 6 / 9
iteration step 279, G_loss: 0.10581, step_acc: 16.17848, grid_scale: 2 / 5, strokes: 6 / 9
iteration step 280, G_loss: 0.10554, step_acc: 16.19690, grid_scale: 2 / 5, strokes: 6 / 9
iteration step 281, G_loss: 0.10533, step_acc: 16.20067, grid_scale: 2 / 5, strokes: 6 / 9
iteration step 282, G_loss: 0.10521, step_acc: 16.21294, grid_scale: 2 / 5, strokes: 6 / 9
iteration step 283, G_loss: 0.10508, step_acc: 16.21505, grid_scale: 2 / 5, strokes: 6 / 9
iteration step 284, G_loss: 0.10504, step_acc: 16.22312, grid_scale: 2 / 5, strokes: 6 / 9
iteration step 285, G_loss: 0.10493, step_acc: 16.22679, grid_scale: 2 / 5, strokes: 6 / 9
iteration step 286, G_loss: 0.10487, step_acc: 16.23025, grid_scale: 2 / 5, strokes: 6 / 9
iteration step 287, G_loss: 0.10479, step_acc: 16.23652, grid_scale: 2 / 5, strokes: 6 / 9
iteration step 288, G_loss: 0.10473, step_acc: 16.23996, grid_scale: 2 / 5, strokes: 6 / 9
iteration step 289, G_loss: 0.10461, step_acc: 16.24559, grid_scale: 2 / 5, strokes: 6 / 9
iteration step 290, G_loss: 0.10452, step_acc: 16.25259, grid_scale: 2 / 5, strokes: 6 / 9
iteration step 291, G_loss: 0.10446, step_acc: 16.25635, grid_scale: 2 / 5, strokes: 6 / 9
iteration step 292, G_loss: 0.10437, step_acc: 16.25839, grid_scale: 2 / 5, strokes: 6 / 9
iteration step 293, G_loss: 0.10430, step_acc: 16.26596, grid_scale: 2 / 5, strokes: 6 / 9
iteration step 294, G_loss: 0.10420, step_acc: 16.27402, grid_scale: 2 / 5, strokes: 6 / 9
iteration step 295, G_loss: 0.10412, step_acc: 16.27674, grid_scale: 2 / 5, strokes: 6 / 9
iteration step 296, G_loss: 0.10404, step_acc: 16.28515, grid_scale: 2 / 5, strokes: 6 / 9
iteration step 297, G_loss: 0.10394, step_acc: 16.28816, grid_scale: 2 / 5, strokes: 6 / 9
iteration step 298, G_loss: 0.10389, step_acc: 16.29256, grid_scale: 2 / 5, strokes: 6 / 9
iteration step 299, G_loss: 0.10385, step_acc: 16.29691, grid_scale: 2 / 5, strokes: 6 / 9
iteration step 300, G_loss: 0.10375, step_acc: 16.30072, grid_scale: 2 / 5, strokes: 6 / 9
iteration step 301, G_loss: 0.10370, step_acc: 16.30689, grid_scale: 2 / 5, strokes: 6 / 9
iteration step 302, G_loss: 0.10364, step_acc: 16.30939, grid_scale: 2 / 5, strokes: 6 / 9
iteration step 303, G_loss: 0.10358, step_acc: 16.31224, grid_scale: 2 / 5, strokes: 6 / 9
iteration step 304, G_loss: 0.10354, step_acc: 16.31459, grid_scale: 2 / 5, strokes: 6 / 9
iteration step 305, G_loss: 0.10347, step_acc: 16.32195, grid_scale: 2 / 5, strokes: 6 / 9
iteration step 306, G_loss: 0.10338, step_acc: 16.32250, grid_scale: 2 / 5, strokes: 6 / 9
iteration step 307, G_loss: 0.10333, step_acc: 16.32210, grid_scale: 2 / 5, strokes: 6 / 9
iteration step 308, G_loss: 0.10329, step_acc: 16.32843, grid_scale: 2 / 5, strokes: 6 / 9
iteration step 309, G_loss: 0.10322, step_acc: 16.32860, grid_scale: 2 / 5, strokes: 6 / 9
iteration step 310, G_loss: 0.10317, step_acc: 16.33578, grid_scale: 2 / 5, strokes: 6 / 9
iteration step 311, G_loss: 0.10311, step_acc: 16.32826, grid_scale: 2 / 5, strokes: 6 / 9
iteration step 312, G_loss: 0.10308, step_acc: 16.33960, grid_scale: 2 / 5, strokes: 6 / 9
iteration step 313, G_loss: 0.10302, step_acc: 16.34140, grid_scale: 2 / 5, strokes: 6 / 9
iteration step 314, G_loss: 0.10294, step_acc: 16.34255, grid_scale: 2 / 5, strokes: 6 / 9
iteration step 315, G_loss: 0.10291, step_acc: 16.34630, grid_scale: 2 / 5, strokes: 6 / 9
iteration step 316, G_loss: 0.10289, step_acc: 16.34191, grid_scale: 2 / 5, strokes: 6 / 9
iteration step 317, G_loss: 0.10288, step_acc: 16.34819, grid_scale: 2 / 5, strokes: 6 / 9
iteration step 318, G_loss: 0.10279, step_acc: 16.35308, grid_scale: 2 / 5, strokes: 6 / 9
iteration step 319, G_loss: 0.10277, step_acc: 16.35444, grid_scale: 2 / 5, strokes: 6 / 9
iteration step 320, G_loss: 0.10269, step_acc: 16.36170, grid_scale: 2 / 5, strokes: 6 / 9
iteration step 321, G_loss: 0.10267, step_acc: 16.35579, grid_scale: 2 / 5, strokes: 6 / 9
iteration step 322, G_loss: 0.10266, step_acc: 16.36062, grid_scale: 2 / 5, strokes: 6 / 9
iteration step 323, G_loss: 0.10264, step_acc: 16.35990, grid_scale: 2 / 5, strokes: 6 / 9
iteration step 324, G_loss: 0.10259, step_acc: 16.36296, grid_scale: 2 / 5, strokes: 6 / 9
iteration step 325, G_loss: 0.10261, step_acc: 16.36375, grid_scale: 2 / 5, strokes: 6 / 9
iteration step 326, G_loss: 0.10250, step_acc: 16.36977, grid_scale: 2 / 5, strokes: 6 / 9
iteration step 327, G_loss: 0.10249, step_acc: 16.36897, grid_scale: 2 / 5, strokes: 6 / 9
iteration step 328, G_loss: 0.10241, step_acc: 16.37425, grid_scale: 2 / 5, strokes: 6 / 9
iteration step 329, G_loss: 0.10234, step_acc: 16.37734, grid_scale: 2 / 5, strokes: 6 / 9
iteration step 330, G_loss: 0.10226, step_acc: 16.33065, grid_scale: 2 / 5, strokes: 7 / 9
iteration step 331, G_loss: 0.10264, step_acc: 16.38133, grid_scale: 2 / 5, strokes: 7 / 9
iteration step 332, G_loss: 0.10219, step_acc: 16.38923, grid_scale: 2 / 5, strokes: 7 / 9
iteration step 333, G_loss: 0.10197, step_acc: 16.40691, grid_scale: 2 / 5, strokes: 7 / 9
iteration step 334, G_loss: 0.10179, step_acc: 16.41438, grid_scale: 2 / 5, strokes: 7 / 9
iteration step 335, G_loss: 0.10156, step_acc: 16.42887, grid_scale: 2 / 5, strokes: 7 / 9
iteration step 336, G_loss: 0.10137, step_acc: 16.43486, grid_scale: 2 / 5, strokes: 7 / 9
iteration step 337, G_loss: 0.10116, step_acc: 16.44599, grid_scale: 2 / 5, strokes: 7 / 9
iteration step 338, G_loss: 0.10098, step_acc: 16.45482, grid_scale: 2 / 5, strokes: 7 / 9
iteration step 339, G_loss: 0.10080, step_acc: 16.46984, grid_scale: 2 / 5, strokes: 7 / 9
iteration step 340, G_loss: 0.10053, step_acc: 16.48091, grid_scale: 2 / 5, strokes: 7 / 9
iteration step 341, G_loss: 0.10030, step_acc: 16.49207, grid_scale: 2 / 5, strokes: 7 / 9
iteration step 342, G_loss: 0.10017, step_acc: 16.50073, grid_scale: 2 / 5, strokes: 7 / 9
iteration step 343, G_loss: 0.09991, step_acc: 16.51989, grid_scale: 2 / 5, strokes: 7 / 9
iteration step 344, G_loss: 0.09960, step_acc: 16.52781, grid_scale: 2 / 5, strokes: 7 / 9
iteration step 345, G_loss: 0.09938, step_acc: 16.53508, grid_scale: 2 / 5, strokes: 7 / 9
iteration step 346, G_loss: 0.09929, step_acc: 16.53942, grid_scale: 2 / 5, strokes: 7 / 9
iteration step 347, G_loss: 0.09912, step_acc: 16.55405, grid_scale: 2 / 5, strokes: 7 / 9
iteration step 348, G_loss: 0.09897, step_acc: 16.55174, grid_scale: 2 / 5, strokes: 7 / 9
iteration step 349, G_loss: 0.09885, step_acc: 16.55797, grid_scale: 2 / 5, strokes: 7 / 9
iteration step 350, G_loss: 0.09881, step_acc: 16.56156, grid_scale: 2 / 5, strokes: 7 / 9
iteration step 351, G_loss: 0.09867, step_acc: 16.56631, grid_scale: 2 / 5, strokes: 7 / 9
iteration step 352, G_loss: 0.09860, step_acc: 16.56897, grid_scale: 2 / 5, strokes: 7 / 9
iteration step 353, G_loss: 0.09846, step_acc: 16.57579, grid_scale: 2 / 5, strokes: 7 / 9
iteration step 354, G_loss: 0.09839, step_acc: 16.57824, grid_scale: 2 / 5, strokes: 7 / 9
iteration step 355, G_loss: 0.09830, step_acc: 16.58033, grid_scale: 2 / 5, strokes: 7 / 9
iteration step 356, G_loss: 0.09825, step_acc: 16.58206, grid_scale: 2 / 5, strokes: 7 / 9
iteration step 357, G_loss: 0.09817, step_acc: 16.59095, grid_scale: 2 / 5, strokes: 7 / 9
iteration step 358, G_loss: 0.09809, step_acc: 16.57426, grid_scale: 2 / 5, strokes: 7 / 9
iteration step 359, G_loss: 0.09815, step_acc: 16.59859, grid_scale: 2 / 5, strokes: 7 / 9
iteration step 360, G_loss: 0.09795, step_acc: 16.60185, grid_scale: 2 / 5, strokes: 7 / 9
iteration step 361, G_loss: 0.09782, step_acc: 16.61001, grid_scale: 2 / 5, strokes: 7 / 9
iteration step 362, G_loss: 0.09775, step_acc: 16.61845, grid_scale: 2 / 5, strokes: 7 / 9
iteration step 363, G_loss: 0.09762, step_acc: 16.62204, grid_scale: 2 / 5, strokes: 7 / 9
iteration step 364, G_loss: 0.09757, step_acc: 16.62042, grid_scale: 2 / 5, strokes: 7 / 9
iteration step 365, G_loss: 0.09750, step_acc: 16.63286, grid_scale: 2 / 5, strokes: 7 / 9
iteration step 366, G_loss: 0.09735, step_acc: 16.63592, grid_scale: 2 / 5, strokes: 7 / 9
iteration step 367, G_loss: 0.09726, step_acc: 16.64115, grid_scale: 2 / 5, strokes: 7 / 9
iteration step 368, G_loss: 0.09718, step_acc: 16.64552, grid_scale: 2 / 5, strokes: 7 / 9
iteration step 369, G_loss: 0.09710, step_acc: 16.65136, grid_scale: 2 / 5, strokes: 7 / 9
iteration step 370, G_loss: 0.09702, step_acc: 16.66107, grid_scale: 2 / 5, strokes: 7 / 9
iteration step 371, G_loss: 0.09694, step_acc: 16.66305, grid_scale: 2 / 5, strokes: 7 / 9
iteration step 372, G_loss: 0.09686, step_acc: 16.66936, grid_scale: 2 / 5, strokes: 7 / 9
iteration step 373, G_loss: 0.09678, step_acc: 16.67945, grid_scale: 2 / 5, strokes: 7 / 9
iteration step 374, G_loss: 0.09670, step_acc: 16.67950, grid_scale: 2 / 5, strokes: 7 / 9
iteration step 375, G_loss: 0.09660, step_acc: 16.68943, grid_scale: 2 / 5, strokes: 7 / 9
iteration step 376, G_loss: 0.09652, step_acc: 16.68644, grid_scale: 2 / 5, strokes: 7 / 9
iteration step 377, G_loss: 0.09646, step_acc: 16.70070, grid_scale: 2 / 5, strokes: 7 / 9
iteration step 378, G_loss: 0.09641, step_acc: 16.69169, grid_scale: 2 / 5, strokes: 7 / 9
iteration step 379, G_loss: 0.09635, step_acc: 16.70530, grid_scale: 2 / 5, strokes: 7 / 9
iteration step 380, G_loss: 0.09625, step_acc: 16.69752, grid_scale: 2 / 5, strokes: 7 / 9
iteration step 381, G_loss: 0.09623, step_acc: 16.71333, grid_scale: 2 / 5, strokes: 7 / 9
iteration step 382, G_loss: 0.09613, step_acc: 16.70822, grid_scale: 2 / 5, strokes: 7 / 9
iteration step 383, G_loss: 0.09611, step_acc: 16.71338, grid_scale: 2 / 5, strokes: 7 / 9
iteration step 384, G_loss: 0.09602, step_acc: 16.70980, grid_scale: 2 / 5, strokes: 7 / 9
iteration step 385, G_loss: 0.09599, step_acc: 16.76843, grid_scale: 2 / 5, strokes: 8 / 9
iteration step 386, G_loss: 0.09588, step_acc: 16.77900, grid_scale: 2 / 5, strokes: 8 / 9
iteration step 387, G_loss: 0.09563, step_acc: 16.79674, grid_scale: 2 / 5, strokes: 8 / 9
iteration step 388, G_loss: 0.09524, step_acc: 16.80586, grid_scale: 2 / 5, strokes: 8 / 9
iteration step 389, G_loss: 0.09510, step_acc: 16.81579, grid_scale: 2 / 5, strokes: 8 / 9
iteration step 390, G_loss: 0.09491, step_acc: 16.82587, grid_scale: 2 / 5, strokes: 8 / 9
iteration step 391, G_loss: 0.09484, step_acc: 16.83798, grid_scale: 2 / 5, strokes: 8 / 9
iteration step 392, G_loss: 0.09475, step_acc: 16.84120, grid_scale: 2 / 5, strokes: 8 / 9
iteration step 393, G_loss: 0.09467, step_acc: 16.84847, grid_scale: 2 / 5, strokes: 8 / 9
iteration step 394, G_loss: 0.09457, step_acc: 16.85905, grid_scale: 2 / 5, strokes: 8 / 9
iteration step 395, G_loss: 0.09449, step_acc: 16.86113, grid_scale: 2 / 5, strokes: 8 / 9
iteration step 396, G_loss: 0.09441, step_acc: 16.86043, grid_scale: 2 / 5, strokes: 8 / 9
iteration step 397, G_loss: 0.09439, step_acc: 16.86704, grid_scale: 2 / 5, strokes: 8 / 9
iteration step 398, G_loss: 0.09431, step_acc: 16.87849, grid_scale: 2 / 5, strokes: 8 / 9
iteration step 399, G_loss: 0.09424, step_acc: 16.88076, grid_scale: 2 / 5, strokes: 8 / 9
iteration step 400, G_loss: 0.09416, step_acc: 16.88095, grid_scale: 2 / 5, strokes: 8 / 9
iteration step 401, G_loss: 0.09414, step_acc: 16.89353, grid_scale: 2 / 5, strokes: 8 / 9
iteration step 402, G_loss: 0.09407, step_acc: 16.89488, grid_scale: 2 / 5, strokes: 8 / 9
iteration step 403, G_loss: 0.09397, step_acc: 16.91493, grid_scale: 2 / 5, strokes: 8 / 9
iteration step 404, G_loss: 0.09383, step_acc: 16.90940, grid_scale: 2 / 5, strokes: 8 / 9
iteration step 405, G_loss: 0.09377, step_acc: 16.92631, grid_scale: 2 / 5, strokes: 8 / 9
iteration step 406, G_loss: 0.09373, step_acc: 16.92167, grid_scale: 2 / 5, strokes: 8 / 9
iteration step 407, G_loss: 0.09365, step_acc: 16.93439, grid_scale: 2 / 5, strokes: 8 / 9
iteration step 408, G_loss: 0.09361, step_acc: 16.92856, grid_scale: 2 / 5, strokes: 8 / 9
iteration step 409, G_loss: 0.09360, step_acc: 16.93613, grid_scale: 2 / 5, strokes: 8 / 9
iteration step 410, G_loss: 0.09358, step_acc: 16.94089, grid_scale: 2 / 5, strokes: 8 / 9
iteration step 411, G_loss: 0.09350, step_acc: 16.94879, grid_scale: 2 / 5, strokes: 8 / 9
iteration step 412, G_loss: 0.09343, step_acc: 16.93865, grid_scale: 2 / 5, strokes: 8 / 9
iteration step 413, G_loss: 0.09344, step_acc: 16.95181, grid_scale: 2 / 5, strokes: 8 / 9
iteration step 414, G_loss: 0.09334, step_acc: 16.95117, grid_scale: 2 / 5, strokes: 8 / 9
iteration step 415, G_loss: 0.09332, step_acc: 16.95658, grid_scale: 2 / 5, strokes: 8 / 9
iteration step 416, G_loss: 0.09326, step_acc: 16.96153, grid_scale: 2 / 5, strokes: 8 / 9
iteration step 417, G_loss: 0.09319, step_acc: 16.96346, grid_scale: 2 / 5, strokes: 8 / 9
iteration step 418, G_loss: 0.09313, step_acc: 16.96293, grid_scale: 2 / 5, strokes: 8 / 9
iteration step 419, G_loss: 0.09315, step_acc: 16.97129, grid_scale: 2 / 5, strokes: 8 / 9
iteration step 420, G_loss: 0.09308, step_acc: 16.96464, grid_scale: 2 / 5, strokes: 8 / 9
iteration step 421, G_loss: 0.09308, step_acc: 16.97421, grid_scale: 2 / 5, strokes: 8 / 9
iteration step 422, G_loss: 0.09302, step_acc: 16.96687, grid_scale: 2 / 5, strokes: 8 / 9
iteration step 423, G_loss: 0.09303, step_acc: 16.97728, grid_scale: 2 / 5, strokes: 8 / 9
iteration step 424, G_loss: 0.09296, step_acc: 16.97239, grid_scale: 2 / 5, strokes: 8 / 9
iteration step 425, G_loss: 0.09296, step_acc: 16.98324, grid_scale: 2 / 5, strokes: 8 / 9
iteration step 426, G_loss: 0.09289, step_acc: 16.97879, grid_scale: 2 / 5, strokes: 8 / 9
iteration step 427, G_loss: 0.09286, step_acc: 17.00840, grid_scale: 2 / 5, strokes: 8 / 9
iteration step 428, G_loss: 0.09270, step_acc: 17.00855, grid_scale: 2 / 5, strokes: 8 / 9
iteration step 429, G_loss: 0.09268, step_acc: 17.01668, grid_scale: 2 / 5, strokes: 8 / 9
iteration step 430, G_loss: 0.09260, step_acc: 17.02072, grid_scale: 2 / 5, strokes: 8 / 9
iteration step 431, G_loss: 0.09254, step_acc: 17.02350, grid_scale: 2 / 5, strokes: 8 / 9
iteration step 432, G_loss: 0.09252, step_acc: 17.03070, grid_scale: 2 / 5, strokes: 8 / 9
iteration step 433, G_loss: 0.09248, step_acc: 17.03986, grid_scale: 2 / 5, strokes: 8 / 9
iteration step 434, G_loss: 0.09239, step_acc: 17.03903, grid_scale: 2 / 5, strokes: 8 / 9
iteration step 435, G_loss: 0.09238, step_acc: 17.04173, grid_scale: 2 / 5, strokes: 8 / 9
iteration step 436, G_loss: 0.09234, step_acc: 17.05266, grid_scale: 2 / 5, strokes: 8 / 9
iteration step 437, G_loss: 0.09227, step_acc: 17.06129, grid_scale: 2 / 5, strokes: 8 / 9
iteration step 438, G_loss: 0.09218, step_acc: 17.06453, grid_scale: 2 / 5, strokes: 8 / 9
iteration step 439, G_loss: 0.09210, step_acc: 17.07047, grid_scale: 2 / 5, strokes: 8 / 9
iteration step 440, G_loss: 0.09206, step_acc: 17.12325, grid_scale: 2 / 5, strokes: 9 / 9
iteration step 441, G_loss: 0.09150, step_acc: 17.15375, grid_scale: 2 / 5, strokes: 9 / 9
iteration step 442, G_loss: 0.09112, step_acc: 17.18350, grid_scale: 2 / 5, strokes: 9 / 9
iteration step 443, G_loss: 0.09076, step_acc: 17.19455, grid_scale: 2 / 5, strokes: 9 / 9
iteration step 444, G_loss: 0.09065, step_acc: 17.20616, grid_scale: 2 / 5, strokes: 9 / 9
iteration step 445, G_loss: 0.09050, step_acc: 17.22096, grid_scale: 2 / 5, strokes: 9 / 9
iteration step 446, G_loss: 0.09034, step_acc: 17.23215, grid_scale: 2 / 5, strokes: 9 / 9
iteration step 447, G_loss: 0.09024, step_acc: 17.24108, grid_scale: 2 / 5, strokes: 9 / 9
iteration step 448, G_loss: 0.09008, step_acc: 17.25912, grid_scale: 2 / 5, strokes: 9 / 9
iteration step 449, G_loss: 0.09001, step_acc: 17.28232, grid_scale: 2 / 5, strokes: 9 / 9
iteration step 450, G_loss: 0.08981, step_acc: 17.29972, grid_scale: 2 / 5, strokes: 9 / 9
iteration step 451, G_loss: 0.08961, step_acc: 17.32621, grid_scale: 2 / 5, strokes: 9 / 9
iteration step 452, G_loss: 0.08940, step_acc: 17.34824, grid_scale: 2 / 5, strokes: 9 / 9
iteration step 453, G_loss: 0.08923, step_acc: 17.37052, grid_scale: 2 / 5, strokes: 9 / 9
iteration step 454, G_loss: 0.08901, step_acc: 17.37938, grid_scale: 2 / 5, strokes: 9 / 9
iteration step 455, G_loss: 0.08889, step_acc: 17.39513, grid_scale: 2 / 5, strokes: 9 / 9
iteration step 456, G_loss: 0.08876, step_acc: 17.40003, grid_scale: 2 / 5, strokes: 9 / 9
iteration step 457, G_loss: 0.08863, step_acc: 17.42126, grid_scale: 2 / 5, strokes: 9 / 9
iteration step 458, G_loss: 0.08846, step_acc: 17.42588, grid_scale: 2 / 5, strokes: 9 / 9
iteration step 459, G_loss: 0.08830, step_acc: 17.44210, grid_scale: 2 / 5, strokes: 9 / 9
iteration step 460, G_loss: 0.08817, step_acc: 17.43386, grid_scale: 2 / 5, strokes: 9 / 9
iteration step 461, G_loss: 0.08809, step_acc: 17.46015, grid_scale: 2 / 5, strokes: 9 / 9
iteration step 462, G_loss: 0.08797, step_acc: 17.45239, grid_scale: 2 / 5, strokes: 9 / 9
iteration step 463, G_loss: 0.08791, step_acc: 17.47297, grid_scale: 2 / 5, strokes: 9 / 9
iteration step 464, G_loss: 0.08781, step_acc: 17.47605, grid_scale: 2 / 5, strokes: 9 / 9
iteration step 465, G_loss: 0.08773, step_acc: 17.48948, grid_scale: 2 / 5, strokes: 9 / 9
iteration step 466, G_loss: 0.08762, step_acc: 17.48993, grid_scale: 2 / 5, strokes: 9 / 9
iteration step 467, G_loss: 0.08756, step_acc: 17.50315, grid_scale: 2 / 5, strokes: 9 / 9
iteration step 468, G_loss: 0.08747, step_acc: 17.51323, grid_scale: 2 / 5, strokes: 9 / 9
iteration step 469, G_loss: 0.08744, step_acc: 17.50644, grid_scale: 2 / 5, strokes: 9 / 9
iteration step 470, G_loss: 0.08738, step_acc: 17.52793, grid_scale: 2 / 5, strokes: 9 / 9
iteration step 471, G_loss: 0.08731, step_acc: 17.52026, grid_scale: 2 / 5, strokes: 9 / 9
iteration step 472, G_loss: 0.08723, step_acc: 17.53945, grid_scale: 2 / 5, strokes: 9 / 9
iteration step 473, G_loss: 0.08715, step_acc: 17.54175, grid_scale: 2 / 5, strokes: 9 / 9
iteration step 474, G_loss: 0.08708, step_acc: 17.54886, grid_scale: 2 / 5, strokes: 9 / 9
iteration step 475, G_loss: 0.08703, step_acc: 17.54966, grid_scale: 2 / 5, strokes: 9 / 9
iteration step 476, G_loss: 0.08699, step_acc: 17.56384, grid_scale: 2 / 5, strokes: 9 / 9
iteration step 477, G_loss: 0.08695, step_acc: 17.55781, grid_scale: 2 / 5, strokes: 9 / 9
iteration step 478, G_loss: 0.08688, step_acc: 17.57552, grid_scale: 2 / 5, strokes: 9 / 9
iteration step 479, G_loss: 0.08683, step_acc: 17.56771, grid_scale: 2 / 5, strokes: 9 / 9
iteration step 480, G_loss: 0.08679, step_acc: 17.58433, grid_scale: 2 / 5, strokes: 9 / 9
iteration step 481, G_loss: 0.08673, step_acc: 17.58680, grid_scale: 2 / 5, strokes: 9 / 9
iteration step 482, G_loss: 0.08663, step_acc: 17.59624, grid_scale: 2 / 5, strokes: 9 / 9
iteration step 483, G_loss: 0.08656, step_acc: 17.59789, grid_scale: 2 / 5, strokes: 9 / 9
iteration step 484, G_loss: 0.08652, step_acc: 17.60574, grid_scale: 2 / 5, strokes: 9 / 9
iteration step 485, G_loss: 0.08643, step_acc: 17.61205, grid_scale: 2 / 5, strokes: 9 / 9
iteration step 486, G_loss: 0.08635, step_acc: 17.62025, grid_scale: 2 / 5, strokes: 9 / 9
iteration step 487, G_loss: 0.08630, step_acc: 17.62336, grid_scale: 2 / 5, strokes: 9 / 9
iteration step 488, G_loss: 0.08622, step_acc: 17.63337, grid_scale: 2 / 5, strokes: 9 / 9
iteration step 489, G_loss: 0.08610, step_acc: 17.64198, grid_scale: 2 / 5, strokes: 9 / 9
iteration step 490, G_loss: 0.08605, step_acc: 17.64470, grid_scale: 2 / 5, strokes: 9 / 9
iteration step 491, G_loss: 0.08599, step_acc: 17.64999, grid_scale: 2 / 5, strokes: 9 / 9
iteration step 492, G_loss: 0.08593, step_acc: 17.65438, grid_scale: 2 / 5, strokes: 9 / 9
iteration step 493, G_loss: 0.08589, step_acc: 17.65959, grid_scale: 2 / 5, strokes: 9 / 9
iteration step 494, G_loss: 0.08582, step_acc: 17.66267, grid_scale: 2 / 5, strokes: 9 / 9
rendering canvas...
iteration step 0, G_loss: 0.08580, step_acc: 16.82886, grid_scale: 3 / 5, strokes: 1 / 9
iteration step 1, G_loss: 0.09472, step_acc: 16.87663, grid_scale: 3 / 5, strokes: 1 / 9
iteration step 2, G_loss: 0.09431, step_acc: 16.92453, grid_scale: 3 / 5, strokes: 1 / 9
iteration step 3, G_loss: 0.09382, step_acc: 16.95055, grid_scale: 3 / 5, strokes: 1 / 9
iteration step 4, G_loss: 0.09355, step_acc: 16.96183, grid_scale: 3 / 5, strokes: 1 / 9
iteration step 5, G_loss: 0.09340, step_acc: 16.96995, grid_scale: 3 / 5, strokes: 1 / 9
iteration step 6, G_loss: 0.09334, step_acc: 16.98091, grid_scale: 3 / 5, strokes: 1 / 9
iteration step 7, G_loss: 0.09321, step_acc: 16.98818, grid_scale: 3 / 5, strokes: 1 / 9
iteration step 8, G_loss: 0.09309, step_acc: 16.99815, grid_scale: 3 / 5, strokes: 1 / 9
iteration step 9, G_loss: 0.09296, step_acc: 17.00477, grid_scale: 3 / 5, strokes: 1 / 9
iteration step 10, G_loss: 0.09288, step_acc: 17.01113, grid_scale: 3 / 5, strokes: 1 / 9
iteration step 11, G_loss: 0.09281, step_acc: 17.01571, grid_scale: 3 / 5, strokes: 1 / 9
iteration step 12, G_loss: 0.09273, step_acc: 17.02465, grid_scale: 3 / 5, strokes: 1 / 9
iteration step 13, G_loss: 0.09266, step_acc: 17.02968, grid_scale: 3 / 5, strokes: 1 / 9
iteration step 14, G_loss: 0.09257, step_acc: 17.03358, grid_scale: 3 / 5, strokes: 1 / 9
iteration step 15, G_loss: 0.09252, step_acc: 17.03913, grid_scale: 3 / 5, strokes: 1 / 9
iteration step 16, G_loss: 0.09246, step_acc: 17.04478, grid_scale: 3 / 5, strokes: 1 / 9
iteration step 17, G_loss: 0.09238, step_acc: 17.04885, grid_scale: 3 / 5, strokes: 1 / 9
iteration step 18, G_loss: 0.09234, step_acc: 17.05264, grid_scale: 3 / 5, strokes: 1 / 9
iteration step 19, G_loss: 0.09228, step_acc: 17.05675, grid_scale: 3 / 5, strokes: 1 / 9
iteration step 20, G_loss: 0.09223, step_acc: 17.05824, grid_scale: 3 / 5, strokes: 1 / 9
iteration step 21, G_loss: 0.09220, step_acc: 17.06118, grid_scale: 3 / 5, strokes: 1 / 9
iteration step 22, G_loss: 0.09217, step_acc: 17.06333, grid_scale: 3 / 5, strokes: 1 / 9
iteration step 23, G_loss: 0.09214, step_acc: 17.06410, grid_scale: 3 / 5, strokes: 1 / 9
iteration step 24, G_loss: 0.09211, step_acc: 17.06758, grid_scale: 3 / 5, strokes: 1 / 9
iteration step 25, G_loss: 0.09207, step_acc: 17.07067, grid_scale: 3 / 5, strokes: 1 / 9
iteration step 26, G_loss: 0.09204, step_acc: 17.07065, grid_scale: 3 / 5, strokes: 1 / 9
iteration step 27, G_loss: 0.09203, step_acc: 17.07492, grid_scale: 3 / 5, strokes: 1 / 9
iteration step 28, G_loss: 0.09200, step_acc: 17.07374, grid_scale: 3 / 5, strokes: 1 / 9
iteration step 29, G_loss: 0.09198, step_acc: 17.07720, grid_scale: 3 / 5, strokes: 1 / 9
iteration step 30, G_loss: 0.09198, step_acc: 17.07731, grid_scale: 3 / 5, strokes: 1 / 9
iteration step 31, G_loss: 0.09194, step_acc: 17.07981, grid_scale: 3 / 5, strokes: 1 / 9
iteration step 32, G_loss: 0.09191, step_acc: 17.08208, grid_scale: 3 / 5, strokes: 1 / 9
iteration step 33, G_loss: 0.09189, step_acc: 17.08256, grid_scale: 3 / 5, strokes: 1 / 9
iteration step 34, G_loss: 0.09186, step_acc: 17.08530, grid_scale: 3 / 5, strokes: 1 / 9
iteration step 35, G_loss: 0.09185, step_acc: 17.08523, grid_scale: 3 / 5, strokes: 1 / 9
iteration step 36, G_loss: 0.09183, step_acc: 17.08865, grid_scale: 3 / 5, strokes: 1 / 9
iteration step 37, G_loss: 0.09180, step_acc: 17.09050, grid_scale: 3 / 5, strokes: 1 / 9
iteration step 38, G_loss: 0.09178, step_acc: 17.09157, grid_scale: 3 / 5, strokes: 1 / 9
iteration step 39, G_loss: 0.09176, step_acc: 17.09338, grid_scale: 3 / 5, strokes: 1 / 9
iteration step 40, G_loss: 0.09174, step_acc: 17.09414, grid_scale: 3 / 5, strokes: 1 / 9
iteration step 41, G_loss: 0.09173, step_acc: 17.09617, grid_scale: 3 / 5, strokes: 1 / 9
iteration step 42, G_loss: 0.09170, step_acc: 17.09869, grid_scale: 3 / 5, strokes: 1 / 9
iteration step 43, G_loss: 0.09167, step_acc: 17.09941, grid_scale: 3 / 5, strokes: 1 / 9
iteration step 44, G_loss: 0.09165, step_acc: 17.10220, grid_scale: 3 / 5, strokes: 1 / 9
iteration step 45, G_loss: 0.09162, step_acc: 17.10369, grid_scale: 3 / 5, strokes: 1 / 9
iteration step 46, G_loss: 0.09161, step_acc: 17.10636, grid_scale: 3 / 5, strokes: 1 / 9
iteration step 47, G_loss: 0.09159, step_acc: 17.10581, grid_scale: 3 / 5, strokes: 1 / 9
iteration step 48, G_loss: 0.09157, step_acc: 17.10894, grid_scale: 3 / 5, strokes: 1 / 9
iteration step 49, G_loss: 0.09156, step_acc: 17.10927, grid_scale: 3 / 5, strokes: 1 / 9
iteration step 50, G_loss: 0.09153, step_acc: 17.11100, grid_scale: 3 / 5, strokes: 1 / 9
iteration step 51, G_loss: 0.09153, step_acc: 17.11096, grid_scale: 3 / 5, strokes: 1 / 9
iteration step 52, G_loss: 0.09151, step_acc: 17.11306, grid_scale: 3 / 5, strokes: 1 / 9
iteration step 53, G_loss: 0.09150, step_acc: 17.11349, grid_scale: 3 / 5, strokes: 1 / 9
iteration step 54, G_loss: 0.09148, step_acc: 17.11519, grid_scale: 3 / 5, strokes: 1 / 9
iteration step 55, G_loss: 0.09147, step_acc: 17.16968, grid_scale: 3 / 5, strokes: 2 / 9
iteration step 56, G_loss: 0.09116, step_acc: 17.20100, grid_scale: 3 / 5, strokes: 2 / 9
iteration step 57, G_loss: 0.09078, step_acc: 17.25641, grid_scale: 3 / 5, strokes: 2 / 9
iteration step 58, G_loss: 0.09024, step_acc: 17.27321, grid_scale: 3 / 5, strokes: 2 / 9
iteration step 59, G_loss: 0.09007, step_acc: 17.28622, grid_scale: 3 / 5, strokes: 2 / 9
iteration step 60, G_loss: 0.08990, step_acc: 17.29692, grid_scale: 3 / 5, strokes: 2 / 9
iteration step 61, G_loss: 0.08975, step_acc: 17.30425, grid_scale: 3 / 5, strokes: 2 / 9
iteration step 62, G_loss: 0.08965, step_acc: 17.31209, grid_scale: 3 / 5, strokes: 2 / 9
iteration step 63, G_loss: 0.08955, step_acc: 17.31890, grid_scale: 3 / 5, strokes: 2 / 9
iteration step 64, G_loss: 0.08947, step_acc: 17.32394, grid_scale: 3 / 5, strokes: 2 / 9
iteration step 65, G_loss: 0.08941, step_acc: 17.33036, grid_scale: 3 / 5, strokes: 2 / 9
iteration step 66, G_loss: 0.08934, step_acc: 17.33666, grid_scale: 3 / 5, strokes: 2 / 9
iteration step 67, G_loss: 0.08927, step_acc: 17.33225, grid_scale: 3 / 5, strokes: 2 / 9
iteration step 68, G_loss: 0.08932, step_acc: 17.34674, grid_scale: 3 / 5, strokes: 2 / 9
iteration step 69, G_loss: 0.08920, step_acc: 17.34926, grid_scale: 3 / 5, strokes: 2 / 9
iteration step 70, G_loss: 0.08914, step_acc: 17.35723, grid_scale: 3 / 5, strokes: 2 / 9
iteration step 71, G_loss: 0.08905, step_acc: 17.36313, grid_scale: 3 / 5, strokes: 2 / 9
iteration step 72, G_loss: 0.08902, step_acc: 17.36681, grid_scale: 3 / 5, strokes: 2 / 9
iteration step 73, G_loss: 0.08895, step_acc: 17.37130, grid_scale: 3 / 5, strokes: 2 / 9
iteration step 74, G_loss: 0.08890, step_acc: 17.37447, grid_scale: 3 / 5, strokes: 2 / 9
iteration step 75, G_loss: 0.08887, step_acc: 17.37435, grid_scale: 3 / 5, strokes: 2 / 9
iteration step 76, G_loss: 0.08884, step_acc: 17.38139, grid_scale: 3 / 5, strokes: 2 / 9
iteration step 77, G_loss: 0.08879, step_acc: 17.38055, grid_scale: 3 / 5, strokes: 2 / 9
iteration step 78, G_loss: 0.08875, step_acc: 17.38434, grid_scale: 3 / 5, strokes: 2 / 9
iteration step 79, G_loss: 0.08873, step_acc: 17.38731, grid_scale: 3 / 5, strokes: 2 / 9
iteration step 80, G_loss: 0.08869, step_acc: 17.39190, grid_scale: 3 / 5, strokes: 2 / 9
iteration step 81, G_loss: 0.08864, step_acc: 17.39476, grid_scale: 3 / 5, strokes: 2 / 9
iteration step 82, G_loss: 0.08860, step_acc: 17.39705, grid_scale: 3 / 5, strokes: 2 / 9
iteration step 83, G_loss: 0.08856, step_acc: 17.39987, grid_scale: 3 / 5, strokes: 2 / 9
iteration step 84, G_loss: 0.08853, step_acc: 17.40383, grid_scale: 3 / 5, strokes: 2 / 9
iteration step 85, G_loss: 0.08849, step_acc: 17.40570, grid_scale: 3 / 5, strokes: 2 / 9
iteration step 86, G_loss: 0.08845, step_acc: 17.40786, grid_scale: 3 / 5, strokes: 2 / 9
iteration step 87, G_loss: 0.08842, step_acc: 17.41254, grid_scale: 3 / 5, strokes: 2 / 9
iteration step 88, G_loss: 0.08837, step_acc: 17.41498, grid_scale: 3 / 5, strokes: 2 / 9
iteration step 89, G_loss: 0.08834, step_acc: 17.41711, grid_scale: 3 / 5, strokes: 2 / 9
iteration step 90, G_loss: 0.08830, step_acc: 17.41975, grid_scale: 3 / 5, strokes: 2 / 9
iteration step 91, G_loss: 0.08827, step_acc: 17.42204, grid_scale: 3 / 5, strokes: 2 / 9
iteration step 92, G_loss: 0.08824, step_acc: 17.42368, grid_scale: 3 / 5, strokes: 2 / 9
iteration step 93, G_loss: 0.08821, step_acc: 17.42628, grid_scale: 3 / 5, strokes: 2 / 9
iteration step 94, G_loss: 0.08818, step_acc: 17.42727, grid_scale: 3 / 5, strokes: 2 / 9
iteration step 95, G_loss: 0.08815, step_acc: 17.42898, grid_scale: 3 / 5, strokes: 2 / 9
iteration step 96, G_loss: 0.08813, step_acc: 17.43069, grid_scale: 3 / 5, strokes: 2 / 9
iteration step 97, G_loss: 0.08811, step_acc: 17.43298, grid_scale: 3 / 5, strokes: 2 / 9
iteration step 98, G_loss: 0.08808, step_acc: 17.43535, grid_scale: 3 / 5, strokes: 2 / 9
iteration step 99, G_loss: 0.08804, step_acc: 17.43786, grid_scale: 3 / 5, strokes: 2 / 9
iteration step 100, G_loss: 0.08800, step_acc: 17.44171, grid_scale: 3 / 5, strokes: 2 / 9
iteration step 101, G_loss: 0.08796, step_acc: 17.44569, grid_scale: 3 / 5, strokes: 2 / 9
iteration step 102, G_loss: 0.08792, step_acc: 17.44765, grid_scale: 3 / 5, strokes: 2 / 9
iteration step 103, G_loss: 0.08787, step_acc: 17.45088, grid_scale: 3 / 5, strokes: 2 / 9
iteration step 104, G_loss: 0.08783, step_acc: 17.45367, grid_scale: 3 / 5, strokes: 2 / 9
iteration step 105, G_loss: 0.08780, step_acc: 17.45965, grid_scale: 3 / 5, strokes: 2 / 9
iteration step 106, G_loss: 0.08773, step_acc: 17.46295, grid_scale: 3 / 5, strokes: 2 / 9
iteration step 107, G_loss: 0.08768, step_acc: 17.46610, grid_scale: 3 / 5, strokes: 2 / 9
iteration step 108, G_loss: 0.08765, step_acc: 17.47035, grid_scale: 3 / 5, strokes: 2 / 9
iteration step 109, G_loss: 0.08760, step_acc: 17.47516, grid_scale: 3 / 5, strokes: 2 / 9
iteration step 110, G_loss: 0.08757, step_acc: 17.52375, grid_scale: 3 / 5, strokes: 3 / 9
iteration step 111, G_loss: 0.08735, step_acc: 17.61664, grid_scale: 3 / 5, strokes: 3 / 9
iteration step 112, G_loss: 0.08665, step_acc: 17.63847, grid_scale: 3 / 5, strokes: 3 / 9
iteration step 113, G_loss: 0.08635, step_acc: 17.66126, grid_scale: 3 / 5, strokes: 3 / 9
iteration step 114, G_loss: 0.08616, step_acc: 17.67401, grid_scale: 3 / 5, strokes: 3 / 9
iteration step 115, G_loss: 0.08595, step_acc: 17.69017, grid_scale: 3 / 5, strokes: 3 / 9
iteration step 116, G_loss: 0.08582, step_acc: 17.69272, grid_scale: 3 / 5, strokes: 3 / 9
iteration step 117, G_loss: 0.08576, step_acc: 17.70477, grid_scale: 3 / 5, strokes: 3 / 9
iteration step 118, G_loss: 0.08565, step_acc: 17.70761, grid_scale: 3 / 5, strokes: 3 / 9
iteration step 119, G_loss: 0.08560, step_acc: 17.71311, grid_scale: 3 / 5, strokes: 3 / 9
iteration step 120, G_loss: 0.08554, step_acc: 17.71833, grid_scale: 3 / 5, strokes: 3 / 9
iteration step 121, G_loss: 0.08547, step_acc: 17.72443, grid_scale: 3 / 5, strokes: 3 / 9
iteration step 122, G_loss: 0.08540, step_acc: 17.73281, grid_scale: 3 / 5, strokes: 3 / 9
iteration step 123, G_loss: 0.08533, step_acc: 17.74297, grid_scale: 3 / 5, strokes: 3 / 9
iteration step 124, G_loss: 0.08529, step_acc: 17.74458, grid_scale: 3 / 5, strokes: 3 / 9
iteration step 125, G_loss: 0.08521, step_acc: 17.75195, grid_scale: 3 / 5, strokes: 3 / 9
iteration step 126, G_loss: 0.08516, step_acc: 17.74997, grid_scale: 3 / 5, strokes: 3 / 9
iteration step 127, G_loss: 0.08512, step_acc: 17.75997, grid_scale: 3 / 5, strokes: 3 / 9
iteration step 128, G_loss: 0.08507, step_acc: 17.76350, grid_scale: 3 / 5, strokes: 3 / 9
iteration step 129, G_loss: 0.08504, step_acc: 17.76847, grid_scale: 3 / 5, strokes: 3 / 9
iteration step 130, G_loss: 0.08499, step_acc: 17.77271, grid_scale: 3 / 5, strokes: 3 / 9
iteration step 131, G_loss: 0.08497, step_acc: 17.77773, grid_scale: 3 / 5, strokes: 3 / 9
iteration step 132, G_loss: 0.08491, step_acc: 17.79323, grid_scale: 3 / 5, strokes: 3 / 9
iteration step 133, G_loss: 0.08482, step_acc: 17.79738, grid_scale: 3 / 5, strokes: 3 / 9
iteration step 134, G_loss: 0.08476, step_acc: 17.80571, grid_scale: 3 / 5, strokes: 3 / 9
iteration step 135, G_loss: 0.08469, step_acc: 17.81204, grid_scale: 3 / 5, strokes: 3 / 9
iteration step 136, G_loss: 0.08464, step_acc: 17.81242, grid_scale: 3 / 5, strokes: 3 / 9
iteration step 137, G_loss: 0.08461, step_acc: 17.81871, grid_scale: 3 / 5, strokes: 3 / 9
iteration step 138, G_loss: 0.08455, step_acc: 17.82055, grid_scale: 3 / 5, strokes: 3 / 9
iteration step 139, G_loss: 0.08451, step_acc: 17.83323, grid_scale: 3 / 5, strokes: 3 / 9
iteration step 140, G_loss: 0.08446, step_acc: 17.83858, grid_scale: 3 / 5, strokes: 3 / 9
iteration step 141, G_loss: 0.08440, step_acc: 17.84888, grid_scale: 3 / 5, strokes: 3 / 9
iteration step 142, G_loss: 0.08435, step_acc: 17.84806, grid_scale: 3 / 5, strokes: 3 / 9
iteration step 143, G_loss: 0.08431, step_acc: 17.85754, grid_scale: 3 / 5, strokes: 3 / 9
iteration step 144, G_loss: 0.08428, step_acc: 17.85714, grid_scale: 3 / 5, strokes: 3 / 9
iteration step 145, G_loss: 0.08424, step_acc: 17.86147, grid_scale: 3 / 5, strokes: 3 / 9
iteration step 146, G_loss: 0.08423, step_acc: 17.86231, grid_scale: 3 / 5, strokes: 3 / 9
iteration step 147, G_loss: 0.08422, step_acc: 17.86665, grid_scale: 3 / 5, strokes: 3 / 9
iteration step 148, G_loss: 0.08417, step_acc: 17.87063, grid_scale: 3 / 5, strokes: 3 / 9
iteration step 149, G_loss: 0.08413, step_acc: 17.87681, grid_scale: 3 / 5, strokes: 3 / 9
iteration step 150, G_loss: 0.08408, step_acc: 17.87744, grid_scale: 3 / 5, strokes: 3 / 9
iteration step 151, G_loss: 0.08403, step_acc: 17.88400, grid_scale: 3 / 5, strokes: 3 / 9
iteration step 152, G_loss: 0.08397, step_acc: 17.88397, grid_scale: 3 / 5, strokes: 3 / 9
iteration step 153, G_loss: 0.08390, step_acc: 17.88952, grid_scale: 3 / 5, strokes: 3 / 9
iteration step 154, G_loss: 0.08388, step_acc: 17.88809, grid_scale: 3 / 5, strokes: 3 / 9
iteration step 155, G_loss: 0.08385, step_acc: 17.89410, grid_scale: 3 / 5, strokes: 3 / 9
iteration step 156, G_loss: 0.08383, step_acc: 17.89233, grid_scale: 3 / 5, strokes: 3 / 9
iteration step 157, G_loss: 0.08382, step_acc: 17.89783, grid_scale: 3 / 5, strokes: 3 / 9
iteration step 158, G_loss: 0.08379, step_acc: 17.89622, grid_scale: 3 / 5, strokes: 3 / 9
iteration step 159, G_loss: 0.08378, step_acc: 17.90179, grid_scale: 3 / 5, strokes: 3 / 9
iteration step 160, G_loss: 0.08377, step_acc: 17.90018, grid_scale: 3 / 5, strokes: 3 / 9
iteration step 161, G_loss: 0.08373, step_acc: 17.90685, grid_scale: 3 / 5, strokes: 3 / 9
iteration step 162, G_loss: 0.08372, step_acc: 17.90044, grid_scale: 3 / 5, strokes: 3 / 9
iteration step 163, G_loss: 0.08372, step_acc: 17.90867, grid_scale: 3 / 5, strokes: 3 / 9
iteration step 164, G_loss: 0.08369, step_acc: 17.90721, grid_scale: 3 / 5, strokes: 3 / 9
iteration step 165, G_loss: 0.08367, step_acc: 17.97556, grid_scale: 3 / 5, strokes: 4 / 9
iteration step 166, G_loss: 0.08334, step_acc: 18.01740, grid_scale: 3 / 5, strokes: 4 / 9
iteration step 167, G_loss: 0.08284, step_acc: 18.04955, grid_scale: 3 / 5, strokes: 4 / 9
iteration step 168, G_loss: 0.08262, step_acc: 18.06331, grid_scale: 3 / 5, strokes: 4 / 9
iteration step 169, G_loss: 0.08243, step_acc: 18.08375, grid_scale: 3 / 5, strokes: 4 / 9
iteration step 170, G_loss: 0.08225, step_acc: 18.09261, grid_scale: 3 / 5, strokes: 4 / 9
iteration step 171, G_loss: 0.08212, step_acc: 18.11039, grid_scale: 3 / 5, strokes: 4 / 9
iteration step 172, G_loss: 0.08198, step_acc: 18.12374, grid_scale: 3 / 5, strokes: 4 / 9
iteration step 173, G_loss: 0.08184, step_acc: 18.13994, grid_scale: 3 / 5, strokes: 4 / 9
iteration step 174, G_loss: 0.08170, step_acc: 18.15078, grid_scale: 3 / 5, strokes: 4 / 9
iteration step 175, G_loss: 0.08159, step_acc: 18.17042, grid_scale: 3 / 5, strokes: 4 / 9
iteration step 176, G_loss: 0.08145, step_acc: 18.17588, grid_scale: 3 / 5, strokes: 4 / 9
iteration step 177, G_loss: 0.08139, step_acc: 18.19129, grid_scale: 3 / 5, strokes: 4 / 9
iteration step 178, G_loss: 0.08126, step_acc: 18.20227, grid_scale: 3 / 5, strokes: 4 / 9
iteration step 179, G_loss: 0.08116, step_acc: 18.20922, grid_scale: 3 / 5, strokes: 4 / 9
iteration step 180, G_loss: 0.08110, step_acc: 18.21290, grid_scale: 3 / 5, strokes: 4 / 9
iteration step 181, G_loss: 0.08103, step_acc: 18.22170, grid_scale: 3 / 5, strokes: 4 / 9
iteration step 182, G_loss: 0.08098, step_acc: 18.22584, grid_scale: 3 / 5, strokes: 4 / 9
iteration step 183, G_loss: 0.08093, step_acc: 18.23259, grid_scale: 3 / 5, strokes: 4 / 9
iteration step 184, G_loss: 0.08089, step_acc: 18.23689, grid_scale: 3 / 5, strokes: 4 / 9
iteration step 185, G_loss: 0.08083, step_acc: 18.24591, grid_scale: 3 / 5, strokes: 4 / 9
iteration step 186, G_loss: 0.08076, step_acc: 18.24761, grid_scale: 3 / 5, strokes: 4 / 9
iteration step 187, G_loss: 0.08072, step_acc: 18.24984, grid_scale: 3 / 5, strokes: 4 / 9
iteration step 188, G_loss: 0.08067, step_acc: 18.25678, grid_scale: 3 / 5, strokes: 4 / 9
iteration step 189, G_loss: 0.08062, step_acc: 18.25931, grid_scale: 3 / 5, strokes: 4 / 9
iteration step 190, G_loss: 0.08059, step_acc: 18.26036, grid_scale: 3 / 5, strokes: 4 / 9
iteration step 191, G_loss: 0.08055, step_acc: 18.26665, grid_scale: 3 / 5, strokes: 4 / 9
iteration step 192, G_loss: 0.08047, step_acc: 18.27018, grid_scale: 3 / 5, strokes: 4 / 9
iteration step 193, G_loss: 0.08043, step_acc: 18.27650, grid_scale: 3 / 5, strokes: 4 / 9
iteration step 194, G_loss: 0.08038, step_acc: 18.28022, grid_scale: 3 / 5, strokes: 4 / 9
iteration step 195, G_loss: 0.08035, step_acc: 18.28252, grid_scale: 3 / 5, strokes: 4 / 9
iteration step 196, G_loss: 0.08031, step_acc: 18.28363, grid_scale: 3 / 5, strokes: 4 / 9
iteration step 197, G_loss: 0.08028, step_acc: 18.28175, grid_scale: 3 / 5, strokes: 4 / 9
iteration step 198, G_loss: 0.08030, step_acc: 18.28668, grid_scale: 3 / 5, strokes: 4 / 9
iteration step 199, G_loss: 0.08030, step_acc: 18.29234, grid_scale: 3 / 5, strokes: 4 / 9
iteration step 200, G_loss: 0.08022, step_acc: 18.29346, grid_scale: 3 / 5, strokes: 4 / 9
iteration step 201, G_loss: 0.08018, step_acc: 18.29866, grid_scale: 3 / 5, strokes: 4 / 9
iteration step 202, G_loss: 0.08014, step_acc: 18.29873, grid_scale: 3 / 5, strokes: 4 / 9
iteration step 203, G_loss: 0.08013, step_acc: 18.30143, grid_scale: 3 / 5, strokes: 4 / 9
iteration step 204, G_loss: 0.08009, step_acc: 18.30620, grid_scale: 3 / 5, strokes: 4 / 9
iteration step 205, G_loss: 0.08005, step_acc: 18.30331, grid_scale: 3 / 5, strokes: 4 / 9
iteration step 206, G_loss: 0.08006, step_acc: 18.30340, grid_scale: 3 / 5, strokes: 4 / 9
iteration step 207, G_loss: 0.08002, step_acc: 18.30512, grid_scale: 3 / 5, strokes: 4 / 9
iteration step 208, G_loss: 0.08002, step_acc: 18.30865, grid_scale: 3 / 5, strokes: 4 / 9
iteration step 209, G_loss: 0.07999, step_acc: 18.31366, grid_scale: 3 / 5, strokes: 4 / 9
iteration step 210, G_loss: 0.07993, step_acc: 18.31804, grid_scale: 3 / 5, strokes: 4 / 9
iteration step 211, G_loss: 0.07991, step_acc: 18.31848, grid_scale: 3 / 5, strokes: 4 / 9
iteration step 212, G_loss: 0.07987, step_acc: 18.32063, grid_scale: 3 / 5, strokes: 4 / 9
iteration step 213, G_loss: 0.07985, step_acc: 18.32045, grid_scale: 3 / 5, strokes: 4 / 9
iteration step 214, G_loss: 0.07984, step_acc: 18.32242, grid_scale: 3 / 5, strokes: 4 / 9
iteration step 215, G_loss: 0.07984, step_acc: 18.32974, grid_scale: 3 / 5, strokes: 4 / 9
iteration step 216, G_loss: 0.07977, step_acc: 18.33116, grid_scale: 3 / 5, strokes: 4 / 9
iteration step 217, G_loss: 0.07974, step_acc: 18.33669, grid_scale: 3 / 5, strokes: 4 / 9
iteration step 218, G_loss: 0.07972, step_acc: 18.33513, grid_scale: 3 / 5, strokes: 4 / 9
iteration step 219, G_loss: 0.07970, step_acc: 18.33886, grid_scale: 3 / 5, strokes: 4 / 9
iteration step 220, G_loss: 0.07968, step_acc: 18.39332, grid_scale: 3 / 5, strokes: 5 / 9
iteration step 221, G_loss: 0.07966, step_acc: 18.46095, grid_scale: 3 / 5, strokes: 5 / 9
iteration step 222, G_loss: 0.07911, step_acc: 18.51202, grid_scale: 3 / 5, strokes: 5 / 9
iteration step 223, G_loss: 0.07863, step_acc: 18.53235, grid_scale: 3 / 5, strokes: 5 / 9
iteration step 224, G_loss: 0.07847, step_acc: 18.54387, grid_scale: 3 / 5, strokes: 5 / 9
iteration step 225, G_loss: 0.07832, step_acc: 18.55702, grid_scale: 3 / 5, strokes: 5 / 9
iteration step 226, G_loss: 0.07821, step_acc: 18.56836, grid_scale: 3 / 5, strokes: 5 / 9
iteration step 227, G_loss: 0.07808, step_acc: 18.58263, grid_scale: 3 / 5, strokes: 5 / 9
iteration step 228, G_loss: 0.07800, step_acc: 18.58750, grid_scale: 3 / 5, strokes: 5 / 9
iteration step 229, G_loss: 0.07790, step_acc: 18.60061, grid_scale: 3 / 5, strokes: 5 / 9
iteration step 230, G_loss: 0.07782, step_acc: 18.60863, grid_scale: 3 / 5, strokes: 5 / 9
iteration step 231, G_loss: 0.07773, step_acc: 18.61786, grid_scale: 3 / 5, strokes: 5 / 9
iteration step 232, G_loss: 0.07766, step_acc: 18.62136, grid_scale: 3 / 5, strokes: 5 / 9
iteration step 233, G_loss: 0.07762, step_acc: 18.63083, grid_scale: 3 / 5, strokes: 5 / 9
iteration step 234, G_loss: 0.07756, step_acc: 18.63047, grid_scale: 3 / 5, strokes: 5 / 9
iteration step 235, G_loss: 0.07752, step_acc: 18.64412, grid_scale: 3 / 5, strokes: 5 / 9
iteration step 236, G_loss: 0.07744, step_acc: 18.64721, grid_scale: 3 / 5, strokes: 5 / 9
iteration step 237, G_loss: 0.07738, step_acc: 18.65821, grid_scale: 3 / 5, strokes: 5 / 9
iteration step 238, G_loss: 0.07734, step_acc: 18.65752, grid_scale: 3 / 5, strokes: 5 / 9
iteration step 239, G_loss: 0.07730, step_acc: 18.66427, grid_scale: 3 / 5, strokes: 5 / 9
iteration step 240, G_loss: 0.07725, step_acc: 18.66797, grid_scale: 3 / 5, strokes: 5 / 9
iteration step 241, G_loss: 0.07723, step_acc: 18.67442, grid_scale: 3 / 5, strokes: 5 / 9
iteration step 242, G_loss: 0.07718, step_acc: 18.67377, grid_scale: 3 / 5, strokes: 5 / 9
iteration step 243, G_loss: 0.07715, step_acc: 18.68164, grid_scale: 3 / 5, strokes: 5 / 9
iteration step 244, G_loss: 0.07712, step_acc: 18.68216, grid_scale: 3 / 5, strokes: 5 / 9
iteration step 245, G_loss: 0.07708, step_acc: 18.68964, grid_scale: 3 / 5, strokes: 5 / 9
iteration step 246, G_loss: 0.07705, step_acc: 18.69237, grid_scale: 3 / 5, strokes: 5 / 9
iteration step 247, G_loss: 0.07700, step_acc: 18.70056, grid_scale: 3 / 5, strokes: 5 / 9
iteration step 248, G_loss: 0.07698, step_acc: 18.69921, grid_scale: 3 / 5, strokes: 5 / 9
iteration step 249, G_loss: 0.07694, step_acc: 18.71051, grid_scale: 3 / 5, strokes: 5 / 9
iteration step 250, G_loss: 0.07689, step_acc: 18.71107, grid_scale: 3 / 5, strokes: 5 / 9
iteration step 251, G_loss: 0.07685, step_acc: 18.71595, grid_scale: 3 / 5, strokes: 5 / 9
iteration step 252, G_loss: 0.07683, step_acc: 18.71628, grid_scale: 3 / 5, strokes: 5 / 9
iteration step 253, G_loss: 0.07680, step_acc: 18.72126, grid_scale: 3 / 5, strokes: 5 / 9
iteration step 254, G_loss: 0.07677, step_acc: 18.72263, grid_scale: 3 / 5, strokes: 5 / 9
iteration step 255, G_loss: 0.07673, step_acc: 18.72878, grid_scale: 3 / 5, strokes: 5 / 9
iteration step 256, G_loss: 0.07670, step_acc: 18.73178, grid_scale: 3 / 5, strokes: 5 / 9
iteration step 257, G_loss: 0.07666, step_acc: 18.74091, grid_scale: 3 / 5, strokes: 5 / 9
iteration step 258, G_loss: 0.07661, step_acc: 18.74384, grid_scale: 3 / 5, strokes: 5 / 9
iteration step 259, G_loss: 0.07657, step_acc: 18.74785, grid_scale: 3 / 5, strokes: 5 / 9
iteration step 260, G_loss: 0.07654, step_acc: 18.75228, grid_scale: 3 / 5, strokes: 5 / 9
iteration step 261, G_loss: 0.07651, step_acc: 18.75399, grid_scale: 3 / 5, strokes: 5 / 9
iteration step 262, G_loss: 0.07647, step_acc: 18.75420, grid_scale: 3 / 5, strokes: 5 / 9
iteration step 263, G_loss: 0.07647, step_acc: 18.75847, grid_scale: 3 / 5, strokes: 5 / 9
iteration step 264, G_loss: 0.07643, step_acc: 18.76120, grid_scale: 3 / 5, strokes: 5 / 9
iteration step 265, G_loss: 0.07640, step_acc: 18.76159, grid_scale: 3 / 5, strokes: 5 / 9
iteration step 266, G_loss: 0.07639, step_acc: 18.76177, grid_scale: 3 / 5, strokes: 5 / 9
iteration step 267, G_loss: 0.07639, step_acc: 18.76322, grid_scale: 3 / 5, strokes: 5 / 9
iteration step 268, G_loss: 0.07638, step_acc: 18.76411, grid_scale: 3 / 5, strokes: 5 / 9
iteration step 269, G_loss: 0.07636, step_acc: 18.76431, grid_scale: 3 / 5, strokes: 5 / 9
iteration step 270, G_loss: 0.07634, step_acc: 18.76498, grid_scale: 3 / 5, strokes: 5 / 9
iteration step 271, G_loss: 0.07633, step_acc: 18.76385, grid_scale: 3 / 5, strokes: 5 / 9
iteration step 272, G_loss: 0.07634, step_acc: 18.76283, grid_scale: 3 / 5, strokes: 5 / 9
iteration step 273, G_loss: 0.07632, step_acc: 18.76851, grid_scale: 3 / 5, strokes: 5 / 9
iteration step 274, G_loss: 0.07629, step_acc: 18.76888, grid_scale: 3 / 5, strokes: 5 / 9
iteration step 275, G_loss: 0.07629, step_acc: 18.78278, grid_scale: 3 / 5, strokes: 6 / 9
iteration step 276, G_loss: 0.07632, step_acc: 18.84926, grid_scale: 3 / 5, strokes: 6 / 9
iteration step 277, G_loss: 0.07580, step_acc: 18.85925, grid_scale: 3 / 5, strokes: 6 / 9
iteration step 278, G_loss: 0.07567, step_acc: 18.87763, grid_scale: 3 / 5, strokes: 6 / 9
iteration step 279, G_loss: 0.07545, step_acc: 18.89263, grid_scale: 3 / 5, strokes: 6 / 9
iteration step 280, G_loss: 0.07535, step_acc: 18.89567, grid_scale: 3 / 5, strokes: 6 / 9
iteration step 281, G_loss: 0.07528, step_acc: 18.89953, grid_scale: 3 / 5, strokes: 6 / 9
iteration step 282, G_loss: 0.07520, step_acc: 18.90540, grid_scale: 3 / 5, strokes: 6 / 9
iteration step 283, G_loss: 0.07515, step_acc: 18.91091, grid_scale: 3 / 5, strokes: 6 / 9
iteration step 284, G_loss: 0.07507, step_acc: 18.91360, grid_scale: 3 / 5, strokes: 6 / 9
iteration step 285, G_loss: 0.07499, step_acc: 18.91992, grid_scale: 3 / 5, strokes: 6 / 9
iteration step 286, G_loss: 0.07496, step_acc: 18.92036, grid_scale: 3 / 5, strokes: 6 / 9
iteration step 287, G_loss: 0.07493, step_acc: 18.92487, grid_scale: 3 / 5, strokes: 6 / 9
iteration step 288, G_loss: 0.07487, step_acc: 18.93280, grid_scale: 3 / 5, strokes: 6 / 9
iteration step 289, G_loss: 0.07483, step_acc: 18.93393, grid_scale: 3 / 5, strokes: 6 / 9
iteration step 290, G_loss: 0.07479, step_acc: 18.93458, grid_scale: 3 / 5, strokes: 6 / 9
iteration step 291, G_loss: 0.07478, step_acc: 18.93922, grid_scale: 3 / 5, strokes: 6 / 9
iteration step 292, G_loss: 0.07473, step_acc: 18.94212, grid_scale: 3 / 5, strokes: 6 / 9
iteration step 293, G_loss: 0.07470, step_acc: 18.94341, grid_scale: 3 / 5, strokes: 6 / 9
iteration step 294, G_loss: 0.07467, step_acc: 18.95009, grid_scale: 3 / 5, strokes: 6 / 9
iteration step 295, G_loss: 0.07464, step_acc: 18.95005, grid_scale: 3 / 5, strokes: 6 / 9
iteration step 296, G_loss: 0.07460, step_acc: 18.95409, grid_scale: 3 / 5, strokes: 6 / 9
iteration step 297, G_loss: 0.07456, step_acc: 18.95556, grid_scale: 3 / 5, strokes: 6 / 9
iteration step 298, G_loss: 0.07453, step_acc: 18.96164, grid_scale: 3 / 5, strokes: 6 / 9
iteration step 299, G_loss: 0.07447, step_acc: 18.96046, grid_scale: 3 / 5, strokes: 6 / 9
iteration step 300, G_loss: 0.07446, step_acc: 18.97077, grid_scale: 3 / 5, strokes: 6 / 9
iteration step 301, G_loss: 0.07440, step_acc: 18.96834, grid_scale: 3 / 5, strokes: 6 / 9
iteration step 302, G_loss: 0.07438, step_acc: 18.97361, grid_scale: 3 / 5, strokes: 6 / 9
iteration step 303, G_loss: 0.07437, step_acc: 18.97625, grid_scale: 3 / 5, strokes: 6 / 9
iteration step 304, G_loss: 0.07433, step_acc: 18.97295, grid_scale: 3 / 5, strokes: 6 / 9
iteration step 305, G_loss: 0.07433, step_acc: 18.97382, grid_scale: 3 / 5, strokes: 6 / 9
iteration step 306, G_loss: 0.07432, step_acc: 18.98198, grid_scale: 3 / 5, strokes: 6 / 9
iteration step 307, G_loss: 0.07425, step_acc: 18.98435, grid_scale: 3 / 5, strokes: 6 / 9
iteration step 308, G_loss: 0.07421, step_acc: 18.98636, grid_scale: 3 / 5, strokes: 6 / 9
iteration step 309, G_loss: 0.07419, step_acc: 18.99397, grid_scale: 3 / 5, strokes: 6 / 9
iteration step 310, G_loss: 0.07414, step_acc: 18.99803, grid_scale: 3 / 5, strokes: 6 / 9
iteration step 311, G_loss: 0.07411, step_acc: 18.99613, grid_scale: 3 / 5, strokes: 6 / 9
iteration step 312, G_loss: 0.07409, step_acc: 19.00170, grid_scale: 3 / 5, strokes: 6 / 9
iteration step 313, G_loss: 0.07405, step_acc: 19.00368, grid_scale: 3 / 5, strokes: 6 / 9
iteration step 314, G_loss: 0.07404, step_acc: 19.00259, grid_scale: 3 / 5, strokes: 6 / 9
iteration step 315, G_loss: 0.07403, step_acc: 19.00473, grid_scale: 3 / 5, strokes: 6 / 9
iteration step 316, G_loss: 0.07399, step_acc: 19.00764, grid_scale: 3 / 5, strokes: 6 / 9
iteration step 317, G_loss: 0.07396, step_acc: 19.00895, grid_scale: 3 / 5, strokes: 6 / 9
iteration step 318, G_loss: 0.07394, step_acc: 19.00892, grid_scale: 3 / 5, strokes: 6 / 9
iteration step 319, G_loss: 0.07393, step_acc: 19.01132, grid_scale: 3 / 5, strokes: 6 / 9
iteration step 320, G_loss: 0.07392, step_acc: 19.01113, grid_scale: 3 / 5, strokes: 6 / 9
iteration step 321, G_loss: 0.07390, step_acc: 19.01497, grid_scale: 3 / 5, strokes: 6 / 9
iteration step 322, G_loss: 0.07390, step_acc: 19.01070, grid_scale: 3 / 5, strokes: 6 / 9
iteration step 323, G_loss: 0.07389, step_acc: 19.01783, grid_scale: 3 / 5, strokes: 6 / 9
iteration step 324, G_loss: 0.07384, step_acc: 19.01632, grid_scale: 3 / 5, strokes: 6 / 9
iteration step 325, G_loss: 0.07383, step_acc: 19.02103, grid_scale: 3 / 5, strokes: 6 / 9
iteration step 326, G_loss: 0.07382, step_acc: 19.02157, grid_scale: 3 / 5, strokes: 6 / 9
iteration step 327, G_loss: 0.07381, step_acc: 19.02106, grid_scale: 3 / 5, strokes: 6 / 9
iteration step 328, G_loss: 0.07380, step_acc: 19.02250, grid_scale: 3 / 5, strokes: 6 / 9
iteration step 329, G_loss: 0.07375, step_acc: 19.02831, grid_scale: 3 / 5, strokes: 6 / 9
iteration step 330, G_loss: 0.07373, step_acc: 19.04331, grid_scale: 3 / 5, strokes: 7 / 9
iteration step 331, G_loss: 0.07365, step_acc: 19.09927, grid_scale: 3 / 5, strokes: 7 / 9
iteration step 332, G_loss: 0.07317, step_acc: 19.11191, grid_scale: 3 / 5, strokes: 7 / 9
iteration step 333, G_loss: 0.07301, step_acc: 19.12436, grid_scale: 3 / 5, strokes: 7 / 9
iteration step 334, G_loss: 0.07288, step_acc: 19.13207, grid_scale: 3 / 5, strokes: 7 / 9
iteration step 335, G_loss: 0.07277, step_acc: 19.14175, grid_scale: 3 / 5, strokes: 7 / 9
iteration step 336, G_loss: 0.07273, step_acc: 19.14632, grid_scale: 3 / 5, strokes: 7 / 9
iteration step 337, G_loss: 0.07263, step_acc: 19.15230, grid_scale: 3 / 5, strokes: 7 / 9
iteration step 338, G_loss: 0.07253, step_acc: 19.15369, grid_scale: 3 / 5, strokes: 7 / 9
iteration step 339, G_loss: 0.07249, step_acc: 19.16377, grid_scale: 3 / 5, strokes: 7 / 9
iteration step 340, G_loss: 0.07239, step_acc: 19.16491, grid_scale: 3 / 5, strokes: 7 / 9
iteration step 341, G_loss: 0.07234, step_acc: 19.16937, grid_scale: 3 / 5, strokes: 7 / 9
iteration step 342, G_loss: 0.07230, step_acc: 19.17415, grid_scale: 3 / 5, strokes: 7 / 9
iteration step 343, G_loss: 0.07223, step_acc: 19.17313, grid_scale: 3 / 5, strokes: 7 / 9
iteration step 344, G_loss: 0.07222, step_acc: 19.17517, grid_scale: 3 / 5, strokes: 7 / 9
iteration step 345, G_loss: 0.07220, step_acc: 19.17892, grid_scale: 3 / 5, strokes: 7 / 9
iteration step 346, G_loss: 0.07216, step_acc: 19.18378, grid_scale: 3 / 5, strokes: 7 / 9
iteration step 347, G_loss: 0.07211, step_acc: 19.18468, grid_scale: 3 / 5, strokes: 7 / 9
iteration step 348, G_loss: 0.07208, step_acc: 19.18827, grid_scale: 3 / 5, strokes: 7 / 9
iteration step 349, G_loss: 0.07206, step_acc: 19.18869, grid_scale: 3 / 5, strokes: 7 / 9
iteration step 350, G_loss: 0.07204, step_acc: 19.19020, grid_scale: 3 / 5, strokes: 7 / 9
iteration step 351, G_loss: 0.07202, step_acc: 19.18576, grid_scale: 3 / 5, strokes: 7 / 9
iteration step 352, G_loss: 0.07203, step_acc: 19.19401, grid_scale: 3 / 5, strokes: 7 / 9
iteration step 353, G_loss: 0.07199, step_acc: 19.19364, grid_scale: 3 / 5, strokes: 7 / 9
iteration step 354, G_loss: 0.07195, step_acc: 19.19755, grid_scale: 3 / 5, strokes: 7 / 9
iteration step 355, G_loss: 0.07195, step_acc: 19.20431, grid_scale: 3 / 5, strokes: 7 / 9
iteration step 356, G_loss: 0.07188, step_acc: 19.20866, grid_scale: 3 / 5, strokes: 7 / 9
iteration step 357, G_loss: 0.07185, step_acc: 19.20584, grid_scale: 3 / 5, strokes: 7 / 9
iteration step 358, G_loss: 0.07183, step_acc: 19.20856, grid_scale: 3 / 5, strokes: 7 / 9
iteration step 359, G_loss: 0.07181, step_acc: 19.21057, grid_scale: 3 / 5, strokes: 7 / 9
iteration step 360, G_loss: 0.07179, step_acc: 19.21069, grid_scale: 3 / 5, strokes: 7 / 9
iteration step 361, G_loss: 0.07179, step_acc: 19.21111, grid_scale: 3 / 5, strokes: 7 / 9
iteration step 362, G_loss: 0.07174, step_acc: 19.21559, grid_scale: 3 / 5, strokes: 7 / 9
iteration step 363, G_loss: 0.07173, step_acc: 19.21264, grid_scale: 3 / 5, strokes: 7 / 9
iteration step 364, G_loss: 0.07171, step_acc: 19.21887, grid_scale: 3 / 5, strokes: 7 / 9
iteration step 365, G_loss: 0.07168, step_acc: 19.21512, grid_scale: 3 / 5, strokes: 7 / 9
iteration step 366, G_loss: 0.07167, step_acc: 19.21776, grid_scale: 3 / 5, strokes: 7 / 9
iteration step 367, G_loss: 0.07170, step_acc: 19.21749, grid_scale: 3 / 5, strokes: 7 / 9
iteration step 368, G_loss: 0.07165, step_acc: 19.22136, grid_scale: 3 / 5, strokes: 7 / 9
iteration step 369, G_loss: 0.07163, step_acc: 19.21988, grid_scale: 3 / 5, strokes: 7 / 9
iteration step 370, G_loss: 0.07159, step_acc: 19.22426, grid_scale: 3 / 5, strokes: 7 / 9
iteration step 371, G_loss: 0.07157, step_acc: 19.22518, grid_scale: 3 / 5, strokes: 7 / 9
iteration step 372, G_loss: 0.07156, step_acc: 19.22476, grid_scale: 3 / 5, strokes: 7 / 9
iteration step 373, G_loss: 0.07155, step_acc: 19.22499, grid_scale: 3 / 5, strokes: 7 / 9
iteration step 374, G_loss: 0.07152, step_acc: 19.22953, grid_scale: 3 / 5, strokes: 7 / 9
iteration step 375, G_loss: 0.07149, step_acc: 19.23060, grid_scale: 3 / 5, strokes: 7 / 9
iteration step 376, G_loss: 0.07147, step_acc: 19.23405, grid_scale: 3 / 5, strokes: 7 / 9
iteration step 377, G_loss: 0.07147, step_acc: 19.22856, grid_scale: 3 / 5, strokes: 7 / 9
iteration step 378, G_loss: 0.07147, step_acc: 19.23149, grid_scale: 3 / 5, strokes: 7 / 9
iteration step 379, G_loss: 0.07147, step_acc: 19.23087, grid_scale: 3 / 5, strokes: 7 / 9
iteration step 380, G_loss: 0.07145, step_acc: 19.23510, grid_scale: 3 / 5, strokes: 7 / 9
iteration step 381, G_loss: 0.07143, step_acc: 19.23332, grid_scale: 3 / 5, strokes: 7 / 9
iteration step 382, G_loss: 0.07141, step_acc: 19.23840, grid_scale: 3 / 5, strokes: 7 / 9
iteration step 383, G_loss: 0.07140, step_acc: 19.23238, grid_scale: 3 / 5, strokes: 7 / 9
iteration step 384, G_loss: 0.07138, step_acc: 19.23812, grid_scale: 3 / 5, strokes: 7 / 9
iteration step 385, G_loss: 0.07137, step_acc: 19.29723, grid_scale: 3 / 5, strokes: 8 / 9
iteration step 386, G_loss: 0.07112, step_acc: 19.34109, grid_scale: 3 / 5, strokes: 8 / 9
iteration step 387, G_loss: 0.07081, step_acc: 19.38083, grid_scale: 3 / 5, strokes: 8 / 9
iteration step 388, G_loss: 0.07048, step_acc: 19.40652, grid_scale: 3 / 5, strokes: 8 / 9
iteration step 389, G_loss: 0.07030, step_acc: 19.41833, grid_scale: 3 / 5, strokes: 8 / 9
iteration step 390, G_loss: 0.07018, step_acc: 19.43086, grid_scale: 3 / 5, strokes: 8 / 9
iteration step 391, G_loss: 0.07006, step_acc: 19.44118, grid_scale: 3 / 5, strokes: 8 / 9
iteration step 392, G_loss: 0.06998, step_acc: 19.45392, grid_scale: 3 / 5, strokes: 8 / 9
iteration step 393, G_loss: 0.06990, step_acc: 19.45053, grid_scale: 3 / 5, strokes: 8 / 9
iteration step 394, G_loss: 0.06989, step_acc: 19.46566, grid_scale: 3 / 5, strokes: 8 / 9
iteration step 395, G_loss: 0.06978, step_acc: 19.47101, grid_scale: 3 / 5, strokes: 8 / 9
iteration step 396, G_loss: 0.06970, step_acc: 19.47723, grid_scale: 3 / 5, strokes: 8 / 9
iteration step 397, G_loss: 0.06966, step_acc: 19.48413, grid_scale: 3 / 5, strokes: 8 / 9
iteration step 398, G_loss: 0.06961, step_acc: 19.49325, grid_scale: 3 / 5, strokes: 8 / 9
iteration step 399, G_loss: 0.06957, step_acc: 19.49844, grid_scale: 3 / 5, strokes: 8 / 9
iteration step 400, G_loss: 0.06950, step_acc: 19.50597, grid_scale: 3 / 5, strokes: 8 / 9
iteration step 401, G_loss: 0.06943, step_acc: 19.50428, grid_scale: 3 / 5, strokes: 8 / 9
iteration step 402, G_loss: 0.06941, step_acc: 19.51402, grid_scale: 3 / 5, strokes: 8 / 9
iteration step 403, G_loss: 0.06935, step_acc: 19.51724, grid_scale: 3 / 5, strokes: 8 / 9
iteration step 404, G_loss: 0.06931, step_acc: 19.52411, grid_scale: 3 / 5, strokes: 8 / 9
iteration step 405, G_loss: 0.06925, step_acc: 19.52570, grid_scale: 3 / 5, strokes: 8 / 9
iteration step 406, G_loss: 0.06921, step_acc: 19.53346, grid_scale: 3 / 5, strokes: 8 / 9
iteration step 407, G_loss: 0.06919, step_acc: 19.53485, grid_scale: 3 / 5, strokes: 8 / 9
iteration step 408, G_loss: 0.06916, step_acc: 19.53418, grid_scale: 3 / 5, strokes: 8 / 9
iteration step 409, G_loss: 0.06913, step_acc: 19.54024, grid_scale: 3 / 5, strokes: 8 / 9
iteration step 410, G_loss: 0.06909, step_acc: 19.54100, grid_scale: 3 / 5, strokes: 8 / 9
iteration step 411, G_loss: 0.06905, step_acc: 19.54946, grid_scale: 3 / 5, strokes: 8 / 9
iteration step 412, G_loss: 0.06900, step_acc: 19.54976, grid_scale: 3 / 5, strokes: 8 / 9
iteration step 413, G_loss: 0.06897, step_acc: 19.55476, grid_scale: 3 / 5, strokes: 8 / 9
iteration step 414, G_loss: 0.06892, step_acc: 19.56337, grid_scale: 3 / 5, strokes: 8 / 9
iteration step 415, G_loss: 0.06884, step_acc: 19.56681, grid_scale: 3 / 5, strokes: 8 / 9
iteration step 416, G_loss: 0.06884, step_acc: 19.57061, grid_scale: 3 / 5, strokes: 8 / 9
iteration step 417, G_loss: 0.06877, step_acc: 19.57698, grid_scale: 3 / 5, strokes: 8 / 9
iteration step 418, G_loss: 0.06875, step_acc: 19.58051, grid_scale: 3 / 5, strokes: 8 / 9
iteration step 419, G_loss: 0.06868, step_acc: 19.58368, grid_scale: 3 / 5, strokes: 8 / 9
iteration step 420, G_loss: 0.06866, step_acc: 19.58860, grid_scale: 3 / 5, strokes: 8 / 9
iteration step 421, G_loss: 0.06861, step_acc: 19.58772, grid_scale: 3 / 5, strokes: 8 / 9
iteration step 422, G_loss: 0.06859, step_acc: 19.59612, grid_scale: 3 / 5, strokes: 8 / 9
iteration step 423, G_loss: 0.06854, step_acc: 19.60150, grid_scale: 3 / 5, strokes: 8 / 9
iteration step 424, G_loss: 0.06847, step_acc: 19.61276, grid_scale: 3 / 5, strokes: 8 / 9
iteration step 425, G_loss: 0.06838, step_acc: 19.61613, grid_scale: 3 / 5, strokes: 8 / 9
iteration step 426, G_loss: 0.06837, step_acc: 19.62047, grid_scale: 3 / 5, strokes: 8 / 9
iteration step 427, G_loss: 0.06833, step_acc: 19.62674, grid_scale: 3 / 5, strokes: 8 / 9
iteration step 428, G_loss: 0.06829, step_acc: 19.63177, grid_scale: 3 / 5, strokes: 8 / 9
iteration step 429, G_loss: 0.06824, step_acc: 19.63201, grid_scale: 3 / 5, strokes: 8 / 9
iteration step 430, G_loss: 0.06823, step_acc: 19.63423, grid_scale: 3 / 5, strokes: 8 / 9
iteration step 431, G_loss: 0.06824, step_acc: 19.63526, grid_scale: 3 / 5, strokes: 8 / 9
iteration step 432, G_loss: 0.06820, step_acc: 19.64547, grid_scale: 3 / 5, strokes: 8 / 9
iteration step 433, G_loss: 0.06811, step_acc: 19.64360, grid_scale: 3 / 5, strokes: 8 / 9
iteration step 434, G_loss: 0.06808, step_acc: 19.65553, grid_scale: 3 / 5, strokes: 8 / 9
iteration step 435, G_loss: 0.06802, step_acc: 19.65730, grid_scale: 3 / 5, strokes: 8 / 9
iteration step 436, G_loss: 0.06799, step_acc: 19.66517, grid_scale: 3 / 5, strokes: 8 / 9
iteration step 437, G_loss: 0.06792, step_acc: 19.66222, grid_scale: 3 / 5, strokes: 8 / 9
iteration step 438, G_loss: 0.06793, step_acc: 19.66891, grid_scale: 3 / 5, strokes: 8 / 9
iteration step 439, G_loss: 0.06789, step_acc: 19.66899, grid_scale: 3 / 5, strokes: 8 / 9
iteration step 440, G_loss: 0.06786, step_acc: 19.63688, grid_scale: 3 / 5, strokes: 9 / 9
iteration step 441, G_loss: 0.06811, step_acc: 19.69290, grid_scale: 3 / 5, strokes: 9 / 9
iteration step 442, G_loss: 0.06770, step_acc: 19.72394, grid_scale: 3 / 5, strokes: 9 / 9
iteration step 443, G_loss: 0.06754, step_acc: 19.73524, grid_scale: 3 / 5, strokes: 9 / 9
iteration step 444, G_loss: 0.06740, step_acc: 19.74795, grid_scale: 3 / 5, strokes: 9 / 9
iteration step 445, G_loss: 0.06729, step_acc: 19.75948, grid_scale: 3 / 5, strokes: 9 / 9
iteration step 446, G_loss: 0.06718, step_acc: 19.76893, grid_scale: 3 / 5, strokes: 9 / 9
iteration step 447, G_loss: 0.06709, step_acc: 19.77460, grid_scale: 3 / 5, strokes: 9 / 9
iteration step 448, G_loss: 0.06704, step_acc: 19.78328, grid_scale: 3 / 5, strokes: 9 / 9
iteration step 449, G_loss: 0.06694, step_acc: 19.79449, grid_scale: 3 / 5, strokes: 9 / 9
iteration step 450, G_loss: 0.06685, step_acc: 19.80182, grid_scale: 3 / 5, strokes: 9 / 9
iteration step 451, G_loss: 0.06679, step_acc: 19.81121, grid_scale: 3 / 5, strokes: 9 / 9
iteration step 452, G_loss: 0.06671, step_acc: 19.81319, grid_scale: 3 / 5, strokes: 9 / 9
iteration step 453, G_loss: 0.06666, step_acc: 19.82445, grid_scale: 3 / 5, strokes: 9 / 9
iteration step 454, G_loss: 0.06660, step_acc: 19.82621, grid_scale: 3 / 5, strokes: 9 / 9
iteration step 455, G_loss: 0.06652, step_acc: 19.83622, grid_scale: 3 / 5, strokes: 9 / 9
iteration step 456, G_loss: 0.06646, step_acc: 19.84226, grid_scale: 3 / 5, strokes: 9 / 9
iteration step 457, G_loss: 0.06641, step_acc: 19.84827, grid_scale: 3 / 5, strokes: 9 / 9
iteration step 458, G_loss: 0.06635, step_acc: 19.85232, grid_scale: 3 / 5, strokes: 9 / 9
iteration step 459, G_loss: 0.06630, step_acc: 19.85961, grid_scale: 3 / 5, strokes: 9 / 9
iteration step 460, G_loss: 0.06626, step_acc: 19.86297, grid_scale: 3 / 5, strokes: 9 / 9
iteration step 461, G_loss: 0.06621, step_acc: 19.87402, grid_scale: 3 / 5, strokes: 9 / 9
iteration step 462, G_loss: 0.06613, step_acc: 19.88089, grid_scale: 3 / 5, strokes: 9 / 9
iteration step 463, G_loss: 0.06606, step_acc: 19.88736, grid_scale: 3 / 5, strokes: 9 / 9
iteration step 464, G_loss: 0.06600, step_acc: 19.89563, grid_scale: 3 / 5, strokes: 9 / 9
iteration step 465, G_loss: 0.06594, step_acc: 19.90369, grid_scale: 3 / 5, strokes: 9 / 9
iteration step 466, G_loss: 0.06590, step_acc: 19.90487, grid_scale: 3 / 5, strokes: 9 / 9
iteration step 467, G_loss: 0.06587, step_acc: 19.91824, grid_scale: 3 / 5, strokes: 9 / 9
iteration step 468, G_loss: 0.06578, step_acc: 19.92334, grid_scale: 3 / 5, strokes: 9 / 9
iteration step 469, G_loss: 0.06573, step_acc: 19.93330, grid_scale: 3 / 5, strokes: 9 / 9
iteration step 470, G_loss: 0.06567, step_acc: 19.94449, grid_scale: 3 / 5, strokes: 9 / 9
iteration step 471, G_loss: 0.06560, step_acc: 19.94790, grid_scale: 3 / 5, strokes: 9 / 9
iteration step 472, G_loss: 0.06553, step_acc: 19.95546, grid_scale: 3 / 5, strokes: 9 / 9
iteration step 473, G_loss: 0.06548, step_acc: 19.96318, grid_scale: 3 / 5, strokes: 9 / 9
iteration step 474, G_loss: 0.06543, step_acc: 19.96612, grid_scale: 3 / 5, strokes: 9 / 9
iteration step 475, G_loss: 0.06540, step_acc: 19.97500, grid_scale: 3 / 5, strokes: 9 / 9
iteration step 476, G_loss: 0.06535, step_acc: 19.98015, grid_scale: 3 / 5, strokes: 9 / 9
iteration step 477, G_loss: 0.06530, step_acc: 19.98649, grid_scale: 3 / 5, strokes: 9 / 9
iteration step 478, G_loss: 0.06525, step_acc: 19.99009, grid_scale: 3 / 5, strokes: 9 / 9
iteration step 479, G_loss: 0.06520, step_acc: 19.99931, grid_scale: 3 / 5, strokes: 9 / 9
iteration step 480, G_loss: 0.06516, step_acc: 20.00333, grid_scale: 3 / 5, strokes: 9 / 9
iteration step 481, G_loss: 0.06510, step_acc: 20.00968, grid_scale: 3 / 5, strokes: 9 / 9
iteration step 482, G_loss: 0.06506, step_acc: 20.01494, grid_scale: 3 / 5, strokes: 9 / 9
iteration step 483, G_loss: 0.06503, step_acc: 20.01843, grid_scale: 3 / 5, strokes: 9 / 9
iteration step 484, G_loss: 0.06497, step_acc: 20.02172, grid_scale: 3 / 5, strokes: 9 / 9
iteration step 485, G_loss: 0.06493, step_acc: 20.03201, grid_scale: 3 / 5, strokes: 9 / 9
iteration step 486, G_loss: 0.06489, step_acc: 20.02548, grid_scale: 3 / 5, strokes: 9 / 9
iteration step 487, G_loss: 0.06486, step_acc: 20.03823, grid_scale: 3 / 5, strokes: 9 / 9
iteration step 488, G_loss: 0.06481, step_acc: 20.03853, grid_scale: 3 / 5, strokes: 9 / 9
iteration step 489, G_loss: 0.06474, step_acc: 20.05061, grid_scale: 3 / 5, strokes: 9 / 9
iteration step 490, G_loss: 0.06468, step_acc: 20.04956, grid_scale: 3 / 5, strokes: 9 / 9
iteration step 491, G_loss: 0.06466, step_acc: 20.05843, grid_scale: 3 / 5, strokes: 9 / 9
iteration step 492, G_loss: 0.06460, step_acc: 20.05523, grid_scale: 3 / 5, strokes: 9 / 9
iteration step 493, G_loss: 0.06459, step_acc: 20.06223, grid_scale: 3 / 5, strokes: 9 / 9
iteration step 494, G_loss: 0.06455, step_acc: 20.06131, grid_scale: 3 / 5, strokes: 9 / 9
rendering canvas...
iteration step 0, G_loss: 0.06453, step_acc: 19.03868, grid_scale: 4 / 5, strokes: 1 / 9
iteration step 1, G_loss: 0.07157, step_acc: 19.06324, grid_scale: 4 / 5, strokes: 1 / 9
iteration step 2, G_loss: 0.07129, step_acc: 19.08911, grid_scale: 4 / 5, strokes: 1 / 9
iteration step 3, G_loss: 0.07103, step_acc: 19.10496, grid_scale: 4 / 5, strokes: 1 / 9
iteration step 4, G_loss: 0.07088, step_acc: 19.11351, grid_scale: 4 / 5, strokes: 1 / 9
iteration step 5, G_loss: 0.07079, step_acc: 19.12723, grid_scale: 4 / 5, strokes: 1 / 9
iteration step 6, G_loss: 0.07070, step_acc: 19.13751, grid_scale: 4 / 5, strokes: 1 / 9
iteration step 7, G_loss: 0.07059, step_acc: 19.15120, grid_scale: 4 / 5, strokes: 1 / 9
iteration step 8, G_loss: 0.07050, step_acc: 19.15868, grid_scale: 4 / 5, strokes: 1 / 9
iteration step 9, G_loss: 0.07043, step_acc: 19.16329, grid_scale: 4 / 5, strokes: 1 / 9
iteration step 10, G_loss: 0.07039, step_acc: 19.16608, grid_scale: 4 / 5, strokes: 1 / 9
iteration step 11, G_loss: 0.07036, step_acc: 19.17401, grid_scale: 4 / 5, strokes: 1 / 9
iteration step 12, G_loss: 0.07031, step_acc: 19.17565, grid_scale: 4 / 5, strokes: 1 / 9
iteration step 13, G_loss: 0.07028, step_acc: 19.18179, grid_scale: 4 / 5, strokes: 1 / 9
iteration step 14, G_loss: 0.07022, step_acc: 19.18857, grid_scale: 4 / 5, strokes: 1 / 9
iteration step 15, G_loss: 0.07016, step_acc: 19.19361, grid_scale: 4 / 5, strokes: 1 / 9
iteration step 16, G_loss: 0.07012, step_acc: 19.19732, grid_scale: 4 / 5, strokes: 1 / 9
iteration step 17, G_loss: 0.07008, step_acc: 19.20123, grid_scale: 4 / 5, strokes: 1 / 9
iteration step 18, G_loss: 0.07004, step_acc: 19.20764, grid_scale: 4 / 5, strokes: 1 / 9
iteration step 19, G_loss: 0.07000, step_acc: 19.21062, grid_scale: 4 / 5, strokes: 1 / 9
iteration step 20, G_loss: 0.06996, step_acc: 19.21618, grid_scale: 4 / 5, strokes: 1 / 9
iteration step 21, G_loss: 0.06993, step_acc: 19.21535, grid_scale: 4 / 5, strokes: 1 / 9
iteration step 22, G_loss: 0.06993, step_acc: 19.22086, grid_scale: 4 / 5, strokes: 1 / 9
iteration step 23, G_loss: 0.06991, step_acc: 19.22374, grid_scale: 4 / 5, strokes: 1 / 9
iteration step 24, G_loss: 0.06987, step_acc: 19.22789, grid_scale: 4 / 5, strokes: 1 / 9
iteration step 25, G_loss: 0.06985, step_acc: 19.23086, grid_scale: 4 / 5, strokes: 1 / 9
iteration step 26, G_loss: 0.06982, step_acc: 19.23511, grid_scale: 4 / 5, strokes: 1 / 9
iteration step 27, G_loss: 0.06979, step_acc: 19.23814, grid_scale: 4 / 5, strokes: 1 / 9
iteration step 28, G_loss: 0.06976, step_acc: 19.24272, grid_scale: 4 / 5, strokes: 1 / 9
iteration step 29, G_loss: 0.06972, step_acc: 19.24657, grid_scale: 4 / 5, strokes: 1 / 9
iteration step 30, G_loss: 0.06969, step_acc: 19.24898, grid_scale: 4 / 5, strokes: 1 / 9
iteration step 31, G_loss: 0.06968, step_acc: 19.25169, grid_scale: 4 / 5, strokes: 1 / 9
iteration step 32, G_loss: 0.06966, step_acc: 19.25582, grid_scale: 4 / 5, strokes: 1 / 9
iteration step 33, G_loss: 0.06964, step_acc: 19.25868, grid_scale: 4 / 5, strokes: 1 / 9
iteration step 34, G_loss: 0.06961, step_acc: 19.26120, grid_scale: 4 / 5, strokes: 1 / 9
iteration step 35, G_loss: 0.06959, step_acc: 19.26336, grid_scale: 4 / 5, strokes: 1 / 9
iteration step 36, G_loss: 0.06959, step_acc: 19.26589, grid_scale: 4 / 5, strokes: 1 / 9
iteration step 37, G_loss: 0.06956, step_acc: 19.26851, grid_scale: 4 / 5, strokes: 1 / 9
iteration step 38, G_loss: 0.06954, step_acc: 19.27236, grid_scale: 4 / 5, strokes: 1 / 9
iteration step 39, G_loss: 0.06952, step_acc: 19.27534, grid_scale: 4 / 5, strokes: 1 / 9
iteration step 40, G_loss: 0.06949, step_acc: 19.27835, grid_scale: 4 / 5, strokes: 1 / 9
iteration step 41, G_loss: 0.06949, step_acc: 19.27849, grid_scale: 4 / 5, strokes: 1 / 9
iteration step 42, G_loss: 0.06947, step_acc: 19.28253, grid_scale: 4 / 5, strokes: 1 / 9
iteration step 43, G_loss: 0.06945, step_acc: 19.28484, grid_scale: 4 / 5, strokes: 1 / 9
iteration step 44, G_loss: 0.06943, step_acc: 19.28872, grid_scale: 4 / 5, strokes: 1 / 9
iteration step 45, G_loss: 0.06939, step_acc: 19.29151, grid_scale: 4 / 5, strokes: 1 / 9
iteration step 46, G_loss: 0.06937, step_acc: 19.29409, grid_scale: 4 / 5, strokes: 1 / 9
iteration step 47, G_loss: 0.06936, step_acc: 19.29623, grid_scale: 4 / 5, strokes: 1 / 9
iteration step 48, G_loss: 0.06934, step_acc: 19.29744, grid_scale: 4 / 5, strokes: 1 / 9
iteration step 49, G_loss: 0.06935, step_acc: 19.29839, grid_scale: 4 / 5, strokes: 1 / 9
iteration step 50, G_loss: 0.06933, step_acc: 19.30331, grid_scale: 4 / 5, strokes: 1 / 9
iteration step 51, G_loss: 0.06929, step_acc: 19.30733, grid_scale: 4 / 5, strokes: 1 / 9
iteration step 52, G_loss: 0.06927, step_acc: 19.31000, grid_scale: 4 / 5, strokes: 1 / 9
iteration step 53, G_loss: 0.06924, step_acc: 19.31274, grid_scale: 4 / 5, strokes: 1 / 9
iteration step 54, G_loss: 0.06922, step_acc: 19.31528, grid_scale: 4 / 5, strokes: 1 / 9
iteration step 55, G_loss: 0.06920, step_acc: 19.41133, grid_scale: 4 / 5, strokes: 2 / 9
iteration step 56, G_loss: 0.06854, step_acc: 19.44879, grid_scale: 4 / 5, strokes: 2 / 9
iteration step 57, G_loss: 0.06825, step_acc: 19.47310, grid_scale: 4 / 5, strokes: 2 / 9
iteration step 58, G_loss: 0.06804, step_acc: 19.49493, grid_scale: 4 / 5, strokes: 2 / 9
iteration step 59, G_loss: 0.06783, step_acc: 19.51599, grid_scale: 4 / 5, strokes: 2 / 9
iteration step 60, G_loss: 0.06766, step_acc: 19.53121, grid_scale: 4 / 5, strokes: 2 / 9
iteration step 61, G_loss: 0.06751, step_acc: 19.54601, grid_scale: 4 / 5, strokes: 2 / 9
iteration step 62, G_loss: 0.06744, step_acc: 19.55642, grid_scale: 4 / 5, strokes: 2 / 9
iteration step 63, G_loss: 0.06731, step_acc: 19.56464, grid_scale: 4 / 5, strokes: 2 / 9
iteration step 64, G_loss: 0.06724, step_acc: 19.57252, grid_scale: 4 / 5, strokes: 2 / 9
iteration step 65, G_loss: 0.06716, step_acc: 19.57966, grid_scale: 4 / 5, strokes: 2 / 9
iteration step 66, G_loss: 0.06711, step_acc: 19.58377, grid_scale: 4 / 5, strokes: 2 / 9
iteration step 67, G_loss: 0.06706, step_acc: 19.59195, grid_scale: 4 / 5, strokes: 2 / 9
iteration step 68, G_loss: 0.06700, step_acc: 19.59534, grid_scale: 4 / 5, strokes: 2 / 9
iteration step 69, G_loss: 0.06695, step_acc: 19.60192, grid_scale: 4 / 5, strokes: 2 / 9
iteration step 70, G_loss: 0.06692, step_acc: 19.60692, grid_scale: 4 / 5, strokes: 2 / 9
iteration step 71, G_loss: 0.06685, step_acc: 19.61226, grid_scale: 4 / 5, strokes: 2 / 9
iteration step 72, G_loss: 0.06679, step_acc: 19.61700, grid_scale: 4 / 5, strokes: 2 / 9
iteration step 73, G_loss: 0.06676, step_acc: 19.62101, grid_scale: 4 / 5, strokes: 2 / 9
iteration step 74, G_loss: 0.06672, step_acc: 19.62401, grid_scale: 4 / 5, strokes: 2 / 9
iteration step 75, G_loss: 0.06670, step_acc: 19.62993, grid_scale: 4 / 5, strokes: 2 / 9
iteration step 76, G_loss: 0.06665, step_acc: 19.62944, grid_scale: 4 / 5, strokes: 2 / 9
iteration step 77, G_loss: 0.06662, step_acc: 19.63577, grid_scale: 4 / 5, strokes: 2 / 9
iteration step 78, G_loss: 0.06658, step_acc: 19.63815, grid_scale: 4 / 5, strokes: 2 / 9
iteration step 79, G_loss: 0.06654, step_acc: 19.64331, grid_scale: 4 / 5, strokes: 2 / 9
iteration step 80, G_loss: 0.06650, step_acc: 19.64398, grid_scale: 4 / 5, strokes: 2 / 9
iteration step 81, G_loss: 0.06647, step_acc: 19.64774, grid_scale: 4 / 5, strokes: 2 / 9
iteration step 82, G_loss: 0.06643, step_acc: 19.65183, grid_scale: 4 / 5, strokes: 2 / 9
iteration step 83, G_loss: 0.06640, step_acc: 19.65625, grid_scale: 4 / 5, strokes: 2 / 9
iteration step 84, G_loss: 0.06635, step_acc: 19.65894, grid_scale: 4 / 5, strokes: 2 / 9
iteration step 85, G_loss: 0.06632, step_acc: 19.66455, grid_scale: 4 / 5, strokes: 2 / 9
iteration step 86, G_loss: 0.06628, step_acc: 19.66630, grid_scale: 4 / 5, strokes: 2 / 9
iteration step 87, G_loss: 0.06625, step_acc: 19.67111, grid_scale: 4 / 5, strokes: 2 / 9
iteration step 88, G_loss: 0.06622, step_acc: 19.67197, grid_scale: 4 / 5, strokes: 2 / 9
iteration step 89, G_loss: 0.06619, step_acc: 19.67735, grid_scale: 4 / 5, strokes: 2 / 9
iteration step 90, G_loss: 0.06615, step_acc: 19.67751, grid_scale: 4 / 5, strokes: 2 / 9
iteration step 91, G_loss: 0.06613, step_acc: 19.68154, grid_scale: 4 / 5, strokes: 2 / 9
iteration step 92, G_loss: 0.06609, step_acc: 19.68381, grid_scale: 4 / 5, strokes: 2 / 9
iteration step 93, G_loss: 0.06605, step_acc: 19.68949, grid_scale: 4 / 5, strokes: 2 / 9
iteration step 94, G_loss: 0.06601, step_acc: 19.69152, grid_scale: 4 / 5, strokes: 2 / 9
iteration step 95, G_loss: 0.06597, step_acc: 19.69563, grid_scale: 4 / 5, strokes: 2 / 9
iteration step 96, G_loss: 0.06594, step_acc: 19.69808, grid_scale: 4 / 5, strokes: 2 / 9
iteration step 97, G_loss: 0.06591, step_acc: 19.70059, grid_scale: 4 / 5, strokes: 2 / 9
iteration step 98, G_loss: 0.06590, step_acc: 19.70232, grid_scale: 4 / 5, strokes: 2 / 9
iteration step 99, G_loss: 0.06586, step_acc: 19.70577, grid_scale: 4 / 5, strokes: 2 / 9
iteration step 100, G_loss: 0.06584, step_acc: 19.70534, grid_scale: 4 / 5, strokes: 2 / 9
iteration step 101, G_loss: 0.06581, step_acc: 19.71030, grid_scale: 4 / 5, strokes: 2 / 9
iteration step 102, G_loss: 0.06577, step_acc: 19.71252, grid_scale: 4 / 5, strokes: 2 / 9
iteration step 103, G_loss: 0.06573, step_acc: 19.71584, grid_scale: 4 / 5, strokes: 2 / 9
iteration step 104, G_loss: 0.06571, step_acc: 19.71954, grid_scale: 4 / 5, strokes: 2 / 9
iteration step 105, G_loss: 0.06566, step_acc: 19.72477, grid_scale: 4 / 5, strokes: 2 / 9
iteration step 106, G_loss: 0.06562, step_acc: 19.72932, grid_scale: 4 / 5, strokes: 2 / 9
iteration step 107, G_loss: 0.06558, step_acc: 19.73601, grid_scale: 4 / 5, strokes: 2 / 9
iteration step 108, G_loss: 0.06553, step_acc: 19.73883, grid_scale: 4 / 5, strokes: 2 / 9
iteration step 109, G_loss: 0.06550, step_acc: 19.74376, grid_scale: 4 / 5, strokes: 2 / 9
iteration step 110, G_loss: 0.06546, step_acc: 19.80387, grid_scale: 4 / 5, strokes: 3 / 9
iteration step 111, G_loss: 0.06514, step_acc: 19.83503, grid_scale: 4 / 5, strokes: 3 / 9
iteration step 112, G_loss: 0.06493, step_acc: 19.88584, grid_scale: 4 / 5, strokes: 3 / 9
iteration step 113, G_loss: 0.06459, step_acc: 19.90750, grid_scale: 4 / 5, strokes: 3 / 9
iteration step 114, G_loss: 0.06442, step_acc: 19.93132, grid_scale: 4 / 5, strokes: 3 / 9
iteration step 115, G_loss: 0.06426, step_acc: 19.93655, grid_scale: 4 / 5, strokes: 3 / 9
iteration step 116, G_loss: 0.06416, step_acc: 19.95153, grid_scale: 4 / 5, strokes: 3 / 9
iteration step 117, G_loss: 0.06405, step_acc: 19.95800, grid_scale: 4 / 5, strokes: 3 / 9
iteration step 118, G_loss: 0.06400, step_acc: 19.96635, grid_scale: 4 / 5, strokes: 3 / 9
iteration step 119, G_loss: 0.06392, step_acc: 19.97394, grid_scale: 4 / 5, strokes: 3 / 9
iteration step 120, G_loss: 0.06386, step_acc: 19.97779, grid_scale: 4 / 5, strokes: 3 / 9
iteration step 121, G_loss: 0.06381, step_acc: 19.98971, grid_scale: 4 / 5, strokes: 3 / 9
iteration step 122, G_loss: 0.06374, step_acc: 19.99733, grid_scale: 4 / 5, strokes: 3 / 9
iteration step 123, G_loss: 0.06368, step_acc: 20.00515, grid_scale: 4 / 5, strokes: 3 / 9
iteration step 124, G_loss: 0.06362, step_acc: 20.01081, grid_scale: 4 / 5, strokes: 3 / 9
iteration step 125, G_loss: 0.06357, step_acc: 20.01623, grid_scale: 4 / 5, strokes: 3 / 9
iteration step 126, G_loss: 0.06352, step_acc: 20.02071, grid_scale: 4 / 5, strokes: 3 / 9
iteration step 127, G_loss: 0.06347, step_acc: 20.02802, grid_scale: 4 / 5, strokes: 3 / 9
iteration step 128, G_loss: 0.06343, step_acc: 20.03603, grid_scale: 4 / 5, strokes: 3 / 9
iteration step 129, G_loss: 0.06336, step_acc: 20.04203, grid_scale: 4 / 5, strokes: 3 / 9
iteration step 130, G_loss: 0.06331, step_acc: 20.04864, grid_scale: 4 / 5, strokes: 3 / 9
iteration step 131, G_loss: 0.06327, step_acc: 20.05143, grid_scale: 4 / 5, strokes: 3 / 9
iteration step 132, G_loss: 0.06323, step_acc: 20.05434, grid_scale: 4 / 5, strokes: 3 / 9
iteration step 133, G_loss: 0.06320, step_acc: 20.06096, grid_scale: 4 / 5, strokes: 3 / 9
iteration step 134, G_loss: 0.06316, step_acc: 20.06577, grid_scale: 4 / 5, strokes: 3 / 9
iteration step 135, G_loss: 0.06311, step_acc: 20.07099, grid_scale: 4 / 5, strokes: 3 / 9
iteration step 136, G_loss: 0.06308, step_acc: 20.07674, grid_scale: 4 / 5, strokes: 3 / 9
iteration step 137, G_loss: 0.06304, step_acc: 20.07984, grid_scale: 4 / 5, strokes: 3 / 9
iteration step 138, G_loss: 0.06301, step_acc: 20.08788, grid_scale: 4 / 5, strokes: 3 / 9
iteration step 139, G_loss: 0.06296, step_acc: 20.09004, grid_scale: 4 / 5, strokes: 3 / 9
iteration step 140, G_loss: 0.06294, step_acc: 20.09466, grid_scale: 4 / 5, strokes: 3 / 9
iteration step 141, G_loss: 0.06291, step_acc: 20.09763, grid_scale: 4 / 5, strokes: 3 / 9
iteration step 142, G_loss: 0.06289, step_acc: 20.10231, grid_scale: 4 / 5, strokes: 3 / 9
iteration step 143, G_loss: 0.06285, step_acc: 20.10602, grid_scale: 4 / 5, strokes: 3 / 9
iteration step 144, G_loss: 0.06281, step_acc: 20.10558, grid_scale: 4 / 5, strokes: 3 / 9
iteration step 145, G_loss: 0.06280, step_acc: 20.10928, grid_scale: 4 / 5, strokes: 3 / 9
iteration step 146, G_loss: 0.06279, step_acc: 20.11350, grid_scale: 4 / 5, strokes: 3 / 9
iteration step 147, G_loss: 0.06277, step_acc: 20.11745, grid_scale: 4 / 5, strokes: 3 / 9
iteration step 148, G_loss: 0.06273, step_acc: 20.12064, grid_scale: 4 / 5, strokes: 3 / 9
iteration step 149, G_loss: 0.06269, step_acc: 20.12443, grid_scale: 4 / 5, strokes: 3 / 9
iteration step 150, G_loss: 0.06267, step_acc: 20.12628, grid_scale: 4 / 5, strokes: 3 / 9
iteration step 151, G_loss: 0.06264, step_acc: 20.13010, grid_scale: 4 / 5, strokes: 3 / 9
iteration step 152, G_loss: 0.06262, step_acc: 20.13242, grid_scale: 4 / 5, strokes: 3 / 9
iteration step 153, G_loss: 0.06260, step_acc: 20.13706, grid_scale: 4 / 5, strokes: 3 / 9
iteration step 154, G_loss: 0.06258, step_acc: 20.13773, grid_scale: 4 / 5, strokes: 3 / 9
iteration step 155, G_loss: 0.06256, step_acc: 20.14261, grid_scale: 4 / 5, strokes: 3 / 9
iteration step 156, G_loss: 0.06253, step_acc: 20.14524, grid_scale: 4 / 5, strokes: 3 / 9
iteration step 157, G_loss: 0.06252, step_acc: 20.14523, grid_scale: 4 / 5, strokes: 3 / 9
iteration step 158, G_loss: 0.06251, step_acc: 20.15009, grid_scale: 4 / 5, strokes: 3 / 9
iteration step 159, G_loss: 0.06248, step_acc: 20.15154, grid_scale: 4 / 5, strokes: 3 / 9
iteration step 160, G_loss: 0.06247, step_acc: 20.15393, grid_scale: 4 / 5, strokes: 3 / 9
iteration step 161, G_loss: 0.06246, step_acc: 20.15426, grid_scale: 4 / 5, strokes: 3 / 9
iteration step 162, G_loss: 0.06245, step_acc: 20.15711, grid_scale: 4 / 5, strokes: 3 / 9
iteration step 163, G_loss: 0.06243, step_acc: 20.16249, grid_scale: 4 / 5, strokes: 3 / 9
iteration step 164, G_loss: 0.06241, step_acc: 20.16176, grid_scale: 4 / 5, strokes: 3 / 9
iteration step 165, G_loss: 0.06240, step_acc: 20.23025, grid_scale: 4 / 5, strokes: 4 / 9
iteration step 166, G_loss: 0.06221, step_acc: 20.24057, grid_scale: 4 / 5, strokes: 4 / 9
iteration step 167, G_loss: 0.06200, step_acc: 20.28338, grid_scale: 4 / 5, strokes: 4 / 9
iteration step 168, G_loss: 0.06172, step_acc: 20.30336, grid_scale: 4 / 5, strokes: 4 / 9
iteration step 169, G_loss: 0.06162, step_acc: 20.32742, grid_scale: 4 / 5, strokes: 4 / 9
iteration step 170, G_loss: 0.06146, step_acc: 20.34102, grid_scale: 4 / 5, strokes: 4 / 9
iteration step 171, G_loss: 0.06134, step_acc: 20.34534, grid_scale: 4 / 5, strokes: 4 / 9
iteration step 172, G_loss: 0.06131, step_acc: 20.34995, grid_scale: 4 / 5, strokes: 4 / 9
iteration step 173, G_loss: 0.06126, step_acc: 20.36352, grid_scale: 4 / 5, strokes: 4 / 9
iteration step 174, G_loss: 0.06116, step_acc: 20.37365, grid_scale: 4 / 5, strokes: 4 / 9
iteration step 175, G_loss: 0.06108, step_acc: 20.37708, grid_scale: 4 / 5, strokes: 4 / 9
iteration step 176, G_loss: 0.06104, step_acc: 20.38604, grid_scale: 4 / 5, strokes: 4 / 9
iteration step 177, G_loss: 0.06098, step_acc: 20.38661, grid_scale: 4 / 5, strokes: 4 / 9
iteration step 178, G_loss: 0.06094, step_acc: 20.39151, grid_scale: 4 / 5, strokes: 4 / 9
iteration step 179, G_loss: 0.06090, step_acc: 20.39506, grid_scale: 4 / 5, strokes: 4 / 9
iteration step 180, G_loss: 0.06089, step_acc: 20.39681, grid_scale: 4 / 5, strokes: 4 / 9
iteration step 181, G_loss: 0.06086, step_acc: 20.39301, grid_scale: 4 / 5, strokes: 4 / 9
iteration step 182, G_loss: 0.06086, step_acc: 20.39796, grid_scale: 4 / 5, strokes: 4 / 9
iteration step 183, G_loss: 0.06082, step_acc: 20.39989, grid_scale: 4 / 5, strokes: 4 / 9
iteration step 184, G_loss: 0.06080, step_acc: 20.40271, grid_scale: 4 / 5, strokes: 4 / 9
iteration step 185, G_loss: 0.06079, step_acc: 20.40401, grid_scale: 4 / 5, strokes: 4 / 9
iteration step 186, G_loss: 0.06078, step_acc: 20.40814, grid_scale: 4 / 5, strokes: 4 / 9
iteration step 187, G_loss: 0.06074, step_acc: 20.41586, grid_scale: 4 / 5, strokes: 4 / 9
iteration step 188, G_loss: 0.06070, step_acc: 20.41598, grid_scale: 4 / 5, strokes: 4 / 9
iteration step 189, G_loss: 0.06068, step_acc: 20.41882, grid_scale: 4 / 5, strokes: 4 / 9
iteration step 190, G_loss: 0.06069, step_acc: 20.42199, grid_scale: 4 / 5, strokes: 4 / 9
iteration step 191, G_loss: 0.06065, step_acc: 20.42545, grid_scale: 4 / 5, strokes: 4 / 9
iteration step 192, G_loss: 0.06063, step_acc: 20.42778, grid_scale: 4 / 5, strokes: 4 / 9
iteration step 193, G_loss: 0.06062, step_acc: 20.42655, grid_scale: 4 / 5, strokes: 4 / 9
iteration step 194, G_loss: 0.06061, step_acc: 20.43057, grid_scale: 4 / 5, strokes: 4 / 9
iteration step 195, G_loss: 0.06058, step_acc: 20.43105, grid_scale: 4 / 5, strokes: 4 / 9
iteration step 196, G_loss: 0.06056, step_acc: 20.43655, grid_scale: 4 / 5, strokes: 4 / 9
iteration step 197, G_loss: 0.06054, step_acc: 20.43559, grid_scale: 4 / 5, strokes: 4 / 9
iteration step 198, G_loss: 0.06051, step_acc: 20.44398, grid_scale: 4 / 5, strokes: 4 / 9
iteration step 199, G_loss: 0.06049, step_acc: 20.44218, grid_scale: 4 / 5, strokes: 4 / 9
iteration step 200, G_loss: 0.06049, step_acc: 20.44596, grid_scale: 4 / 5, strokes: 4 / 9
iteration step 201, G_loss: 0.06046, step_acc: 20.44540, grid_scale: 4 / 5, strokes: 4 / 9
iteration step 202, G_loss: 0.06045, step_acc: 20.44817, grid_scale: 4 / 5, strokes: 4 / 9
iteration step 203, G_loss: 0.06043, step_acc: 20.44745, grid_scale: 4 / 5, strokes: 4 / 9
iteration step 204, G_loss: 0.06043, step_acc: 20.44998, grid_scale: 4 / 5, strokes: 4 / 9
iteration step 205, G_loss: 0.06041, step_acc: 20.44893, grid_scale: 4 / 5, strokes: 4 / 9
iteration step 206, G_loss: 0.06041, step_acc: 20.45531, grid_scale: 4 / 5, strokes: 4 / 9
iteration step 207, G_loss: 0.06038, step_acc: 20.45685, grid_scale: 4 / 5, strokes: 4 / 9
iteration step 208, G_loss: 0.06035, step_acc: 20.46062, grid_scale: 4 / 5, strokes: 4 / 9
iteration step 209, G_loss: 0.06033, step_acc: 20.46245, grid_scale: 4 / 5, strokes: 4 / 9
iteration step 210, G_loss: 0.06031, step_acc: 20.46670, grid_scale: 4 / 5, strokes: 4 / 9
iteration step 211, G_loss: 0.06028, step_acc: 20.46966, grid_scale: 4 / 5, strokes: 4 / 9
iteration step 212, G_loss: 0.06028, step_acc: 20.47185, grid_scale: 4 / 5, strokes: 4 / 9
iteration step 213, G_loss: 0.06025, step_acc: 20.47274, grid_scale: 4 / 5, strokes: 4 / 9
iteration step 214, G_loss: 0.06024, step_acc: 20.47905, grid_scale: 4 / 5, strokes: 4 / 9
iteration step 215, G_loss: 0.06020, step_acc: 20.48313, grid_scale: 4 / 5, strokes: 4 / 9
iteration step 216, G_loss: 0.06017, step_acc: 20.48895, grid_scale: 4 / 5, strokes: 4 / 9
iteration step 217, G_loss: 0.06014, step_acc: 20.48718, grid_scale: 4 / 5, strokes: 4 / 9
iteration step 218, G_loss: 0.06013, step_acc: 20.49345, grid_scale: 4 / 5, strokes: 4 / 9
iteration step 219, G_loss: 0.06010, step_acc: 20.49517, grid_scale: 4 / 5, strokes: 4 / 9
iteration step 220, G_loss: 0.06007, step_acc: 20.58682, grid_scale: 4 / 5, strokes: 5 / 9
iteration step 221, G_loss: 0.05959, step_acc: 20.62316, grid_scale: 4 / 5, strokes: 5 / 9
iteration step 222, G_loss: 0.05934, step_acc: 20.64782, grid_scale: 4 / 5, strokes: 5 / 9
iteration step 223, G_loss: 0.05912, step_acc: 20.67758, grid_scale: 4 / 5, strokes: 5 / 9
iteration step 224, G_loss: 0.05894, step_acc: 20.68531, grid_scale: 4 / 5, strokes: 5 / 9
iteration step 225, G_loss: 0.05882, step_acc: 20.71132, grid_scale: 4 / 5, strokes: 5 / 9
iteration step 226, G_loss: 0.05868, step_acc: 20.72580, grid_scale: 4 / 5, strokes: 5 / 9
iteration step 227, G_loss: 0.05857, step_acc: 20.74006, grid_scale: 4 / 5, strokes: 5 / 9
iteration step 228, G_loss: 0.05847, step_acc: 20.75002, grid_scale: 4 / 5, strokes: 5 / 9
iteration step 229, G_loss: 0.05841, step_acc: 20.75544, grid_scale: 4 / 5, strokes: 5 / 9
iteration step 230, G_loss: 0.05836, step_acc: 20.76593, grid_scale: 4 / 5, strokes: 5 / 9
iteration step 231, G_loss: 0.05831, step_acc: 20.77036, grid_scale: 4 / 5, strokes: 5 / 9
iteration step 232, G_loss: 0.05826, step_acc: 20.77588, grid_scale: 4 / 5, strokes: 5 / 9
iteration step 233, G_loss: 0.05822, step_acc: 20.78343, grid_scale: 4 / 5, strokes: 5 / 9
iteration step 234, G_loss: 0.05818, step_acc: 20.78755, grid_scale: 4 / 5, strokes: 5 / 9
iteration step 235, G_loss: 0.05813, step_acc: 20.79556, grid_scale: 4 / 5, strokes: 5 / 9
iteration step 236, G_loss: 0.05810, step_acc: 20.79697, grid_scale: 4 / 5, strokes: 5 / 9
iteration step 237, G_loss: 0.05808, step_acc: 20.80404, grid_scale: 4 / 5, strokes: 5 / 9
iteration step 238, G_loss: 0.05804, step_acc: 20.81063, grid_scale: 4 / 5, strokes: 5 / 9
iteration step 239, G_loss: 0.05799, step_acc: 20.81303, grid_scale: 4 / 5, strokes: 5 / 9
iteration step 240, G_loss: 0.05796, step_acc: 20.81906, grid_scale: 4 / 5, strokes: 5 / 9
iteration step 241, G_loss: 0.05792, step_acc: 20.82644, grid_scale: 4 / 5, strokes: 5 / 9
iteration step 242, G_loss: 0.05790, step_acc: 20.82998, grid_scale: 4 / 5, strokes: 5 / 9
iteration step 243, G_loss: 0.05787, step_acc: 20.83622, grid_scale: 4 / 5, strokes: 5 / 9
iteration step 244, G_loss: 0.05783, step_acc: 20.83928, grid_scale: 4 / 5, strokes: 5 / 9
iteration step 245, G_loss: 0.05780, step_acc: 20.84453, grid_scale: 4 / 5, strokes: 5 / 9
iteration step 246, G_loss: 0.05777, step_acc: 20.84587, grid_scale: 4 / 5, strokes: 5 / 9
iteration step 247, G_loss: 0.05774, step_acc: 20.84925, grid_scale: 4 / 5, strokes: 5 / 9
iteration step 248, G_loss: 0.05772, step_acc: 20.85411, grid_scale: 4 / 5, strokes: 5 / 9
iteration step 249, G_loss: 0.05770, step_acc: 20.85630, grid_scale: 4 / 5, strokes: 5 / 9
iteration step 250, G_loss: 0.05767, step_acc: 20.86279, grid_scale: 4 / 5, strokes: 5 / 9
iteration step 251, G_loss: 0.05764, step_acc: 20.86703, grid_scale: 4 / 5, strokes: 5 / 9
iteration step 252, G_loss: 0.05761, step_acc: 20.87241, grid_scale: 4 / 5, strokes: 5 / 9
iteration step 253, G_loss: 0.05757, step_acc: 20.87233, grid_scale: 4 / 5, strokes: 5 / 9
iteration step 254, G_loss: 0.05756, step_acc: 20.88239, grid_scale: 4 / 5, strokes: 5 / 9
iteration step 255, G_loss: 0.05752, step_acc: 20.88277, grid_scale: 4 / 5, strokes: 5 / 9
iteration step 256, G_loss: 0.05751, step_acc: 20.88905, grid_scale: 4 / 5, strokes: 5 / 9
iteration step 257, G_loss: 0.05747, step_acc: 20.89535, grid_scale: 4 / 5, strokes: 5 / 9
iteration step 258, G_loss: 0.05745, step_acc: 20.89793, grid_scale: 4 / 5, strokes: 5 / 9
iteration step 259, G_loss: 0.05741, step_acc: 20.90666, grid_scale: 4 / 5, strokes: 5 / 9
iteration step 260, G_loss: 0.05737, step_acc: 20.90896, grid_scale: 4 / 5, strokes: 5 / 9
iteration step 261, G_loss: 0.05735, step_acc: 20.91802, grid_scale: 4 / 5, strokes: 5 / 9
iteration step 262, G_loss: 0.05730, step_acc: 20.92266, grid_scale: 4 / 5, strokes: 5 / 9
iteration step 263, G_loss: 0.05727, step_acc: 20.93052, grid_scale: 4 / 5, strokes: 5 / 9
iteration step 264, G_loss: 0.05722, step_acc: 20.93774, grid_scale: 4 / 5, strokes: 5 / 9
iteration step 265, G_loss: 0.05716, step_acc: 20.94263, grid_scale: 4 / 5, strokes: 5 / 9
iteration step 266, G_loss: 0.05712, step_acc: 20.94861, grid_scale: 4 / 5, strokes: 5 / 9
iteration step 267, G_loss: 0.05707, step_acc: 20.95145, grid_scale: 4 / 5, strokes: 5 / 9
iteration step 268, G_loss: 0.05705, step_acc: 20.95424, grid_scale: 4 / 5, strokes: 5 / 9
iteration step 269, G_loss: 0.05703, step_acc: 20.95264, grid_scale: 4 / 5, strokes: 5 / 9
iteration step 270, G_loss: 0.05702, step_acc: 20.95800, grid_scale: 4 / 5, strokes: 5 / 9
iteration step 271, G_loss: 0.05698, step_acc: 20.96113, grid_scale: 4 / 5, strokes: 5 / 9
iteration step 272, G_loss: 0.05697, step_acc: 20.96409, grid_scale: 4 / 5, strokes: 5 / 9
iteration step 273, G_loss: 0.05695, step_acc: 20.96476, grid_scale: 4 / 5, strokes: 5 / 9
iteration step 274, G_loss: 0.05694, step_acc: 20.96778, grid_scale: 4 / 5, strokes: 5 / 9
iteration step 275, G_loss: 0.05693, step_acc: 20.94558, grid_scale: 4 / 5, strokes: 6 / 9
iteration step 276, G_loss: 0.05708, step_acc: 20.98569, grid_scale: 4 / 5, strokes: 6 / 9
iteration step 277, G_loss: 0.05683, step_acc: 21.02626, grid_scale: 4 / 5, strokes: 6 / 9
iteration step 278, G_loss: 0.05655, step_acc: 21.03839, grid_scale: 4 / 5, strokes: 6 / 9
iteration step 279, G_loss: 0.05646, step_acc: 21.04836, grid_scale: 4 / 5, strokes: 6 / 9
iteration step 280, G_loss: 0.05638, step_acc: 21.04796, grid_scale: 4 / 5, strokes: 6 / 9
iteration step 281, G_loss: 0.05633, step_acc: 21.05913, grid_scale: 4 / 5, strokes: 6 / 9
iteration step 282, G_loss: 0.05628, step_acc: 21.06307, grid_scale: 4 / 5, strokes: 6 / 9
iteration step 283, G_loss: 0.05623, step_acc: 21.07178, grid_scale: 4 / 5, strokes: 6 / 9
iteration step 284, G_loss: 0.05617, step_acc: 21.08153, grid_scale: 4 / 5, strokes: 6 / 9
iteration step 285, G_loss: 0.05613, step_acc: 21.07946, grid_scale: 4 / 5, strokes: 6 / 9
iteration step 286, G_loss: 0.05611, step_acc: 21.08429, grid_scale: 4 / 5, strokes: 6 / 9
iteration step 287, G_loss: 0.05611, step_acc: 21.08714, grid_scale: 4 / 5, strokes: 6 / 9
iteration step 288, G_loss: 0.05608, step_acc: 21.09465, grid_scale: 4 / 5, strokes: 6 / 9
iteration step 289, G_loss: 0.05605, step_acc: 21.09770, grid_scale: 4 / 5, strokes: 6 / 9
iteration step 290, G_loss: 0.05600, step_acc: 21.10251, grid_scale: 4 / 5, strokes: 6 / 9
iteration step 291, G_loss: 0.05599, step_acc: 21.10948, grid_scale: 4 / 5, strokes: 6 / 9
iteration step 292, G_loss: 0.05593, step_acc: 21.11248, grid_scale: 4 / 5, strokes: 6 / 9
iteration step 293, G_loss: 0.05591, step_acc: 21.11288, grid_scale: 4 / 5, strokes: 6 / 9
iteration step 294, G_loss: 0.05589, step_acc: 21.11738, grid_scale: 4 / 5, strokes: 6 / 9
iteration step 295, G_loss: 0.05590, step_acc: 21.11349, grid_scale: 4 / 5, strokes: 6 / 9
iteration step 296, G_loss: 0.05588, step_acc: 21.12068, grid_scale: 4 / 5, strokes: 6 / 9
iteration step 297, G_loss: 0.05584, step_acc: 21.12530, grid_scale: 4 / 5, strokes: 6 / 9
iteration step 298, G_loss: 0.05581, step_acc: 21.12282, grid_scale: 4 / 5, strokes: 6 / 9
iteration step 299, G_loss: 0.05581, step_acc: 21.12692, grid_scale: 4 / 5, strokes: 6 / 9
iteration step 300, G_loss: 0.05580, step_acc: 21.13263, grid_scale: 4 / 5, strokes: 6 / 9
iteration step 301, G_loss: 0.05576, step_acc: 21.13051, grid_scale: 4 / 5, strokes: 6 / 9
iteration step 302, G_loss: 0.05575, step_acc: 21.13745, grid_scale: 4 / 5, strokes: 6 / 9
iteration step 303, G_loss: 0.05572, step_acc: 21.14249, grid_scale: 4 / 5, strokes: 6 / 9
iteration step 304, G_loss: 0.05569, step_acc: 21.14536, grid_scale: 4 / 5, strokes: 6 / 9
iteration step 305, G_loss: 0.05567, step_acc: 21.14684, grid_scale: 4 / 5, strokes: 6 / 9
iteration step 306, G_loss: 0.05566, step_acc: 21.14785, grid_scale: 4 / 5, strokes: 6 / 9
iteration step 307, G_loss: 0.05565, step_acc: 21.14670, grid_scale: 4 / 5, strokes: 6 / 9
iteration step 308, G_loss: 0.05565, step_acc: 21.15442, grid_scale: 4 / 5, strokes: 6 / 9
iteration step 309, G_loss: 0.05560, step_acc: 21.15530, grid_scale: 4 / 5, strokes: 6 / 9
iteration step 310, G_loss: 0.05559, step_acc: 21.16038, grid_scale: 4 / 5, strokes: 6 / 9
iteration step 311, G_loss: 0.05557, step_acc: 21.16252, grid_scale: 4 / 5, strokes: 6 / 9
iteration step 312, G_loss: 0.05555, step_acc: 21.16517, grid_scale: 4 / 5, strokes: 6 / 9
iteration step 313, G_loss: 0.05554, step_acc: 21.16792, grid_scale: 4 / 5, strokes: 6 / 9
iteration step 314, G_loss: 0.05553, step_acc: 21.16603, grid_scale: 4 / 5, strokes: 6 / 9
iteration step 315, G_loss: 0.05552, step_acc: 21.17046, grid_scale: 4 / 5, strokes: 6 / 9
iteration step 316, G_loss: 0.05549, step_acc: 21.17619, grid_scale: 4 / 5, strokes: 6 / 9
iteration step 317, G_loss: 0.05545, step_acc: 21.17691, grid_scale: 4 / 5, strokes: 6 / 9
iteration step 318, G_loss: 0.05544, step_acc: 21.17925, grid_scale: 4 / 5, strokes: 6 / 9
iteration step 319, G_loss: 0.05544, step_acc: 21.17723, grid_scale: 4 / 5, strokes: 6 / 9
iteration step 320, G_loss: 0.05542, step_acc: 21.18175, grid_scale: 4 / 5, strokes: 6 / 9
iteration step 321, G_loss: 0.05542, step_acc: 21.18964, grid_scale: 4 / 5, strokes: 6 / 9
iteration step 322, G_loss: 0.05538, step_acc: 21.19084, grid_scale: 4 / 5, strokes: 6 / 9
iteration step 323, G_loss: 0.05537, step_acc: 21.19164, grid_scale: 4 / 5, strokes: 6 / 9
iteration step 324, G_loss: 0.05536, step_acc: 21.19742, grid_scale: 4 / 5, strokes: 6 / 9
iteration step 325, G_loss: 0.05532, step_acc: 21.19754, grid_scale: 4 / 5, strokes: 6 / 9
iteration step 326, G_loss: 0.05532, step_acc: 21.20107, grid_scale: 4 / 5, strokes: 6 / 9
iteration step 327, G_loss: 0.05532, step_acc: 21.19859, grid_scale: 4 / 5, strokes: 6 / 9
iteration step 328, G_loss: 0.05529, step_acc: 21.20236, grid_scale: 4 / 5, strokes: 6 / 9
iteration step 329, G_loss: 0.05531, step_acc: 21.20342, grid_scale: 4 / 5, strokes: 6 / 9
iteration step 330, G_loss: 0.05529, step_acc: 21.18818, grid_scale: 4 / 5, strokes: 7 / 9
iteration step 331, G_loss: 0.05535, step_acc: 21.22439, grid_scale: 4 / 5, strokes: 7 / 9
iteration step 332, G_loss: 0.05513, step_acc: 21.25491, grid_scale: 4 / 5, strokes: 7 / 9
iteration step 333, G_loss: 0.05494, step_acc: 21.27050, grid_scale: 4 / 5, strokes: 7 / 9
iteration step 334, G_loss: 0.05487, step_acc: 21.28201, grid_scale: 4 / 5, strokes: 7 / 9
iteration step 335, G_loss: 0.05480, step_acc: 21.29229, grid_scale: 4 / 5, strokes: 7 / 9
iteration step 336, G_loss: 0.05471, step_acc: 21.30934, grid_scale: 4 / 5, strokes: 7 / 9
iteration step 337, G_loss: 0.05462, step_acc: 21.32396, grid_scale: 4 / 5, strokes: 7 / 9
iteration step 338, G_loss: 0.05453, step_acc: 21.32974, grid_scale: 4 / 5, strokes: 7 / 9
iteration step 339, G_loss: 0.05448, step_acc: 21.33963, grid_scale: 4 / 5, strokes: 7 / 9
iteration step 340, G_loss: 0.05443, step_acc: 21.34447, grid_scale: 4 / 5, strokes: 7 / 9
iteration step 341, G_loss: 0.05438, step_acc: 21.34821, grid_scale: 4 / 5, strokes: 7 / 9
iteration step 342, G_loss: 0.05436, step_acc: 21.35382, grid_scale: 4 / 5, strokes: 7 / 9
iteration step 343, G_loss: 0.05432, step_acc: 21.35858, grid_scale: 4 / 5, strokes: 7 / 9
iteration step 344, G_loss: 0.05429, step_acc: 21.36463, grid_scale: 4 / 5, strokes: 7 / 9
iteration step 345, G_loss: 0.05425, step_acc: 21.37166, grid_scale: 4 / 5, strokes: 7 / 9
iteration step 346, G_loss: 0.05421, step_acc: 21.38132, grid_scale: 4 / 5, strokes: 7 / 9
iteration step 347, G_loss: 0.05417, step_acc: 21.38241, grid_scale: 4 / 5, strokes: 7 / 9
iteration step 348, G_loss: 0.05414, step_acc: 21.39019, grid_scale: 4 / 5, strokes: 7 / 9
iteration step 349, G_loss: 0.05411, step_acc: 21.39556, grid_scale: 4 / 5, strokes: 7 / 9
iteration step 350, G_loss: 0.05408, step_acc: 21.39379, grid_scale: 4 / 5, strokes: 7 / 9
iteration step 351, G_loss: 0.05407, step_acc: 21.40348, grid_scale: 4 / 5, strokes: 7 / 9
iteration step 352, G_loss: 0.05403, step_acc: 21.40383, grid_scale: 4 / 5, strokes: 7 / 9
iteration step 353, G_loss: 0.05400, step_acc: 21.41471, grid_scale: 4 / 5, strokes: 7 / 9
iteration step 354, G_loss: 0.05399, step_acc: 21.41158, grid_scale: 4 / 5, strokes: 7 / 9
iteration step 355, G_loss: 0.05395, step_acc: 21.42902, grid_scale: 4 / 5, strokes: 7 / 9
iteration step 356, G_loss: 0.05389, step_acc: 21.43179, grid_scale: 4 / 5, strokes: 7 / 9
iteration step 357, G_loss: 0.05386, step_acc: 21.43320, grid_scale: 4 / 5, strokes: 7 / 9
iteration step 358, G_loss: 0.05385, step_acc: 21.43611, grid_scale: 4 / 5, strokes: 7 / 9
iteration step 359, G_loss: 0.05383, step_acc: 21.44131, grid_scale: 4 / 5, strokes: 7 / 9
iteration step 360, G_loss: 0.05382, step_acc: 21.44437, grid_scale: 4 / 5, strokes: 7 / 9
iteration step 361, G_loss: 0.05377, step_acc: 21.44930, grid_scale: 4 / 5, strokes: 7 / 9
iteration step 362, G_loss: 0.05375, step_acc: 21.45204, grid_scale: 4 / 5, strokes: 7 / 9
iteration step 363, G_loss: 0.05374, step_acc: 21.45553, grid_scale: 4 / 5, strokes: 7 / 9
iteration step 364, G_loss: 0.05370, step_acc: 21.45710, grid_scale: 4 / 5, strokes: 7 / 9
iteration step 365, G_loss: 0.05368, step_acc: 21.45990, grid_scale: 4 / 5, strokes: 7 / 9
iteration step 366, G_loss: 0.05367, step_acc: 21.46545, grid_scale: 4 / 5, strokes: 7 / 9
iteration step 367, G_loss: 0.05364, step_acc: 21.46158, grid_scale: 4 / 5, strokes: 7 / 9
iteration step 368, G_loss: 0.05363, step_acc: 21.46811, grid_scale: 4 / 5, strokes: 7 / 9
iteration step 369, G_loss: 0.05362, step_acc: 21.47005, grid_scale: 4 / 5, strokes: 7 / 9
iteration step 370, G_loss: 0.05358, step_acc: 21.47257, grid_scale: 4 / 5, strokes: 7 / 9
iteration step 371, G_loss: 0.05358, step_acc: 21.47612, grid_scale: 4 / 5, strokes: 7 / 9
iteration step 372, G_loss: 0.05356, step_acc: 21.47986, grid_scale: 4 / 5, strokes: 7 / 9
iteration step 373, G_loss: 0.05353, step_acc: 21.48332, grid_scale: 4 / 5, strokes: 7 / 9
iteration step 374, G_loss: 0.05351, step_acc: 21.48466, grid_scale: 4 / 5, strokes: 7 / 9
iteration step 375, G_loss: 0.05351, step_acc: 21.48948, grid_scale: 4 / 5, strokes: 7 / 9
iteration step 376, G_loss: 0.05348, step_acc: 21.49140, grid_scale: 4 / 5, strokes: 7 / 9
iteration step 377, G_loss: 0.05346, step_acc: 21.49720, grid_scale: 4 / 5, strokes: 7 / 9
iteration step 378, G_loss: 0.05345, step_acc: 21.49381, grid_scale: 4 / 5, strokes: 7 / 9
iteration step 379, G_loss: 0.05345, step_acc: 21.50157, grid_scale: 4 / 5, strokes: 7 / 9
iteration step 380, G_loss: 0.05341, step_acc: 21.50283, grid_scale: 4 / 5, strokes: 7 / 9
iteration step 381, G_loss: 0.05340, step_acc: 21.50126, grid_scale: 4 / 5, strokes: 7 / 9
iteration step 382, G_loss: 0.05339, step_acc: 21.50856, grid_scale: 4 / 5, strokes: 7 / 9
iteration step 383, G_loss: 0.05336, step_acc: 21.51041, grid_scale: 4 / 5, strokes: 7 / 9
iteration step 384, G_loss: 0.05336, step_acc: 21.51376, grid_scale: 4 / 5, strokes: 7 / 9
iteration step 385, G_loss: 0.05333, step_acc: 21.49528, grid_scale: 4 / 5, strokes: 8 / 9
iteration step 386, G_loss: 0.05350, step_acc: 21.56962, grid_scale: 4 / 5, strokes: 8 / 9
iteration step 387, G_loss: 0.05306, step_acc: 21.62265, grid_scale: 4 / 5, strokes: 8 / 9
iteration step 388, G_loss: 0.05278, step_acc: 21.64719, grid_scale: 4 / 5, strokes: 8 / 9
iteration step 389, G_loss: 0.05265, step_acc: 21.66255, grid_scale: 4 / 5, strokes: 8 / 9
iteration step 390, G_loss: 0.05255, step_acc: 21.68052, grid_scale: 4 / 5, strokes: 8 / 9
iteration step 391, G_loss: 0.05248, step_acc: 21.69365, grid_scale: 4 / 5, strokes: 8 / 9
iteration step 392, G_loss: 0.05238, step_acc: 21.70878, grid_scale: 4 / 5, strokes: 8 / 9
iteration step 393, G_loss: 0.05230, step_acc: 21.71152, grid_scale: 4 / 5, strokes: 8 / 9
iteration step 394, G_loss: 0.05226, step_acc: 21.72689, grid_scale: 4 / 5, strokes: 8 / 9
iteration step 395, G_loss: 0.05218, step_acc: 21.73944, grid_scale: 4 / 5, strokes: 8 / 9
iteration step 396, G_loss: 0.05210, step_acc: 21.74407, grid_scale: 4 / 5, strokes: 8 / 9
iteration step 397, G_loss: 0.05205, step_acc: 21.76117, grid_scale: 4 / 5, strokes: 8 / 9
iteration step 398, G_loss: 0.05198, step_acc: 21.76113, grid_scale: 4 / 5, strokes: 8 / 9
iteration step 399, G_loss: 0.05193, step_acc: 21.77414, grid_scale: 4 / 5, strokes: 8 / 9
iteration step 400, G_loss: 0.05188, step_acc: 21.77803, grid_scale: 4 / 5, strokes: 8 / 9
iteration step 401, G_loss: 0.05183, step_acc: 21.78949, grid_scale: 4 / 5, strokes: 8 / 9
iteration step 402, G_loss: 0.05181, step_acc: 21.79623, grid_scale: 4 / 5, strokes: 8 / 9
iteration step 403, G_loss: 0.05176, step_acc: 21.80692, grid_scale: 4 / 5, strokes: 8 / 9
iteration step 404, G_loss: 0.05172, step_acc: 21.81119, grid_scale: 4 / 5, strokes: 8 / 9
iteration step 405, G_loss: 0.05168, step_acc: 21.81996, grid_scale: 4 / 5, strokes: 8 / 9
iteration step 406, G_loss: 0.05164, step_acc: 21.82412, grid_scale: 4 / 5, strokes: 8 / 9
iteration step 407, G_loss: 0.05160, step_acc: 21.82791, grid_scale: 4 / 5, strokes: 8 / 9
iteration step 408, G_loss: 0.05158, step_acc: 21.83672, grid_scale: 4 / 5, strokes: 8 / 9
iteration step 409, G_loss: 0.05157, step_acc: 21.84113, grid_scale: 4 / 5, strokes: 8 / 9
iteration step 410, G_loss: 0.05151, step_acc: 21.85219, grid_scale: 4 / 5, strokes: 8 / 9
iteration step 411, G_loss: 0.05147, step_acc: 21.85559, grid_scale: 4 / 5, strokes: 8 / 9
iteration step 412, G_loss: 0.05144, step_acc: 21.86094, grid_scale: 4 / 5, strokes: 8 / 9
iteration step 413, G_loss: 0.05142, step_acc: 21.86118, grid_scale: 4 / 5, strokes: 8 / 9
iteration step 414, G_loss: 0.05140, step_acc: 21.86837, grid_scale: 4 / 5, strokes: 8 / 9
iteration step 415, G_loss: 0.05136, step_acc: 21.87258, grid_scale: 4 / 5, strokes: 8 / 9
iteration step 416, G_loss: 0.05134, step_acc: 21.87572, grid_scale: 4 / 5, strokes: 8 / 9
iteration step 417, G_loss: 0.05131, step_acc: 21.88336, grid_scale: 4 / 5, strokes: 8 / 9
iteration step 418, G_loss: 0.05129, step_acc: 21.88502, grid_scale: 4 / 5, strokes: 8 / 9
iteration step 419, G_loss: 0.05128, step_acc: 21.89167, grid_scale: 4 / 5, strokes: 8 / 9
iteration step 420, G_loss: 0.05124, step_acc: 21.89410, grid_scale: 4 / 5, strokes: 8 / 9
iteration step 421, G_loss: 0.05124, step_acc: 21.89827, grid_scale: 4 / 5, strokes: 8 / 9
iteration step 422, G_loss: 0.05122, step_acc: 21.89698, grid_scale: 4 / 5, strokes: 8 / 9
iteration step 423, G_loss: 0.05119, step_acc: 21.91049, grid_scale: 4 / 5, strokes: 8 / 9
iteration step 424, G_loss: 0.05118, step_acc: 21.91109, grid_scale: 4 / 5, strokes: 8 / 9
iteration step 425, G_loss: 0.05116, step_acc: 21.91887, grid_scale: 4 / 5, strokes: 8 / 9
iteration step 426, G_loss: 0.05112, step_acc: 21.92350, grid_scale: 4 / 5, strokes: 8 / 9
iteration step 427, G_loss: 0.05109, step_acc: 21.92891, grid_scale: 4 / 5, strokes: 8 / 9
iteration step 428, G_loss: 0.05106, step_acc: 21.93391, grid_scale: 4 / 5, strokes: 8 / 9
iteration step 429, G_loss: 0.05102, step_acc: 21.94028, grid_scale: 4 / 5, strokes: 8 / 9
iteration step 430, G_loss: 0.05099, step_acc: 21.94561, grid_scale: 4 / 5, strokes: 8 / 9
iteration step 431, G_loss: 0.05098, step_acc: 21.94254, grid_scale: 4 / 5, strokes: 8 / 9
iteration step 432, G_loss: 0.05097, step_acc: 21.94967, grid_scale: 4 / 5, strokes: 8 / 9
iteration step 433, G_loss: 0.05094, step_acc: 21.95679, grid_scale: 4 / 5, strokes: 8 / 9
iteration step 434, G_loss: 0.05092, step_acc: 21.95691, grid_scale: 4 / 5, strokes: 8 / 9
iteration step 435, G_loss: 0.05090, step_acc: 21.96247, grid_scale: 4 / 5, strokes: 8 / 9
iteration step 436, G_loss: 0.05085, step_acc: 21.96472, grid_scale: 4 / 5, strokes: 8 / 9
iteration step 437, G_loss: 0.05083, step_acc: 21.96370, grid_scale: 4 / 5, strokes: 8 / 9
iteration step 438, G_loss: 0.05081, step_acc: 21.97467, grid_scale: 4 / 5, strokes: 8 / 9
iteration step 439, G_loss: 0.05079, step_acc: 21.97557, grid_scale: 4 / 5, strokes: 8 / 9
iteration step 440, G_loss: 0.05077, step_acc: 21.86860, grid_scale: 4 / 5, strokes: 9 / 9
iteration step 441, G_loss: 0.05127, step_acc: 21.93670, grid_scale: 4 / 5, strokes: 9 / 9
iteration step 442, G_loss: 0.05090, step_acc: 21.96550, grid_scale: 4 / 5, strokes: 9 / 9
iteration step 443, G_loss: 0.05071, step_acc: 21.98055, grid_scale: 4 / 5, strokes: 9 / 9
iteration step 444, G_loss: 0.05057, step_acc: 21.99839, grid_scale: 4 / 5, strokes: 9 / 9
iteration step 445, G_loss: 0.05049, step_acc: 22.00186, grid_scale: 4 / 5, strokes: 9 / 9
iteration step 446, G_loss: 0.05049, step_acc: 22.01386, grid_scale: 4 / 5, strokes: 9 / 9
iteration step 447, G_loss: 0.05040, step_acc: 22.01912, grid_scale: 4 / 5, strokes: 9 / 9
iteration step 448, G_loss: 0.05035, step_acc: 22.02407, grid_scale: 4 / 5, strokes: 9 / 9
iteration step 449, G_loss: 0.05032, step_acc: 22.03774, grid_scale: 4 / 5, strokes: 9 / 9
iteration step 450, G_loss: 0.05027, step_acc: 22.03621, grid_scale: 4 / 5, strokes: 9 / 9
iteration step 451, G_loss: 0.05027, step_acc: 22.04198, grid_scale: 4 / 5, strokes: 9 / 9
iteration step 452, G_loss: 0.05025, step_acc: 22.04847, grid_scale: 4 / 5, strokes: 9 / 9
iteration step 453, G_loss: 0.05020, step_acc: 22.05608, grid_scale: 4 / 5, strokes: 9 / 9
iteration step 454, G_loss: 0.05019, step_acc: 22.05517, grid_scale: 4 / 5, strokes: 9 / 9
iteration step 455, G_loss: 0.05018, step_acc: 22.06161, grid_scale: 4 / 5, strokes: 9 / 9
iteration step 456, G_loss: 0.05015, step_acc: 22.06422, grid_scale: 4 / 5, strokes: 9 / 9
iteration step 457, G_loss: 0.05011, step_acc: 22.07074, grid_scale: 4 / 5, strokes: 9 / 9
iteration step 458, G_loss: 0.05010, step_acc: 22.06725, grid_scale: 4 / 5, strokes: 9 / 9
iteration step 459, G_loss: 0.05008, step_acc: 22.07421, grid_scale: 4 / 5, strokes: 9 / 9
iteration step 460, G_loss: 0.05005, step_acc: 22.07289, grid_scale: 4 / 5, strokes: 9 / 9
iteration step 461, G_loss: 0.05004, step_acc: 22.07966, grid_scale: 4 / 5, strokes: 9 / 9
iteration step 462, G_loss: 0.05003, step_acc: 22.08016, grid_scale: 4 / 5, strokes: 9 / 9
iteration step 463, G_loss: 0.04999, step_acc: 22.08992, grid_scale: 4 / 5, strokes: 9 / 9
iteration step 464, G_loss: 0.04997, step_acc: 22.08371, grid_scale: 4 / 5, strokes: 9 / 9
iteration step 465, G_loss: 0.04997, step_acc: 22.09727, grid_scale: 4 / 5, strokes: 9 / 9
iteration step 466, G_loss: 0.04994, step_acc: 22.09471, grid_scale: 4 / 5, strokes: 9 / 9
iteration step 467, G_loss: 0.04993, step_acc: 22.10421, grid_scale: 4 / 5, strokes: 9 / 9
iteration step 468, G_loss: 0.04991, step_acc: 22.10233, grid_scale: 4 / 5, strokes: 9 / 9
iteration step 469, G_loss: 0.04989, step_acc: 22.10773, grid_scale: 4 / 5, strokes: 9 / 9
iteration step 470, G_loss: 0.04988, step_acc: 22.11042, grid_scale: 4 / 5, strokes: 9 / 9
iteration step 471, G_loss: 0.04987, step_acc: 22.11168, grid_scale: 4 / 5, strokes: 9 / 9
iteration step 472, G_loss: 0.04985, step_acc: 22.11192, grid_scale: 4 / 5, strokes: 9 / 9
iteration step 473, G_loss: 0.04983, step_acc: 22.11695, grid_scale: 4 / 5, strokes: 9 / 9
iteration step 474, G_loss: 0.04983, step_acc: 22.11752, grid_scale: 4 / 5, strokes: 9 / 9
iteration step 475, G_loss: 0.04982, step_acc: 22.12610, grid_scale: 4 / 5, strokes: 9 / 9
iteration step 476, G_loss: 0.04980, step_acc: 22.11900, grid_scale: 4 / 5, strokes: 9 / 9
iteration step 477, G_loss: 0.04978, step_acc: 22.12946, grid_scale: 4 / 5, strokes: 9 / 9
iteration step 478, G_loss: 0.04976, step_acc: 22.12926, grid_scale: 4 / 5, strokes: 9 / 9
iteration step 479, G_loss: 0.04974, step_acc: 22.13364, grid_scale: 4 / 5, strokes: 9 / 9
iteration step 480, G_loss: 0.04974, step_acc: 22.13281, grid_scale: 4 / 5, strokes: 9 / 9
iteration step 481, G_loss: 0.04973, step_acc: 22.13740, grid_scale: 4 / 5, strokes: 9 / 9
iteration step 482, G_loss: 0.04971, step_acc: 22.14250, grid_scale: 4 / 5, strokes: 9 / 9
iteration step 483, G_loss: 0.04968, step_acc: 22.14261, grid_scale: 4 / 5, strokes: 9 / 9
iteration step 484, G_loss: 0.04968, step_acc: 22.14664, grid_scale: 4 / 5, strokes: 9 / 9
iteration step 485, G_loss: 0.04965, step_acc: 22.14698, grid_scale: 4 / 5, strokes: 9 / 9
iteration step 486, G_loss: 0.04963, step_acc: 22.15214, grid_scale: 4 / 5, strokes: 9 / 9
iteration step 487, G_loss: 0.04961, step_acc: 22.15165, grid_scale: 4 / 5, strokes: 9 / 9
iteration step 488, G_loss: 0.04961, step_acc: 22.15536, grid_scale: 4 / 5, strokes: 9 / 9
iteration step 489, G_loss: 0.04959, step_acc: 22.15396, grid_scale: 4 / 5, strokes: 9 / 9
iteration step 490, G_loss: 0.04958, step_acc: 22.15968, grid_scale: 4 / 5, strokes: 9 / 9
iteration step 491, G_loss: 0.04958, step_acc: 22.15733, grid_scale: 4 / 5, strokes: 9 / 9
iteration step 492, G_loss: 0.04956, step_acc: 22.16513, grid_scale: 4 / 5, strokes: 9 / 9
iteration step 493, G_loss: 0.04954, step_acc: 22.16312, grid_scale: 4 / 5, strokes: 9 / 9
iteration step 494, G_loss: 0.04952, step_acc: 22.17021, grid_scale: 4 / 5, strokes: 9 / 9
rendering canvas...
iteration step 0, G_loss: 0.04950, step_acc: 20.42822, grid_scale: 5 / 5, strokes: 1 / 9
iteration step 1, G_loss: 0.06054, step_acc: 20.49189, grid_scale: 5 / 5, strokes: 1 / 9
iteration step 2, G_loss: 0.06018, step_acc: 20.50838, grid_scale: 5 / 5, strokes: 1 / 9
iteration step 3, G_loss: 0.06009, step_acc: 20.52879, grid_scale: 5 / 5, strokes: 1 / 9
iteration step 4, G_loss: 0.05995, step_acc: 20.54001, grid_scale: 5 / 5, strokes: 1 / 9
iteration step 5, G_loss: 0.05986, step_acc: 20.55212, grid_scale: 5 / 5, strokes: 1 / 9
iteration step 6, G_loss: 0.05978, step_acc: 20.56449, grid_scale: 5 / 5, strokes: 1 / 9
iteration step 7, G_loss: 0.05972, step_acc: 20.57065, grid_scale: 5 / 5, strokes: 1 / 9
iteration step 8, G_loss: 0.05967, step_acc: 20.57935, grid_scale: 5 / 5, strokes: 1 / 9
iteration step 9, G_loss: 0.05961, step_acc: 20.58503, grid_scale: 5 / 5, strokes: 1 / 9
iteration step 10, G_loss: 0.05957, step_acc: 20.59112, grid_scale: 5 / 5, strokes: 1 / 9
iteration step 11, G_loss: 0.05954, step_acc: 20.59399, grid_scale: 5 / 5, strokes: 1 / 9
iteration step 12, G_loss: 0.05950, step_acc: 20.60186, grid_scale: 5 / 5, strokes: 1 / 9
iteration step 13, G_loss: 0.05946, step_acc: 20.60830, grid_scale: 5 / 5, strokes: 1 / 9
iteration step 14, G_loss: 0.05942, step_acc: 20.61207, grid_scale: 5 / 5, strokes: 1 / 9
iteration step 15, G_loss: 0.05939, step_acc: 20.61866, grid_scale: 5 / 5, strokes: 1 / 9
iteration step 16, G_loss: 0.05937, step_acc: 20.61946, grid_scale: 5 / 5, strokes: 1 / 9
iteration step 17, G_loss: 0.05935, step_acc: 20.62760, grid_scale: 5 / 5, strokes: 1 / 9
iteration step 18, G_loss: 0.05932, step_acc: 20.62561, grid_scale: 5 / 5, strokes: 1 / 9
iteration step 19, G_loss: 0.05931, step_acc: 20.63194, grid_scale: 5 / 5, strokes: 1 / 9
iteration step 20, G_loss: 0.05929, step_acc: 20.63289, grid_scale: 5 / 5, strokes: 1 / 9
iteration step 21, G_loss: 0.05927, step_acc: 20.63706, grid_scale: 5 / 5, strokes: 1 / 9
iteration step 22, G_loss: 0.05926, step_acc: 20.63640, grid_scale: 5 / 5, strokes: 1 / 9
iteration step 23, G_loss: 0.05924, step_acc: 20.64198, grid_scale: 5 / 5, strokes: 1 / 9
iteration step 24, G_loss: 0.05922, step_acc: 20.64340, grid_scale: 5 / 5, strokes: 1 / 9
iteration step 25, G_loss: 0.05920, step_acc: 20.64568, grid_scale: 5 / 5, strokes: 1 / 9
iteration step 26, G_loss: 0.05919, step_acc: 20.64802, grid_scale: 5 / 5, strokes: 1 / 9
iteration step 27, G_loss: 0.05917, step_acc: 20.65019, grid_scale: 5 / 5, strokes: 1 / 9
iteration step 28, G_loss: 0.05916, step_acc: 20.65198, grid_scale: 5 / 5, strokes: 1 / 9
iteration step 29, G_loss: 0.05915, step_acc: 20.65796, grid_scale: 5 / 5, strokes: 1 / 9
iteration step 30, G_loss: 0.05913, step_acc: 20.65821, grid_scale: 5 / 5, strokes: 1 / 9
iteration step 31, G_loss: 0.05911, step_acc: 20.66495, grid_scale: 5 / 5, strokes: 1 / 9
iteration step 32, G_loss: 0.05909, step_acc: 20.66436, grid_scale: 5 / 5, strokes: 1 / 9
iteration step 33, G_loss: 0.05908, step_acc: 20.66877, grid_scale: 5 / 5, strokes: 1 / 9
iteration step 34, G_loss: 0.05907, step_acc: 20.67105, grid_scale: 5 / 5, strokes: 1 / 9
iteration step 35, G_loss: 0.05906, step_acc: 20.67204, grid_scale: 5 / 5, strokes: 1 / 9
iteration step 36, G_loss: 0.05904, step_acc: 20.67350, grid_scale: 5 / 5, strokes: 1 / 9
iteration step 37, G_loss: 0.05904, step_acc: 20.67559, grid_scale: 5 / 5, strokes: 1 / 9
iteration step 38, G_loss: 0.05902, step_acc: 20.67789, grid_scale: 5 / 5, strokes: 1 / 9
iteration step 39, G_loss: 0.05900, step_acc: 20.68096, grid_scale: 5 / 5, strokes: 1 / 9
iteration step 40, G_loss: 0.05899, step_acc: 20.68126, grid_scale: 5 / 5, strokes: 1 / 9
iteration step 41, G_loss: 0.05897, step_acc: 20.68212, grid_scale: 5 / 5, strokes: 1 / 9
iteration step 42, G_loss: 0.05897, step_acc: 20.68503, grid_scale: 5 / 5, strokes: 1 / 9
iteration step 43, G_loss: 0.05897, step_acc: 20.68714, grid_scale: 5 / 5, strokes: 1 / 9
iteration step 44, G_loss: 0.05896, step_acc: 20.68593, grid_scale: 5 / 5, strokes: 1 / 9
iteration step 45, G_loss: 0.05895, step_acc: 20.68915, grid_scale: 5 / 5, strokes: 1 / 9
iteration step 46, G_loss: 0.05894, step_acc: 20.69028, grid_scale: 5 / 5, strokes: 1 / 9
iteration step 47, G_loss: 0.05893, step_acc: 20.69190, grid_scale: 5 / 5, strokes: 1 / 9
iteration step 48, G_loss: 0.05892, step_acc: 20.69327, grid_scale: 5 / 5, strokes: 1 / 9
iteration step 49, G_loss: 0.05891, step_acc: 20.69465, grid_scale: 5 / 5, strokes: 1 / 9
iteration step 50, G_loss: 0.05891, step_acc: 20.69408, grid_scale: 5 / 5, strokes: 1 / 9
iteration step 51, G_loss: 0.05890, step_acc: 20.69695, grid_scale: 5 / 5, strokes: 1 / 9
iteration step 52, G_loss: 0.05889, step_acc: 20.69575, grid_scale: 5 / 5, strokes: 1 / 9
iteration step 53, G_loss: 0.05888, step_acc: 20.70092, grid_scale: 5 / 5, strokes: 1 / 9
iteration step 54, G_loss: 0.05887, step_acc: 20.70160, grid_scale: 5 / 5, strokes: 1 / 9
iteration step 55, G_loss: 0.05886, step_acc: 20.79582, grid_scale: 5 / 5, strokes: 2 / 9
iteration step 56, G_loss: 0.05848, step_acc: 20.85163, grid_scale: 5 / 5, strokes: 2 / 9
iteration step 57, G_loss: 0.05817, step_acc: 20.87670, grid_scale: 5 / 5, strokes: 2 / 9
iteration step 58, G_loss: 0.05798, step_acc: 20.90000, grid_scale: 5 / 5, strokes: 2 / 9
iteration step 59, G_loss: 0.05786, step_acc: 20.92535, grid_scale: 5 / 5, strokes: 2 / 9
iteration step 60, G_loss: 0.05772, step_acc: 20.93320, grid_scale: 5 / 5, strokes: 2 / 9
iteration step 61, G_loss: 0.05765, step_acc: 20.94610, grid_scale: 5 / 5, strokes: 2 / 9
iteration step 62, G_loss: 0.05758, step_acc: 20.95019, grid_scale: 5 / 5, strokes: 2 / 9
iteration step 63, G_loss: 0.05754, step_acc: 20.95977, grid_scale: 5 / 5, strokes: 2 / 9
iteration step 64, G_loss: 0.05747, step_acc: 20.96553, grid_scale: 5 / 5, strokes: 2 / 9
iteration step 65, G_loss: 0.05741, step_acc: 20.97004, grid_scale: 5 / 5, strokes: 2 / 9
iteration step 66, G_loss: 0.05738, step_acc: 20.97662, grid_scale: 5 / 5, strokes: 2 / 9
iteration step 67, G_loss: 0.05734, step_acc: 20.97463, grid_scale: 5 / 5, strokes: 2 / 9
iteration step 68, G_loss: 0.05732, step_acc: 20.98465, grid_scale: 5 / 5, strokes: 2 / 9
iteration step 69, G_loss: 0.05728, step_acc: 20.98928, grid_scale: 5 / 5, strokes: 2 / 9
iteration step 70, G_loss: 0.05724, step_acc: 20.98920, grid_scale: 5 / 5, strokes: 2 / 9
iteration step 71, G_loss: 0.05723, step_acc: 20.99355, grid_scale: 5 / 5, strokes: 2 / 9
iteration step 72, G_loss: 0.05720, step_acc: 21.00025, grid_scale: 5 / 5, strokes: 2 / 9
iteration step 73, G_loss: 0.05717, step_acc: 20.99867, grid_scale: 5 / 5, strokes: 2 / 9
iteration step 74, G_loss: 0.05716, step_acc: 21.00109, grid_scale: 5 / 5, strokes: 2 / 9
iteration step 75, G_loss: 0.05714, step_acc: 21.00065, grid_scale: 5 / 5, strokes: 2 / 9
iteration step 76, G_loss: 0.05712, step_acc: 21.00506, grid_scale: 5 / 5, strokes: 2 / 9
iteration step 77, G_loss: 0.05710, step_acc: 21.00912, grid_scale: 5 / 5, strokes: 2 / 9
iteration step 78, G_loss: 0.05708, step_acc: 21.01206, grid_scale: 5 / 5, strokes: 2 / 9
iteration step 79, G_loss: 0.05707, step_acc: 21.01347, grid_scale: 5 / 5, strokes: 2 / 9
iteration step 80, G_loss: 0.05705, step_acc: 21.01672, grid_scale: 5 / 5, strokes: 2 / 9
iteration step 81, G_loss: 0.05703, step_acc: 21.01857, grid_scale: 5 / 5, strokes: 2 / 9
iteration step 82, G_loss: 0.05702, step_acc: 21.01836, grid_scale: 5 / 5, strokes: 2 / 9
iteration step 83, G_loss: 0.05701, step_acc: 21.02175, grid_scale: 5 / 5, strokes: 2 / 9
iteration step 84, G_loss: 0.05699, step_acc: 21.02287, grid_scale: 5 / 5, strokes: 2 / 9
iteration step 85, G_loss: 0.05698, step_acc: 21.02509, grid_scale: 5 / 5, strokes: 2 / 9
iteration step 86, G_loss: 0.05695, step_acc: 21.02562, grid_scale: 5 / 5, strokes: 2 / 9
iteration step 87, G_loss: 0.05694, step_acc: 21.02818, grid_scale: 5 / 5, strokes: 2 / 9
iteration step 88, G_loss: 0.05691, step_acc: 21.03004, grid_scale: 5 / 5, strokes: 2 / 9
iteration step 89, G_loss: 0.05689, step_acc: 21.03256, grid_scale: 5 / 5, strokes: 2 / 9
iteration step 90, G_loss: 0.05688, step_acc: 21.03357, grid_scale: 5 / 5, strokes: 2 / 9
iteration step 91, G_loss: 0.05687, step_acc: 21.03722, grid_scale: 5 / 5, strokes: 2 / 9
iteration step 92, G_loss: 0.05684, step_acc: 21.03830, grid_scale: 5 / 5, strokes: 2 / 9
iteration step 93, G_loss: 0.05683, step_acc: 21.03907, grid_scale: 5 / 5, strokes: 2 / 9
iteration step 94, G_loss: 0.05683, step_acc: 21.03949, grid_scale: 5 / 5, strokes: 2 / 9
iteration step 95, G_loss: 0.05682, step_acc: 21.04239, grid_scale: 5 / 5, strokes: 2 / 9
iteration step 96, G_loss: 0.05680, step_acc: 21.04136, grid_scale: 5 / 5, strokes: 2 / 9
iteration step 97, G_loss: 0.05679, step_acc: 21.04381, grid_scale: 5 / 5, strokes: 2 / 9
iteration step 98, G_loss: 0.05678, step_acc: 21.04375, grid_scale: 5 / 5, strokes: 2 / 9
iteration step 99, G_loss: 0.05678, step_acc: 21.04673, grid_scale: 5 / 5, strokes: 2 / 9
iteration step 100, G_loss: 0.05676, step_acc: 21.04730, grid_scale: 5 / 5, strokes: 2 / 9
iteration step 101, G_loss: 0.05675, step_acc: 21.04825, grid_scale: 5 / 5, strokes: 2 / 9
iteration step 102, G_loss: 0.05674, step_acc: 21.04937, grid_scale: 5 / 5, strokes: 2 / 9
iteration step 103, G_loss: 0.05674, step_acc: 21.05127, grid_scale: 5 / 5, strokes: 2 / 9
iteration step 104, G_loss: 0.05673, step_acc: 21.05152, grid_scale: 5 / 5, strokes: 2 / 9
iteration step 105, G_loss: 0.05671, step_acc: 21.05596, grid_scale: 5 / 5, strokes: 2 / 9
iteration step 106, G_loss: 0.05670, step_acc: 21.05773, grid_scale: 5 / 5, strokes: 2 / 9
iteration step 107, G_loss: 0.05669, step_acc: 21.05926, grid_scale: 5 / 5, strokes: 2 / 9
iteration step 108, G_loss: 0.05668, step_acc: 21.05914, grid_scale: 5 / 5, strokes: 2 / 9
iteration step 109, G_loss: 0.05667, step_acc: 21.06248, grid_scale: 5 / 5, strokes: 2 / 9
iteration step 110, G_loss: 0.05666, step_acc: 21.08850, grid_scale: 5 / 5, strokes: 3 / 9
iteration step 111, G_loss: 0.05651, step_acc: 21.12320, grid_scale: 5 / 5, strokes: 3 / 9
iteration step 112, G_loss: 0.05624, step_acc: 21.14652, grid_scale: 5 / 5, strokes: 3 / 9
iteration step 113, G_loss: 0.05607, step_acc: 21.15958, grid_scale: 5 / 5, strokes: 3 / 9
iteration step 114, G_loss: 0.05593, step_acc: 21.16757, grid_scale: 5 / 5, strokes: 3 / 9
iteration step 115, G_loss: 0.05587, step_acc: 21.17842, grid_scale: 5 / 5, strokes: 3 / 9
iteration step 116, G_loss: 0.05580, step_acc: 21.18520, grid_scale: 5 / 5, strokes: 3 / 9
iteration step 117, G_loss: 0.05573, step_acc: 21.19259, grid_scale: 5 / 5, strokes: 3 / 9
iteration step 118, G_loss: 0.05568, step_acc: 21.19831, grid_scale: 5 / 5, strokes: 3 / 9
iteration step 119, G_loss: 0.05564, step_acc: 21.20165, grid_scale: 5 / 5, strokes: 3 / 9
iteration step 120, G_loss: 0.05559, step_acc: 21.20539, grid_scale: 5 / 5, strokes: 3 / 9
iteration step 121, G_loss: 0.05556, step_acc: 21.21078, grid_scale: 5 / 5, strokes: 3 / 9
iteration step 122, G_loss: 0.05553, step_acc: 21.21207, grid_scale: 5 / 5, strokes: 3 / 9
iteration step 123, G_loss: 0.05550, step_acc: 21.21911, grid_scale: 5 / 5, strokes: 3 / 9
iteration step 124, G_loss: 0.05548, step_acc: 21.22122, grid_scale: 5 / 5, strokes: 3 / 9
iteration step 125, G_loss: 0.05543, step_acc: 21.22381, grid_scale: 5 / 5, strokes: 3 / 9
iteration step 126, G_loss: 0.05542, step_acc: 21.22651, grid_scale: 5 / 5, strokes: 3 / 9
iteration step 127, G_loss: 0.05540, step_acc: 21.22861, grid_scale: 5 / 5, strokes: 3 / 9
iteration step 128, G_loss: 0.05539, step_acc: 21.23029, grid_scale: 5 / 5, strokes: 3 / 9
iteration step 129, G_loss: 0.05537, step_acc: 21.23299, grid_scale: 5 / 5, strokes: 3 / 9
iteration step 130, G_loss: 0.05535, step_acc: 21.23571, grid_scale: 5 / 5, strokes: 3 / 9
iteration step 131, G_loss: 0.05533, step_acc: 21.23875, grid_scale: 5 / 5, strokes: 3 / 9
iteration step 132, G_loss: 0.05532, step_acc: 21.24030, grid_scale: 5 / 5, strokes: 3 / 9
iteration step 133, G_loss: 0.05530, step_acc: 21.24158, grid_scale: 5 / 5, strokes: 3 / 9
iteration step 134, G_loss: 0.05528, step_acc: 21.24639, grid_scale: 5 / 5, strokes: 3 / 9
iteration step 135, G_loss: 0.05527, step_acc: 21.24566, grid_scale: 5 / 5, strokes: 3 / 9
iteration step 136, G_loss: 0.05525, step_acc: 21.24742, grid_scale: 5 / 5, strokes: 3 / 9
iteration step 137, G_loss: 0.05525, step_acc: 21.24734, grid_scale: 5 / 5, strokes: 3 / 9
iteration step 138, G_loss: 0.05525, step_acc: 21.25000, grid_scale: 5 / 5, strokes: 3 / 9
iteration step 139, G_loss: 0.05523, step_acc: 21.25039, grid_scale: 5 / 5, strokes: 3 / 9
iteration step 140, G_loss: 0.05522, step_acc: 21.25117, grid_scale: 5 / 5, strokes: 3 / 9
iteration step 141, G_loss: 0.05521, step_acc: 21.25266, grid_scale: 5 / 5, strokes: 3 / 9
iteration step 142, G_loss: 0.05520, step_acc: 21.25481, grid_scale: 5 / 5, strokes: 3 / 9
iteration step 143, G_loss: 0.05519, step_acc: 21.25624, grid_scale: 5 / 5, strokes: 3 / 9
iteration step 144, G_loss: 0.05517, step_acc: 21.25768, grid_scale: 5 / 5, strokes: 3 / 9
iteration step 145, G_loss: 0.05516, step_acc: 21.25859, grid_scale: 5 / 5, strokes: 3 / 9
iteration step 146, G_loss: 0.05516, step_acc: 21.25998, grid_scale: 5 / 5, strokes: 3 / 9
iteration step 147, G_loss: 0.05516, step_acc: 21.26020, grid_scale: 5 / 5, strokes: 3 / 9
iteration step 148, G_loss: 0.05514, step_acc: 21.26221, grid_scale: 5 / 5, strokes: 3 / 9
iteration step 149, G_loss: 0.05514, step_acc: 21.26316, grid_scale: 5 / 5, strokes: 3 / 9
iteration step 150, G_loss: 0.05513, step_acc: 21.26352, grid_scale: 5 / 5, strokes: 3 / 9
iteration step 151, G_loss: 0.05511, step_acc: 21.26480, grid_scale: 5 / 5, strokes: 3 / 9
iteration step 152, G_loss: 0.05512, step_acc: 21.26489, grid_scale: 5 / 5, strokes: 3 / 9
iteration step 153, G_loss: 0.05511, step_acc: 21.26728, grid_scale: 5 / 5, strokes: 3 / 9
iteration step 154, G_loss: 0.05510, step_acc: 21.26687, grid_scale: 5 / 5, strokes: 3 / 9
iteration step 155, G_loss: 0.05509, step_acc: 21.26852, grid_scale: 5 / 5, strokes: 3 / 9
iteration step 156, G_loss: 0.05508, step_acc: 21.26941, grid_scale: 5 / 5, strokes: 3 / 9
iteration step 157, G_loss: 0.05508, step_acc: 21.27086, grid_scale: 5 / 5, strokes: 3 / 9
iteration step 158, G_loss: 0.05507, step_acc: 21.27105, grid_scale: 5 / 5, strokes: 3 / 9
iteration step 159, G_loss: 0.05506, step_acc: 21.27191, grid_scale: 5 / 5, strokes: 3 / 9
iteration step 160, G_loss: 0.05506, step_acc: 21.27357, grid_scale: 5 / 5, strokes: 3 / 9
iteration step 161, G_loss: 0.05506, step_acc: 21.27346, grid_scale: 5 / 5, strokes: 3 / 9
iteration step 162, G_loss: 0.05504, step_acc: 21.27435, grid_scale: 5 / 5, strokes: 3 / 9
iteration step 163, G_loss: 0.05504, step_acc: 21.27523, grid_scale: 5 / 5, strokes: 3 / 9
iteration step 164, G_loss: 0.05503, step_acc: 21.27575, grid_scale: 5 / 5, strokes: 3 / 9
iteration step 165, G_loss: 0.05503, step_acc: 21.28114, grid_scale: 5 / 5, strokes: 4 / 9
iteration step 166, G_loss: 0.05503, step_acc: 21.31215, grid_scale: 5 / 5, strokes: 4 / 9
iteration step 167, G_loss: 0.05482, step_acc: 21.34528, grid_scale: 5 / 5, strokes: 4 / 9
iteration step 168, G_loss: 0.05468, step_acc: 21.36369, grid_scale: 5 / 5, strokes: 4 / 9
iteration step 169, G_loss: 0.05456, step_acc: 21.37804, grid_scale: 5 / 5, strokes: 4 / 9
iteration step 170, G_loss: 0.05447, step_acc: 21.39234, grid_scale: 5 / 5, strokes: 4 / 9
iteration step 171, G_loss: 0.05439, step_acc: 21.40138, grid_scale: 5 / 5, strokes: 4 / 9
iteration step 172, G_loss: 0.05433, step_acc: 21.40789, grid_scale: 5 / 5, strokes: 4 / 9
iteration step 173, G_loss: 0.05429, step_acc: 21.42175, grid_scale: 5 / 5, strokes: 4 / 9
iteration step 174, G_loss: 0.05424, step_acc: 21.43602, grid_scale: 5 / 5, strokes: 4 / 9
iteration step 175, G_loss: 0.05415, step_acc: 21.44233, grid_scale: 5 / 5, strokes: 4 / 9
iteration step 176, G_loss: 0.05412, step_acc: 21.45053, grid_scale: 5 / 5, strokes: 4 / 9
iteration step 177, G_loss: 0.05408, step_acc: 21.45349, grid_scale: 5 / 5, strokes: 4 / 9
iteration step 178, G_loss: 0.05403, step_acc: 21.45958, grid_scale: 5 / 5, strokes: 4 / 9
iteration step 179, G_loss: 0.05400, step_acc: 21.46285, grid_scale: 5 / 5, strokes: 4 / 9
iteration step 180, G_loss: 0.05397, step_acc: 21.46786, grid_scale: 5 / 5, strokes: 4 / 9
iteration step 181, G_loss: 0.05394, step_acc: 21.47009, grid_scale: 5 / 5, strokes: 4 / 9
iteration step 182, G_loss: 0.05391, step_acc: 21.47410, grid_scale: 5 / 5, strokes: 4 / 9
iteration step 183, G_loss: 0.05388, step_acc: 21.47770, grid_scale: 5 / 5, strokes: 4 / 9
iteration step 184, G_loss: 0.05386, step_acc: 21.47974, grid_scale: 5 / 5, strokes: 4 / 9
iteration step 185, G_loss: 0.05385, step_acc: 21.48358, grid_scale: 5 / 5, strokes: 4 / 9
iteration step 186, G_loss: 0.05382, step_acc: 21.48526, grid_scale: 5 / 5, strokes: 4 / 9
iteration step 187, G_loss: 0.05379, step_acc: 21.49139, grid_scale: 5 / 5, strokes: 4 / 9
iteration step 188, G_loss: 0.05376, step_acc: 21.49204, grid_scale: 5 / 5, strokes: 4 / 9
iteration step 189, G_loss: 0.05374, step_acc: 21.50001, grid_scale: 5 / 5, strokes: 4 / 9
iteration step 190, G_loss: 0.05370, step_acc: 21.50406, grid_scale: 5 / 5, strokes: 4 / 9
iteration step 191, G_loss: 0.05367, step_acc: 21.50871, grid_scale: 5 / 5, strokes: 4 / 9
iteration step 192, G_loss: 0.05367, step_acc: 21.51065, grid_scale: 5 / 5, strokes: 4 / 9
iteration step 193, G_loss: 0.05364, step_acc: 21.51407, grid_scale: 5 / 5, strokes: 4 / 9
iteration step 194, G_loss: 0.05362, step_acc: 21.51488, grid_scale: 5 / 5, strokes: 4 / 9
iteration step 195, G_loss: 0.05360, step_acc: 21.51940, grid_scale: 5 / 5, strokes: 4 / 9
iteration step 196, G_loss: 0.05358, step_acc: 21.52020, grid_scale: 5 / 5, strokes: 4 / 9
iteration step 197, G_loss: 0.05356, step_acc: 21.52082, grid_scale: 5 / 5, strokes: 4 / 9
iteration step 198, G_loss: 0.05355, step_acc: 21.52184, grid_scale: 5 / 5, strokes: 4 / 9
iteration step 199, G_loss: 0.05353, step_acc: 21.52412, grid_scale: 5 / 5, strokes: 4 / 9
iteration step 200, G_loss: 0.05352, step_acc: 21.52533, grid_scale: 5 / 5, strokes: 4 / 9
iteration step 201, G_loss: 0.05351, step_acc: 21.52624, grid_scale: 5 / 5, strokes: 4 / 9
iteration step 202, G_loss: 0.05351, step_acc: 21.52692, grid_scale: 5 / 5, strokes: 4 / 9
iteration step 203, G_loss: 0.05350, step_acc: 21.52969, grid_scale: 5 / 5, strokes: 4 / 9
iteration step 204, G_loss: 0.05348, step_acc: 21.52986, grid_scale: 5 / 5, strokes: 4 / 9
iteration step 205, G_loss: 0.05346, step_acc: 21.53337, grid_scale: 5 / 5, strokes: 4 / 9
iteration step 206, G_loss: 0.05345, step_acc: 21.53213, grid_scale: 5 / 5, strokes: 4 / 9
iteration step 207, G_loss: 0.05346, step_acc: 21.53460, grid_scale: 5 / 5, strokes: 4 / 9
iteration step 208, G_loss: 0.05344, step_acc: 21.53757, grid_scale: 5 / 5, strokes: 4 / 9
iteration step 209, G_loss: 0.05343, step_acc: 21.53733, grid_scale: 5 / 5, strokes: 4 / 9
iteration step 210, G_loss: 0.05342, step_acc: 21.54137, grid_scale: 5 / 5, strokes: 4 / 9
iteration step 211, G_loss: 0.05341, step_acc: 21.54198, grid_scale: 5 / 5, strokes: 4 / 9
iteration step 212, G_loss: 0.05340, step_acc: 21.54452, grid_scale: 5 / 5, strokes: 4 / 9
iteration step 213, G_loss: 0.05339, step_acc: 21.54638, grid_scale: 5 / 5, strokes: 4 / 9
iteration step 214, G_loss: 0.05337, step_acc: 21.54983, grid_scale: 5 / 5, strokes: 4 / 9
iteration step 215, G_loss: 0.05335, step_acc: 21.54979, grid_scale: 5 / 5, strokes: 4 / 9
iteration step 216, G_loss: 0.05333, step_acc: 21.55438, grid_scale: 5 / 5, strokes: 4 / 9
iteration step 217, G_loss: 0.05332, step_acc: 21.55469, grid_scale: 5 / 5, strokes: 4 / 9
iteration step 218, G_loss: 0.05330, step_acc: 21.56086, grid_scale: 5 / 5, strokes: 4 / 9
iteration step 219, G_loss: 0.05328, step_acc: 21.56278, grid_scale: 5 / 5, strokes: 4 / 9
iteration step 220, G_loss: 0.05324, step_acc: 21.61752, grid_scale: 5 / 5, strokes: 5 / 9
iteration step 221, G_loss: 0.05314, step_acc: 21.64775, grid_scale: 5 / 5, strokes: 5 / 9
iteration step 222, G_loss: 0.05294, step_acc: 21.67946, grid_scale: 5 / 5, strokes: 5 / 9
iteration step 223, G_loss: 0.05271, step_acc: 21.69374, grid_scale: 5 / 5, strokes: 5 / 9
iteration step 224, G_loss: 0.05260, step_acc: 21.70202, grid_scale: 5 / 5, strokes: 5 / 9
iteration step 225, G_loss: 0.05252, step_acc: 21.71130, grid_scale: 5 / 5, strokes: 5 / 9
iteration step 226, G_loss: 0.05246, step_acc: 21.72066, grid_scale: 5 / 5, strokes: 5 / 9
iteration step 227, G_loss: 0.05241, step_acc: 21.72237, grid_scale: 5 / 5, strokes: 5 / 9
iteration step 228, G_loss: 0.05238, step_acc: 21.73275, grid_scale: 5 / 5, strokes: 5 / 9
iteration step 229, G_loss: 0.05235, step_acc: 21.73481, grid_scale: 5 / 5, strokes: 5 / 9
iteration step 230, G_loss: 0.05233, step_acc: 21.74456, grid_scale: 5 / 5, strokes: 5 / 9
iteration step 231, G_loss: 0.05226, step_acc: 21.74846, grid_scale: 5 / 5, strokes: 5 / 9
iteration step 232, G_loss: 0.05224, step_acc: 21.75314, grid_scale: 5 / 5, strokes: 5 / 9
iteration step 233, G_loss: 0.05221, step_acc: 21.75570, grid_scale: 5 / 5, strokes: 5 / 9
iteration step 234, G_loss: 0.05218, step_acc: 21.76504, grid_scale: 5 / 5, strokes: 5 / 9
iteration step 235, G_loss: 0.05214, step_acc: 21.76923, grid_scale: 5 / 5, strokes: 5 / 9
iteration step 236, G_loss: 0.05209, step_acc: 21.77243, grid_scale: 5 / 5, strokes: 5 / 9
iteration step 237, G_loss: 0.05207, step_acc: 21.77667, grid_scale: 5 / 5, strokes: 5 / 9
iteration step 238, G_loss: 0.05205, step_acc: 21.77928, grid_scale: 5 / 5, strokes: 5 / 9
iteration step 239, G_loss: 0.05203, step_acc: 21.78189, grid_scale: 5 / 5, strokes: 5 / 9
iteration step 240, G_loss: 0.05202, step_acc: 21.78517, grid_scale: 5 / 5, strokes: 5 / 9
iteration step 241, G_loss: 0.05200, step_acc: 21.78780, grid_scale: 5 / 5, strokes: 5 / 9
iteration step 242, G_loss: 0.05199, step_acc: 21.79003, grid_scale: 5 / 5, strokes: 5 / 9
iteration step 243, G_loss: 0.05197, step_acc: 21.79088, grid_scale: 5 / 5, strokes: 5 / 9
iteration step 244, G_loss: 0.05195, step_acc: 21.79209, grid_scale: 5 / 5, strokes: 5 / 9
iteration step 245, G_loss: 0.05194, step_acc: 21.79567, grid_scale: 5 / 5, strokes: 5 / 9
iteration step 246, G_loss: 0.05193, step_acc: 21.79542, grid_scale: 5 / 5, strokes: 5 / 9
iteration step 247, G_loss: 0.05191, step_acc: 21.79998, grid_scale: 5 / 5, strokes: 5 / 9
iteration step 248, G_loss: 0.05190, step_acc: 21.79908, grid_scale: 5 / 5, strokes: 5 / 9
iteration step 249, G_loss: 0.05189, step_acc: 21.80211, grid_scale: 5 / 5, strokes: 5 / 9
iteration step 250, G_loss: 0.05187, step_acc: 21.80296, grid_scale: 5 / 5, strokes: 5 / 9
iteration step 251, G_loss: 0.05185, step_acc: 21.80507, grid_scale: 5 / 5, strokes: 5 / 9
iteration step 252, G_loss: 0.05184, step_acc: 21.80402, grid_scale: 5 / 5, strokes: 5 / 9
iteration step 253, G_loss: 0.05183, step_acc: 21.80874, grid_scale: 5 / 5, strokes: 5 / 9
iteration step 254, G_loss: 0.05181, step_acc: 21.80831, grid_scale: 5 / 5, strokes: 5 / 9
iteration step 255, G_loss: 0.05180, step_acc: 21.80915, grid_scale: 5 / 5, strokes: 5 / 9
iteration step 256, G_loss: 0.05180, step_acc: 21.80985, grid_scale: 5 / 5, strokes: 5 / 9
iteration step 257, G_loss: 0.05178, step_acc: 21.81049, grid_scale: 5 / 5, strokes: 5 / 9
iteration step 258, G_loss: 0.05178, step_acc: 21.81273, grid_scale: 5 / 5, strokes: 5 / 9
iteration step 259, G_loss: 0.05177, step_acc: 21.81474, grid_scale: 5 / 5, strokes: 5 / 9
iteration step 260, G_loss: 0.05174, step_acc: 21.81294, grid_scale: 5 / 5, strokes: 5 / 9
iteration step 261, G_loss: 0.05173, step_acc: 21.81734, grid_scale: 5 / 5, strokes: 5 / 9
iteration step 262, G_loss: 0.05172, step_acc: 21.81945, grid_scale: 5 / 5, strokes: 5 / 9
iteration step 263, G_loss: 0.05170, step_acc: 21.81940, grid_scale: 5 / 5, strokes: 5 / 9
iteration step 264, G_loss: 0.05169, step_acc: 21.82061, grid_scale: 5 / 5, strokes: 5 / 9
iteration step 265, G_loss: 0.05169, step_acc: 21.82211, grid_scale: 5 / 5, strokes: 5 / 9
iteration step 266, G_loss: 0.05168, step_acc: 21.82215, grid_scale: 5 / 5, strokes: 5 / 9
iteration step 267, G_loss: 0.05166, step_acc: 21.82539, grid_scale: 5 / 5, strokes: 5 / 9
iteration step 268, G_loss: 0.05164, step_acc: 21.82674, grid_scale: 5 / 5, strokes: 5 / 9
iteration step 269, G_loss: 0.05163, step_acc: 21.82743, grid_scale: 5 / 5, strokes: 5 / 9
iteration step 270, G_loss: 0.05163, step_acc: 21.82658, grid_scale: 5 / 5, strokes: 5 / 9
iteration step 271, G_loss: 0.05163, step_acc: 21.83027, grid_scale: 5 / 5, strokes: 5 / 9
iteration step 272, G_loss: 0.05162, step_acc: 21.83177, grid_scale: 5 / 5, strokes: 5 / 9
iteration step 273, G_loss: 0.05162, step_acc: 21.83224, grid_scale: 5 / 5, strokes: 5 / 9
iteration step 274, G_loss: 0.05160, step_acc: 21.83225, grid_scale: 5 / 5, strokes: 5 / 9
iteration step 275, G_loss: 0.05160, step_acc: 21.88569, grid_scale: 5 / 5, strokes: 6 / 9
iteration step 276, G_loss: 0.05149, step_acc: 21.93147, grid_scale: 5 / 5, strokes: 6 / 9
iteration step 277, G_loss: 0.05124, step_acc: 21.95325, grid_scale: 5 / 5, strokes: 6 / 9
iteration step 278, G_loss: 0.05112, step_acc: 21.97787, grid_scale: 5 / 5, strokes: 6 / 9
iteration step 279, G_loss: 0.05097, step_acc: 21.98495, grid_scale: 5 / 5, strokes: 6 / 9
iteration step 280, G_loss: 0.05090, step_acc: 21.99566, grid_scale: 5 / 5, strokes: 6 / 9
iteration step 281, G_loss: 0.05082, step_acc: 22.00489, grid_scale: 5 / 5, strokes: 6 / 9
iteration step 282, G_loss: 0.05075, step_acc: 22.01444, grid_scale: 5 / 5, strokes: 6 / 9
iteration step 283, G_loss: 0.05068, step_acc: 22.02381, grid_scale: 5 / 5, strokes: 6 / 9
iteration step 284, G_loss: 0.05063, step_acc: 22.02676, grid_scale: 5 / 5, strokes: 6 / 9
iteration step 285, G_loss: 0.05058, step_acc: 22.03461, grid_scale: 5 / 5, strokes: 6 / 9
iteration step 286, G_loss: 0.05053, step_acc: 22.03976, grid_scale: 5 / 5, strokes: 6 / 9
iteration step 287, G_loss: 0.05050, step_acc: 22.04184, grid_scale: 5 / 5, strokes: 6 / 9
iteration step 288, G_loss: 0.05046, step_acc: 22.04836, grid_scale: 5 / 5, strokes: 6 / 9
iteration step 289, G_loss: 0.05042, step_acc: 22.04815, grid_scale: 5 / 5, strokes: 6 / 9
iteration step 290, G_loss: 0.05040, step_acc: 22.05588, grid_scale: 5 / 5, strokes: 6 / 9
iteration step 291, G_loss: 0.05037, step_acc: 22.05914, grid_scale: 5 / 5, strokes: 6 / 9
iteration step 292, G_loss: 0.05035, step_acc: 22.06380, grid_scale: 5 / 5, strokes: 6 / 9
iteration step 293, G_loss: 0.05033, step_acc: 22.06686, grid_scale: 5 / 5, strokes: 6 / 9
iteration step 294, G_loss: 0.05030, step_acc: 22.07258, grid_scale: 5 / 5, strokes: 6 / 9
iteration step 295, G_loss: 0.05028, step_acc: 22.06614, grid_scale: 5 / 5, strokes: 6 / 9
iteration step 296, G_loss: 0.05027, step_acc: 22.07628, grid_scale: 5 / 5, strokes: 6 / 9
iteration step 297, G_loss: 0.05025, step_acc: 22.07704, grid_scale: 5 / 5, strokes: 6 / 9
iteration step 298, G_loss: 0.05022, step_acc: 22.08353, grid_scale: 5 / 5, strokes: 6 / 9
iteration step 299, G_loss: 0.05020, step_acc: 22.08268, grid_scale: 5 / 5, strokes: 6 / 9
iteration step 300, G_loss: 0.05019, step_acc: 22.08591, grid_scale: 5 / 5, strokes: 6 / 9
iteration step 301, G_loss: 0.05018, step_acc: 22.09113, grid_scale: 5 / 5, strokes: 6 / 9
iteration step 302, G_loss: 0.05016, step_acc: 22.09499, grid_scale: 5 / 5, strokes: 6 / 9
iteration step 303, G_loss: 0.05013, step_acc: 22.09581, grid_scale: 5 / 5, strokes: 6 / 9
iteration step 304, G_loss: 0.05011, step_acc: 22.10135, grid_scale: 5 / 5, strokes: 6 / 9
iteration step 305, G_loss: 0.05009, step_acc: 22.09993, grid_scale: 5 / 5, strokes: 6 / 9
iteration step 306, G_loss: 0.05008, step_acc: 22.10419, grid_scale: 5 / 5, strokes: 6 / 9
iteration step 307, G_loss: 0.05007, step_acc: 22.10592, grid_scale: 5 / 5, strokes: 6 / 9
iteration step 308, G_loss: 0.05005, step_acc: 22.10738, grid_scale: 5 / 5, strokes: 6 / 9
iteration step 309, G_loss: 0.05004, step_acc: 22.10682, grid_scale: 5 / 5, strokes: 6 / 9
iteration step 310, G_loss: 0.05003, step_acc: 22.11275, grid_scale: 5 / 5, strokes: 6 / 9
iteration step 311, G_loss: 0.05000, step_acc: 22.11341, grid_scale: 5 / 5, strokes: 6 / 9
iteration step 312, G_loss: 0.04998, step_acc: 22.11558, grid_scale: 5 / 5, strokes: 6 / 9
iteration step 313, G_loss: 0.04997, step_acc: 22.11598, grid_scale: 5 / 5, strokes: 6 / 9
iteration step 314, G_loss: 0.04995, step_acc: 22.11791, grid_scale: 5 / 5, strokes: 6 / 9
iteration step 315, G_loss: 0.04994, step_acc: 22.11818, grid_scale: 5 / 5, strokes: 6 / 9
iteration step 316, G_loss: 0.04994, step_acc: 22.12086, grid_scale: 5 / 5, strokes: 6 / 9
iteration step 317, G_loss: 0.04993, step_acc: 22.12606, grid_scale: 5 / 5, strokes: 6 / 9
iteration step 318, G_loss: 0.04990, step_acc: 22.12677, grid_scale: 5 / 5, strokes: 6 / 9
iteration step 319, G_loss: 0.04989, step_acc: 22.12973, grid_scale: 5 / 5, strokes: 6 / 9
iteration step 320, G_loss: 0.04988, step_acc: 22.13214, grid_scale: 5 / 5, strokes: 6 / 9
iteration step 321, G_loss: 0.04986, step_acc: 22.13116, grid_scale: 5 / 5, strokes: 6 / 9
iteration step 322, G_loss: 0.04986, step_acc: 22.13505, grid_scale: 5 / 5, strokes: 6 / 9
iteration step 323, G_loss: 0.04985, step_acc: 22.13701, grid_scale: 5 / 5, strokes: 6 / 9
iteration step 324, G_loss: 0.04984, step_acc: 22.13932, grid_scale: 5 / 5, strokes: 6 / 9
iteration step 325, G_loss: 0.04981, step_acc: 22.14039, grid_scale: 5 / 5, strokes: 6 / 9
iteration step 326, G_loss: 0.04981, step_acc: 22.14067, grid_scale: 5 / 5, strokes: 6 / 9
iteration step 327, G_loss: 0.04980, step_acc: 22.14231, grid_scale: 5 / 5, strokes: 6 / 9
iteration step 328, G_loss: 0.04980, step_acc: 22.14310, grid_scale: 5 / 5, strokes: 6 / 9
iteration step 329, G_loss: 0.04978, step_acc: 22.14654, grid_scale: 5 / 5, strokes: 6 / 9
iteration step 330, G_loss: 0.04977, step_acc: 22.12345, grid_scale: 5 / 5, strokes: 7 / 9
iteration step 331, G_loss: 0.05002, step_acc: 22.16963, grid_scale: 5 / 5, strokes: 7 / 9
iteration step 332, G_loss: 0.04968, step_acc: 22.19044, grid_scale: 5 / 5, strokes: 7 / 9
iteration step 333, G_loss: 0.04950, step_acc: 22.20449, grid_scale: 5 / 5, strokes: 7 / 9
iteration step 334, G_loss: 0.04941, step_acc: 22.21579, grid_scale: 5 / 5, strokes: 7 / 9
iteration step 335, G_loss: 0.04934, step_acc: 22.21883, grid_scale: 5 / 5, strokes: 7 / 9
iteration step 336, G_loss: 0.04931, step_acc: 22.23354, grid_scale: 5 / 5, strokes: 7 / 9
iteration step 337, G_loss: 0.04923, step_acc: 22.24003, grid_scale: 5 / 5, strokes: 7 / 9
iteration step 338, G_loss: 0.04918, step_acc: 22.24871, grid_scale: 5 / 5, strokes: 7 / 9
iteration step 339, G_loss: 0.04913, step_acc: 22.25589, grid_scale: 5 / 5, strokes: 7 / 9
iteration step 340, G_loss: 0.04908, step_acc: 22.26209, grid_scale: 5 / 5, strokes: 7 / 9
iteration step 341, G_loss: 0.04903, step_acc: 22.26452, grid_scale: 5 / 5, strokes: 7 / 9
iteration step 342, G_loss: 0.04901, step_acc: 22.27121, grid_scale: 5 / 5, strokes: 7 / 9
iteration step 343, G_loss: 0.04898, step_acc: 22.27160, grid_scale: 5 / 5, strokes: 7 / 9
iteration step 344, G_loss: 0.04896, step_acc: 22.27848, grid_scale: 5 / 5, strokes: 7 / 9
iteration step 345, G_loss: 0.04893, step_acc: 22.28012, grid_scale: 5 / 5, strokes: 7 / 9
iteration step 346, G_loss: 0.04890, step_acc: 22.28379, grid_scale: 5 / 5, strokes: 7 / 9
iteration step 347, G_loss: 0.04888, step_acc: 22.28550, grid_scale: 5 / 5, strokes: 7 / 9
iteration step 348, G_loss: 0.04886, step_acc: 22.29102, grid_scale: 5 / 5, strokes: 7 / 9
iteration step 349, G_loss: 0.04884, step_acc: 22.29029, grid_scale: 5 / 5, strokes: 7 / 9
iteration step 350, G_loss: 0.04883, step_acc: 22.29622, grid_scale: 5 / 5, strokes: 7 / 9
iteration step 351, G_loss: 0.04880, step_acc: 22.29504, grid_scale: 5 / 5, strokes: 7 / 9
iteration step 352, G_loss: 0.04879, step_acc: 22.30164, grid_scale: 5 / 5, strokes: 7 / 9
iteration step 353, G_loss: 0.04877, step_acc: 22.30030, grid_scale: 5 / 5, strokes: 7 / 9
iteration step 354, G_loss: 0.04875, step_acc: 22.30116, grid_scale: 5 / 5, strokes: 7 / 9
iteration step 355, G_loss: 0.04875, step_acc: 22.30253, grid_scale: 5 / 5, strokes: 7 / 9
iteration step 356, G_loss: 0.04873, step_acc: 22.31027, grid_scale: 5 / 5, strokes: 7 / 9
iteration step 357, G_loss: 0.04871, step_acc: 22.30883, grid_scale: 5 / 5, strokes: 7 / 9
iteration step 358, G_loss: 0.04869, step_acc: 22.31186, grid_scale: 5 / 5, strokes: 7 / 9
iteration step 359, G_loss: 0.04868, step_acc: 22.31127, grid_scale: 5 / 5, strokes: 7 / 9
iteration step 360, G_loss: 0.04867, step_acc: 22.31552, grid_scale: 5 / 5, strokes: 7 / 9
iteration step 361, G_loss: 0.04865, step_acc: 22.31614, grid_scale: 5 / 5, strokes: 7 / 9
iteration step 362, G_loss: 0.04864, step_acc: 22.31937, grid_scale: 5 / 5, strokes: 7 / 9
iteration step 363, G_loss: 0.04863, step_acc: 22.31897, grid_scale: 5 / 5, strokes: 7 / 9
iteration step 364, G_loss: 0.04862, step_acc: 22.32038, grid_scale: 5 / 5, strokes: 7 / 9
iteration step 365, G_loss: 0.04860, step_acc: 22.32003, grid_scale: 5 / 5, strokes: 7 / 9
iteration step 366, G_loss: 0.04860, step_acc: 22.32379, grid_scale: 5 / 5, strokes: 7 / 9
iteration step 367, G_loss: 0.04859, step_acc: 22.32341, grid_scale: 5 / 5, strokes: 7 / 9
iteration step 368, G_loss: 0.04859, step_acc: 22.32712, grid_scale: 5 / 5, strokes: 7 / 9
iteration step 369, G_loss: 0.04857, step_acc: 22.32508, grid_scale: 5 / 5, strokes: 7 / 9
iteration step 370, G_loss: 0.04857, step_acc: 22.32924, grid_scale: 5 / 5, strokes: 7 / 9
iteration step 371, G_loss: 0.04855, step_acc: 22.32833, grid_scale: 5 / 5, strokes: 7 / 9
iteration step 372, G_loss: 0.04855, step_acc: 22.33113, grid_scale: 5 / 5, strokes: 7 / 9
iteration step 373, G_loss: 0.04854, step_acc: 22.33088, grid_scale: 5 / 5, strokes: 7 / 9
iteration step 374, G_loss: 0.04854, step_acc: 22.33088, grid_scale: 5 / 5, strokes: 7 / 9
iteration step 375, G_loss: 0.04852, step_acc: 22.33371, grid_scale: 5 / 5, strokes: 7 / 9
iteration step 376, G_loss: 0.04852, step_acc: 22.33625, grid_scale: 5 / 5, strokes: 7 / 9
iteration step 377, G_loss: 0.04850, step_acc: 22.33519, grid_scale: 5 / 5, strokes: 7 / 9
iteration step 378, G_loss: 0.04850, step_acc: 22.33840, grid_scale: 5 / 5, strokes: 7 / 9
iteration step 379, G_loss: 0.04849, step_acc: 22.34013, grid_scale: 5 / 5, strokes: 7 / 9
iteration step 380, G_loss: 0.04848, step_acc: 22.34016, grid_scale: 5 / 5, strokes: 7 / 9
iteration step 381, G_loss: 0.04847, step_acc: 22.34062, grid_scale: 5 / 5, strokes: 7 / 9
iteration step 382, G_loss: 0.04846, step_acc: 22.34125, grid_scale: 5 / 5, strokes: 7 / 9
iteration step 383, G_loss: 0.04846, step_acc: 22.34396, grid_scale: 5 / 5, strokes: 7 / 9
iteration step 384, G_loss: 0.04844, step_acc: 22.34167, grid_scale: 5 / 5, strokes: 7 / 9
iteration step 385, G_loss: 0.04845, step_acc: 22.32229, grid_scale: 5 / 5, strokes: 8 / 9
iteration step 386, G_loss: 0.04865, step_acc: 22.36585, grid_scale: 5 / 5, strokes: 8 / 9
iteration step 387, G_loss: 0.04838, step_acc: 22.39555, grid_scale: 5 / 5, strokes: 8 / 9
iteration step 388, G_loss: 0.04822, step_acc: 22.41402, grid_scale: 5 / 5, strokes: 8 / 9
iteration step 389, G_loss: 0.04811, step_acc: 22.42265, grid_scale: 5 / 5, strokes: 8 / 9
iteration step 390, G_loss: 0.04805, step_acc: 22.43672, grid_scale: 5 / 5, strokes: 8 / 9
iteration step 391, G_loss: 0.04800, step_acc: 22.44383, grid_scale: 5 / 5, strokes: 8 / 9
iteration step 392, G_loss: 0.04795, step_acc: 22.45121, grid_scale: 5 / 5, strokes: 8 / 9
iteration step 393, G_loss: 0.04792, step_acc: 22.45790, grid_scale: 5 / 5, strokes: 8 / 9
iteration step 394, G_loss: 0.04789, step_acc: 22.45865, grid_scale: 5 / 5, strokes: 8 / 9
iteration step 395, G_loss: 0.04786, step_acc: 22.46470, grid_scale: 5 / 5, strokes: 8 / 9
iteration step 396, G_loss: 0.04785, step_acc: 22.46792, grid_scale: 5 / 5, strokes: 8 / 9
iteration step 397, G_loss: 0.04782, step_acc: 22.47122, grid_scale: 5 / 5, strokes: 8 / 9
iteration step 398, G_loss: 0.04780, step_acc: 22.47439, grid_scale: 5 / 5, strokes: 8 / 9
iteration step 399, G_loss: 0.04777, step_acc: 22.47773, grid_scale: 5 / 5, strokes: 8 / 9
iteration step 400, G_loss: 0.04776, step_acc: 22.48238, grid_scale: 5 / 5, strokes: 8 / 9
iteration step 401, G_loss: 0.04774, step_acc: 22.48638, grid_scale: 5 / 5, strokes: 8 / 9
iteration step 402, G_loss: 0.04771, step_acc: 22.49125, grid_scale: 5 / 5, strokes: 8 / 9
iteration step 403, G_loss: 0.04769, step_acc: 22.49050, grid_scale: 5 / 5, strokes: 8 / 9
iteration step 404, G_loss: 0.04767, step_acc: 22.49660, grid_scale: 5 / 5, strokes: 8 / 9
iteration step 405, G_loss: 0.04765, step_acc: 22.49675, grid_scale: 5 / 5, strokes: 8 / 9
iteration step 406, G_loss: 0.04763, step_acc: 22.50249, grid_scale: 5 / 5, strokes: 8 / 9
iteration step 407, G_loss: 0.04760, step_acc: 22.50061, grid_scale: 5 / 5, strokes: 8 / 9
iteration step 408, G_loss: 0.04760, step_acc: 22.50793, grid_scale: 5 / 5, strokes: 8 / 9
iteration step 409, G_loss: 0.04757, step_acc: 22.50802, grid_scale: 5 / 5, strokes: 8 / 9
iteration step 410, G_loss: 0.04756, step_acc: 22.51276, grid_scale: 5 / 5, strokes: 8 / 9
iteration step 411, G_loss: 0.04754, step_acc: 22.51062, grid_scale: 5 / 5, strokes: 8 / 9
iteration step 412, G_loss: 0.04754, step_acc: 22.51457, grid_scale: 5 / 5, strokes: 8 / 9
iteration step 413, G_loss: 0.04753, step_acc: 22.51568, grid_scale: 5 / 5, strokes: 8 / 9
iteration step 414, G_loss: 0.04751, step_acc: 22.51795, grid_scale: 5 / 5, strokes: 8 / 9
iteration step 415, G_loss: 0.04750, step_acc: 22.51760, grid_scale: 5 / 5, strokes: 8 / 9
iteration step 416, G_loss: 0.04750, step_acc: 22.52039, grid_scale: 5 / 5, strokes: 8 / 9
iteration step 417, G_loss: 0.04749, step_acc: 22.52262, grid_scale: 5 / 5, strokes: 8 / 9
iteration step 418, G_loss: 0.04747, step_acc: 22.52247, grid_scale: 5 / 5, strokes: 8 / 9
iteration step 419, G_loss: 0.04745, step_acc: 22.52513, grid_scale: 5 / 5, strokes: 8 / 9
iteration step 420, G_loss: 0.04746, step_acc: 22.52754, grid_scale: 5 / 5, strokes: 8 / 9
iteration step 421, G_loss: 0.04743, step_acc: 22.52939, grid_scale: 5 / 5, strokes: 8 / 9
iteration step 422, G_loss: 0.04741, step_acc: 22.52665, grid_scale: 5 / 5, strokes: 8 / 9
iteration step 423, G_loss: 0.04741, step_acc: 22.53056, grid_scale: 5 / 5, strokes: 8 / 9
iteration step 424, G_loss: 0.04740, step_acc: 22.53350, grid_scale: 5 / 5, strokes: 8 / 9
iteration step 425, G_loss: 0.04738, step_acc: 22.53426, grid_scale: 5 / 5, strokes: 8 / 9
iteration step 426, G_loss: 0.04737, step_acc: 22.53629, grid_scale: 5 / 5, strokes: 8 / 9
iteration step 427, G_loss: 0.04736, step_acc: 22.53340, grid_scale: 5 / 5, strokes: 8 / 9
iteration step 428, G_loss: 0.04736, step_acc: 22.53663, grid_scale: 5 / 5, strokes: 8 / 9
iteration step 429, G_loss: 0.04736, step_acc: 22.53573, grid_scale: 5 / 5, strokes: 8 / 9
iteration step 430, G_loss: 0.04736, step_acc: 22.53743, grid_scale: 5 / 5, strokes: 8 / 9
iteration step 431, G_loss: 0.04734, step_acc: 22.54011, grid_scale: 5 / 5, strokes: 8 / 9
iteration step 432, G_loss: 0.04733, step_acc: 22.53936, grid_scale: 5 / 5, strokes: 8 / 9
iteration step 433, G_loss: 0.04732, step_acc: 22.53999, grid_scale: 5 / 5, strokes: 8 / 9
iteration step 434, G_loss: 0.04731, step_acc: 22.54364, grid_scale: 5 / 5, strokes: 8 / 9
iteration step 435, G_loss: 0.04731, step_acc: 22.54287, grid_scale: 5 / 5, strokes: 8 / 9
iteration step 436, G_loss: 0.04730, step_acc: 22.54426, grid_scale: 5 / 5, strokes: 8 / 9
iteration step 437, G_loss: 0.04731, step_acc: 22.54123, grid_scale: 5 / 5, strokes: 8 / 9
iteration step 438, G_loss: 0.04731, step_acc: 22.54378, grid_scale: 5 / 5, strokes: 8 / 9
iteration step 439, G_loss: 0.04729, step_acc: 22.54435, grid_scale: 5 / 5, strokes: 8 / 9
iteration step 440, G_loss: 0.04728, step_acc: 22.51310, grid_scale: 5 / 5, strokes: 9 / 9
iteration step 441, G_loss: 0.04755, step_acc: 22.56872, grid_scale: 5 / 5, strokes: 9 / 9
iteration step 442, G_loss: 0.04729, step_acc: 22.60491, grid_scale: 5 / 5, strokes: 9 / 9
iteration step 443, G_loss: 0.04711, step_acc: 22.61077, grid_scale: 5 / 5, strokes: 9 / 9
iteration step 444, G_loss: 0.04704, step_acc: 22.61736, grid_scale: 5 / 5, strokes: 9 / 9
iteration step 445, G_loss: 0.04700, step_acc: 22.62372, grid_scale: 5 / 5, strokes: 9 / 9
iteration step 446, G_loss: 0.04696, step_acc: 22.62922, grid_scale: 5 / 5, strokes: 9 / 9
iteration step 447, G_loss: 0.04691, step_acc: 22.63705, grid_scale: 5 / 5, strokes: 9 / 9
iteration step 448, G_loss: 0.04687, step_acc: 22.64048, grid_scale: 5 / 5, strokes: 9 / 9
iteration step 449, G_loss: 0.04683, step_acc: 22.64761, grid_scale: 5 / 5, strokes: 9 / 9
iteration step 450, G_loss: 0.04680, step_acc: 22.64990, grid_scale: 5 / 5, strokes: 9 / 9
iteration step 451, G_loss: 0.04680, step_acc: 22.65373, grid_scale: 5 / 5, strokes: 9 / 9
iteration step 452, G_loss: 0.04675, step_acc: 22.65769, grid_scale: 5 / 5, strokes: 9 / 9
iteration step 453, G_loss: 0.04674, step_acc: 22.65984, grid_scale: 5 / 5, strokes: 9 / 9
iteration step 454, G_loss: 0.04672, step_acc: 22.66097, grid_scale: 5 / 5, strokes: 9 / 9
iteration step 455, G_loss: 0.04670, step_acc: 22.66628, grid_scale: 5 / 5, strokes: 9 / 9
iteration step 456, G_loss: 0.04668, step_acc: 22.66249, grid_scale: 5 / 5, strokes: 9 / 9
iteration step 457, G_loss: 0.04667, step_acc: 22.66698, grid_scale: 5 / 5, strokes: 9 / 9
iteration step 458, G_loss: 0.04666, step_acc: 22.66745, grid_scale: 5 / 5, strokes: 9 / 9
iteration step 459, G_loss: 0.04664, step_acc: 22.66899, grid_scale: 5 / 5, strokes: 9 / 9
iteration step 460, G_loss: 0.04664, step_acc: 22.67259, grid_scale: 5 / 5, strokes: 9 / 9
iteration step 461, G_loss: 0.04662, step_acc: 22.67426, grid_scale: 5 / 5, strokes: 9 / 9
iteration step 462, G_loss: 0.04661, step_acc: 22.67435, grid_scale: 5 / 5, strokes: 9 / 9
iteration step 463, G_loss: 0.04660, step_acc: 22.67650, grid_scale: 5 / 5, strokes: 9 / 9
iteration step 464, G_loss: 0.04659, step_acc: 22.67496, grid_scale: 5 / 5, strokes: 9 / 9
iteration step 465, G_loss: 0.04659, step_acc: 22.67596, grid_scale: 5 / 5, strokes: 9 / 9
iteration step 466, G_loss: 0.04658, step_acc: 22.67931, grid_scale: 5 / 5, strokes: 9 / 9
iteration step 467, G_loss: 0.04655, step_acc: 22.68042, grid_scale: 5 / 5, strokes: 9 / 9
iteration step 468, G_loss: 0.04654, step_acc: 22.68392, grid_scale: 5 / 5, strokes: 9 / 9
iteration step 469, G_loss: 0.04652, step_acc: 22.68782, grid_scale: 5 / 5, strokes: 9 / 9
iteration step 470, G_loss: 0.04651, step_acc: 22.68913, grid_scale: 5 / 5, strokes: 9 / 9
iteration step 471, G_loss: 0.04649, step_acc: 22.68821, grid_scale: 5 / 5, strokes: 9 / 9
iteration step 472, G_loss: 0.04647, step_acc: 22.69103, grid_scale: 5 / 5, strokes: 9 / 9
iteration step 473, G_loss: 0.04645, step_acc: 22.69236, grid_scale: 5 / 5, strokes: 9 / 9
iteration step 474, G_loss: 0.04645, step_acc: 22.69269, grid_scale: 5 / 5, strokes: 9 / 9
iteration step 475, G_loss: 0.04645, step_acc: 22.69570, grid_scale: 5 / 5, strokes: 9 / 9
iteration step 476, G_loss: 0.04643, step_acc: 22.69555, grid_scale: 5 / 5, strokes: 9 / 9
iteration step 477, G_loss: 0.04643, step_acc: 22.69615, grid_scale: 5 / 5, strokes: 9 / 9
iteration step 478, G_loss: 0.04642, step_acc: 22.69480, grid_scale: 5 / 5, strokes: 9 / 9
iteration step 479, G_loss: 0.04641, step_acc: 22.69886, grid_scale: 5 / 5, strokes: 9 / 9
iteration step 480, G_loss: 0.04639, step_acc: 22.69893, grid_scale: 5 / 5, strokes: 9 / 9
iteration step 481, G_loss: 0.04638, step_acc: 22.70420, grid_scale: 5 / 5, strokes: 9 / 9
iteration step 482, G_loss: 0.04637, step_acc: 22.70185, grid_scale: 5 / 5, strokes: 9 / 9
iteration step 483, G_loss: 0.04638, step_acc: 22.70250, grid_scale: 5 / 5, strokes: 9 / 9
iteration step 484, G_loss: 0.04636, step_acc: 22.70471, grid_scale: 5 / 5, strokes: 9 / 9
iteration step 485, G_loss: 0.04636, step_acc: 22.70482, grid_scale: 5 / 5, strokes: 9 / 9
iteration step 486, G_loss: 0.04635, step_acc: 22.70637, grid_scale: 5 / 5, strokes: 9 / 9
iteration step 487, G_loss: 0.04634, step_acc: 22.70481, grid_scale: 5 / 5, strokes: 9 / 9
iteration step 488, G_loss: 0.04635, step_acc: 22.70994, grid_scale: 5 / 5, strokes: 9 / 9
iteration step 489, G_loss: 0.04633, step_acc: 22.70645, grid_scale: 5 / 5, strokes: 9 / 9
iteration step 490, G_loss: 0.04633, step_acc: 22.71085, grid_scale: 5 / 5, strokes: 9 / 9
iteration step 491, G_loss: 0.04632, step_acc: 22.71143, grid_scale: 5 / 5, strokes: 9 / 9
iteration step 492, G_loss: 0.04631, step_acc: 22.71170, grid_scale: 5 / 5, strokes: 9 / 9
iteration step 493, G_loss: 0.04630, step_acc: 22.71274, grid_scale: 5 / 5, strokes: 9 / 9
iteration step 494, G_loss: 0.04630, step_acc: 22.71255, grid_scale: 5 / 5, strokes: 9 / 9
rendering canvas...
saving stroke parameters...
rendering canvas...
saving input photo...
saving final rendered result...
OpenCV: FFMPEG: tag 0x5634504d/'MP4V' is not supported with codec id 12 and format 'mp4 / MP4 (MPEG-4 Part 14)'
OpenCV: FFMPEG: fallback to use tag 0x7634706d/'mp4v'
